state_id,solvent_id,geometry_hash,formal_charge,multiplicity,feature_cache_key,feature_path,feature_sha256,feature_dim,E_base_MACE_eV,checkpoint_name,checkpoint_sha256,mace_version,mace_source_commit,mace_package_sha256,graph_electrostatics_version,graph_electrostatics_commit,graph_electrostatics_package_sha256,default_dtype,feature_schema_revision,invariant_layout_sha256,raw_output_shapes
A001_Q0_M2,S001,588ed992a26c54329e3e11980df071b97eb9e5327a31f258b5c81e8e0630cb12,0,2,e0d1469df8caa3524c7d9f71a389ed5970e8441317ad4b9981758a3b3e5f7214,artifacts/base_features/e0/e0d1469df8caa3524c7d9f71a389ed5970e8441317ad4b9981758a3b3e5f7214.npz,94d1f02e9cc1867de39a02eb041581bfcd8c6e16776e8f547432c0d0abe02bed,3095,-25593.9661268608,polar-1-l,9f65f8dc6ddaff1d631e299cb531376a7da5e68d1bef04f34a2d5073d5ef114b,0.3.16,4d2da09413ac1407f37cdbb6b81fa28e4c15655e,e552c116b7d2c653f98b01f5c4fd599997f19f669a32bc6bf16396dd9f79365b,0.4.0,0e21d5546c482d08388a08eb4d948e833227ce47,079b233934150a3eee30444ce2408e09895ec4dd958ec60a822f870fa1284b99,float64,polar1l_rotation_invariants_v1,7beb8d4d9a8231a484c0bb6ff44b6b2e450eee2ca8a447370f350ed8678929cb,"{""density_coefficients"":[7,4],""dipole"":[1,3],""electron_energy"":[1],""electrostatic_energy"":[1],""energy"":[1],""node_feats"":[7,13824],""spin_charge_density"":[7,2,4],""spin_density"":[7,4]}"
A001_Q0_M2,S007,a12d2790ab5be3693f440201fd148dd465bda29997e03744b1a2eb61dc69869b,0,2,23d4bc976caf2f7bb04786b416ffbe9d6708e2224725a3ce773b4df9aa58e7e6,artifacts/base_features/23/23d4bc976caf2f7bb04786b416ffbe9d6708e2224725a3ce773b4df9aa58e7e6.npz,3b990dfa2819c6178733fa1ddecf58461deab3536d1b901bd972a5d96d681716,3095,-25593.9661180713,polar-1-l,9f65f8dc6ddaff1d631e299cb531376a7da5e68d1bef04f34a2d5073d5ef114b,0.3.16,4d2da09413ac1407f37cdbb6b81fa28e4c15655e,e552c116b7d2c653f98b01f5c4fd599997f19f669a32bc6bf16396dd9f79365b,0.4.0,0e21d5546c482d08388a08eb4d948e833227ce47,079b233934150a3eee30444ce2408e09895ec4dd958ec60a822f870fa1284b99,float64,polar1l_rotation_invariants_v1,7beb8d4d9a8231a484c0bb6ff44b6b2e450eee2ca8a447370f350ed8678929cb,"{""density_coefficients"":[7,4],""dipole"":[1,3],""electron_energy"":[1],""electrostatic_energy"":[1],""energy"":[1],""node_feats"":[7,13824],""spin_charge_density"":[7,2,4],""spin_density"":[7,4]}"
A001_Q0_M2,S015,bf8235bc9b22b4137e234e48144d098d7471f50df8a376ead81e7fe43f2ba108,0,2,ce8b33077050753212a492bbe493f915907b246ab789f079593c699336bcb0ff,artifacts/base_features/ce/ce8b33077050753212a492bbe493f915907b246ab789f079593c699336bcb0ff.npz,718df0a7636634cae06780f8002e363afe766cd8df08e0b9963bffbfaabac6bf,3095,-25593.9662102744,polar-1-l,9f65f8dc6ddaff1d631e299cb531376a7da5e68d1bef04f34a2d5073d5ef114b,0.3.16,4d2da09413ac1407f37cdbb6b81fa28e4c15655e,e552c116b7d2c653f98b01f5c4fd599997f19f669a32bc6bf16396dd9f79365b,0.4.0,0e21d5546c482d08388a08eb4d948e833227ce47,079b233934150a3eee30444ce2408e09895ec4dd958ec60a822f870fa1284b99,float64,polar1l_rotation_invariants_v1,7beb8d4d9a8231a484c0bb6ff44b6b2e450eee2ca8a447370f350ed8678929cb,"{""density_coefficients"":[7,4],""dipole"":[1,3],""electron_energy"":[1],""electrostatic_energy"":[1],""energy"":[1],""node_feats"":[7,13824],""spin_charge_density"":[7,2,4],""spin_density"":[7,4]}"
A001_Q0_M2,S022,1aa1faf076d65e36e41e96162fbded213e9a3cd29617b79f76fdbe095f60e2d0,0,2,9b80d469d1aed2f3c3980a7074dcf646aaed4fedb601a0150b2c396f3b6ad90f,artifacts/base_features/9b/9b80d469d1aed2f3c3980a7074dcf646aaed4fedb601a0150b2c396f3b6ad90f.npz,b90b806ccbe24439d9bfe022a209add6a1a4c9db5f0b54198057b3c25adaad9f,3095,-25593.9661042511,polar-1-l,9f65f8dc6ddaff1d631e299cb531376a7da5e68d1bef04f34a2d5073d5ef114b,0.3.16,4d2da09413ac1407f37cdbb6b81fa28e4c15655e,e552c116b7d2c653f98b01f5c4fd599997f19f669a32bc6bf16396dd9f79365b,0.4.0,0e21d5546c482d08388a08eb4d948e833227ce47,079b233934150a3eee30444ce2408e09895ec4dd958ec60a822f870fa1284b99,float64,polar1l_rotation_invariants_v1,7beb8d4d9a8231a484c0bb6ff44b6b2e450eee2ca8a447370f350ed8678929cb,"{""density_coefficients"":[7,4],""dipole"":[1,3],""electron_energy"":[1],""electrostatic_energy"":[1],""energy"":[1],""node_feats"":[7,13824],""spin_charge_density"":[7,2,4],""spin_density"":[7,4]}"
A001_QM1_M1,S001,4df9acf370f285897aec214922626c3f111f0468f41204e5ca5c37efddf77369,-1,1,d1e5c7ae314a7130ae8af8c6c155f18bf3a445b2c169dbd9259bb9511027f8b5,artifacts/base_features/d1/d1e5c7ae314a7130ae8af8c6c155f18bf3a445b2c169dbd9259bb9511027f8b5.npz,1d756c4f4cf4d30b889aedba27d7762b764b0c9e6310bd07e9d37b86be45ad1d,3095,-25602.493934198,polar-1-l,9f65f8dc6ddaff1d631e299cb531376a7da5e68d1bef04f34a2d5073d5ef114b,0.3.16,4d2da09413ac1407f37cdbb6b81fa28e4c15655e,e552c116b7d2c653f98b01f5c4fd599997f19f669a32bc6bf16396dd9f79365b,0.4.0,0e21d5546c482d08388a08eb4d948e833227ce47,079b233934150a3eee30444ce2408e09895ec4dd958ec60a822f870fa1284b99,float64,polar1l_rotation_invariants_v1,7beb8d4d9a8231a484c0bb6ff44b6b2e450eee2ca8a447370f350ed8678929cb,"{""density_coefficients"":[7,4],""dipole"":[1,3],""electron_energy"":[1],""electrostatic_energy"":[1],""energy"":[1],""node_feats"":[7,13824],""spin_charge_density"":[7,2,4],""spin_density"":[7,4]}"
A001_QM1_M1,S007,de6c904a523806582fbf72130da874660be62f64364278b145011b0952e585ce,-1,1,9c2bf207e6174e73cffcd8d9c5e187959f76af5e68571baf07621051524796ac,artifacts/base_features/9c/9c2bf207e6174e73cffcd8d9c5e187959f76af5e68571baf07621051524796ac.npz,ae243fd8e2dcd2433e7b1bce1dbacc5533cbc9e7546685af2d4e9b38d40b7b13,3095,-25602.4939468578,polar-1-l,9f65f8dc6ddaff1d631e299cb531376a7da5e68d1bef04f34a2d5073d5ef114b,0.3.16,4d2da09413ac1407f37cdbb6b81fa28e4c15655e,e552c116b7d2c653f98b01f5c4fd599997f19f669a32bc6bf16396dd9f79365b,0.4.0,0e21d5546c482d08388a08eb4d948e833227ce47,079b233934150a3eee30444ce2408e09895ec4dd958ec60a822f870fa1284b99,float64,polar1l_rotation_invariants_v1,7beb8d4d9a8231a484c0bb6ff44b6b2e450eee2ca8a447370f350ed8678929cb,"{""density_coefficients"":[7,4],""dipole"":[1,3],""electron_energy"":[1],""electrostatic_energy"":[1],""energy"":[1],""node_feats"":[7,13824],""spin_charge_density"":[7,2,4],""spin_density"":[7,4]}"
A001_QM1_M1,S015,d1177f00b12706e1416d551386bd94e5aec36a65dc396fc3db997cb3dbce0c06,-1,1,69ae14f65e91477d027000684cb162353caf63a94141e351241f1dd2496431de,artifacts/base_features/69/69ae14f65e91477d027000684cb162353caf63a94141e351241f1dd2496431de.npz,379317005263db221b45bd399acacaea8c3007b1c8f9a66a2ba3890d7e18969f,3095,-25602.4938145001,polar-1-l,9f65f8dc6ddaff1d631e299cb531376a7da5e68d1bef04f34a2d5073d5ef114b,0.3.16,4d2da09413ac1407f37cdbb6b81fa28e4c15655e,e552c116b7d2c653f98b01f5c4fd599997f19f669a32bc6bf16396dd9f79365b,0.4.0,0e21d5546c482d08388a08eb4d948e833227ce47,079b233934150a3eee30444ce2408e09895ec4dd958ec60a822f870fa1284b99,float64,polar1l_rotation_invariants_v1,7beb8d4d9a8231a484c0bb6ff44b6b2e450eee2ca8a447370f350ed8678929cb,"{""density_coefficients"":[7,4],""dipole"":[1,3],""electron_energy"":[1],""electrostatic_energy"":[1],""energy"":[1],""node_feats"":[7,13824],""spin_charge_density"":[7,2,4],""spin_density"":[7,4]}"
A001_QM1_M1,S022,fb7e755fe53a5ec3f5a75847c67d391eccd56d0755ae1c17467c881852ff42bb,-1,1,08bdbcbbbb944b0aa41f1f81923a0249015bfd1aaea2053669b0cf93d78b1de5,artifacts/base_features/08/08bdbcbbbb944b0aa41f1f81923a0249015bfd1aaea2053669b0cf93d78b1de5.npz,2f3aad2d7d95bd2008e91162fc5f9f092c76778b890498150a07e43e21b264e3,3095,-25602.4939659914,polar-1-l,9f65f8dc6ddaff1d631e299cb531376a7da5e68d1bef04f34a2d5073d5ef114b,0.3.16,4d2da09413ac1407f37cdbb6b81fa28e4c15655e,e552c116b7d2c653f98b01f5c4fd599997f19f669a32bc6bf16396dd9f79365b,0.4.0,0e21d5546c482d08388a08eb4d948e833227ce47,079b233934150a3eee30444ce2408e09895ec4dd958ec60a822f870fa1284b99,float64,polar1l_rotation_invariants_v1,7beb8d4d9a8231a484c0bb6ff44b6b2e450eee2ca8a447370f350ed8678929cb,"{""density_coefficients"":[7,4],""dipole"":[1,3],""electron_energy"":[1],""electrostatic_energy"":[1],""energy"":[1],""node_feats"":[7,13824],""spin_charge_density"":[7,2,4],""spin_density"":[7,4]}"
A002_Q0_M2,S001,8989bc787272bd7fd42b9023c55d70658f3c4d032ee35f7117e85123d865fe0c,0,2,481c7e88e746c8461208b3037c605bf5a1028d66e02fded8b8f01c0cde07dfca,artifacts/base_features/48/481c7e88e746c8461208b3037c605bf5a1028d66e02fded8b8f01c0cde07dfca.npz,a98976c98541b3874e761bcaf5bda7a1b3994e9b4c1b5eaec9336c05bc23f81e,3095,-11547.2397404934,polar-1-l,9f65f8dc6ddaff1d631e299cb531376a7da5e68d1bef04f34a2d5073d5ef114b,0.3.16,4d2da09413ac1407f37cdbb6b81fa28e4c15655e,e552c116b7d2c653f98b01f5c4fd599997f19f669a32bc6bf16396dd9f79365b,0.4.0,0e21d5546c482d08388a08eb4d948e833227ce47,079b233934150a3eee30444ce2408e09895ec4dd958ec60a822f870fa1284b99,float64,polar1l_rotation_invariants_v1,7beb8d4d9a8231a484c0bb6ff44b6b2e450eee2ca8a447370f350ed8678929cb,"{""density_coefficients"":[5,4],""dipole"":[1,3],""electron_energy"":[1],""electrostatic_energy"":[1],""energy"":[1],""node_feats"":[5,13824],""spin_charge_density"":[5,2,4],""spin_density"":[5,4]}"
A002_Q0_M2,S002,46dea405532789b7d76d67c72931d6270fcbd9f716a5245dc88bc6917be48893,0,2,a7ea50fabb84c3becabf9f2f290f342b5495306edd8370be6f383a129ff78422,artifacts/base_features/a7/a7ea50fabb84c3becabf9f2f290f342b5495306edd8370be6f383a129ff78422.npz,867aaad16d5dd5949c7ccb1fd20e469341078b63b9ab262fdab62a9858975e9e,3095,-11547.239668577,polar-1-l,9f65f8dc6ddaff1d631e299cb531376a7da5e68d1bef04f34a2d5073d5ef114b,0.3.16,4d2da09413ac1407f37cdbb6b81fa28e4c15655e,e552c116b7d2c653f98b01f5c4fd599997f19f669a32bc6bf16396dd9f79365b,0.4.0,0e21d5546c482d08388a08eb4d948e833227ce47,079b233934150a3eee30444ce2408e09895ec4dd958ec60a822f870fa1284b99,float64,polar1l_rotation_invariants_v1,7beb8d4d9a8231a484c0bb6ff44b6b2e450eee2ca8a447370f350ed8678929cb,"{""density_coefficients"":[5,4],""dipole"":[1,3],""electron_energy"":[1],""electrostatic_energy"":[1],""energy"":[1],""node_feats"":[5,13824],""spin_charge_density"":[5,2,4],""spin_density"":[5,4]}"
A002_Q0_M2,S003,ad780b2f95304732421d87979beb3cc437341b5a46aa85234c2c193f2e8d5586,0,2,0599ceb3fb1521907d8c8eadff01ad583b7ea47d14858b3416afbc047ce0d1ae,artifacts/base_features/05/0599ceb3fb1521907d8c8eadff01ad583b7ea47d14858b3416afbc047ce0d1ae.npz,f86a438b02e14152cb1c2e4a52f1433d3540e6ce75605e54281e3a5d88197a36,3095,-11547.2397513358,polar-1-l,9f65f8dc6ddaff1d631e299cb531376a7da5e68d1bef04f34a2d5073d5ef114b,0.3.16,4d2da09413ac1407f37cdbb6b81fa28e4c15655e,e552c116b7d2c653f98b01f5c4fd599997f19f669a32bc6bf16396dd9f79365b,0.4.0,0e21d5546c482d08388a08eb4d948e833227ce47,079b233934150a3eee30444ce2408e09895ec4dd958ec60a822f870fa1284b99,float64,polar1l_rotation_invariants_v1,7beb8d4d9a8231a484c0bb6ff44b6b2e450eee2ca8a447370f350ed8678929cb,"{""density_coefficients"":[5,4],""dipole"":[1,3],""electron_energy"":[1],""electrostatic_energy"":[1],""energy"":[1],""node_feats"":[5,13824],""spin_charge_density"":[5,2,4],""spin_density"":[5,4]}"
A002_Q0_M2,S004,6c2ec646d07676adf8e5545a5ceb5e0989df0853fd73f4a310dce9942244cc9d,0,2,7fbcf403f0cf3632ab2302e485de9308442f2f5819fc5f561550f40941a6ec9a,artifacts/base_features/7f/7fbcf403f0cf3632ab2302e485de9308442f2f5819fc5f561550f40941a6ec9a.npz,e6e8bea97f6916e4ea303dbdbeaba303b453fe84cbae540213dbbcc211720d6d,3095,-11547.2397399119,polar-1-l,9f65f8dc6ddaff1d631e299cb531376a7da5e68d1bef04f34a2d5073d5ef114b,0.3.16,4d2da09413ac1407f37cdbb6b81fa28e4c15655e,e552c116b7d2c653f98b01f5c4fd599997f19f669a32bc6bf16396dd9f79365b,0.4.0,0e21d5546c482d08388a08eb4d948e833227ce47,079b233934150a3eee30444ce2408e09895ec4dd958ec60a822f870fa1284b99,float64,polar1l_rotation_invariants_v1,7beb8d4d9a8231a484c0bb6ff44b6b2e450eee2ca8a447370f350ed8678929cb,"{""density_coefficients"":[5,4],""dipole"":[1,3],""electron_energy"":[1],""electrostatic_energy"":[1],""energy"":[1],""node_feats"":[5,13824],""spin_charge_density"":[5,2,4],""spin_density"":[5,4]}"
A002_Q0_M2,S005,6198fbb6669a61c27219e345dd5c9edc527fc27cb67059aafbc068dab6c08971,0,2,ac71f51198c1b4c1fb4d9462a4fa0d1d94e9c7575e4dfa8cb64ffb5c32572bda,artifacts/base_features/ac/ac71f51198c1b4c1fb4d9462a4fa0d1d94e9c7575e4dfa8cb64ffb5c32572bda.npz,8ec3cedc130caadde152e382d893eb06eb95fc0fac1ff6b169ffcbb5e6c4904c,3095,-11547.2397310306,polar-1-l,9f65f8dc6ddaff1d631e299cb531376a7da5e68d1bef04f34a2d5073d5ef114b,0.3.16,4d2da09413ac1407f37cdbb6b81fa28e4c15655e,e552c116b7d2c653f98b01f5c4fd599997f19f669a32bc6bf16396dd9f79365b,0.4.0,0e21d5546c482d08388a08eb4d948e833227ce47,079b233934150a3eee30444ce2408e09895ec4dd958ec60a822f870fa1284b99,float64,polar1l_rotation_invariants_v1,7beb8d4d9a8231a484c0bb6ff44b6b2e450eee2ca8a447370f350ed8678929cb,"{""density_coefficients"":[5,4],""dipole"":[1,3],""electron_energy"":[1],""electrostatic_energy"":[1],""energy"":[1],""node_feats"":[5,13824],""spin_charge_density"":[5,2,4],""spin_density"":[5,4]}"
A002_Q0_M2,S006,7a39d8c734e407a3e8a74b4006d61f8466be2a6aaff3fbb382dcbc8107bdd8f1,0,2,99d292b33991eb42dbd70870de5a53ae53326d58686407809be63441e3e94ca4,artifacts/base_features/99/99d292b33991eb42dbd70870de5a53ae53326d58686407809be63441e3e94ca4.npz,482246da18e053b60e8a30bbf5ac5868807c2f26e420fe9f4943edf9229bae13,3095,-11547.2397415427,polar-1-l,9f65f8dc6ddaff1d631e299cb531376a7da5e68d1bef04f34a2d5073d5ef114b,0.3.16,4d2da09413ac1407f37cdbb6b81fa28e4c15655e,e552c116b7d2c653f98b01f5c4fd599997f19f669a32bc6bf16396dd9f79365b,0.4.0,0e21d5546c482d08388a08eb4d948e833227ce47,079b233934150a3eee30444ce2408e09895ec4dd958ec60a822f870fa1284b99,float64,polar1l_rotation_invariants_v1,7beb8d4d9a8231a484c0bb6ff44b6b2e450eee2ca8a447370f350ed8678929cb,"{""density_coefficients"":[5,4],""dipole"":[1,3],""electron_energy"":[1],""electrostatic_energy"":[1],""energy"":[1],""node_feats"":[5,13824],""spin_charge_density"":[5,2,4],""spin_density"":[5,4]}"
A002_Q0_M2,S007,8b6a6ed9e6fbfa318194cdcead28029932a3e3617f39cc87a2224758bb6d4237,0,2,f6287895e5c01f85fd7094feb292770eb7b193b12f3125d929b3b48722fb8809,artifacts/base_features/f6/f6287895e5c01f85fd7094feb292770eb7b193b12f3125d929b3b48722fb8809.npz,2c6db15ea220c56e712b7affb93bf040ac3bdec10dc647efd26b0c1667c09cf1,3095,-11547.239746111,polar-1-l,9f65f8dc6ddaff1d631e299cb531376a7da5e68d1bef04f34a2d5073d5ef114b,0.3.16,4d2da09413ac1407f37cdbb6b81fa28e4c15655e,e552c116b7d2c653f98b01f5c4fd599997f19f669a32bc6bf16396dd9f79365b,0.4.0,0e21d5546c482d08388a08eb4d948e833227ce47,079b233934150a3eee30444ce2408e09895ec4dd958ec60a822f870fa1284b99,float64,polar1l_rotation_invariants_v1,7beb8d4d9a8231a484c0bb6ff44b6b2e450eee2ca8a447370f350ed8678929cb,"{""density_coefficients"":[5,4],""dipole"":[1,3],""electron_energy"":[1],""electrostatic_energy"":[1],""energy"":[1],""node_feats"":[5,13824],""spin_charge_density"":[5,2,4],""spin_density"":[5,4]}"
A002_Q0_M2,S008,9c911056e0272330262d4581ca84e5a2199d661de3d1255ff665e7e3d4c3ef36,0,2,fe5756f7d2cf09b39f2b5976fec9dc1e2f03c95c87898cbb6427b09d1b2c984b,artifacts/base_features/fe/fe5756f7d2cf09b39f2b5976fec9dc1e2f03c95c87898cbb6427b09d1b2c984b.npz,26985aed3423c3693eda9584ebb28d50514a93326b961d4ff05800edabe87b6c,3095,-11547.2396491758,polar-1-l,9f65f8dc6ddaff1d631e299cb531376a7da5e68d1bef04f34a2d5073d5ef114b,0.3.16,4d2da09413ac1407f37cdbb6b81fa28e4c15655e,e552c116b7d2c653f98b01f5c4fd599997f19f669a32bc6bf16396dd9f79365b,0.4.0,0e21d5546c482d08388a08eb4d948e833227ce47,079b233934150a3eee30444ce2408e09895ec4dd958ec60a822f870fa1284b99,float64,polar1l_rotation_invariants_v1,7beb8d4d9a8231a484c0bb6ff44b6b2e450eee2ca8a447370f350ed8678929cb,"{""density_coefficients"":[5,4],""dipole"":[1,3],""electron_energy"":[1],""electrostatic_energy"":[1],""energy"":[1],""node_feats"":[5,13824],""spin_charge_density"":[5,2,4],""spin_density"":[5,4]}"
A002_Q0_M2,S009,a2bc50aee9a2c9d27e46619c47e11551f333ea5006dc8001d0a28ed02d6428eb,0,2,349b9330983cb632762df9f5ee489627c5e3e34b96cdd9501b818c93ec6bf006,artifacts/base_features/34/349b9330983cb632762df9f5ee489627c5e3e34b96cdd9501b818c93ec6bf006.npz,39b70bc150b5ef364f347c1d6c5743b96ab48c078ff11a16a9ef10854a135c8d,3095,-11547.2397409703,polar-1-l,9f65f8dc6ddaff1d631e299cb531376a7da5e68d1bef04f34a2d5073d5ef114b,0.3.16,4d2da09413ac1407f37cdbb6b81fa28e4c15655e,e552c116b7d2c653f98b01f5c4fd599997f19f669a32bc6bf16396dd9f79365b,0.4.0,0e21d5546c482d08388a08eb4d948e833227ce47,079b233934150a3eee30444ce2408e09895ec4dd958ec60a822f870fa1284b99,float64,polar1l_rotation_invariants_v1,7beb8d4d9a8231a484c0bb6ff44b6b2e450eee2ca8a447370f350ed8678929cb,"{""density_coefficients"":[5,4],""dipole"":[1,3],""electron_energy"":[1],""electrostatic_energy"":[1],""energy"":[1],""node_feats"":[5,13824],""spin_charge_density"":[5,2,4],""spin_density"":[5,4]}"
A002_Q0_M2,S010,5f2d356204585e7a3a870bbc2d21616e69e3b5e16c7eccfaab562a800a406fc6,0,2,0232c3d884b556b49be4e9e65bc271cd4a5021a3555f372733ac415cd1896175,artifacts/base_features/02/0232c3d884b556b49be4e9e65bc271cd4a5021a3555f372733ac415cd1896175.npz,863a874fa2cf489eb5b0ffb1b5b1abfd34fcc4f34edd4aa8b49ee99be0d06096,3095,-11547.239753394,polar-1-l,9f65f8dc6ddaff1d631e299cb531376a7da5e68d1bef04f34a2d5073d5ef114b,0.3.16,4d2da09413ac1407f37cdbb6b81fa28e4c15655e,e552c116b7d2c653f98b01f5c4fd599997f19f669a32bc6bf16396dd9f79365b,0.4.0,0e21d5546c482d08388a08eb4d948e833227ce47,079b233934150a3eee30444ce2408e09895ec4dd958ec60a822f870fa1284b99,float64,polar1l_rotation_invariants_v1,7beb8d4d9a8231a484c0bb6ff44b6b2e450eee2ca8a447370f350ed8678929cb,"{""density_coefficients"":[5,4],""dipole"":[1,3],""electron_energy"":[1],""electrostatic_energy"":[1],""energy"":[1],""node_feats"":[5,13824],""spin_charge_density"":[5,2,4],""spin_density"":[5,4]}"
A002_Q0_M2,S011,a2f3d5336632da19de425f4ce59852b8908a3c5e52754a47356fe2a23962ecd3,0,2,71e9dfc3c46b4ccf43953de5fda24bd609c236fabc26ed836d72499a944c7294,artifacts/base_features/71/71e9dfc3c46b4ccf43953de5fda24bd609c236fabc26ed836d72499a944c7294.npz,dcfdcbfc8cf827386a343fdb064254f56d832d67ac25993cb866d1d0ee415c99,3095,-11547.2397440049,polar-1-l,9f65f8dc6ddaff1d631e299cb531376a7da5e68d1bef04f34a2d5073d5ef114b,0.3.16,4d2da09413ac1407f37cdbb6b81fa28e4c15655e,e552c116b7d2c653f98b01f5c4fd599997f19f669a32bc6bf16396dd9f79365b,0.4.0,0e21d5546c482d08388a08eb4d948e833227ce47,079b233934150a3eee30444ce2408e09895ec4dd958ec60a822f870fa1284b99,float64,polar1l_rotation_invariants_v1,7beb8d4d9a8231a484c0bb6ff44b6b2e450eee2ca8a447370f350ed8678929cb,"{""density_coefficients"":[5,4],""dipole"":[1,3],""electron_energy"":[1],""electrostatic_energy"":[1],""energy"":[1],""node_feats"":[5,13824],""spin_charge_density"":[5,2,4],""spin_density"":[5,4]}"
A002_Q0_M2,S012,f738efd02253c992e8934900b876fdb9d2a696d4327d050aa9212cd8e90fdbf6,0,2,df38f3476481dab7d9f2568ef9ac44eab7e0f018e96866c957457968dccd386d,artifacts/base_features/df/df38f3476481dab7d9f2568ef9ac44eab7e0f018e96866c957457968dccd386d.npz,47834951ed68d61fe59ad1ae98fd6455003d6a7223d34023568781be54e298b5,3095,-11547.2397446853,polar-1-l,9f65f8dc6ddaff1d631e299cb531376a7da5e68d1bef04f34a2d5073d5ef114b,0.3.16,4d2da09413ac1407f37cdbb6b81fa28e4c15655e,e552c116b7d2c653f98b01f5c4fd599997f19f669a32bc6bf16396dd9f79365b,0.4.0,0e21d5546c482d08388a08eb4d948e833227ce47,079b233934150a3eee30444ce2408e09895ec4dd958ec60a822f870fa1284b99,float64,polar1l_rotation_invariants_v1,7beb8d4d9a8231a484c0bb6ff44b6b2e450eee2ca8a447370f350ed8678929cb,"{""density_coefficients"":[5,4],""dipole"":[1,3],""electron_energy"":[1],""electrostatic_energy"":[1],""energy"":[1],""node_feats"":[5,13824],""spin_charge_density"":[5,2,4],""spin_density"":[5,4]}"
A002_Q0_M2,S013,00878b9ac14ecfe00af9742c61ef17a4e8f2b9b55a4555ce36d0be0681ebce30,0,2,a8882b6e330592db1c23044bda1c0edce586e71308b28f33d59de28bdfa14cd7,artifacts/base_features/a8/a8882b6e330592db1c23044bda1c0edce586e71308b28f33d59de28bdfa14cd7.npz,e61fe07283d4e2f07be5d14c854afe665d163c1e93c7aa28567f5d1273b046db,3095,-11547.2397379002,polar-1-l,9f65f8dc6ddaff1d631e299cb531376a7da5e68d1bef04f34a2d5073d5ef114b,0.3.16,4d2da09413ac1407f37cdbb6b81fa28e4c15655e,e552c116b7d2c653f98b01f5c4fd599997f19f669a32bc6bf16396dd9f79365b,0.4.0,0e21d5546c482d08388a08eb4d948e833227ce47,079b233934150a3eee30444ce2408e09895ec4dd958ec60a822f870fa1284b99,float64,polar1l_rotation_invariants_v1,7beb8d4d9a8231a484c0bb6ff44b6b2e450eee2ca8a447370f350ed8678929cb,"{""density_coefficients"":[5,4],""dipole"":[1,3],""electron_energy"":[1],""electrostatic_energy"":[1],""energy"":[1],""node_feats"":[5,13824],""spin_charge_density"":[5,2,4],""spin_density"":[5,4]}"
A002_Q0_M2,S014,d5ee73a39e0e4cb6bcadb713df8795513a5f8e179fec0dcf2737fbce10aaec2a,0,2,3828887cc63f1850abb69aab777720c7d1a574161a988283a584167fdcab36d9,artifacts/base_features/38/3828887cc63f1850abb69aab777720c7d1a574161a988283a584167fdcab36d9.npz,2b9e6816399aa103ff5cccbc4a2d212ca8aa24420007a0cc87b55bdb98d0e784,3095,-11547.239566855,polar-1-l,9f65f8dc6ddaff1d631e299cb531376a7da5e68d1bef04f34a2d5073d5ef114b,0.3.16,4d2da09413ac1407f37cdbb6b81fa28e4c15655e,e552c116b7d2c653f98b01f5c4fd599997f19f669a32bc6bf16396dd9f79365b,0.4.0,0e21d5546c482d08388a08eb4d948e833227ce47,079b233934150a3eee30444ce2408e09895ec4dd958ec60a822f870fa1284b99,float64,polar1l_rotation_invariants_v1,7beb8d4d9a8231a484c0bb6ff44b6b2e450eee2ca8a447370f350ed8678929cb,"{""density_coefficients"":[5,4],""dipole"":[1,3],""electron_energy"":[1],""electrostatic_energy"":[1],""energy"":[1],""node_feats"":[5,13824],""spin_charge_density"":[5,2,4],""spin_density"":[5,4]}"
A002_Q0_M2,S015,7b3d115bc0d34d90183a9e5841e90e2351144095451b221b59f2c8ebe44dfd76,0,2,8cc77f009bd7423a5e07eb7db120a92560c10ffd790476954274d5016699d9f5,artifacts/base_features/8c/8cc77f009bd7423a5e07eb7db120a92560c10ffd790476954274d5016699d9f5.npz,bf31cfb5c50ab422438b57c169baa76a30649e16bf0f73d27f19a97cf1bfc0fb,3095,-11547.2396895036,polar-1-l,9f65f8dc6ddaff1d631e299cb531376a7da5e68d1bef04f34a2d5073d5ef114b,0.3.16,4d2da09413ac1407f37cdbb6b81fa28e4c15655e,e552c116b7d2c653f98b01f5c4fd599997f19f669a32bc6bf16396dd9f79365b,0.4.0,0e21d5546c482d08388a08eb4d948e833227ce47,079b233934150a3eee30444ce2408e09895ec4dd958ec60a822f870fa1284b99,float64,polar1l_rotation_invariants_v1,7beb8d4d9a8231a484c0bb6ff44b6b2e450eee2ca8a447370f350ed8678929cb,"{""density_coefficients"":[5,4],""dipole"":[1,3],""electron_energy"":[1],""electrostatic_energy"":[1],""energy"":[1],""node_feats"":[5,13824],""spin_charge_density"":[5,2,4],""spin_density"":[5,4]}"
A002_Q0_M2,S016,8b38344bca5ef8269a31c265647e2560a3cef5ee5d70c7ba9fd0af2dc241e008,0,2,e7125316c60f33587ca1c0aeb7f9fc16e039c452ec9c25340ad5b742b13086b5,artifacts/base_features/e7/e7125316c60f33587ca1c0aeb7f9fc16e039c452ec9c25340ad5b742b13086b5.npz,d336071737d652d5ac882bdbc9b19218d4441e949b9ee2d0ac06b20da1a9cecf,3095,-11547.2396762437,polar-1-l,9f65f8dc6ddaff1d631e299cb531376a7da5e68d1bef04f34a2d5073d5ef114b,0.3.16,4d2da09413ac1407f37cdbb6b81fa28e4c15655e,e552c116b7d2c653f98b01f5c4fd599997f19f669a32bc6bf16396dd9f79365b,0.4.0,0e21d5546c482d08388a08eb4d948e833227ce47,079b233934150a3eee30444ce2408e09895ec4dd958ec60a822f870fa1284b99,float64,polar1l_rotation_invariants_v1,7beb8d4d9a8231a484c0bb6ff44b6b2e450eee2ca8a447370f350ed8678929cb,"{""density_coefficients"":[5,4],""dipole"":[1,3],""electron_energy"":[1],""electrostatic_energy"":[1],""energy"":[1],""node_feats"":[5,13824],""spin_charge_density"":[5,2,4],""spin_density"":[5,4]}"
A002_Q0_M2,S017,d8bb42ec8ec22c4af2329ffaf10e144d8a3f3188e0a99e07f25ce80f366c52d0,0,2,4e9bb0e4c7d06d2bd1a7c5c2557620be7612e5606cd9846e8f02cf381ade932b,artifacts/base_features/4e/4e9bb0e4c7d06d2bd1a7c5c2557620be7612e5606cd9846e8f02cf381ade932b.npz,dfba373b54c4b17c48cf5c33a77335b9bbb2cbddf7eb8b91d9fd0d20ce517caf,3095,-11547.2397024762,polar-1-l,9f65f8dc6ddaff1d631e299cb531376a7da5e68d1bef04f34a2d5073d5ef114b,0.3.16,4d2da09413ac1407f37cdbb6b81fa28e4c15655e,e552c116b7d2c653f98b01f5c4fd599997f19f669a32bc6bf16396dd9f79365b,0.4.0,0e21d5546c482d08388a08eb4d948e833227ce47,079b233934150a3eee30444ce2408e09895ec4dd958ec60a822f870fa1284b99,float64,polar1l_rotation_invariants_v1,7beb8d4d9a8231a484c0bb6ff44b6b2e450eee2ca8a447370f350ed8678929cb,"{""density_coefficients"":[5,4],""dipole"":[1,3],""electron_energy"":[1],""electrostatic_energy"":[1],""energy"":[1],""node_feats"":[5,13824],""spin_charge_density"":[5,2,4],""spin_density"":[5,4]}"
A002_Q0_M2,S018,59ef8a945d2e96630fd35cfe01bc6daa6da566fad0a44d8a266ade9739cbe23f,0,2,c274eb1713115ae9078bb186f4d8a6282a0dac0908a0760b235b8a7309e7fe14,artifacts/base_features/c2/c274eb1713115ae9078bb186f4d8a6282a0dac0908a0760b235b8a7309e7fe14.npz,2308418ccdf53d27cc4b2cdfa591d2868d907cb6f219bfe69879770bb10a3ac2,3095,-11547.2396771198,polar-1-l,9f65f8dc6ddaff1d631e299cb531376a7da5e68d1bef04f34a2d5073d5ef114b,0.3.16,4d2da09413ac1407f37cdbb6b81fa28e4c15655e,e552c116b7d2c653f98b01f5c4fd599997f19f669a32bc6bf16396dd9f79365b,0.4.0,0e21d5546c482d08388a08eb4d948e833227ce47,079b233934150a3eee30444ce2408e09895ec4dd958ec60a822f870fa1284b99,float64,polar1l_rotation_invariants_v1,7beb8d4d9a8231a484c0bb6ff44b6b2e450eee2ca8a447370f350ed8678929cb,"{""density_coefficients"":[5,4],""dipole"":[1,3],""electron_energy"":[1],""electrostatic_energy"":[1],""energy"":[1],""node_feats"":[5,13824],""spin_charge_density"":[5,2,4],""spin_density"":[5,4]}"
A002_Q0_M2,S019,a05172d4f3a75b25d8f0a03a40dd05585e1e3e965af72263f2b10bd8e88acd1c,0,2,9453218ca096abc4b56333f578a4ae48f64294086f99e81fc2c72aca5639c995,artifacts/base_features/94/9453218ca096abc4b56333f578a4ae48f64294086f99e81fc2c72aca5639c995.npz,45fa8403ea0e06f36aadbb7cc1b9be633f15987694544aa70031327e1d906603,3095,-11547.2397353603,polar-1-l,9f65f8dc6ddaff1d631e299cb531376a7da5e68d1bef04f34a2d5073d5ef114b,0.3.16,4d2da09413ac1407f37cdbb6b81fa28e4c15655e,e552c116b7d2c653f98b01f5c4fd599997f19f669a32bc6bf16396dd9f79365b,0.4.0,0e21d5546c482d08388a08eb4d948e833227ce47,079b233934150a3eee30444ce2408e09895ec4dd958ec60a822f870fa1284b99,float64,polar1l_rotation_invariants_v1,7beb8d4d9a8231a484c0bb6ff44b6b2e450eee2ca8a447370f350ed8678929cb,"{""density_coefficients"":[5,4],""dipole"":[1,3],""electron_energy"":[1],""electrostatic_energy"":[1],""energy"":[1],""node_feats"":[5,13824],""spin_charge_density"":[5,2,4],""spin_density"":[5,4]}"
A002_Q0_M2,S020,37d329225d49186470c36b3bd8873158fb4ee58324cbddd13642e81926604b2c,0,2,c9488f88a22aa2385cae904fb22b2a2b852261308935efcf1dc28bbb76b1ab00,artifacts/base_features/c9/c9488f88a22aa2385cae904fb22b2a2b852261308935efcf1dc28bbb76b1ab00.npz,8e809b8614465a57bac26df66a35485af30baffb4c90ae9f62f8ecf4f1a424c6,3095,-11547.2396799131,polar-1-l,9f65f8dc6ddaff1d631e299cb531376a7da5e68d1bef04f34a2d5073d5ef114b,0.3.16,4d2da09413ac1407f37cdbb6b81fa28e4c15655e,e552c116b7d2c653f98b01f5c4fd599997f19f669a32bc6bf16396dd9f79365b,0.4.0,0e21d5546c482d08388a08eb4d948e833227ce47,079b233934150a3eee30444ce2408e09895ec4dd958ec60a822f870fa1284b99,float64,polar1l_rotation_invariants_v1,7beb8d4d9a8231a484c0bb6ff44b6b2e450eee2ca8a447370f350ed8678929cb,"{""density_coefficients"":[5,4],""dipole"":[1,3],""electron_energy"":[1],""electrostatic_energy"":[1],""energy"":[1],""node_feats"":[5,13824],""spin_charge_density"":[5,2,4],""spin_density"":[5,4]}"
A002_Q0_M2,S021,285d0bcff4f9ecf69b0f3045b481c8b69e4727f496940035e84c0024ac6c2bca,0,2,7c1ff07a57ce0669b536bfaf07a091334f251cbd790477e0e1909d2a40f9f2bd,artifacts/base_features/7c/7c1ff07a57ce0669b536bfaf07a091334f251cbd790477e0e1909d2a40f9f2bd.npz,fc4af501a5bcdc3622e94f7252df0fdd125cb4bc680e35a3dc1a2846c0f71695,3095,-11547.239582461,polar-1-l,9f65f8dc6ddaff1d631e299cb531376a7da5e68d1bef04f34a2d5073d5ef114b,0.3.16,4d2da09413ac1407f37cdbb6b81fa28e4c15655e,e552c116b7d2c653f98b01f5c4fd599997f19f669a32bc6bf16396dd9f79365b,0.4.0,0e21d5546c482d08388a08eb4d948e833227ce47,079b233934150a3eee30444ce2408e09895ec4dd958ec60a822f870fa1284b99,float64,polar1l_rotation_invariants_v1,7beb8d4d9a8231a484c0bb6ff44b6b2e450eee2ca8a447370f350ed8678929cb,"{""density_coefficients"":[5,4],""dipole"":[1,3],""electron_energy"":[1],""electrostatic_energy"":[1],""energy"":[1],""node_feats"":[5,13824],""spin_charge_density"":[5,2,4],""spin_density"":[5,4]}"
A002_Q0_M2,S022,4214c3fd76c233a0b56790c538fbb3b62186bba63415b1a7b2bdc00159177d54,0,2,069663a00fe0b671aa985591d3f22fdf4a88e389068b10bf2e122eda7552e21f,artifacts/base_features/06/069663a00fe0b671aa985591d3f22fdf4a88e389068b10bf2e122eda7552e21f.npz,acf40e9ec233a1a2f881fcfe02a1b73cb9a4006e41840b992bb0bb0c656c858f,3095,-11547.2397549193,polar-1-l,9f65f8dc6ddaff1d631e299cb531376a7da5e68d1bef04f34a2d5073d5ef114b,0.3.16,4d2da09413ac1407f37cdbb6b81fa28e4c15655e,e552c116b7d2c653f98b01f5c4fd599997f19f669a32bc6bf16396dd9f79365b,0.4.0,0e21d5546c482d08388a08eb4d948e833227ce47,079b233934150a3eee30444ce2408e09895ec4dd958ec60a822f870fa1284b99,float64,polar1l_rotation_invariants_v1,7beb8d4d9a8231a484c0bb6ff44b6b2e450eee2ca8a447370f350ed8678929cb,"{""density_coefficients"":[5,4],""dipole"":[1,3],""electron_energy"":[1],""electrostatic_energy"":[1],""energy"":[1],""node_feats"":[5,13824],""spin_charge_density"":[5,2,4],""spin_density"":[5,4]}"
A002_Q0_M2,S023,7b5ffd1d7da115dca527f2b3da3592466e1cf98794c080738d9689a11824306d,0,2,ae27be0d37c048541e9d6bb3e66e911b322d7ccdbf55e6efdd4e9ecc508b7327,artifacts/base_features/ae/ae27be0d37c048541e9d6bb3e66e911b322d7ccdbf55e6efdd4e9ecc508b7327.npz,9044154b6e17f83ed77f7f885817ab322e07c3986e75fd03ad7b0c62cc63c66e,3095,-11547.2394860477,polar-1-l,9f65f8dc6ddaff1d631e299cb531376a7da5e68d1bef04f34a2d5073d5ef114b,0.3.16,4d2da09413ac1407f37cdbb6b81fa28e4c15655e,e552c116b7d2c653f98b01f5c4fd599997f19f669a32bc6bf16396dd9f79365b,0.4.0,0e21d5546c482d08388a08eb4d948e833227ce47,079b233934150a3eee30444ce2408e09895ec4dd958ec60a822f870fa1284b99,float64,polar1l_rotation_invariants_v1,7beb8d4d9a8231a484c0bb6ff44b6b2e450eee2ca8a447370f350ed8678929cb,"{""density_coefficients"":[5,4],""dipole"":[1,3],""electron_energy"":[1],""electrostatic_energy"":[1],""energy"":[1],""node_feats"":[5,13824],""spin_charge_density"":[5,2,4],""spin_density"":[5,4]}"
A002_Q0_M2,S024,5be29d26d3b19da23428d2a14eebaf6312165bb98ec1aa6ac3e0954c52a5b137,0,2,f849812b6afbfa283b95e50e50de0125edf9bca0f68f50c275320c637bdc26d7,artifacts/base_features/f8/f849812b6afbfa283b95e50e50de0125edf9bca0f68f50c275320c637bdc26d7.npz,61914577604a9a541551171dcab86005aa5c4f960d0684fd656b715206697551,3095,-11547.2393749867,polar-1-l,9f65f8dc6ddaff1d631e299cb531376a7da5e68d1bef04f34a2d5073d5ef114b,0.3.16,4d2da09413ac1407f37cdbb6b81fa28e4c15655e,e552c116b7d2c653f98b01f5c4fd599997f19f669a32bc6bf16396dd9f79365b,0.4.0,0e21d5546c482d08388a08eb4d948e833227ce47,079b233934150a3eee30444ce2408e09895ec4dd958ec60a822f870fa1284b99,float64,polar1l_rotation_invariants_v1,7beb8d4d9a8231a484c0bb6ff44b6b2e450eee2ca8a447370f350ed8678929cb,"{""density_coefficients"":[5,4],""dipole"":[1,3],""electron_energy"":[1],""electrostatic_energy"":[1],""energy"":[1],""node_feats"":[5,13824],""spin_charge_density"":[5,2,4],""spin_density"":[5,4]}"
A002_Q0_M2,S025,ae54ad406cf8aaaea3fd11a5f13e2498ee9064e961c25890f6148f8bb3b306c1,0,2,e25c818444d8c2971c73911ef63e016ed1a384bea5a291d957fe0a11d4e5bd0f,artifacts/base_features/e2/e25c818444d8c2971c73911ef63e016ed1a384bea5a291d957fe0a11d4e5bd0f.npz,d0b3ab2b73fc2854bab665971790e86d308bbe2221bffecb16a3f9ec1c7b3f51,3095,-11547.2396471676,polar-1-l,9f65f8dc6ddaff1d631e299cb531376a7da5e68d1bef04f34a2d5073d5ef114b,0.3.16,4d2da09413ac1407f37cdbb6b81fa28e4c15655e,e552c116b7d2c653f98b01f5c4fd599997f19f669a32bc6bf16396dd9f79365b,0.4.0,0e21d5546c482d08388a08eb4d948e833227ce47,079b233934150a3eee30444ce2408e09895ec4dd958ec60a822f870fa1284b99,float64,polar1l_rotation_invariants_v1,7beb8d4d9a8231a484c0bb6ff44b6b2e450eee2ca8a447370f350ed8678929cb,"{""density_coefficients"":[5,4],""dipole"":[1,3],""electron_energy"":[1],""electrostatic_energy"":[1],""energy"":[1],""node_feats"":[5,13824],""spin_charge_density"":[5,2,4],""spin_density"":[5,4]}"
A002_QM1_M1,S001,7a17f45bb14124753ff5516d497203fbc01bb3fa236829911d8ecce7fe4e1385,-1,1,7ac665474cc536b45234880ecd14593658d50ba4a163cc3fc3ac73f8bc2380c8,artifacts/base_features/7a/7ac665474cc536b45234880ecd14593658d50ba4a163cc3fc3ac73f8bc2380c8.npz,efe15476f04812759f077d12877f954e7e2db9d067ea7cc9d44f330b261d96b8,3095,-11554.8678378649,polar-1-l,9f65f8dc6ddaff1d631e299cb531376a7da5e68d1bef04f34a2d5073d5ef114b,0.3.16,4d2da09413ac1407f37cdbb6b81fa28e4c15655e,e552c116b7d2c653f98b01f5c4fd599997f19f669a32bc6bf16396dd9f79365b,0.4.0,0e21d5546c482d08388a08eb4d948e833227ce47,079b233934150a3eee30444ce2408e09895ec4dd958ec60a822f870fa1284b99,float64,polar1l_rotation_invariants_v1,7beb8d4d9a8231a484c0bb6ff44b6b2e450eee2ca8a447370f350ed8678929cb,"{""density_coefficients"":[5,4],""dipole"":[1,3],""electron_energy"":[1],""electrostatic_energy"":[1],""energy"":[1],""node_feats"":[5,13824],""spin_charge_density"":[5,2,4],""spin_density"":[5,4]}"
A002_QM1_M1,S002,96c7fbfdda447db028d962eca69319e7356a7ea0c1025a0b02935b5292c0ca07,-1,1,661f1014dcb0c51a3807bd59ed908e99ca04b5f289ff6fea51742137956eeb4c,artifacts/base_features/66/661f1014dcb0c51a3807bd59ed908e99ca04b5f289ff6fea51742137956eeb4c.npz,346d97f37b0a79bee31c12c008677a63bb0f50bf8461b41480274238f7bcf61c,3095,-11554.8699618555,polar-1-l,9f65f8dc6ddaff1d631e299cb531376a7da5e68d1bef04f34a2d5073d5ef114b,0.3.16,4d2da09413ac1407f37cdbb6b81fa28e4c15655e,e552c116b7d2c653f98b01f5c4fd599997f19f669a32bc6bf16396dd9f79365b,0.4.0,0e21d5546c482d08388a08eb4d948e833227ce47,079b233934150a3eee30444ce2408e09895ec4dd958ec60a822f870fa1284b99,float64,polar1l_rotation_invariants_v1,7beb8d4d9a8231a484c0bb6ff44b6b2e450eee2ca8a447370f350ed8678929cb,"{""density_coefficients"":[5,4],""dipole"":[1,3],""electron_energy"":[1],""electrostatic_energy"":[1],""energy"":[1],""node_feats"":[5,13824],""spin_charge_density"":[5,2,4],""spin_density"":[5,4]}"
A002_QM1_M1,S003,2034efeed7215aa124560fe81fd5046bec1ce8c49e0eb3ec817195e5e0f867be,-1,1,7c6c3b7f2519ebd0045665c2383c679ce39a82887c900668b2d7c6865c40db8a,artifacts/base_features/7c/7c6c3b7f2519ebd0045665c2383c679ce39a82887c900668b2d7c6865c40db8a.npz,d0421c87a1e351328e41daa72e52b1ff3c0679b79f863c3414203b3ed2f75a7e,3095,-11554.8675158939,polar-1-l,9f65f8dc6ddaff1d631e299cb531376a7da5e68d1bef04f34a2d5073d5ef114b,0.3.16,4d2da09413ac1407f37cdbb6b81fa28e4c15655e,e552c116b7d2c653f98b01f5c4fd599997f19f669a32bc6bf16396dd9f79365b,0.4.0,0e21d5546c482d08388a08eb4d948e833227ce47,079b233934150a3eee30444ce2408e09895ec4dd958ec60a822f870fa1284b99,float64,polar1l_rotation_invariants_v1,7beb8d4d9a8231a484c0bb6ff44b6b2e450eee2ca8a447370f350ed8678929cb,"{""density_coefficients"":[5,4],""dipole"":[1,3],""electron_energy"":[1],""electrostatic_energy"":[1],""energy"":[1],""node_feats"":[5,13824],""spin_charge_density"":[5,2,4],""spin_density"":[5,4]}"
A002_QM1_M1,S004,0ceed7e96fd9e0e4fa342d34feb8891e81ea93ae89c6789964e0df2558f757db,-1,1,6f2290750f13a6538d20540ad14fc5e1044388508941b704b3404f6080cd5052,artifacts/base_features/6f/6f2290750f13a6538d20540ad14fc5e1044388508941b704b3404f6080cd5052.npz,6a6e9f8a157b6b15a803d55dcd0ec8406cbdf9d0fb61b89b6d85fd1c477d8583,3095,-11554.867855901,polar-1-l,9f65f8dc6ddaff1d631e299cb531376a7da5e68d1bef04f34a2d5073d5ef114b,0.3.16,4d2da09413ac1407f37cdbb6b81fa28e4c15655e,e552c116b7d2c653f98b01f5c4fd599997f19f669a32bc6bf16396dd9f79365b,0.4.0,0e21d5546c482d08388a08eb4d948e833227ce47,079b233934150a3eee30444ce2408e09895ec4dd958ec60a822f870fa1284b99,float64,polar1l_rotation_invariants_v1,7beb8d4d9a8231a484c0bb6ff44b6b2e450eee2ca8a447370f350ed8678929cb,"{""density_coefficients"":[5,4],""dipole"":[1,3],""electron_energy"":[1],""electrostatic_energy"":[1],""energy"":[1],""node_feats"":[5,13824],""spin_charge_density"":[5,2,4],""spin_density"":[5,4]}"
A002_QM1_M1,S005,05bc09a3989d4153258c513b04b0417700722dc59f46a659fed706b2cc3da590,-1,1,9c2abd79f7e598005fe3f076db6ed803f4cc0824d6857294dd4cb9d2e5cbd84b,artifacts/base_features/9c/9c2abd79f7e598005fe3f076db6ed803f4cc0824d6857294dd4cb9d2e5cbd84b.npz,8a9d433c3ea26512b6ddc235c72a3b008543db17ddea4e016bf036d830f26360,3095,-11554.8681193593,polar-1-l,9f65f8dc6ddaff1d631e299cb531376a7da5e68d1bef04f34a2d5073d5ef114b,0.3.16,4d2da09413ac1407f37cdbb6b81fa28e4c15655e,e552c116b7d2c653f98b01f5c4fd599997f19f669a32bc6bf16396dd9f79365b,0.4.0,0e21d5546c482d08388a08eb4d948e833227ce47,079b233934150a3eee30444ce2408e09895ec4dd958ec60a822f870fa1284b99,float64,polar1l_rotation_invariants_v1,7beb8d4d9a8231a484c0bb6ff44b6b2e450eee2ca8a447370f350ed8678929cb,"{""density_coefficients"":[5,4],""dipole"":[1,3],""electron_energy"":[1],""electrostatic_energy"":[1],""energy"":[1],""node_feats"":[5,13824],""spin_charge_density"":[5,2,4],""spin_density"":[5,4]}"
A002_QM1_M1,S006,6389fd70e72cf5847f2ba4614ec5c44256f0d00911635ca9d779cf6ed036e8ed,-1,1,f4167b0545a46c2208443a19c42208df89591b10be75be601696b2cee0cb809b,artifacts/base_features/f4/f4167b0545a46c2208443a19c42208df89591b10be75be601696b2cee0cb809b.npz,696f406fc66ba32ad6d6249ba8796f9469d80adffceef147d79269b9cd696a0a,3095,-11554.8678084867,polar-1-l,9f65f8dc6ddaff1d631e299cb531376a7da5e68d1bef04f34a2d5073d5ef114b,0.3.16,4d2da09413ac1407f37cdbb6b81fa28e4c15655e,e552c116b7d2c653f98b01f5c4fd599997f19f669a32bc6bf16396dd9f79365b,0.4.0,0e21d5546c482d08388a08eb4d948e833227ce47,079b233934150a3eee30444ce2408e09895ec4dd958ec60a822f870fa1284b99,float64,polar1l_rotation_invariants_v1,7beb8d4d9a8231a484c0bb6ff44b6b2e450eee2ca8a447370f350ed8678929cb,"{""density_coefficients"":[5,4],""dipole"":[1,3],""electron_energy"":[1],""electrostatic_energy"":[1],""energy"":[1],""node_feats"":[5,13824],""spin_charge_density"":[5,2,4],""spin_density"":[5,4]}"
A002_QM1_M1,S007,e2f9b877bce35008bd31b302d32ee4fccf60cc7e5d2795f1ffa248d9b600e6df,-1,1,86c428154572e4378edd29287f5366c4f0a95cc13897526ef1799ce251142974,artifacts/base_features/86/86c428154572e4378edd29287f5366c4f0a95cc13897526ef1799ce251142974.npz,a8e978bcf596d5dc36a87dea7c701f815b18589721640a34b43f3a1fff836080,3095,-11554.8676678721,polar-1-l,9f65f8dc6ddaff1d631e299cb531376a7da5e68d1bef04f34a2d5073d5ef114b,0.3.16,4d2da09413ac1407f37cdbb6b81fa28e4c15655e,e552c116b7d2c653f98b01f5c4fd599997f19f669a32bc6bf16396dd9f79365b,0.4.0,0e21d5546c482d08388a08eb4d948e833227ce47,079b233934150a3eee30444ce2408e09895ec4dd958ec60a822f870fa1284b99,float64,polar1l_rotation_invariants_v1,7beb8d4d9a8231a484c0bb6ff44b6b2e450eee2ca8a447370f350ed8678929cb,"{""density_coefficients"":[5,4],""dipole"":[1,3],""electron_energy"":[1],""electrostatic_energy"":[1],""energy"":[1],""node_feats"":[5,13824],""spin_charge_density"":[5,2,4],""spin_density"":[5,4]}"
A002_QM1_M1,S008,a48f9fc39b26020709693d15ef4bff19ac400aefd516a1fd501c687038049c00,-1,1,01413fdc88ba4220baa149a953c3055364871816a98004b8e5dee06fd62d774f,artifacts/base_features/01/01413fdc88ba4220baa149a953c3055364871816a98004b8e5dee06fd62d774f.npz,a729bbf9391f3ffacf6a93fb0f25a4986e55af33e9544249c388ee865bb0fe89,3095,-11554.8705301615,polar-1-l,9f65f8dc6ddaff1d631e299cb531376a7da5e68d1bef04f34a2d5073d5ef114b,0.3.16,4d2da09413ac1407f37cdbb6b81fa28e4c15655e,e552c116b7d2c653f98b01f5c4fd599997f19f669a32bc6bf16396dd9f79365b,0.4.0,0e21d5546c482d08388a08eb4d948e833227ce47,079b233934150a3eee30444ce2408e09895ec4dd958ec60a822f870fa1284b99,float64,polar1l_rotation_invariants_v1,7beb8d4d9a8231a484c0bb6ff44b6b2e450eee2ca8a447370f350ed8678929cb,"{""density_coefficients"":[5,4],""dipole"":[1,3],""electron_energy"":[1],""electrostatic_energy"":[1],""energy"":[1],""node_feats"":[5,13824],""spin_charge_density"":[5,2,4],""spin_density"":[5,4]}"
A002_QM1_M1,S009,1f9e718b03224d4138b4f0f68beee9b1d34f5b97a3da4868e6acf7d4c70d9644,-1,1,6ad80058f8b6fd1945839c34e6d5e28817c4b8eb458849519f04f7869db38a40,artifacts/base_features/6a/6ad80058f8b6fd1945839c34e6d5e28817c4b8eb458849519f04f7869db38a40.npz,9e29a1408e3bf607ba8723232a20ebf5e78de8359d77be4d0128edeafc2e4588,3095,-11554.8678207956,polar-1-l,9f65f8dc6ddaff1d631e299cb531376a7da5e68d1bef04f34a2d5073d5ef114b,0.3.16,4d2da09413ac1407f37cdbb6b81fa28e4c15655e,e552c116b7d2c653f98b01f5c4fd599997f19f669a32bc6bf16396dd9f79365b,0.4.0,0e21d5546c482d08388a08eb4d948e833227ce47,079b233934150a3eee30444ce2408e09895ec4dd958ec60a822f870fa1284b99,float64,polar1l_rotation_invariants_v1,7beb8d4d9a8231a484c0bb6ff44b6b2e450eee2ca8a447370f350ed8678929cb,"{""density_coefficients"":[5,4],""dipole"":[1,3],""electron_energy"":[1],""electrostatic_energy"":[1],""energy"":[1],""node_feats"":[5,13824],""spin_charge_density"":[5,2,4],""spin_density"":[5,4]}"
A002_QM1_M1,S010,7d31c42110b4593b77ad4f0633e0ce238aba19bf2ff06e3347360040b56d2cbf,-1,1,f40841651b1690b55c1c57571c1eda3664f6f8fe330938b6d908e41a2ed5bde8,artifacts/base_features/f4/f40841651b1690b55c1c57571c1eda3664f6f8fe330938b6d908e41a2ed5bde8.npz,21a0aee0b8a7c9bf5076bdaafd9d377a494e88d7fb900b92927ab07d9fa634ea,3095,-11554.8674484036,polar-1-l,9f65f8dc6ddaff1d631e299cb531376a7da5e68d1bef04f34a2d5073d5ef114b,0.3.16,4d2da09413ac1407f37cdbb6b81fa28e4c15655e,e552c116b7d2c653f98b01f5c4fd599997f19f669a32bc6bf16396dd9f79365b,0.4.0,0e21d5546c482d08388a08eb4d948e833227ce47,079b233934150a3eee30444ce2408e09895ec4dd958ec60a822f870fa1284b99,float64,polar1l_rotation_invariants_v1,7beb8d4d9a8231a484c0bb6ff44b6b2e450eee2ca8a447370f350ed8678929cb,"{""density_coefficients"":[5,4],""dipole"":[1,3],""electron_energy"":[1],""electrostatic_energy"":[1],""energy"":[1],""node_feats"":[5,13824],""spin_charge_density"":[5,2,4],""spin_density"":[5,4]}"
A002_QM1_M1,S011,50b1ff2384c518b2205f23960a3e189f5e5081b61bfad5785bc2581a16bcce63,-1,1,0018d423a09e26dda5a65797f8ff09c23e390657cc380b7bac8e1b9cbe93bfa9,artifacts/base_features/00/0018d423a09e26dda5a65797f8ff09c23e390657cc380b7bac8e1b9cbe93bfa9.npz,79cb4717f06f54f9df503612badf084e4c6659389adb7ef39eb688345975805c,3095,-11554.8677348537,polar-1-l,9f65f8dc6ddaff1d631e299cb531376a7da5e68d1bef04f34a2d5073d5ef114b,0.3.16,4d2da09413ac1407f37cdbb6b81fa28e4c15655e,e552c116b7d2c653f98b01f5c4fd599997f19f669a32bc6bf16396dd9f79365b,0.4.0,0e21d5546c482d08388a08eb4d948e833227ce47,079b233934150a3eee30444ce2408e09895ec4dd958ec60a822f870fa1284b99,float64,polar1l_rotation_invariants_v1,7beb8d4d9a8231a484c0bb6ff44b6b2e450eee2ca8a447370f350ed8678929cb,"{""density_coefficients"":[5,4],""dipole"":[1,3],""electron_energy"":[1],""electrostatic_energy"":[1],""energy"":[1],""node_feats"":[5,13824],""spin_charge_density"":[5,2,4],""spin_density"":[5,4]}"
A002_QM1_M1,S012,22d23c4f5daa182d978af66d1ae6858d8891f9851d0cda6d8cad31088c19bed6,-1,1,1a116864cd2fbcdb52f3278549c020c8007be64e286661a5f8c74cd91ace0689,artifacts/base_features/1a/1a116864cd2fbcdb52f3278549c020c8007be64e286661a5f8c74cd91ace0689.npz,1d58b0d6f8d1a72165653e3a8feec55af19a430b08f35557305e29debcdb64bb,3095,-11554.8677122509,polar-1-l,9f65f8dc6ddaff1d631e299cb531376a7da5e68d1bef04f34a2d5073d5ef114b,0.3.16,4d2da09413ac1407f37cdbb6b81fa28e4c15655e,e552c116b7d2c653f98b01f5c4fd599997f19f669a32bc6bf16396dd9f79365b,0.4.0,0e21d5546c482d08388a08eb4d948e833227ce47,079b233934150a3eee30444ce2408e09895ec4dd958ec60a822f870fa1284b99,float64,polar1l_rotation_invariants_v1,7beb8d4d9a8231a484c0bb6ff44b6b2e450eee2ca8a447370f350ed8678929cb,"{""density_coefficients"":[5,4],""dipole"":[1,3],""electron_energy"":[1],""electrostatic_energy"":[1],""energy"":[1],""node_feats"":[5,13824],""spin_charge_density"":[5,2,4],""spin_density"":[5,4]}"
A002_QM1_M1,S013,3014ab67324b201d4180942da5ccb4b4d9fa3882220d6ae86b024518a6977976,-1,1,d67aba738107380f7fa6be2dfef99f7cbe037aadf1556e24b0d4c03dc8a67377,artifacts/base_features/d6/d67aba738107380f7fa6be2dfef99f7cbe037aadf1556e24b0d4c03dc8a67377.npz,4172b08e72373ad18118440b54fcd95a2c7f0057acb734ab6188becb006dfaf1,3095,-11554.8679152154,polar-1-l,9f65f8dc6ddaff1d631e299cb531376a7da5e68d1bef04f34a2d5073d5ef114b,0.3.16,4d2da09413ac1407f37cdbb6b81fa28e4c15655e,e552c116b7d2c653f98b01f5c4fd599997f19f669a32bc6bf16396dd9f79365b,0.4.0,0e21d5546c482d08388a08eb4d948e833227ce47,079b233934150a3eee30444ce2408e09895ec4dd958ec60a822f870fa1284b99,float64,polar1l_rotation_invariants_v1,7beb8d4d9a8231a484c0bb6ff44b6b2e450eee2ca8a447370f350ed8678929cb,"{""density_coefficients"":[5,4],""dipole"":[1,3],""electron_energy"":[1],""electrostatic_energy"":[1],""energy"":[1],""node_feats"":[5,13824],""spin_charge_density"":[5,2,4],""spin_density"":[5,4]}"
A002_QM1_M1,S014,660ddbd845a98587d4eea9304d07b044184bc599591f2f0a709186c2402e4172,-1,1,60e54c6f30ec7dc6cd7b6d43240616a2ddcb574ce6611541ef06dcd4c534feb1,artifacts/base_features/60/60e54c6f30ec7dc6cd7b6d43240616a2ddcb574ce6611541ef06dcd4c534feb1.npz,a75282f377371ba932e1f2bedfcfef5775722378a397826ce694fe51e770d11c,3095,-11554.8729024431,polar-1-l,9f65f8dc6ddaff1d631e299cb531376a7da5e68d1bef04f34a2d5073d5ef114b,0.3.16,4d2da09413ac1407f37cdbb6b81fa28e4c15655e,e552c116b7d2c653f98b01f5c4fd599997f19f669a32bc6bf16396dd9f79365b,0.4.0,0e21d5546c482d08388a08eb4d948e833227ce47,079b233934150a3eee30444ce2408e09895ec4dd958ec60a822f870fa1284b99,float64,polar1l_rotation_invariants_v1,7beb8d4d9a8231a484c0bb6ff44b6b2e450eee2ca8a447370f350ed8678929cb,"{""density_coefficients"":[5,4],""dipole"":[1,3],""electron_energy"":[1],""electrostatic_energy"":[1],""energy"":[1],""node_feats"":[5,13824],""spin_charge_density"":[5,2,4],""spin_density"":[5,4]}"
A002_QM1_M1,S015,d1c6bc6a484486a659c55d5aa9df17407e39ccadb9961c358d206e8f724a2087,-1,1,9efb07c06886de03173c14f7276b7e2fa1e5abba72ebdd17ecee522f6afd0ced,artifacts/base_features/9e/9efb07c06886de03173c14f7276b7e2fa1e5abba72ebdd17ecee522f6afd0ced.npz,b7e2a60c16f595d54a221453cd4bf304349edce8754896b36011a09422aee9f1,3095,-11554.8693514041,polar-1-l,9f65f8dc6ddaff1d631e299cb531376a7da5e68d1bef04f34a2d5073d5ef114b,0.3.16,4d2da09413ac1407f37cdbb6b81fa28e4c15655e,e552c116b7d2c653f98b01f5c4fd599997f19f669a32bc6bf16396dd9f79365b,0.4.0,0e21d5546c482d08388a08eb4d948e833227ce47,079b233934150a3eee30444ce2408e09895ec4dd958ec60a822f870fa1284b99,float64,polar1l_rotation_invariants_v1,7beb8d4d9a8231a484c0bb6ff44b6b2e450eee2ca8a447370f350ed8678929cb,"{""density_coefficients"":[5,4],""dipole"":[1,3],""electron_energy"":[1],""electrostatic_energy"":[1],""energy"":[1],""node_feats"":[5,13824],""spin_charge_density"":[5,2,4],""spin_density"":[5,4]}"
A002_QM1_M1,S016,9b3026b63a50780b71bd233cb1830d8185374d68bfb865e6d07cf386be5fc67e,-1,1,1de31521d8ca35d42e0e9cf32ec7f98e2982e36c7651f1847e392f9d8b127638,artifacts/base_features/1d/1de31521d8ca35d42e0e9cf32ec7f98e2982e36c7651f1847e392f9d8b127638.npz,76870d72fdd014017a115fb3ffda2ceb0537ca1b8c9ade1ad2e771f1ed54f535,3095,-11554.8697385125,polar-1-l,9f65f8dc6ddaff1d631e299cb531376a7da5e68d1bef04f34a2d5073d5ef114b,0.3.16,4d2da09413ac1407f37cdbb6b81fa28e4c15655e,e552c116b7d2c653f98b01f5c4fd599997f19f669a32bc6bf16396dd9f79365b,0.4.0,0e21d5546c482d08388a08eb4d948e833227ce47,079b233934150a3eee30444ce2408e09895ec4dd958ec60a822f870fa1284b99,float64,polar1l_rotation_invariants_v1,7beb8d4d9a8231a484c0bb6ff44b6b2e450eee2ca8a447370f350ed8678929cb,"{""density_coefficients"":[5,4],""dipole"":[1,3],""electron_energy"":[1],""electrostatic_energy"":[1],""energy"":[1],""node_feats"":[5,13824],""spin_charge_density"":[5,2,4],""spin_density"":[5,4]}"
A002_QM1_M1,S017,237b010df545897f0dcb7c49abeb601581adef79c31e0c038af394467e117235,-1,1,fbd96cb2bcb73f20f09001dde20ee02595b9e305cbd3eab54fffa662a3b3a037,artifacts/base_features/fb/fbd96cb2bcb73f20f09001dde20ee02595b9e305cbd3eab54fffa662a3b3a037.npz,51dfab7f966f24f2e19c5c999d49199c4256b4c1926f66d2972175cafc622482,3095,-11554.8689661797,polar-1-l,9f65f8dc6ddaff1d631e299cb531376a7da5e68d1bef04f34a2d5073d5ef114b,0.3.16,4d2da09413ac1407f37cdbb6b81fa28e4c15655e,e552c116b7d2c653f98b01f5c4fd599997f19f669a32bc6bf16396dd9f79365b,0.4.0,0e21d5546c482d08388a08eb4d948e833227ce47,079b233934150a3eee30444ce2408e09895ec4dd958ec60a822f870fa1284b99,float64,polar1l_rotation_invariants_v1,7beb8d4d9a8231a484c0bb6ff44b6b2e450eee2ca8a447370f350ed8678929cb,"{""density_coefficients"":[5,4],""dipole"":[1,3],""electron_energy"":[1],""electrostatic_energy"":[1],""energy"":[1],""node_feats"":[5,13824],""spin_charge_density"":[5,2,4],""spin_density"":[5,4]}"
A002_QM1_M1,S018,484f39a50d10992dd399cad1562b657a97aeca66ed256b80f87959db54710a14,-1,1,ed9f934a1f285c217999cd5ebb46188e2f33ecb53679d71a847c490c7929ce34,artifacts/base_features/ed/ed9f934a1f285c217999cd5ebb46188e2f33ecb53679d71a847c490c7929ce34.npz,9bca34ca1d9fda5cdced1befed16be485a4a87e94314d9ca80b08fa3b747ccaf,3095,-11554.8697120578,polar-1-l,9f65f8dc6ddaff1d631e299cb531376a7da5e68d1bef04f34a2d5073d5ef114b,0.3.16,4d2da09413ac1407f37cdbb6b81fa28e4c15655e,e552c116b7d2c653f98b01f5c4fd599997f19f669a32bc6bf16396dd9f79365b,0.4.0,0e21d5546c482d08388a08eb4d948e833227ce47,079b233934150a3eee30444ce2408e09895ec4dd958ec60a822f870fa1284b99,float64,polar1l_rotation_invariants_v1,7beb8d4d9a8231a484c0bb6ff44b6b2e450eee2ca8a447370f350ed8678929cb,"{""density_coefficients"":[5,4],""dipole"":[1,3],""electron_energy"":[1],""electrostatic_energy"":[1],""energy"":[1],""node_feats"":[5,13824],""spin_charge_density"":[5,2,4],""spin_density"":[5,4]}"
A002_QM1_M1,S019,80043e8fd13e9c1d2cdd9e8ce4ff80cfb3c68e20c6f144ae5409ccb4771f8e9e,-1,1,8a1895213ea23f019852ede9faea9116884d0823aaa960e50e56ac0b79c4e77c,artifacts/base_features/8a/8a1895213ea23f019852ede9faea9116884d0823aaa960e50e56ac0b79c4e77c.npz,f1209ef24a3bbed70b1c25630972be370023ff1d691f315373d6b737d6850756,3095,-11554.8679927886,polar-1-l,9f65f8dc6ddaff1d631e299cb531376a7da5e68d1bef04f34a2d5073d5ef114b,0.3.16,4d2da09413ac1407f37cdbb6b81fa28e4c15655e,e552c116b7d2c653f98b01f5c4fd599997f19f669a32bc6bf16396dd9f79365b,0.4.0,0e21d5546c482d08388a08eb4d948e833227ce47,079b233934150a3eee30444ce2408e09895ec4dd958ec60a822f870fa1284b99,float64,polar1l_rotation_invariants_v1,7beb8d4d9a8231a484c0bb6ff44b6b2e450eee2ca8a447370f350ed8678929cb,"{""density_coefficients"":[5,4],""dipole"":[1,3],""electron_energy"":[1],""electrostatic_energy"":[1],""energy"":[1],""node_feats"":[5,13824],""spin_charge_density"":[5,2,4],""spin_density"":[5,4]}"
A002_QM1_M1,S020,bf2a1b3916f307883d5d0332dedf890e28514b8aa4c5c73faeaa3e4743503734,-1,1,61d9d388e1700f310139805626acd1f77882524d8cae1acb635d7788e41ba257,artifacts/base_features/61/61d9d388e1700f310139805626acd1f77882524d8cae1acb635d7788e41ba257.npz,9db3191367488275617594ce18f6f9f476d67c7a98b856e4b15bae6d49aa97d2,3095,-11554.8696296491,polar-1-l,9f65f8dc6ddaff1d631e299cb531376a7da5e68d1bef04f34a2d5073d5ef114b,0.3.16,4d2da09413ac1407f37cdbb6b81fa28e4c15655e,e552c116b7d2c653f98b01f5c4fd599997f19f669a32bc6bf16396dd9f79365b,0.4.0,0e21d5546c482d08388a08eb4d948e833227ce47,079b233934150a3eee30444ce2408e09895ec4dd958ec60a822f870fa1284b99,float64,polar1l_rotation_invariants_v1,7beb8d4d9a8231a484c0bb6ff44b6b2e450eee2ca8a447370f350ed8678929cb,"{""density_coefficients"":[5,4],""dipole"":[1,3],""electron_energy"":[1],""electrostatic_energy"":[1],""energy"":[1],""node_feats"":[5,13824],""spin_charge_density"":[5,2,4],""spin_density"":[5,4]}"
A002_QM1_M1,S021,5d62c5b1ca0c4f7300cc29c07b66849ac27f9edd3ba22ddd25152f61ec0bf486,-1,1,674a16bca0594d7614d5d18b30401922219928ef3038e5a60a150b171d004c9d,artifacts/base_features/67/674a16bca0594d7614d5d18b30401922219928ef3038e5a60a150b171d004c9d.npz,9d9cf46fb1057bdb3743e75f39965989d2481915ea388217ad9a691afb5749a5,3095,-11554.8724557656,polar-1-l,9f65f8dc6ddaff1d631e299cb531376a7da5e68d1bef04f34a2d5073d5ef114b,0.3.16,4d2da09413ac1407f37cdbb6b81fa28e4c15655e,e552c116b7d2c653f98b01f5c4fd599997f19f669a32bc6bf16396dd9f79365b,0.4.0,0e21d5546c482d08388a08eb4d948e833227ce47,079b233934150a3eee30444ce2408e09895ec4dd958ec60a822f870fa1284b99,float64,polar1l_rotation_invariants_v1,7beb8d4d9a8231a484c0bb6ff44b6b2e450eee2ca8a447370f350ed8678929cb,"{""density_coefficients"":[5,4],""dipole"":[1,3],""electron_energy"":[1],""electrostatic_energy"":[1],""energy"":[1],""node_feats"":[5,13824],""spin_charge_density"":[5,2,4],""spin_density"":[5,4]}"
A002_QM1_M1,S022,0f89e483e9cb123d6a54cb0ebf1ac1c6b680bfcbd276d3649cf79269dc8cd897,-1,1,75616ea15b420baffd30762a5c242f5006de7eb0a5450eb4e21d44b7140b715f,artifacts/base_features/75/75616ea15b420baffd30762a5c242f5006de7eb0a5450eb4e21d44b7140b715f.npz,557611eb1dc20ca5935ccdd51f7d3bd791f40e068c29fd3134f5f1f612d4aa3d,3095,-11554.8674068869,polar-1-l,9f65f8dc6ddaff1d631e299cb531376a7da5e68d1bef04f34a2d5073d5ef114b,0.3.16,4d2da09413ac1407f37cdbb6b81fa28e4c15655e,e552c116b7d2c653f98b01f5c4fd599997f19f669a32bc6bf16396dd9f79365b,0.4.0,0e21d5546c482d08388a08eb4d948e833227ce47,079b233934150a3eee30444ce2408e09895ec4dd958ec60a822f870fa1284b99,float64,polar1l_rotation_invariants_v1,7beb8d4d9a8231a484c0bb6ff44b6b2e450eee2ca8a447370f350ed8678929cb,"{""density_coefficients"":[5,4],""dipole"":[1,3],""electron_energy"":[1],""electrostatic_energy"":[1],""energy"":[1],""node_feats"":[5,13824],""spin_charge_density"":[5,2,4],""spin_density"":[5,4]}"
A002_QM1_M1,S023,60acabf4df2129d1676535e9fd967aa416b33652348b851b59af3276bf7374a4,-1,1,c9b909fcec485e8574bf5eb438645b5aff3a3551b91a991b7d02418805e56247,artifacts/base_features/c9/c9b909fcec485e8574bf5eb438645b5aff3a3551b91a991b7d02418805e56247.npz,d1a1fee823e9f220905ba4d1ea3f0f37fc0bf79f9d0213af3f4b6fb975ce502d,3095,-11554.8751785943,polar-1-l,9f65f8dc6ddaff1d631e299cb531376a7da5e68d1bef04f34a2d5073d5ef114b,0.3.16,4d2da09413ac1407f37cdbb6b81fa28e4c15655e,e552c116b7d2c653f98b01f5c4fd599997f19f669a32bc6bf16396dd9f79365b,0.4.0,0e21d5546c482d08388a08eb4d948e833227ce47,079b233934150a3eee30444ce2408e09895ec4dd958ec60a822f870fa1284b99,float64,polar1l_rotation_invariants_v1,7beb8d4d9a8231a484c0bb6ff44b6b2e450eee2ca8a447370f350ed8678929cb,"{""density_coefficients"":[5,4],""dipole"":[1,3],""electron_energy"":[1],""electrostatic_energy"":[1],""energy"":[1],""node_feats"":[5,13824],""spin_charge_density"":[5,2,4],""spin_density"":[5,4]}"
A002_QM1_M1,S024,c1cbadfaa4dac093a645e0a7a37b34201a83213167dfe8bbbc2e6fb4be83c241,-1,1,bda6aa4e9063f8b3581d99303d9559a03351d27baf50d832a6324c9c1cb69c15,artifacts/base_features/bd/bda6aa4e9063f8b3581d99303d9559a03351d27baf50d832a6324c9c1cb69c15.npz,235ba1ca77715ad5f35797c82e07bfa69541c634029c09bec38d04ec3b93305c,3095,-11554.8782406363,polar-1-l,9f65f8dc6ddaff1d631e299cb531376a7da5e68d1bef04f34a2d5073d5ef114b,0.3.16,4d2da09413ac1407f37cdbb6b81fa28e4c15655e,e552c116b7d2c653f98b01f5c4fd599997f19f669a32bc6bf16396dd9f79365b,0.4.0,0e21d5546c482d08388a08eb4d948e833227ce47,079b233934150a3eee30444ce2408e09895ec4dd958ec60a822f870fa1284b99,float64,polar1l_rotation_invariants_v1,7beb8d4d9a8231a484c0bb6ff44b6b2e450eee2ca8a447370f350ed8678929cb,"{""density_coefficients"":[5,4],""dipole"":[1,3],""electron_energy"":[1],""electrostatic_energy"":[1],""energy"":[1],""node_feats"":[5,13824],""spin_charge_density"":[5,2,4],""spin_density"":[5,4]}"
A002_QM1_M1,S025,af092a80de43a7c67d27ceb707eb064ab8642850547b7e9911fb3b2963f2cf06,-1,1,f418e11e853ea5ec9f2ce63d6486db210474f638d4fdb375057b5ea0d3bbaced,artifacts/base_features/f4/f418e11e853ea5ec9f2ce63d6486db210474f638d4fdb375057b5ea0d3bbaced.npz,0bdc1ab25de8acdca10a4fdcc8d5cffeedc8bdc16600ed79096a5866f2e8b2f8,3095,-11554.870588115,polar-1-l,9f65f8dc6ddaff1d631e299cb531376a7da5e68d1bef04f34a2d5073d5ef114b,0.3.16,4d2da09413ac1407f37cdbb6b81fa28e4c15655e,e552c116b7d2c653f98b01f5c4fd599997f19f669a32bc6bf16396dd9f79365b,0.4.0,0e21d5546c482d08388a08eb4d948e833227ce47,079b233934150a3eee30444ce2408e09895ec4dd958ec60a822f870fa1284b99,float64,polar1l_rotation_invariants_v1,7beb8d4d9a8231a484c0bb6ff44b6b2e450eee2ca8a447370f350ed8678929cb,"{""density_coefficients"":[5,4],""dipole"":[1,3],""electron_energy"":[1],""electrostatic_energy"":[1],""energy"":[1],""node_feats"":[5,13824],""spin_charge_density"":[5,2,4],""spin_density"":[5,4]}"
A003_Q0_M2,S005,e14f4bf48e5366d85e6639fd3b8de55052084db409b95208f88b48408fbbd3ba,0,2,cee58a0ab76c603105da7cbef943dc72032abb45baf748e8dd738f5862898bda,artifacts/base_features/ce/cee58a0ab76c603105da7cbef943dc72032abb45baf748e8dd738f5862898bda.npz,c254a33b641fd8b3a6a6ca6436c8b367ff5beb40fcc04953ad1cf9e3e94fc6d1,3095,-20701.355719144,polar-1-l,9f65f8dc6ddaff1d631e299cb531376a7da5e68d1bef04f34a2d5073d5ef114b,0.3.16,4d2da09413ac1407f37cdbb6b81fa28e4c15655e,e552c116b7d2c653f98b01f5c4fd599997f19f669a32bc6bf16396dd9f79365b,0.4.0,0e21d5546c482d08388a08eb4d948e833227ce47,079b233934150a3eee30444ce2408e09895ec4dd958ec60a822f870fa1284b99,float64,polar1l_rotation_invariants_v1,7beb8d4d9a8231a484c0bb6ff44b6b2e450eee2ca8a447370f350ed8678929cb,"{""density_coefficients"":[5,4],""dipole"":[1,3],""electron_energy"":[1],""electrostatic_energy"":[1],""energy"":[1],""node_feats"":[5,13824],""spin_charge_density"":[5,2,4],""spin_density"":[5,4]}"
A003_Q0_M2,S012,a034103c6dbbc21f425e5aa9c983055f4bccaca36d803528c3a3b2fb45781038,0,2,a88f68f64a2e53827c86009d23759e8766a478a121b748c3aa8bc9d1700b0fb0,artifacts/base_features/a8/a88f68f64a2e53827c86009d23759e8766a478a121b748c3aa8bc9d1700b0fb0.npz,7df26d1631842b0f5e62b645790347ce47b93dc01c64f1f2a6543501e1aa8d18,3095,-20701.355777791,polar-1-l,9f65f8dc6ddaff1d631e299cb531376a7da5e68d1bef04f34a2d5073d5ef114b,0.3.16,4d2da09413ac1407f37cdbb6b81fa28e4c15655e,e552c116b7d2c653f98b01f5c4fd599997f19f669a32bc6bf16396dd9f79365b,0.4.0,0e21d5546c482d08388a08eb4d948e833227ce47,079b233934150a3eee30444ce2408e09895ec4dd958ec60a822f870fa1284b99,float64,polar1l_rotation_invariants_v1,7beb8d4d9a8231a484c0bb6ff44b6b2e450eee2ca8a447370f350ed8678929cb,"{""density_coefficients"":[5,4],""dipole"":[1,3],""electron_energy"":[1],""electrostatic_energy"":[1],""energy"":[1],""node_feats"":[5,13824],""spin_charge_density"":[5,2,4],""spin_density"":[5,4]}"
A003_Q0_M2,S017,714211617cc25288304156d2488c4de81ef9ff7c5e10514cf133476b44cf8e37,0,2,098e53f0bc866febb978a25162d88fd8d4baf1b5bd3469e9c1d83d33d2ae51d4,artifacts/base_features/09/098e53f0bc866febb978a25162d88fd8d4baf1b5bd3469e9c1d83d33d2ae51d4.npz,51375f4ee3be535b08ccd97b16d428f1523f7c45fea24fa73842408bb5002b75,3095,-20701.3555966239,polar-1-l,9f65f8dc6ddaff1d631e299cb531376a7da5e68d1bef04f34a2d5073d5ef114b,0.3.16,4d2da09413ac1407f37cdbb6b81fa28e4c15655e,e552c116b7d2c653f98b01f5c4fd599997f19f669a32bc6bf16396dd9f79365b,0.4.0,0e21d5546c482d08388a08eb4d948e833227ce47,079b233934150a3eee30444ce2408e09895ec4dd958ec60a822f870fa1284b99,float64,polar1l_rotation_invariants_v1,7beb8d4d9a8231a484c0bb6ff44b6b2e450eee2ca8a447370f350ed8678929cb,"{""density_coefficients"":[5,4],""dipole"":[1,3],""electron_energy"":[1],""electrostatic_energy"":[1],""energy"":[1],""node_feats"":[5,13824],""spin_charge_density"":[5,2,4],""spin_density"":[5,4]}"
A003_Q0_M2,S023,8644240950de38518ebba69da94aea6b8a6aeabc398470f587d3c71c34b9ea56,0,2,c6a2f6e3f06f9ae8f51ce04834aa803ac20a574fea9b896fdee72ba144e37038,artifacts/base_features/c6/c6a2f6e3f06f9ae8f51ce04834aa803ac20a574fea9b896fdee72ba144e37038.npz,2aec3c778b69b3d9224007c534875ad8f109e10bb8ca9ba049627124b4bad444,3095,-20701.3546764916,polar-1-l,9f65f8dc6ddaff1d631e299cb531376a7da5e68d1bef04f34a2d5073d5ef114b,0.3.16,4d2da09413ac1407f37cdbb6b81fa28e4c15655e,e552c116b7d2c653f98b01f5c4fd599997f19f669a32bc6bf16396dd9f79365b,0.4.0,0e21d5546c482d08388a08eb4d948e833227ce47,079b233934150a3eee30444ce2408e09895ec4dd958ec60a822f870fa1284b99,float64,polar1l_rotation_invariants_v1,7beb8d4d9a8231a484c0bb6ff44b6b2e450eee2ca8a447370f350ed8678929cb,"{""density_coefficients"":[5,4],""dipole"":[1,3],""electron_energy"":[1],""electrostatic_energy"":[1],""energy"":[1],""node_feats"":[5,13824],""spin_charge_density"":[5,2,4],""spin_density"":[5,4]}"
A003_QM1_M1,S005,9b001ffdc8a11ff559a607b1e78cc837ad373850361510763c9a4b023f58e53f,-1,1,6a38ee51d782fa22c7f101be305af22225b21c64cc3becf996b710cda0c74041,artifacts/base_features/6a/6a38ee51d782fa22c7f101be305af22225b21c64cc3becf996b710cda0c74041.npz,492e09a9958c039e152fb6fc58b2926b32c0d83b3783f97d6122e736064cdf84,3095,-20707.0413666807,polar-1-l,9f65f8dc6ddaff1d631e299cb531376a7da5e68d1bef04f34a2d5073d5ef114b,0.3.16,4d2da09413ac1407f37cdbb6b81fa28e4c15655e,e552c116b7d2c653f98b01f5c4fd599997f19f669a32bc6bf16396dd9f79365b,0.4.0,0e21d5546c482d08388a08eb4d948e833227ce47,079b233934150a3eee30444ce2408e09895ec4dd958ec60a822f870fa1284b99,float64,polar1l_rotation_invariants_v1,7beb8d4d9a8231a484c0bb6ff44b6b2e450eee2ca8a447370f350ed8678929cb,"{""density_coefficients"":[5,4],""dipole"":[1,3],""electron_energy"":[1],""electrostatic_energy"":[1],""energy"":[1],""node_feats"":[5,13824],""spin_charge_density"":[5,2,4],""spin_density"":[5,4]}"
A003_QM1_M1,S012,71d00862d7b6c452070e1d1caf4eb4bc7e37c274686da993750b72f357a0e3ff,-1,1,cda1493a24a76ddc6dc2d7360422ee8b00333557919cff0093be2c82d8176db3,artifacts/base_features/cd/cda1493a24a76ddc6dc2d7360422ee8b00333557919cff0093be2c82d8176db3.npz,1d9dff73de3042354d8ce1553adde74e2b67680864d2406f67c0f77d9a1d3e7e,3095,-20707.0411052894,polar-1-l,9f65f8dc6ddaff1d631e299cb531376a7da5e68d1bef04f34a2d5073d5ef114b,0.3.16,4d2da09413ac1407f37cdbb6b81fa28e4c15655e,e552c116b7d2c653f98b01f5c4fd599997f19f669a32bc6bf16396dd9f79365b,0.4.0,0e21d5546c482d08388a08eb4d948e833227ce47,079b233934150a3eee30444ce2408e09895ec4dd958ec60a822f870fa1284b99,float64,polar1l_rotation_invariants_v1,7beb8d4d9a8231a484c0bb6ff44b6b2e450eee2ca8a447370f350ed8678929cb,"{""density_coefficients"":[5,4],""dipole"":[1,3],""electron_energy"":[1],""electrostatic_energy"":[1],""energy"":[1],""node_feats"":[5,13824],""spin_charge_density"":[5,2,4],""spin_density"":[5,4]}"
A003_QM1_M1,S017,c5f2ac4d2e671efe8e622a4f151c77c9de77d4e6509334e38334d992d604632c,-1,1,a172e7a4cca396177df48353c5bcc4cff41f3700fe3ebeada04fd6fb3d42edbd,artifacts/base_features/a1/a172e7a4cca396177df48353c5bcc4cff41f3700fe3ebeada04fd6fb3d42edbd.npz,1f0f784b59166772d5dad683012c7122474fc0758ad6d11c202471fcad3e6769,3095,-20707.041910507,polar-1-l,9f65f8dc6ddaff1d631e299cb531376a7da5e68d1bef04f34a2d5073d5ef114b,0.3.16,4d2da09413ac1407f37cdbb6b81fa28e4c15655e,e552c116b7d2c653f98b01f5c4fd599997f19f669a32bc6bf16396dd9f79365b,0.4.0,0e21d5546c482d08388a08eb4d948e833227ce47,079b233934150a3eee30444ce2408e09895ec4dd958ec60a822f870fa1284b99,float64,polar1l_rotation_invariants_v1,7beb8d4d9a8231a484c0bb6ff44b6b2e450eee2ca8a447370f350ed8678929cb,"{""density_coefficients"":[5,4],""dipole"":[1,3],""electron_energy"":[1],""electrostatic_energy"":[1],""energy"":[1],""node_feats"":[5,13824],""spin_charge_density"":[5,2,4],""spin_density"":[5,4]}"
A003_QM1_M1,S023,42cc2333e311919a3ab2d27d8bb19c6e94952ecaa76f0a982603da27e75355af,-1,1,2d4d397d9c3b3d5638c026faaefa64ca7a954b3d25d313ce2869cbaf15d62a7e,artifacts/base_features/2d/2d4d397d9c3b3d5638c026faaefa64ca7a954b3d25d313ce2869cbaf15d62a7e.npz,d84ee306747037f3caac22b364df194774e00872b84cb510f08d76590758f2a9,3095,-20707.0462889417,polar-1-l,9f65f8dc6ddaff1d631e299cb531376a7da5e68d1bef04f34a2d5073d5ef114b,0.3.16,4d2da09413ac1407f37cdbb6b81fa28e4c15655e,e552c116b7d2c653f98b01f5c4fd599997f19f669a32bc6bf16396dd9f79365b,0.4.0,0e21d5546c482d08388a08eb4d948e833227ce47,079b233934150a3eee30444ce2408e09895ec4dd958ec60a822f870fa1284b99,float64,polar1l_rotation_invariants_v1,7beb8d4d9a8231a484c0bb6ff44b6b2e450eee2ca8a447370f350ed8678929cb,"{""density_coefficients"":[5,4],""dipole"":[1,3],""electron_energy"":[1],""electrostatic_energy"":[1],""energy"":[1],""node_feats"":[5,13824],""spin_charge_density"":[5,2,4],""spin_density"":[5,4]}"
A004_Q0_M2,S002,a6d718f2c8406afba8e90a5f9e6396a0c9e2e30e7e3fa90a77ea3a475ed67b93,0,2,189d4a0d563bc4c57d1e7382a195073106e8b1962bd8498374546e1e5952852e,artifacts/base_features/18/189d4a0d563bc4c57d1e7382a195073106e8b1962bd8498374546e1e5952852e.npz,d1b919130b3e30ef61c3d175da1f22807eb17a30823327d2a82b86d4612be5c3,3095,-26163.7100338397,polar-1-l,9f65f8dc6ddaff1d631e299cb531376a7da5e68d1bef04f34a2d5073d5ef114b,0.3.16,4d2da09413ac1407f37cdbb6b81fa28e4c15655e,e552c116b7d2c653f98b01f5c4fd599997f19f669a32bc6bf16396dd9f79365b,0.4.0,0e21d5546c482d08388a08eb4d948e833227ce47,079b233934150a3eee30444ce2408e09895ec4dd958ec60a822f870fa1284b99,float64,polar1l_rotation_invariants_v1,7beb8d4d9a8231a484c0bb6ff44b6b2e450eee2ca8a447370f350ed8678929cb,"{""density_coefficients"":[8,4],""dipole"":[1,3],""electron_energy"":[1],""electrostatic_energy"":[1],""energy"":[1],""node_feats"":[8,13824],""spin_charge_density"":[8,2,4],""spin_density"":[8,4]}"
A004_Q0_M2,S006,aeebfb29838da3872bdd0cc393b25bd824edc8a41256082aefde42f000792811,0,2,735f69d900a0048ca75179cabe7a3b5b4732702df9265fbca81d22757469c61a,artifacts/base_features/73/735f69d900a0048ca75179cabe7a3b5b4732702df9265fbca81d22757469c61a.npz,de98d57b719c0118111f86096a90c7b7b3ac3f8a2490d232c8deeff7e73dd390,3095,-26163.7126169499,polar-1-l,9f65f8dc6ddaff1d631e299cb531376a7da5e68d1bef04f34a2d5073d5ef114b,0.3.16,4d2da09413ac1407f37cdbb6b81fa28e4c15655e,e552c116b7d2c653f98b01f5c4fd599997f19f669a32bc6bf16396dd9f79365b,0.4.0,0e21d5546c482d08388a08eb4d948e833227ce47,079b233934150a3eee30444ce2408e09895ec4dd958ec60a822f870fa1284b99,float64,polar1l_rotation_invariants_v1,7beb8d4d9a8231a484c0bb6ff44b6b2e450eee2ca8a447370f350ed8678929cb,"{""density_coefficients"":[8,4],""dipole"":[1,3],""electron_energy"":[1],""electrostatic_energy"":[1],""energy"":[1],""node_feats"":[8,13824],""spin_charge_density"":[8,2,4],""spin_density"":[8,4]}"
A004_Q0_M2,S018,ed8337721b15a145cef9852cb4fb3ea465369ffb870037d5920cf3aa8c51bbc3,0,2,ecc4b8f8d1191d66a730c27c968a0e04a132a2a620935af5eed2916242f0c163,artifacts/base_features/ec/ecc4b8f8d1191d66a730c27c968a0e04a132a2a620935af5eed2916242f0c163.npz,f6df36e284677703bf590d180f7637e2f65fc84d7593700f235de1bfafd5924c,3095,-26163.7102875257,polar-1-l,9f65f8dc6ddaff1d631e299cb531376a7da5e68d1bef04f34a2d5073d5ef114b,0.3.16,4d2da09413ac1407f37cdbb6b81fa28e4c15655e,e552c116b7d2c653f98b01f5c4fd599997f19f669a32bc6bf16396dd9f79365b,0.4.0,0e21d5546c482d08388a08eb4d948e833227ce47,079b233934150a3eee30444ce2408e09895ec4dd958ec60a822f870fa1284b99,float64,polar1l_rotation_invariants_v1,7beb8d4d9a8231a484c0bb6ff44b6b2e450eee2ca8a447370f350ed8678929cb,"{""density_coefficients"":[8,4],""dipole"":[1,3],""electron_energy"":[1],""electrostatic_energy"":[1],""energy"":[1],""node_feats"":[8,13824],""spin_charge_density"":[8,2,4],""spin_density"":[8,4]}"
A004_Q0_M2,S024,6bd8bc3e23b0d7d57a7bf640fb4a48df8f024ffd08a5fbb44c48308d6c99c663,0,2,a89993dcdb658e0c1080f6666a9e29342eecdfc7cb070a6c9a5a8f064c273b4c,artifacts/base_features/a8/a89993dcdb658e0c1080f6666a9e29342eecdfc7cb070a6c9a5a8f064c273b4c.npz,e93814c7d1842d496b75f857262ded88343f6ff4f563551073f720b2cbd81681,3095,-26163.7012721339,polar-1-l,9f65f8dc6ddaff1d631e299cb531376a7da5e68d1bef04f34a2d5073d5ef114b,0.3.16,4d2da09413ac1407f37cdbb6b81fa28e4c15655e,e552c116b7d2c653f98b01f5c4fd599997f19f669a32bc6bf16396dd9f79365b,0.4.0,0e21d5546c482d08388a08eb4d948e833227ce47,079b233934150a3eee30444ce2408e09895ec4dd958ec60a822f870fa1284b99,float64,polar1l_rotation_invariants_v1,7beb8d4d9a8231a484c0bb6ff44b6b2e450eee2ca8a447370f350ed8678929cb,"{""density_coefficients"":[8,4],""dipole"":[1,3],""electron_energy"":[1],""electrostatic_energy"":[1],""energy"":[1],""node_feats"":[8,13824],""spin_charge_density"":[8,2,4],""spin_density"":[8,4]}"
A004_QM1_M1,S002,e8931ef86d99a86e1f39d2ef8d5e42107d9babc17b8bcf1987a415a6984df5e1,-1,1,dc56ea40232d37f23a567d3b835234661ab4da64fa8d2c38d59fc2ea59f7acdf,artifacts/base_features/dc/dc56ea40232d37f23a567d3b835234661ab4da64fa8d2c38d59fc2ea59f7acdf.npz,4e41497d70af2558cb77e6061e11d51cc2d99ad84ba2bc5dae472a91a5e5216b,3095,-26169.6548201798,polar-1-l,9f65f8dc6ddaff1d631e299cb531376a7da5e68d1bef04f34a2d5073d5ef114b,0.3.16,4d2da09413ac1407f37cdbb6b81fa28e4c15655e,e552c116b7d2c653f98b01f5c4fd599997f19f669a32bc6bf16396dd9f79365b,0.4.0,0e21d5546c482d08388a08eb4d948e833227ce47,079b233934150a3eee30444ce2408e09895ec4dd958ec60a822f870fa1284b99,float64,polar1l_rotation_invariants_v1,7beb8d4d9a8231a484c0bb6ff44b6b2e450eee2ca8a447370f350ed8678929cb,"{""density_coefficients"":[8,4],""dipole"":[1,3],""electron_energy"":[1],""electrostatic_energy"":[1],""energy"":[1],""node_feats"":[8,13824],""spin_charge_density"":[8,2,4],""spin_density"":[8,4]}"
A004_QM1_M1,S006,103f61ab6933b6755d9ded667b3b0f06de5ec6ca44061a8b10516e4a2de15af5,-1,1,3e211e8346dce729907092cbb78c9fcb3c2c982c792a649aeb9b1c313532ca28,artifacts/base_features/3e/3e211e8346dce729907092cbb78c9fcb3c2c982c792a649aeb9b1c313532ca28.npz,7b4a198188be1d96cda64d40efb7fbf9c8a2ddc2d74b0d61013235186abb6ad1,3095,-26169.6516628764,polar-1-l,9f65f8dc6ddaff1d631e299cb531376a7da5e68d1bef04f34a2d5073d5ef114b,0.3.16,4d2da09413ac1407f37cdbb6b81fa28e4c15655e,e552c116b7d2c653f98b01f5c4fd599997f19f669a32bc6bf16396dd9f79365b,0.4.0,0e21d5546c482d08388a08eb4d948e833227ce47,079b233934150a3eee30444ce2408e09895ec4dd958ec60a822f870fa1284b99,float64,polar1l_rotation_invariants_v1,7beb8d4d9a8231a484c0bb6ff44b6b2e450eee2ca8a447370f350ed8678929cb,"{""density_coefficients"":[8,4],""dipole"":[1,3],""electron_energy"":[1],""electrostatic_energy"":[1],""energy"":[1],""node_feats"":[8,13824],""spin_charge_density"":[8,2,4],""spin_density"":[8,4]}"
A004_QM1_M1,S018,c252cba98dc8ba69248d733207fdce63d885deedc9ed5f04a6e4c08bc9282fde,-1,1,956b54c8957afe62335862d5299aa6e49839535e7735c655581180ac51091916,artifacts/base_features/95/956b54c8957afe62335862d5299aa6e49839535e7735c655581180ac51091916.npz,482e9100647a294380b4e4e928dfafb8038e603951f2ea0206011d03168d85e7,3095,-26169.654488999,polar-1-l,9f65f8dc6ddaff1d631e299cb531376a7da5e68d1bef04f34a2d5073d5ef114b,0.3.16,4d2da09413ac1407f37cdbb6b81fa28e4c15655e,e552c116b7d2c653f98b01f5c4fd599997f19f669a32bc6bf16396dd9f79365b,0.4.0,0e21d5546c482d08388a08eb4d948e833227ce47,079b233934150a3eee30444ce2408e09895ec4dd958ec60a822f870fa1284b99,float64,polar1l_rotation_invariants_v1,7beb8d4d9a8231a484c0bb6ff44b6b2e450eee2ca8a447370f350ed8678929cb,"{""density_coefficients"":[8,4],""dipole"":[1,3],""electron_energy"":[1],""electrostatic_energy"":[1],""energy"":[1],""node_feats"":[8,13824],""spin_charge_density"":[8,2,4],""spin_density"":[8,4]}"
A004_QM1_M1,S024,616d4b1bf1baaafd2b38f14e9958bad52b2e51a53f3e7e9ac701a8af53263a00,-1,1,873e2ad33885107cbb1e2b1ca6260040f01cc132c2a9d01fa21555651fcc7071,artifacts/base_features/87/873e2ad33885107cbb1e2b1ca6260040f01cc132c2a9d01fa21555651fcc7071.npz,24ad0a7ccfa69ffce5a11a6c6df73232d485bfb5cfef18d85173b21dae62234b,3095,-26169.6613820006,polar-1-l,9f65f8dc6ddaff1d631e299cb531376a7da5e68d1bef04f34a2d5073d5ef114b,0.3.16,4d2da09413ac1407f37cdbb6b81fa28e4c15655e,e552c116b7d2c653f98b01f5c4fd599997f19f669a32bc6bf16396dd9f79365b,0.4.0,0e21d5546c482d08388a08eb4d948e833227ce47,079b233934150a3eee30444ce2408e09895ec4dd958ec60a822f870fa1284b99,float64,polar1l_rotation_invariants_v1,7beb8d4d9a8231a484c0bb6ff44b6b2e450eee2ca8a447370f350ed8678929cb,"{""density_coefficients"":[8,4],""dipole"":[1,3],""electron_energy"":[1],""electrostatic_energy"":[1],""energy"":[1],""node_feats"":[8,13824],""spin_charge_density"":[8,2,4],""spin_density"":[8,4]}"
A005_Q0_M2,S001,8875ab7debcbe00c2bfc560b7422f752f1fcb22940fc6c49689c56340a85b102,0,2,7c9005102cc0971c1b63d4eca6f66d8691ea2c6468af1254ac138a8c09f2f9e3,artifacts/base_features/7c/7c9005102cc0971c1b63d4eca6f66d8691ea2c6468af1254ac138a8c09f2f9e3.npz,59f6909852d951c33d2c29e33e76d249f5f2233c842c33a00beec3ea512b75d9,3095,-49724.4433138776,polar-1-l,9f65f8dc6ddaff1d631e299cb531376a7da5e68d1bef04f34a2d5073d5ef114b,0.3.16,4d2da09413ac1407f37cdbb6b81fa28e4c15655e,e552c116b7d2c653f98b01f5c4fd599997f19f669a32bc6bf16396dd9f79365b,0.4.0,0e21d5546c482d08388a08eb4d948e833227ce47,079b233934150a3eee30444ce2408e09895ec4dd958ec60a822f870fa1284b99,float64,polar1l_rotation_invariants_v1,7beb8d4d9a8231a484c0bb6ff44b6b2e450eee2ca8a447370f350ed8678929cb,"{""density_coefficients"":[15,4],""dipole"":[1,3],""electron_energy"":[1],""electrostatic_energy"":[1],""energy"":[1],""node_feats"":[15,13824],""spin_charge_density"":[15,2,4],""spin_density"":[15,4]}"
A005_Q0_M2,S002,8beec12af3aada0c6f2b417b13334ed24774bb85ab615fe27adc2782b903e6ca,0,2,2cd3f2e717d223f01c83f3fd7e058264f34737a8e05a24f131b97f1d127ad622,artifacts/base_features/2c/2cd3f2e717d223f01c83f3fd7e058264f34737a8e05a24f131b97f1d127ad622.npz,0c87f03a87f3aeaf3eba341ea995c782ec8de08b9c7cfb502bddc1177613c407,3095,-49724.4501834919,polar-1-l,9f65f8dc6ddaff1d631e299cb531376a7da5e68d1bef04f34a2d5073d5ef114b,0.3.16,4d2da09413ac1407f37cdbb6b81fa28e4c15655e,e552c116b7d2c653f98b01f5c4fd599997f19f669a32bc6bf16396dd9f79365b,0.4.0,0e21d5546c482d08388a08eb4d948e833227ce47,079b233934150a3eee30444ce2408e09895ec4dd958ec60a822f870fa1284b99,float64,polar1l_rotation_invariants_v1,7beb8d4d9a8231a484c0bb6ff44b6b2e450eee2ca8a447370f350ed8678929cb,"{""density_coefficients"":[15,4],""dipole"":[1,3],""electron_energy"":[1],""electrostatic_energy"":[1],""energy"":[1],""node_feats"":[15,13824],""spin_charge_density"":[15,2,4],""spin_density"":[15,4]}"
A005_Q0_M2,S003,fad65d86a8c85d0d4f4dfaec07d93cc09bba0a3821bc08a86047d4f67082f84b,0,2,6ec10130f121a98770f405effe390f44002966c6dc7645e1ee6e8e19ec467d8c,artifacts/base_features/6e/6ec10130f121a98770f405effe390f44002966c6dc7645e1ee6e8e19ec467d8c.npz,0f3ce102f6eb2a04d614991bf5b02d7622747f3a784359754fc8b4d96880417f,3095,-49724.4423941948,polar-1-l,9f65f8dc6ddaff1d631e299cb531376a7da5e68d1bef04f34a2d5073d5ef114b,0.3.16,4d2da09413ac1407f37cdbb6b81fa28e4c15655e,e552c116b7d2c653f98b01f5c4fd599997f19f669a32bc6bf16396dd9f79365b,0.4.0,0e21d5546c482d08388a08eb4d948e833227ce47,079b233934150a3eee30444ce2408e09895ec4dd958ec60a822f870fa1284b99,float64,polar1l_rotation_invariants_v1,7beb8d4d9a8231a484c0bb6ff44b6b2e450eee2ca8a447370f350ed8678929cb,"{""density_coefficients"":[15,4],""dipole"":[1,3],""electron_energy"":[1],""electrostatic_energy"":[1],""energy"":[1],""node_feats"":[15,13824],""spin_charge_density"":[15,2,4],""spin_density"":[15,4]}"
A005_Q0_M2,S004,49392ccbc9d665b79de6e4ab313418b7e29fd1e128548caac4ac0f24f5df414d,0,2,93a04004724346f4dd1f64459f73b9ef61c64d5320a0953702b0b649c531b09b,artifacts/base_features/93/93a04004724346f4dd1f64459f73b9ef61c64d5320a0953702b0b649c531b09b.npz,8c6da157673de43700f4b25c469a6f45ee43e33b70986512eb49f85076f9c317,3095,-49724.4433655115,polar-1-l,9f65f8dc6ddaff1d631e299cb531376a7da5e68d1bef04f34a2d5073d5ef114b,0.3.16,4d2da09413ac1407f37cdbb6b81fa28e4c15655e,e552c116b7d2c653f98b01f5c4fd599997f19f669a32bc6bf16396dd9f79365b,0.4.0,0e21d5546c482d08388a08eb4d948e833227ce47,079b233934150a3eee30444ce2408e09895ec4dd958ec60a822f870fa1284b99,float64,polar1l_rotation_invariants_v1,7beb8d4d9a8231a484c0bb6ff44b6b2e450eee2ca8a447370f350ed8678929cb,"{""density_coefficients"":[15,4],""dipole"":[1,3],""electron_energy"":[1],""electrostatic_energy"":[1],""energy"":[1],""node_feats"":[15,13824],""spin_charge_density"":[15,2,4],""spin_density"":[15,4]}"
A005_Q0_M2,S005,e4333863026a7934f07433733cc68db88c8136eab4be757ada7ff5b546f3c810,0,2,b6d2fed4bc8a9f5f7d5d57f187ce56a9707704f633a137211e4b4f6bbd1b7cc4,artifacts/base_features/b6/b6d2fed4bc8a9f5f7d5d57f187ce56a9707704f633a137211e4b4f6bbd1b7cc4.npz,8f4b326410fe21f739028815955314daa1586783b85309c750c0788d96e4865e,3095,-49724.4454599528,polar-1-l,9f65f8dc6ddaff1d631e299cb531376a7da5e68d1bef04f34a2d5073d5ef114b,0.3.16,4d2da09413ac1407f37cdbb6b81fa28e4c15655e,e552c116b7d2c653f98b01f5c4fd599997f19f669a32bc6bf16396dd9f79365b,0.4.0,0e21d5546c482d08388a08eb4d948e833227ce47,079b233934150a3eee30444ce2408e09895ec4dd958ec60a822f870fa1284b99,float64,polar1l_rotation_invariants_v1,7beb8d4d9a8231a484c0bb6ff44b6b2e450eee2ca8a447370f350ed8678929cb,"{""density_coefficients"":[15,4],""dipole"":[1,3],""electron_energy"":[1],""electrostatic_energy"":[1],""energy"":[1],""node_feats"":[15,13824],""spin_charge_density"":[15,2,4],""spin_density"":[15,4]}"
A005_Q0_M2,S006,b9939968c36b08742b4c22700cd7806d8e17a8caa3a9e7fb34c3d116320e3dd0,0,2,c6241ff052787e9d14d5f42070536ab8b02667037aa046ff68e13f8ffe64cd76,artifacts/base_features/c6/c6241ff052787e9d14d5f42070536ab8b02667037aa046ff68e13f8ffe64cd76.npz,4633c3dfcc3bf797cceb3084f731b63c75c28efcb53cd31a363b094913d71f39,3095,-49724.4432291428,polar-1-l,9f65f8dc6ddaff1d631e299cb531376a7da5e68d1bef04f34a2d5073d5ef114b,0.3.16,4d2da09413ac1407f37cdbb6b81fa28e4c15655e,e552c116b7d2c653f98b01f5c4fd599997f19f669a32bc6bf16396dd9f79365b,0.4.0,0e21d5546c482d08388a08eb4d948e833227ce47,079b233934150a3eee30444ce2408e09895ec4dd958ec60a822f870fa1284b99,float64,polar1l_rotation_invariants_v1,7beb8d4d9a8231a484c0bb6ff44b6b2e450eee2ca8a447370f350ed8678929cb,"{""density_coefficients"":[15,4],""dipole"":[1,3],""electron_energy"":[1],""electrostatic_energy"":[1],""energy"":[1],""node_feats"":[15,13824],""spin_charge_density"":[15,2,4],""spin_density"":[15,4]}"
A005_Q0_M2,S007,6424e5146a99568f02a0e878b7999465f98226d003910804d8ae0df19d608ff1,0,2,adf227f301d9f5a935457a48541ba21593470fd463b5cfbe156d4cce25582d35,artifacts/base_features/ad/adf227f301d9f5a935457a48541ba21593470fd463b5cfbe156d4cce25582d35.npz,f990df9ab0f04ba6bc142f9a9727e0125a638177dd5bbd3d3c2c210bafb0dc96,3095,-49724.4428442315,polar-1-l,9f65f8dc6ddaff1d631e299cb531376a7da5e68d1bef04f34a2d5073d5ef114b,0.3.16,4d2da09413ac1407f37cdbb6b81fa28e4c15655e,e552c116b7d2c653f98b01f5c4fd599997f19f669a32bc6bf16396dd9f79365b,0.4.0,0e21d5546c482d08388a08eb4d948e833227ce47,079b233934150a3eee30444ce2408e09895ec4dd958ec60a822f870fa1284b99,float64,polar1l_rotation_invariants_v1,7beb8d4d9a8231a484c0bb6ff44b6b2e450eee2ca8a447370f350ed8678929cb,"{""density_coefficients"":[15,4],""dipole"":[1,3],""electron_energy"":[1],""electrostatic_energy"":[1],""energy"":[1],""node_feats"":[15,13824],""spin_charge_density"":[15,2,4],""spin_density"":[15,4]}"
A005_Q0_M2,S008,88aa8b5ad0a0c27d56ff72df90afe05fa96d77ab835138efcf112cba004615bb,0,2,8efd458b7878cdbbc965172afe1cbc850eaa8f5d8e0dbd236b6518faa8848365,artifacts/base_features/8e/8efd458b7878cdbbc965172afe1cbc850eaa8f5d8e0dbd236b6518faa8848365.npz,2b4d730053f46a78c03b9b6ac55efc2e41c23ecbda3dd13294ed1bf9df182b5f,3095,-49724.4512796557,polar-1-l,9f65f8dc6ddaff1d631e299cb531376a7da5e68d1bef04f34a2d5073d5ef114b,0.3.16,4d2da09413ac1407f37cdbb6b81fa28e4c15655e,e552c116b7d2c653f98b01f5c4fd599997f19f669a32bc6bf16396dd9f79365b,0.4.0,0e21d5546c482d08388a08eb4d948e833227ce47,079b233934150a3eee30444ce2408e09895ec4dd958ec60a822f870fa1284b99,float64,polar1l_rotation_invariants_v1,7beb8d4d9a8231a484c0bb6ff44b6b2e450eee2ca8a447370f350ed8678929cb,"{""density_coefficients"":[15,4],""dipole"":[1,3],""electron_energy"":[1],""electrostatic_energy"":[1],""energy"":[1],""node_feats"":[15,13824],""spin_charge_density"":[15,2,4],""spin_density"":[15,4]}"
A005_Q0_M2,S009,767345af021c311c6a42aa1cd2659f9573c7e3307064063d772f3f2e95a4790a,0,2,aeaa0bf222e5277aa77903386b23a60c0e8ce185f741fe1deff1a43efd6fff72,artifacts/base_features/ae/aeaa0bf222e5277aa77903386b23a60c0e8ce185f741fe1deff1a43efd6fff72.npz,f9059aae6a936b8654e60996a8e80fd554c49c8232a1eed59c44e84780adf9c7,3095,-49724.4432645359,polar-1-l,9f65f8dc6ddaff1d631e299cb531376a7da5e68d1bef04f34a2d5073d5ef114b,0.3.16,4d2da09413ac1407f37cdbb6b81fa28e4c15655e,e552c116b7d2c653f98b01f5c4fd599997f19f669a32bc6bf16396dd9f79365b,0.4.0,0e21d5546c482d08388a08eb4d948e833227ce47,079b233934150a3eee30444ce2408e09895ec4dd958ec60a822f870fa1284b99,float64,polar1l_rotation_invariants_v1,7beb8d4d9a8231a484c0bb6ff44b6b2e450eee2ca8a447370f350ed8678929cb,"{""density_coefficients"":[15,4],""dipole"":[1,3],""electron_energy"":[1],""electrostatic_energy"":[1],""energy"":[1],""node_feats"":[15,13824],""spin_charge_density"":[15,2,4],""spin_density"":[15,4]}"
A005_Q0_M2,S010,f0b24cb990af921ba79c19ff94b4f480701f2172760658e5f75ab311b27881f7,0,2,9e8da8801ed962572fe58cf64424572fe0788dccaa4327ae2fab464d523eeed5,artifacts/base_features/9e/9e8da8801ed962572fe58cf64424572fe0788dccaa4327ae2fab464d523eeed5.npz,24c6587231dbeb5c2d465567396a4b9b1b1e84ecf8cda621807068382f6c5367,3095,-49724.4421914795,polar-1-l,9f65f8dc6ddaff1d631e299cb531376a7da5e68d1bef04f34a2d5073d5ef114b,0.3.16,4d2da09413ac1407f37cdbb6b81fa28e4c15655e,e552c116b7d2c653f98b01f5c4fd599997f19f669a32bc6bf16396dd9f79365b,0.4.0,0e21d5546c482d08388a08eb4d948e833227ce47,079b233934150a3eee30444ce2408e09895ec4dd958ec60a822f870fa1284b99,float64,polar1l_rotation_invariants_v1,7beb8d4d9a8231a484c0bb6ff44b6b2e450eee2ca8a447370f350ed8678929cb,"{""density_coefficients"":[15,4],""dipole"":[1,3],""electron_energy"":[1],""electrostatic_energy"":[1],""energy"":[1],""node_feats"":[15,13824],""spin_charge_density"":[15,2,4],""spin_density"":[15,4]}"
A005_Q0_M2,S011,84f6412222ab3de3da46968acfd54701baf1ffc4c898431b19a9b0712e642e15,0,2,923f58f4620042c49235e9b2f542a7e5caac08dc8822fc2ca34cace0eeaa022b,artifacts/base_features/92/923f58f4620042c49235e9b2f542a7e5caac08dc8822fc2ca34cace0eeaa022b.npz,ab66798b973cc18542028bc468d6acb024acb6638a398aff5be7b133c16ff02f,3095,-49724.4430152884,polar-1-l,9f65f8dc6ddaff1d631e299cb531376a7da5e68d1bef04f34a2d5073d5ef114b,0.3.16,4d2da09413ac1407f37cdbb6b81fa28e4c15655e,e552c116b7d2c653f98b01f5c4fd599997f19f669a32bc6bf16396dd9f79365b,0.4.0,0e21d5546c482d08388a08eb4d948e833227ce47,079b233934150a3eee30444ce2408e09895ec4dd958ec60a822f870fa1284b99,float64,polar1l_rotation_invariants_v1,7beb8d4d9a8231a484c0bb6ff44b6b2e450eee2ca8a447370f350ed8678929cb,"{""density_coefficients"":[15,4],""dipole"":[1,3],""electron_energy"":[1],""electrostatic_energy"":[1],""energy"":[1],""node_feats"":[15,13824],""spin_charge_density"":[15,2,4],""spin_density"":[15,4]}"
A005_Q0_M2,S012,5c20bb88701f144c55b2272d3a96cd82defba83286bcde51bae4ef9f73d40124,0,2,0fa98b94416d7b437d4f0a8edeb6e6e71da731fd314ab9dcdcbaf6e6ab98c489,artifacts/base_features/0f/0fa98b94416d7b437d4f0a8edeb6e6e71da731fd314ab9dcdcbaf6e6ab98c489.npz,6a9a8d3dad29d09b37c65d1d1f532d29169e7fce29dc158a6eb7c8267da6e11b,3095,-49724.4429495547,polar-1-l,9f65f8dc6ddaff1d631e299cb531376a7da5e68d1bef04f34a2d5073d5ef114b,0.3.16,4d2da09413ac1407f37cdbb6b81fa28e4c15655e,e552c116b7d2c653f98b01f5c4fd599997f19f669a32bc6bf16396dd9f79365b,0.4.0,0e21d5546c482d08388a08eb4d948e833227ce47,079b233934150a3eee30444ce2408e09895ec4dd958ec60a822f870fa1284b99,float64,polar1l_rotation_invariants_v1,7beb8d4d9a8231a484c0bb6ff44b6b2e450eee2ca8a447370f350ed8678929cb,"{""density_coefficients"":[15,4],""dipole"":[1,3],""electron_energy"":[1],""electrostatic_energy"":[1],""energy"":[1],""node_feats"":[15,13824],""spin_charge_density"":[15,2,4],""spin_density"":[15,4]}"
A005_Q0_M2,S013,9a8e09674802cc8bf30e517ea898f68f494d8bf029dc8cd78ca31b275f242c5f,0,2,c75e18fb7d7df7a848c213e7fedcec242192e71f6022f23d01f9574b86c91c39,artifacts/base_features/c7/c75e18fb7d7df7a848c213e7fedcec242192e71f6022f23d01f9574b86c91c39.npz,e0b960eac2d038f706331c7556d8256a35b3b1e1ec8b106269d754a3796f60d9,3095,-49724.4435356309,polar-1-l,9f65f8dc6ddaff1d631e299cb531376a7da5e68d1bef04f34a2d5073d5ef114b,0.3.16,4d2da09413ac1407f37cdbb6b81fa28e4c15655e,e552c116b7d2c653f98b01f5c4fd599997f19f669a32bc6bf16396dd9f79365b,0.4.0,0e21d5546c482d08388a08eb4d948e833227ce47,079b233934150a3eee30444ce2408e09895ec4dd958ec60a822f870fa1284b99,float64,polar1l_rotation_invariants_v1,7beb8d4d9a8231a484c0bb6ff44b6b2e450eee2ca8a447370f350ed8678929cb,"{""density_coefficients"":[15,4],""dipole"":[1,3],""electron_energy"":[1],""electrostatic_energy"":[1],""energy"":[1],""node_feats"":[15,13824],""spin_charge_density"":[15,2,4],""spin_density"":[15,4]}"
A005_Q0_M2,S014,a85178f6967b7d0cc92d65318f921c7aeebcd6e1d44d1021e9ea071bc05f3d59,0,2,eabcd5311d14e057c9b5de7d661d55c2fd5ddeaa85881e010fbb306699a2ca8f,artifacts/base_features/ea/eabcd5311d14e057c9b5de7d661d55c2fd5ddeaa85881e010fbb306699a2ca8f.npz,32a0468aabbe75af4b1158265572f4d1c77d2d77dcdd4d6e04fd577b01b25814,3095,-49724.4553734848,polar-1-l,9f65f8dc6ddaff1d631e299cb531376a7da5e68d1bef04f34a2d5073d5ef114b,0.3.16,4d2da09413ac1407f37cdbb6b81fa28e4c15655e,e552c116b7d2c653f98b01f5c4fd599997f19f669a32bc6bf16396dd9f79365b,0.4.0,0e21d5546c482d08388a08eb4d948e833227ce47,079b233934150a3eee30444ce2408e09895ec4dd958ec60a822f870fa1284b99,float64,polar1l_rotation_invariants_v1,7beb8d4d9a8231a484c0bb6ff44b6b2e450eee2ca8a447370f350ed8678929cb,"{""density_coefficients"":[15,4],""dipole"":[1,3],""electron_energy"":[1],""electrostatic_energy"":[1],""energy"":[1],""node_feats"":[15,13824],""spin_charge_density"":[15,2,4],""spin_density"":[15,4]}"
A005_Q0_M2,S015,401b9687edf100dc9d20ebe9fe0af91870ddfffe2dcef64682d0517d0fc100f8,0,2,8fe7c96a901e1abf9af28259768e98ddd1516bc58c1e39b457f0db61cd8bbb8c,artifacts/base_features/8f/8fe7c96a901e1abf9af28259768e98ddd1516bc58c1e39b457f0db61cd8bbb8c.npz,57ade51763741dacc1d115e546a6e6b368a3fe8b2d1b04f060157602414b67f8,3095,-49724.4483180891,polar-1-l,9f65f8dc6ddaff1d631e299cb531376a7da5e68d1bef04f34a2d5073d5ef114b,0.3.16,4d2da09413ac1407f37cdbb6b81fa28e4c15655e,e552c116b7d2c653f98b01f5c4fd599997f19f669a32bc6bf16396dd9f79365b,0.4.0,0e21d5546c482d08388a08eb4d948e833227ce47,079b233934150a3eee30444ce2408e09895ec4dd958ec60a822f870fa1284b99,float64,polar1l_rotation_invariants_v1,7beb8d4d9a8231a484c0bb6ff44b6b2e450eee2ca8a447370f350ed8678929cb,"{""density_coefficients"":[15,4],""dipole"":[1,3],""electron_energy"":[1],""electrostatic_energy"":[1],""energy"":[1],""node_feats"":[15,13824],""spin_charge_density"":[15,2,4],""spin_density"":[15,4]}"
A005_Q0_M2,S016,595af1708ffc813682fd3c2af5ee80ef02f8ee45d0d718a6334e04da4a76328f,0,2,f0d85efd6f205740499fd3a55882daf65bd82830bb89af708a7a080ef024e69f,artifacts/base_features/f0/f0d85efd6f205740499fd3a55882daf65bd82830bb89af708a7a080ef024e69f.npz,6d40ed43622182df0ccbd0c8960cf87935db11a32d6bfc3e0467db6a6c027cb3,3095,-49724.448879827,polar-1-l,9f65f8dc6ddaff1d631e299cb531376a7da5e68d1bef04f34a2d5073d5ef114b,0.3.16,4d2da09413ac1407f37cdbb6b81fa28e4c15655e,e552c116b7d2c653f98b01f5c4fd599997f19f669a32bc6bf16396dd9f79365b,0.4.0,0e21d5546c482d08388a08eb4d948e833227ce47,079b233934150a3eee30444ce2408e09895ec4dd958ec60a822f870fa1284b99,float64,polar1l_rotation_invariants_v1,7beb8d4d9a8231a484c0bb6ff44b6b2e450eee2ca8a447370f350ed8678929cb,"{""density_coefficients"":[15,4],""dipole"":[1,3],""electron_energy"":[1],""electrostatic_energy"":[1],""energy"":[1],""node_feats"":[15,13824],""spin_charge_density"":[15,2,4],""spin_density"":[15,4]}"
A005_Q0_M2,S017,3a730dc1bc20a5967db003d8160338f9bb052b3f718bb134b95a1898a855c7fd,0,2,af7d376826821b9923c19eb8516124c8d03bf752ccac56c8fcf9d20b93144372,artifacts/base_features/af/af7d376826821b9923c19eb8516124c8d03bf752ccac56c8fcf9d20b93144372.npz,ea85f03a9cfaad3f4c5d148259f3fa75560ee8ee410558b73e7689f5eaa007cf,3095,-49724.4474988904,polar-1-l,9f65f8dc6ddaff1d631e299cb531376a7da5e68d1bef04f34a2d5073d5ef114b,0.3.16,4d2da09413ac1407f37cdbb6b81fa28e4c15655e,e552c116b7d2c653f98b01f5c4fd599997f19f669a32bc6bf16396dd9f79365b,0.4.0,0e21d5546c482d08388a08eb4d948e833227ce47,079b233934150a3eee30444ce2408e09895ec4dd958ec60a822f870fa1284b99,float64,polar1l_rotation_invariants_v1,7beb8d4d9a8231a484c0bb6ff44b6b2e450eee2ca8a447370f350ed8678929cb,"{""density_coefficients"":[15,4],""dipole"":[1,3],""electron_energy"":[1],""electrostatic_energy"":[1],""energy"":[1],""node_feats"":[15,13824],""spin_charge_density"":[15,2,4],""spin_density"":[15,4]}"
A005_Q0_M2,S018,63a5986721e6c25fe20d7a9c14dccfd60aa162a2fffc5e68daa352dbecfc7787,0,2,77919eaedd10af184e542825ee6069561c9f1b5aa128e1b5b993df2ac75ff44d,artifacts/base_features/77/77919eaedd10af184e542825ee6069561c9f1b5aa128e1b5b993df2ac75ff44d.npz,0da67f86da150876088916e4b44a675312210c26ef7232de6d49c51ac85748c5,3095,-49724.4488218007,polar-1-l,9f65f8dc6ddaff1d631e299cb531376a7da5e68d1bef04f34a2d5073d5ef114b,0.3.16,4d2da09413ac1407f37cdbb6b81fa28e4c15655e,e552c116b7d2c653f98b01f5c4fd599997f19f669a32bc6bf16396dd9f79365b,0.4.0,0e21d5546c482d08388a08eb4d948e833227ce47,079b233934150a3eee30444ce2408e09895ec4dd958ec60a822f870fa1284b99,float64,polar1l_rotation_invariants_v1,7beb8d4d9a8231a484c0bb6ff44b6b2e450eee2ca8a447370f350ed8678929cb,"{""density_coefficients"":[15,4],""dipole"":[1,3],""electron_energy"":[1],""electrostatic_energy"":[1],""energy"":[1],""node_feats"":[15,13824],""spin_charge_density"":[15,2,4],""spin_density"":[15,4]}"
A005_Q0_M2,S019,3451092a9cbeb1eeb1fe4e6cc6f5a92c6e1c3869b2cf0d930814127ec0a450b4,0,2,e46d3ceabfccb72c09fb42e8a9f396a47c260bee674444c3a029de8145563fc2,artifacts/base_features/e4/e46d3ceabfccb72c09fb42e8a9f396a47c260bee674444c3a029de8145563fc2.npz,7322af9002bd6d77807d84dde0f95616e9b5d7d8ff191e846ba3ec87eae5cece,3095,-49724.4450854715,polar-1-l,9f65f8dc6ddaff1d631e299cb531376a7da5e68d1bef04f34a2d5073d5ef114b,0.3.16,4d2da09413ac1407f37cdbb6b81fa28e4c15655e,e552c116b7d2c653f98b01f5c4fd599997f19f669a32bc6bf16396dd9f79365b,0.4.0,0e21d5546c482d08388a08eb4d948e833227ce47,079b233934150a3eee30444ce2408e09895ec4dd958ec60a822f870fa1284b99,float64,polar1l_rotation_invariants_v1,7beb8d4d9a8231a484c0bb6ff44b6b2e450eee2ca8a447370f350ed8678929cb,"{""density_coefficients"":[15,4],""dipole"":[1,3],""electron_energy"":[1],""electrostatic_energy"":[1],""energy"":[1],""node_feats"":[15,13824],""spin_charge_density"":[15,2,4],""spin_density"":[15,4]}"
A005_Q0_M2,S020,ef86ebf958a1ddb00855e8199e77d751f602179b805240dc446f36db8a2b1bb1,0,2,9955f25ac33b4d10195a441deb8aad1ddf452026babe495fce44804d22049c5a,artifacts/base_features/99/9955f25ac33b4d10195a441deb8aad1ddf452026babe495fce44804d22049c5a.npz,06ecd5ba694aed75c324d21c293885ab9ad801a672d6d433237202cf6772e674,3095,-49724.4486713294,polar-1-l,9f65f8dc6ddaff1d631e299cb531376a7da5e68d1bef04f34a2d5073d5ef114b,0.3.16,4d2da09413ac1407f37cdbb6b81fa28e4c15655e,e552c116b7d2c653f98b01f5c4fd599997f19f669a32bc6bf16396dd9f79365b,0.4.0,0e21d5546c482d08388a08eb4d948e833227ce47,079b233934150a3eee30444ce2408e09895ec4dd958ec60a822f870fa1284b99,float64,polar1l_rotation_invariants_v1,7beb8d4d9a8231a484c0bb6ff44b6b2e450eee2ca8a447370f350ed8678929cb,"{""density_coefficients"":[15,4],""dipole"":[1,3],""electron_energy"":[1],""electrostatic_energy"":[1],""energy"":[1],""node_feats"":[15,13824],""spin_charge_density"":[15,2,4],""spin_density"":[15,4]}"
A005_Q0_M2,S021,8adf35b83d722649acf026fad97dfdcf1c34ebf471d89afb4e5aa21056d9062a,0,2,d4359940f56ea274c874b610b776238a9fca7affa62ff0d59ce84b7a6be27424,artifacts/base_features/d4/d4359940f56ea274c874b610b776238a9fca7affa62ff0d59ce84b7a6be27424.npz,d94849f6d943f41400ecc20fa2d299d9ef4957ef6ebe90c04e6888b9c59c13ec,3095,-49724.4544659088,polar-1-l,9f65f8dc6ddaff1d631e299cb531376a7da5e68d1bef04f34a2d5073d5ef114b,0.3.16,4d2da09413ac1407f37cdbb6b81fa28e4c15655e,e552c116b7d2c653f98b01f5c4fd599997f19f669a32bc6bf16396dd9f79365b,0.4.0,0e21d5546c482d08388a08eb4d948e833227ce47,079b233934150a3eee30444ce2408e09895ec4dd958ec60a822f870fa1284b99,float64,polar1l_rotation_invariants_v1,7beb8d4d9a8231a484c0bb6ff44b6b2e450eee2ca8a447370f350ed8678929cb,"{""density_coefficients"":[15,4],""dipole"":[1,3],""electron_energy"":[1],""electrostatic_energy"":[1],""energy"":[1],""node_feats"":[15,13824],""spin_charge_density"":[15,2,4],""spin_density"":[15,4]}"
A005_Q0_M2,S022,6b09774287a45a8d22a1a103dba6a4e35f2150a2f6f979d6999b78f6d04bd132,0,2,75eab0b3dbdf673982c66195f9a73aedfd3f98b74986a6b825dc467c878054fd,artifacts/base_features/75/75eab0b3dbdf673982c66195f9a73aedfd3f98b74986a6b825dc467c878054fd.npz,20d3ae0b2f73068de2458836a78895655d242ea2b0018bf2d3bf2a78337f676d,3095,-49724.4420744078,polar-1-l,9f65f8dc6ddaff1d631e299cb531376a7da5e68d1bef04f34a2d5073d5ef114b,0.3.16,4d2da09413ac1407f37cdbb6b81fa28e4c15655e,e552c116b7d2c653f98b01f5c4fd599997f19f669a32bc6bf16396dd9f79365b,0.4.0,0e21d5546c482d08388a08eb4d948e833227ce47,079b233934150a3eee30444ce2408e09895ec4dd958ec60a822f870fa1284b99,float64,polar1l_rotation_invariants_v1,7beb8d4d9a8231a484c0bb6ff44b6b2e450eee2ca8a447370f350ed8678929cb,"{""density_coefficients"":[15,4],""dipole"":[1,3],""electron_energy"":[1],""electrostatic_energy"":[1],""energy"":[1],""node_feats"":[15,13824],""spin_charge_density"":[15,2,4],""spin_density"":[15,4]}"
A005_Q0_M2,S023,9d34a283d41115ecbf637c7c222073f337d7482de79cf6ba0203e5645da776a9,0,2,54d35a8b82a31a12efd691ec6b3cb8fe0426cd05689f9daa97cc0c6aee6d23aa,artifacts/base_features/54/54d35a8b82a31a12efd691ec6b3cb8fe0426cd05689f9daa97cc0c6aee6d23aa.npz,3a017fd3a1c2cf3587e0297b4a4161cbd4dd77fbb99f19c9d8f8048c07ae931b,3095,-49724.4581816464,polar-1-l,9f65f8dc6ddaff1d631e299cb531376a7da5e68d1bef04f34a2d5073d5ef114b,0.3.16,4d2da09413ac1407f37cdbb6b81fa28e4c15655e,e552c116b7d2c653f98b01f5c4fd599997f19f669a32bc6bf16396dd9f79365b,0.4.0,0e21d5546c482d08388a08eb4d948e833227ce47,079b233934150a3eee30444ce2408e09895ec4dd958ec60a822f870fa1284b99,float64,polar1l_rotation_invariants_v1,7beb8d4d9a8231a484c0bb6ff44b6b2e450eee2ca8a447370f350ed8678929cb,"{""density_coefficients"":[15,4],""dipole"":[1,3],""electron_energy"":[1],""electrostatic_energy"":[1],""energy"":[1],""node_feats"":[15,13824],""spin_charge_density"":[15,2,4],""spin_density"":[15,4]}"
A005_Q0_M2,S024,07ee3316be2db57c63f16fe873ff021a23a466929c540663c7e7a9d9d79185c9,0,2,90503e10a0c089265a9e135ca60b01e6a1d02292e61e9c6ff180840d86468527,artifacts/base_features/90/90503e10a0c089265a9e135ca60b01e6a1d02292e61e9c6ff180840d86468527.npz,f825192353002fe59251c920bde5db9a4d1b2dc37aa330e256c7e3bed0223df1,3095,-49724.462699996,polar-1-l,9f65f8dc6ddaff1d631e299cb531376a7da5e68d1bef04f34a2d5073d5ef114b,0.3.16,4d2da09413ac1407f37cdbb6b81fa28e4c15655e,e552c116b7d2c653f98b01f5c4fd599997f19f669a32bc6bf16396dd9f79365b,0.4.0,0e21d5546c482d08388a08eb4d948e833227ce47,079b233934150a3eee30444ce2408e09895ec4dd958ec60a822f870fa1284b99,float64,polar1l_rotation_invariants_v1,7beb8d4d9a8231a484c0bb6ff44b6b2e450eee2ca8a447370f350ed8678929cb,"{""density_coefficients"":[15,4],""dipole"":[1,3],""electron_energy"":[1],""electrostatic_energy"":[1],""energy"":[1],""node_feats"":[15,13824],""spin_charge_density"":[15,2,4],""spin_density"":[15,4]}"
A005_Q0_M2,S025,857bd7d6472e1a09aac1b4ae7dc60b7237afb6ef9e6b32e88d405cdcbf0ac083,0,2,db67aa48e9307edb80c57e4c3663b46a110d0d0a778b59533dd41c1564e81e34,artifacts/base_features/db/db67aa48e9307edb80c57e4c3663b46a110d0d0a778b59533dd41c1564e81e34.npz,21a6fbf7dc939639846dcd75bd0f880aba0dbd1c1980d880d03aaaeac0a28a76,3095,-49724.4511174948,polar-1-l,9f65f8dc6ddaff1d631e299cb531376a7da5e68d1bef04f34a2d5073d5ef114b,0.3.16,4d2da09413ac1407f37cdbb6b81fa28e4c15655e,e552c116b7d2c653f98b01f5c4fd599997f19f669a32bc6bf16396dd9f79365b,0.4.0,0e21d5546c482d08388a08eb4d948e833227ce47,079b233934150a3eee30444ce2408e09895ec4dd958ec60a822f870fa1284b99,float64,polar1l_rotation_invariants_v1,7beb8d4d9a8231a484c0bb6ff44b6b2e450eee2ca8a447370f350ed8678929cb,"{""density_coefficients"":[15,4],""dipole"":[1,3],""electron_energy"":[1],""electrostatic_energy"":[1],""energy"":[1],""node_feats"":[15,13824],""spin_charge_density"":[15,2,4],""spin_density"":[15,4]}"
A005_QM1_M1,S001,076427c4340388a02876de2020a81504e202b7125bce533084e7c125aa8290cd,-1,1,51021801e94def3f8d3eb46fbf6a2f3499350ee5ccd3542645bae806df654fe2,artifacts/base_features/51/51021801e94def3f8d3eb46fbf6a2f3499350ee5ccd3542645bae806df654fe2.npz,f10b0e18afb656d3df8fcbf19ed7a9c13c43f3de03bebbe1e42f40a337e3a90a,3095,-49730.920990919,polar-1-l,9f65f8dc6ddaff1d631e299cb531376a7da5e68d1bef04f34a2d5073d5ef114b,0.3.16,4d2da09413ac1407f37cdbb6b81fa28e4c15655e,e552c116b7d2c653f98b01f5c4fd599997f19f669a32bc6bf16396dd9f79365b,0.4.0,0e21d5546c482d08388a08eb4d948e833227ce47,079b233934150a3eee30444ce2408e09895ec4dd958ec60a822f870fa1284b99,float64,polar1l_rotation_invariants_v1,7beb8d4d9a8231a484c0bb6ff44b6b2e450eee2ca8a447370f350ed8678929cb,"{""density_coefficients"":[15,4],""dipole"":[1,3],""electron_energy"":[1],""electrostatic_energy"":[1],""energy"":[1],""node_feats"":[15,13824],""spin_charge_density"":[15,2,4],""spin_density"":[15,4]}"
A005_QM1_M1,S002,8b698ff68146a19fa450f5c207d4ce8315a80511eb34075f8ebf9c5ff3ad1240,-1,1,ac5fdc43316ef4fe007e2c5ecf509d46946025b9b797a878274b0e365fc2d3db,artifacts/base_features/ac/ac5fdc43316ef4fe007e2c5ecf509d46946025b9b797a878274b0e365fc2d3db.npz,8dbfd9e5e3c7bbb04b6797df054b27357238d3ee2ea26ce36b129c4f96680cf4,3095,-49730.9257205279,polar-1-l,9f65f8dc6ddaff1d631e299cb531376a7da5e68d1bef04f34a2d5073d5ef114b,0.3.16,4d2da09413ac1407f37cdbb6b81fa28e4c15655e,e552c116b7d2c653f98b01f5c4fd599997f19f669a32bc6bf16396dd9f79365b,0.4.0,0e21d5546c482d08388a08eb4d948e833227ce47,079b233934150a3eee30444ce2408e09895ec4dd958ec60a822f870fa1284b99,float64,polar1l_rotation_invariants_v1,7beb8d4d9a8231a484c0bb6ff44b6b2e450eee2ca8a447370f350ed8678929cb,"{""density_coefficients"":[15,4],""dipole"":[1,3],""electron_energy"":[1],""electrostatic_energy"":[1],""energy"":[1],""node_feats"":[15,13824],""spin_charge_density"":[15,2,4],""spin_density"":[15,4]}"
A005_QM1_M1,S003,48760f1c281acdc1ca7cce762ec9279ec7098e080225d8178edbe8e3f1f4a895,-1,1,0530b5d3c7a76ba4227e520ccd7f15777ca417b8e41124e957af35e547202379,artifacts/base_features/05/0530b5d3c7a76ba4227e520ccd7f15777ca417b8e41124e957af35e547202379.npz,91bec083f351573e5786e9d5985d36991da0133d9ab19ee4af8799dd5743c947,3095,-49730.9202754513,polar-1-l,9f65f8dc6ddaff1d631e299cb531376a7da5e68d1bef04f34a2d5073d5ef114b,0.3.16,4d2da09413ac1407f37cdbb6b81fa28e4c15655e,e552c116b7d2c653f98b01f5c4fd599997f19f669a32bc6bf16396dd9f79365b,0.4.0,0e21d5546c482d08388a08eb4d948e833227ce47,079b233934150a3eee30444ce2408e09895ec4dd958ec60a822f870fa1284b99,float64,polar1l_rotation_invariants_v1,7beb8d4d9a8231a484c0bb6ff44b6b2e450eee2ca8a447370f350ed8678929cb,"{""density_coefficients"":[15,4],""dipole"":[1,3],""electron_energy"":[1],""electrostatic_energy"":[1],""energy"":[1],""node_feats"":[15,13824],""spin_charge_density"":[15,2,4],""spin_density"":[15,4]}"
A005_QM1_M1,S004,ed22e9d0e568bbeaa48cc59f2fd549a6b9651c17b6ff4bdbd5a52a6042c14f3c,-1,1,0c46d89e7b04952493330d9d058920462277af1d05076a1368457c354b90ad03,artifacts/base_features/0c/0c46d89e7b04952493330d9d058920462277af1d05076a1368457c354b90ad03.npz,ac6f345ebcca36e779ed4240f36c5aa0cc1fefa7cb852f8e914d075671a2016e,3095,-49730.9210304518,polar-1-l,9f65f8dc6ddaff1d631e299cb531376a7da5e68d1bef04f34a2d5073d5ef114b,0.3.16,4d2da09413ac1407f37cdbb6b81fa28e4c15655e,e552c116b7d2c653f98b01f5c4fd599997f19f669a32bc6bf16396dd9f79365b,0.4.0,0e21d5546c482d08388a08eb4d948e833227ce47,079b233934150a3eee30444ce2408e09895ec4dd958ec60a822f870fa1284b99,float64,polar1l_rotation_invariants_v1,7beb8d4d9a8231a484c0bb6ff44b6b2e450eee2ca8a447370f350ed8678929cb,"{""density_coefficients"":[15,4],""dipole"":[1,3],""electron_energy"":[1],""electrostatic_energy"":[1],""energy"":[1],""node_feats"":[15,13824],""spin_charge_density"":[15,2,4],""spin_density"":[15,4]}"
A005_QM1_M1,S005,8500e39b88d8a713fedb7c751832e7f33c9e25e1d90e90db4569e30bb9dc1af9,-1,1,6be59aea5e46d2ec1da87c6df600e06bd177d3016f5814ed415b16bf9e382ac9,artifacts/base_features/6b/6be59aea5e46d2ec1da87c6df600e06bd177d3016f5814ed415b16bf9e382ac9.npz,ff9bdf8b2d28460019604736309465ee9b945dd03331561ec4a75e86689895d4,3095,-49730.9217468862,polar-1-l,9f65f8dc6ddaff1d631e299cb531376a7da5e68d1bef04f34a2d5073d5ef114b,0.3.16,4d2da09413ac1407f37cdbb6b81fa28e4c15655e,e552c116b7d2c653f98b01f5c4fd599997f19f669a32bc6bf16396dd9f79365b,0.4.0,0e21d5546c482d08388a08eb4d948e833227ce47,079b233934150a3eee30444ce2408e09895ec4dd958ec60a822f870fa1284b99,float64,polar1l_rotation_invariants_v1,7beb8d4d9a8231a484c0bb6ff44b6b2e450eee2ca8a447370f350ed8678929cb,"{""density_coefficients"":[15,4],""dipole"":[1,3],""electron_energy"":[1],""electrostatic_energy"":[1],""energy"":[1],""node_feats"":[15,13824],""spin_charge_density"":[15,2,4],""spin_density"":[15,4]}"
A005_QM1_M1,S006,790b4cc2dfa95497b56a672b85321af1b7e446177f888e707a1a55f6e9ab0be4,-1,1,81aaf5d1dee0cb308b0eb3860e6afca2bb81bd18f9470a2bbe2f7d6f2a35c283,artifacts/base_features/81/81aaf5d1dee0cb308b0eb3860e6afca2bb81bd18f9470a2bbe2f7d6f2a35c283.npz,3a11d7e07edd1d1f6a2a7fd9827abca0442ab831ac0cc720b82a9c391e4243e5,3095,-49730.9209254567,polar-1-l,9f65f8dc6ddaff1d631e299cb531376a7da5e68d1bef04f34a2d5073d5ef114b,0.3.16,4d2da09413ac1407f37cdbb6b81fa28e4c15655e,e552c116b7d2c653f98b01f5c4fd599997f19f669a32bc6bf16396dd9f79365b,0.4.0,0e21d5546c482d08388a08eb4d948e833227ce47,079b233934150a3eee30444ce2408e09895ec4dd958ec60a822f870fa1284b99,float64,polar1l_rotation_invariants_v1,7beb8d4d9a8231a484c0bb6ff44b6b2e450eee2ca8a447370f350ed8678929cb,"{""density_coefficients"":[15,4],""dipole"":[1,3],""electron_energy"":[1],""electrostatic_energy"":[1],""energy"":[1],""node_feats"":[15,13824],""spin_charge_density"":[15,2,4],""spin_density"":[15,4]}"
A005_QM1_M1,S007,beaa348835adb1cd1e9de4cd16a9dff4679d1b1782241e013430205a2022c800,-1,1,c3f48e2c189a1dca785c5b21102d68f7dfb2ea4275e2c81887344a375ddb21dc,artifacts/base_features/c3/c3f48e2c189a1dca785c5b21102d68f7dfb2ea4275e2c81887344a375ddb21dc.npz,4ee8ca9af4c2d298e36bf8bafda69bab736476d832771ba60eea423f8a53c7ce,3095,-49730.920613836,polar-1-l,9f65f8dc6ddaff1d631e299cb531376a7da5e68d1bef04f34a2d5073d5ef114b,0.3.16,4d2da09413ac1407f37cdbb6b81fa28e4c15655e,e552c116b7d2c653f98b01f5c4fd599997f19f669a32bc6bf16396dd9f79365b,0.4.0,0e21d5546c482d08388a08eb4d948e833227ce47,079b233934150a3eee30444ce2408e09895ec4dd958ec60a822f870fa1284b99,float64,polar1l_rotation_invariants_v1,7beb8d4d9a8231a484c0bb6ff44b6b2e450eee2ca8a447370f350ed8678929cb,"{""density_coefficients"":[15,4],""dipole"":[1,3],""electron_energy"":[1],""electrostatic_energy"":[1],""energy"":[1],""node_feats"":[15,13824],""spin_charge_density"":[15,2,4],""spin_density"":[15,4]}"
A005_QM1_M1,S008,d172fbcc264951fa5933b139ee6ed9e6fffdef642e82112ba0858eee0079afdf,-1,1,d1e866af12595037f9f8f581fb5d902f439973706fd540a5ebfabe8e31d605a5,artifacts/base_features/d1/d1e866af12595037f9f8f581fb5d902f439973706fd540a5ebfabe8e31d605a5.npz,44a2fb1c3f8f2d737420561fecd90f6a62bf89fa05bd8a666cb50143f8304048,3095,-49730.9268074605,polar-1-l,9f65f8dc6ddaff1d631e299cb531376a7da5e68d1bef04f34a2d5073d5ef114b,0.3.16,4d2da09413ac1407f37cdbb6b81fa28e4c15655e,e552c116b7d2c653f98b01f5c4fd599997f19f669a32bc6bf16396dd9f79365b,0.4.0,0e21d5546c482d08388a08eb4d948e833227ce47,079b233934150a3eee30444ce2408e09895ec4dd958ec60a822f870fa1284b99,float64,polar1l_rotation_invariants_v1,7beb8d4d9a8231a484c0bb6ff44b6b2e450eee2ca8a447370f350ed8678929cb,"{""density_coefficients"":[15,4],""dipole"":[1,3],""electron_energy"":[1],""electrostatic_energy"":[1],""energy"":[1],""node_feats"":[15,13824],""spin_charge_density"":[15,2,4],""spin_density"":[15,4]}"
A005_QM1_M1,S009,c4dd624f7bc57c444816144a714e118a2e8bef64213f48a0f3986796f299fa7d,-1,1,24581fd1fb11945f060b9f077b1a4831e1db09dcdeb878b75d65ac52b2651298,artifacts/base_features/24/24581fd1fb11945f060b9f077b1a4831e1db09dcdeb878b75d65ac52b2651298.npz,cc9cc802c7218bc0af2830a335ac26d8a53d34be40642afba725fd6de91deba7,3095,-49730.9209528285,polar-1-l,9f65f8dc6ddaff1d631e299cb531376a7da5e68d1bef04f34a2d5073d5ef114b,0.3.16,4d2da09413ac1407f37cdbb6b81fa28e4c15655e,e552c116b7d2c653f98b01f5c4fd599997f19f669a32bc6bf16396dd9f79365b,0.4.0,0e21d5546c482d08388a08eb4d948e833227ce47,079b233934150a3eee30444ce2408e09895ec4dd958ec60a822f870fa1284b99,float64,polar1l_rotation_invariants_v1,7beb8d4d9a8231a484c0bb6ff44b6b2e450eee2ca8a447370f350ed8678929cb,"{""density_coefficients"":[15,4],""dipole"":[1,3],""electron_energy"":[1],""electrostatic_energy"":[1],""energy"":[1],""node_feats"":[15,13824],""spin_charge_density"":[15,2,4],""spin_density"":[15,4]}"
A005_QM1_M1,S010,a8d4c17667f2d2b925ce7aa4caf2e1389d201caabd2a8b1e1c67c4bc967c52ae,-1,1,4e0e472631d3315233d29622b6290d98bd9faa236f2e8b05b45a64c8a8fcefa0,artifacts/base_features/4e/4e0e472631d3315233d29622b6290d98bd9faa236f2e8b05b45a64c8a8fcefa0.npz,440ca823a7db944ff9a445b15e01735e7d2ae285dfce383e167382b24e8934ce,3095,-49730.9201242491,polar-1-l,9f65f8dc6ddaff1d631e299cb531376a7da5e68d1bef04f34a2d5073d5ef114b,0.3.16,4d2da09413ac1407f37cdbb6b81fa28e4c15655e,e552c116b7d2c653f98b01f5c4fd599997f19f669a32bc6bf16396dd9f79365b,0.4.0,0e21d5546c482d08388a08eb4d948e833227ce47,079b233934150a3eee30444ce2408e09895ec4dd958ec60a822f870fa1284b99,float64,polar1l_rotation_invariants_v1,7beb8d4d9a8231a484c0bb6ff44b6b2e450eee2ca8a447370f350ed8678929cb,"{""density_coefficients"":[15,4],""dipole"":[1,3],""electron_energy"":[1],""electrostatic_energy"":[1],""energy"":[1],""node_feats"":[15,13824],""spin_charge_density"":[15,2,4],""spin_density"":[15,4]}"
A005_QM1_M1,S011,44bacb12e86d615980958236c39641a58641554daa7646f412b40c650a1f1135,-1,1,b069f7793c26e7e9cb8146bf2fd6cc86971820739baaa423047b1a17e73e9012,artifacts/base_features/b0/b069f7793c26e7e9cb8146bf2fd6cc86971820739baaa423047b1a17e73e9012.npz,3380a3a4f057b3232aafb37ea737ecb2e765249c286651bcfd0095b2d927f0d2,3095,-49730.9207625758,polar-1-l,9f65f8dc6ddaff1d631e299cb531376a7da5e68d1bef04f34a2d5073d5ef114b,0.3.16,4d2da09413ac1407f37cdbb6b81fa28e4c15655e,e552c116b7d2c653f98b01f5c4fd599997f19f669a32bc6bf16396dd9f79365b,0.4.0,0e21d5546c482d08388a08eb4d948e833227ce47,079b233934150a3eee30444ce2408e09895ec4dd958ec60a822f870fa1284b99,float64,polar1l_rotation_invariants_v1,7beb8d4d9a8231a484c0bb6ff44b6b2e450eee2ca8a447370f350ed8678929cb,"{""density_coefficients"":[15,4],""dipole"":[1,3],""electron_energy"":[1],""electrostatic_energy"":[1],""energy"":[1],""node_feats"":[15,13824],""spin_charge_density"":[15,2,4],""spin_density"":[15,4]}"
A005_QM1_M1,S012,d206d6d78be89a236b7a8f257b27303b4d63e7a87d45d52d3d96911df348b8fc,-1,1,811a4351c9335cbe2b293d216451ddbbc13cf007c6bf4bfed27779a7bf5021c0,artifacts/base_features/81/811a4351c9335cbe2b293d216451ddbbc13cf007c6bf4bfed27779a7bf5021c0.npz,08cbae047d5c83c5f8c37d7ca17e1cb1727e98deb426f0a18733f13a01c349ff,3095,-49730.9207124433,polar-1-l,9f65f8dc6ddaff1d631e299cb531376a7da5e68d1bef04f34a2d5073d5ef114b,0.3.16,4d2da09413ac1407f37cdbb6b81fa28e4c15655e,e552c116b7d2c653f98b01f5c4fd599997f19f669a32bc6bf16396dd9f79365b,0.4.0,0e21d5546c482d08388a08eb4d948e833227ce47,079b233934150a3eee30444ce2408e09895ec4dd958ec60a822f870fa1284b99,float64,polar1l_rotation_invariants_v1,7beb8d4d9a8231a484c0bb6ff44b6b2e450eee2ca8a447370f350ed8678929cb,"{""density_coefficients"":[15,4],""dipole"":[1,3],""electron_energy"":[1],""electrostatic_energy"":[1],""energy"":[1],""node_feats"":[15,13824],""spin_charge_density"":[15,2,4],""spin_density"":[15,4]}"
A005_QM1_M1,S013,5fdaa52b66a9140d254a5addb64aed26e95aac92497703125ed308702fac83fd,-1,1,edd2eea09a3906ea511b44ce099896e55898867e24333ea1fa383fe945b1e7f7,artifacts/base_features/ed/edd2eea09a3906ea511b44ce099896e55898867e24333ea1fa383fe945b1e7f7.npz,fa9710552a75e4dbb8fe0796e44a99db978dcf6e0607721c15978d13b3aba11b,3095,-49730.9211623974,polar-1-l,9f65f8dc6ddaff1d631e299cb531376a7da5e68d1bef04f34a2d5073d5ef114b,0.3.16,4d2da09413ac1407f37cdbb6b81fa28e4c15655e,e552c116b7d2c653f98b01f5c4fd599997f19f669a32bc6bf16396dd9f79365b,0.4.0,0e21d5546c482d08388a08eb4d948e833227ce47,079b233934150a3eee30444ce2408e09895ec4dd958ec60a822f870fa1284b99,float64,polar1l_rotation_invariants_v1,7beb8d4d9a8231a484c0bb6ff44b6b2e450eee2ca8a447370f350ed8678929cb,"{""density_coefficients"":[15,4],""dipole"":[1,3],""electron_energy"":[1],""electrostatic_energy"":[1],""energy"":[1],""node_feats"":[15,13824],""spin_charge_density"":[15,2,4],""spin_density"":[15,4]}"
A005_QM1_M1,S014,2c50d21ea8bd604ccb9b4c42365b65a9cd8f0a3eaead9ae4789d7867b47d6ed0,-1,1,2f7e9f1bce115653fcaa5fcac14a57da9aae368c12cf4e67b1cd5875c8e8be9a,artifacts/base_features/2f/2f7e9f1bce115653fcaa5fcac14a57da9aae368c12cf4e67b1cd5875c8e8be9a.npz,4c5be33127e75d76a0ebfdbbb5a4a4fc28604d5021ffa901f5211c016b641677,3095,-49730.9316587403,polar-1-l,9f65f8dc6ddaff1d631e299cb531376a7da5e68d1bef04f34a2d5073d5ef114b,0.3.16,4d2da09413ac1407f37cdbb6b81fa28e4c15655e,e552c116b7d2c653f98b01f5c4fd599997f19f669a32bc6bf16396dd9f79365b,0.4.0,0e21d5546c482d08388a08eb4d948e833227ce47,079b233934150a3eee30444ce2408e09895ec4dd958ec60a822f870fa1284b99,float64,polar1l_rotation_invariants_v1,7beb8d4d9a8231a484c0bb6ff44b6b2e450eee2ca8a447370f350ed8678929cb,"{""density_coefficients"":[15,4],""dipole"":[1,3],""electron_energy"":[1],""electrostatic_energy"":[1],""energy"":[1],""node_feats"":[15,13824],""spin_charge_density"":[15,2,4],""spin_density"":[15,4]}"
A005_QM1_M1,S015,a74842081b2f3cb5c6601d8efcd8b491bc01059497aca60995faaed50c6a5d24,-1,1,05e61485ca25b80260ec86799eaa0abc55eb2616dbd629d6094facf8abad78bc,artifacts/base_features/05/05e61485ca25b80260ec86799eaa0abc55eb2616dbd629d6094facf8abad78bc.npz,f64f2ec1fa83f6265816d64449867c52e847ba6219dc44b688a28ecfe25a25a5,3095,-49730.9243960383,polar-1-l,9f65f8dc6ddaff1d631e299cb531376a7da5e68d1bef04f34a2d5073d5ef114b,0.3.16,4d2da09413ac1407f37cdbb6b81fa28e4c15655e,e552c116b7d2c653f98b01f5c4fd599997f19f669a32bc6bf16396dd9f79365b,0.4.0,0e21d5546c482d08388a08eb4d948e833227ce47,079b233934150a3eee30444ce2408e09895ec4dd958ec60a822f870fa1284b99,float64,polar1l_rotation_invariants_v1,7beb8d4d9a8231a484c0bb6ff44b6b2e450eee2ca8a447370f350ed8678929cb,"{""density_coefficients"":[15,4],""dipole"":[1,3],""electron_energy"":[1],""electrostatic_energy"":[1],""energy"":[1],""node_feats"":[15,13824],""spin_charge_density"":[15,2,4],""spin_density"":[15,4]}"
A005_QM1_M1,S016,9981daaec3d8498d96eb64aa1bed27d2e32e6ab3817c249bb3e42ad9994d6ff8,-1,1,c5380bdfc051d61da3c7827c921bff9f08688c0212238f529704346f19fbd0be,artifacts/base_features/c5/c5380bdfc051d61da3c7827c921bff9f08688c0212238f529704346f19fbd0be.npz,c4ebd5bd2ba340d9d020b4887f96193fd4e0e1347861a7f875b5567a188cef5f,3095,-49730.9252525508,polar-1-l,9f65f8dc6ddaff1d631e299cb531376a7da5e68d1bef04f34a2d5073d5ef114b,0.3.16,4d2da09413ac1407f37cdbb6b81fa28e4c15655e,e552c116b7d2c653f98b01f5c4fd599997f19f669a32bc6bf16396dd9f79365b,0.4.0,0e21d5546c482d08388a08eb4d948e833227ce47,079b233934150a3eee30444ce2408e09895ec4dd958ec60a822f870fa1284b99,float64,polar1l_rotation_invariants_v1,7beb8d4d9a8231a484c0bb6ff44b6b2e450eee2ca8a447370f350ed8678929cb,"{""density_coefficients"":[15,4],""dipole"":[1,3],""electron_energy"":[1],""electrostatic_energy"":[1],""energy"":[1],""node_feats"":[15,13824],""spin_charge_density"":[15,2,4],""spin_density"":[15,4]}"
A005_QM1_M1,S017,49b328acc6de0aec3ed84f1363bbe96279ccf7634e8f21880918948c06a56463,-1,1,9448c1d6a4cd3f40a9f09b8a8610d01e72614dc96c96a277ab7ac4a82dbb03ac,artifacts/base_features/94/9448c1d6a4cd3f40a9f09b8a8610d01e72614dc96c96a277ab7ac4a82dbb03ac.npz,47ff419da6fa3846ca84bfa6b885d1229dc2f0027059c6677d5b727e5534ae26,3095,-49730.9235632417,polar-1-l,9f65f8dc6ddaff1d631e299cb531376a7da5e68d1bef04f34a2d5073d5ef114b,0.3.16,4d2da09413ac1407f37cdbb6b81fa28e4c15655e,e552c116b7d2c653f98b01f5c4fd599997f19f669a32bc6bf16396dd9f79365b,0.4.0,0e21d5546c482d08388a08eb4d948e833227ce47,079b233934150a3eee30444ce2408e09895ec4dd958ec60a822f870fa1284b99,float64,polar1l_rotation_invariants_v1,7beb8d4d9a8231a484c0bb6ff44b6b2e450eee2ca8a447370f350ed8678929cb,"{""density_coefficients"":[15,4],""dipole"":[1,3],""electron_energy"":[1],""electrostatic_energy"":[1],""energy"":[1],""node_feats"":[15,13824],""spin_charge_density"":[15,2,4],""spin_density"":[15,4]}"
A005_QM1_M1,S018,cbc1d72a66df7d8a7d9b42043fe7e59dacc9924b85d0ad7431c45e066ee4f331,-1,1,307aad32b828b679cdb2a3efc460a8c1d08af44219b82a4625c5aae2e6fb917a,artifacts/base_features/30/307aad32b828b679cdb2a3efc460a8c1d08af44219b82a4625c5aae2e6fb917a.npz,4bc3c0c55831ac9d9ae06a8e2b7e1af3231edd3bf3b7b161aa527ceb2200dbb5,3095,-49730.9251987946,polar-1-l,9f65f8dc6ddaff1d631e299cb531376a7da5e68d1bef04f34a2d5073d5ef114b,0.3.16,4d2da09413ac1407f37cdbb6b81fa28e4c15655e,e552c116b7d2c653f98b01f5c4fd599997f19f669a32bc6bf16396dd9f79365b,0.4.0,0e21d5546c482d08388a08eb4d948e833227ce47,079b233934150a3eee30444ce2408e09895ec4dd958ec60a822f870fa1284b99,float64,polar1l_rotation_invariants_v1,7beb8d4d9a8231a484c0bb6ff44b6b2e450eee2ca8a447370f350ed8678929cb,"{""density_coefficients"":[15,4],""dipole"":[1,3],""electron_energy"":[1],""electrostatic_energy"":[1],""energy"":[1],""node_feats"":[15,13824],""spin_charge_density"":[15,2,4],""spin_density"":[15,4]}"
A005_QM1_M1,S019,584c4d1c75fcb34f5118182402ba518616d8a92f829c3e920e9f2108f9104fb5,-1,1,0c20a2e0e2d69d08907a99d5f339023a1730e9809615ec0cb5a429434399b3a4,artifacts/base_features/0c/0c20a2e0e2d69d08907a99d5f339023a1730e9809615ec0cb5a429434399b3a4.npz,b6bb70bf16e9bbe8926f001ab39e6e8f2a72db248daa9b0f0fc02a3a680db513,3095,-49730.9213327884,polar-1-l,9f65f8dc6ddaff1d631e299cb531376a7da5e68d1bef04f34a2d5073d5ef114b,0.3.16,4d2da09413ac1407f37cdbb6b81fa28e4c15655e,e552c116b7d2c653f98b01f5c4fd599997f19f669a32bc6bf16396dd9f79365b,0.4.0,0e21d5546c482d08388a08eb4d948e833227ce47,079b233934150a3eee30444ce2408e09895ec4dd958ec60a822f870fa1284b99,float64,polar1l_rotation_invariants_v1,7beb8d4d9a8231a484c0bb6ff44b6b2e450eee2ca8a447370f350ed8678929cb,"{""density_coefficients"":[15,4],""dipole"":[1,3],""electron_energy"":[1],""electrostatic_energy"":[1],""energy"":[1],""node_feats"":[15,13824],""spin_charge_density"":[15,2,4],""spin_density"":[15,4]}"
A005_QM1_M1,S020,87172762704cea11226337e1ff5ce2014b9a1cf3fca3566e45378256a76c374c,-1,1,ada02c5d5ae5cc07a5a21aaa3a981f795d9c194cda0097769690209ae83ebef7,artifacts/base_features/ad/ada02c5d5ae5cc07a5a21aaa3a981f795d9c194cda0097769690209ae83ebef7.npz,8a605d6d3b55999372967ccc748f73f4b2558efe42aa751496d86d1e0161129b,3095,-49730.9250317218,polar-1-l,9f65f8dc6ddaff1d631e299cb531376a7da5e68d1bef04f34a2d5073d5ef114b,0.3.16,4d2da09413ac1407f37cdbb6b81fa28e4c15655e,e552c116b7d2c653f98b01f5c4fd599997f19f669a32bc6bf16396dd9f79365b,0.4.0,0e21d5546c482d08388a08eb4d948e833227ce47,079b233934150a3eee30444ce2408e09895ec4dd958ec60a822f870fa1284b99,float64,polar1l_rotation_invariants_v1,7beb8d4d9a8231a484c0bb6ff44b6b2e450eee2ca8a447370f350ed8678929cb,"{""density_coefficients"":[15,4],""dipole"":[1,3],""electron_energy"":[1],""electrostatic_energy"":[1],""energy"":[1],""node_feats"":[15,13824],""spin_charge_density"":[15,2,4],""spin_density"":[15,4]}"
A005_QM1_M1,S021,f13ac56b12834801b2edd2fcc6612475dafdbfcc662f1da777033e481fdec9f6,-1,1,12d9c5b6d18fbd2af13f5d34331eb1caecf598320fb898f675f3a057f0ef56af,artifacts/base_features/12/12d9c5b6d18fbd2af13f5d34331eb1caecf598320fb898f675f3a057f0ef56af.npz,6df11f9fefbbe55bad9bb891b40523366fa0345af6acf8537ed4da7deddd6a9e,3095,-49730.9308928336,polar-1-l,9f65f8dc6ddaff1d631e299cb531376a7da5e68d1bef04f34a2d5073d5ef114b,0.3.16,4d2da09413ac1407f37cdbb6b81fa28e4c15655e,e552c116b7d2c653f98b01f5c4fd599997f19f669a32bc6bf16396dd9f79365b,0.4.0,0e21d5546c482d08388a08eb4d948e833227ce47,079b233934150a3eee30444ce2408e09895ec4dd958ec60a822f870fa1284b99,float64,polar1l_rotation_invariants_v1,7beb8d4d9a8231a484c0bb6ff44b6b2e450eee2ca8a447370f350ed8678929cb,"{""density_coefficients"":[15,4],""dipole"":[1,3],""electron_energy"":[1],""electrostatic_energy"":[1],""energy"":[1],""node_feats"":[15,13824],""spin_charge_density"":[15,2,4],""spin_density"":[15,4]}"
A005_QM1_M1,S022,bbbd20acd0b7a2e266d4d30faef6c376d96701ea6bf92cedfd0d985f2eda7d5e,-1,1,05361ca62540d15458854ce6f99fbb4ecaf629bf6194c69be6d8bdf1c72bbd7f,artifacts/base_features/05/05361ca62540d15458854ce6f99fbb4ecaf629bf6194c69be6d8bdf1c72bbd7f.npz,4889b2c7dd397ae14000ac5ea105d6b3d899e4401346233e6f7aa200534cff10,3095,-49730.9200316401,polar-1-l,9f65f8dc6ddaff1d631e299cb531376a7da5e68d1bef04f34a2d5073d5ef114b,0.3.16,4d2da09413ac1407f37cdbb6b81fa28e4c15655e,e552c116b7d2c653f98b01f5c4fd599997f19f669a32bc6bf16396dd9f79365b,0.4.0,0e21d5546c482d08388a08eb4d948e833227ce47,079b233934150a3eee30444ce2408e09895ec4dd958ec60a822f870fa1284b99,float64,polar1l_rotation_invariants_v1,7beb8d4d9a8231a484c0bb6ff44b6b2e450eee2ca8a447370f350ed8678929cb,"{""density_coefficients"":[15,4],""dipole"":[1,3],""electron_energy"":[1],""electrostatic_energy"":[1],""energy"":[1],""node_feats"":[15,13824],""spin_charge_density"":[15,2,4],""spin_density"":[15,4]}"
A005_QM1_M1,S023,01a801fa3af7f20f43c9499ba59768278bf41eb1b181bfeda2f267e5decda8df,-1,1,907222f837666c78c8c0f74e3ea0b70562a7e92d29baf67168e9e254d1fd0516,artifacts/base_features/90/907222f837666c78c8c0f74e3ea0b70562a7e92d29baf67168e9e254d1fd0516.npz,1c5ad323181b3e11b0f881a731059c1d7f3b69ae8e633d0ee9a034fd8d3fa8a8,3095,-49730.9352367609,polar-1-l,9f65f8dc6ddaff1d631e299cb531376a7da5e68d1bef04f34a2d5073d5ef114b,0.3.16,4d2da09413ac1407f37cdbb6b81fa28e4c15655e,e552c116b7d2c653f98b01f5c4fd599997f19f669a32bc6bf16396dd9f79365b,0.4.0,0e21d5546c482d08388a08eb4d948e833227ce47,079b233934150a3eee30444ce2408e09895ec4dd958ec60a822f870fa1284b99,float64,polar1l_rotation_invariants_v1,7beb8d4d9a8231a484c0bb6ff44b6b2e450eee2ca8a447370f350ed8678929cb,"{""density_coefficients"":[15,4],""dipole"":[1,3],""electron_energy"":[1],""electrostatic_energy"":[1],""energy"":[1],""node_feats"":[15,13824],""spin_charge_density"":[15,2,4],""spin_density"":[15,4]}"
A005_QM1_M1,S024,9367c4dc80fd9b798f9c2661f641e99195234ea6b9e2b319f11eba0c74b4c54b,-1,1,546cb1281ba09701aeaf8a4bab51f9bedd09d86f35fb859b179c52c6a76b0c18,artifacts/base_features/54/546cb1281ba09701aeaf8a4bab51f9bedd09d86f35fb859b179c52c6a76b0c18.npz,341419317b170bf9d96efb612549107416e7dc5a77363ce0ec7ab2625451509b,3095,-49730.9419334744,polar-1-l,9f65f8dc6ddaff1d631e299cb531376a7da5e68d1bef04f34a2d5073d5ef114b,0.3.16,4d2da09413ac1407f37cdbb6b81fa28e4c15655e,e552c116b7d2c653f98b01f5c4fd599997f19f669a32bc6bf16396dd9f79365b,0.4.0,0e21d5546c482d08388a08eb4d948e833227ce47,079b233934150a3eee30444ce2408e09895ec4dd958ec60a822f870fa1284b99,float64,polar1l_rotation_invariants_v1,7beb8d4d9a8231a484c0bb6ff44b6b2e450eee2ca8a447370f350ed8678929cb,"{""density_coefficients"":[15,4],""dipole"":[1,3],""electron_energy"":[1],""electrostatic_energy"":[1],""energy"":[1],""node_feats"":[15,13824],""spin_charge_density"":[15,2,4],""spin_density"":[15,4]}"
A005_QM1_M1,S025,72982d505bb6ec09ffa9239b83cb6f15a2695fe0325087990151087afae6555d,-1,1,3e96a04327b542a61ee176a3620c208027e71bc3e22f167a8833310cc4c33432,artifacts/base_features/3e/3e96a04327b542a61ee176a3620c208027e71bc3e22f167a8833310cc4c33432.npz,dbf3878c9b827b52b1b2fb7763a16ee2ce81b3066cc096f634fb1e812dc706fb,3095,-49730.9269215422,polar-1-l,9f65f8dc6ddaff1d631e299cb531376a7da5e68d1bef04f34a2d5073d5ef114b,0.3.16,4d2da09413ac1407f37cdbb6b81fa28e4c15655e,e552c116b7d2c653f98b01f5c4fd599997f19f669a32bc6bf16396dd9f79365b,0.4.0,0e21d5546c482d08388a08eb4d948e833227ce47,079b233934150a3eee30444ce2408e09895ec4dd958ec60a822f870fa1284b99,float64,polar1l_rotation_invariants_v1,7beb8d4d9a8231a484c0bb6ff44b6b2e450eee2ca8a447370f350ed8678929cb,"{""density_coefficients"":[15,4],""dipole"":[1,3],""electron_energy"":[1],""electrostatic_energy"":[1],""energy"":[1],""node_feats"":[15,13824],""spin_charge_density"":[15,2,4],""spin_density"":[15,4]}"
A006_Q0_M2,S001,02adc2950123ac264ad5f593e706785442d4126fedef9827e28fa71f5452ad51,0,2,42b671dae79293291775871c017cfbe0de65f58af3bb8d3cc6ca747633181d47,artifacts/base_features/42/42b671dae79293291775871c017cfbe0de65f58af3bb8d3cc6ca747633181d47.npz,d4003081f86ca00611deb13ea95ffb6798dd284a84a4440b2543778bdfab0aa6,3095,-25416.8855976496,polar-1-l,9f65f8dc6ddaff1d631e299cb531376a7da5e68d1bef04f34a2d5073d5ef114b,0.3.16,4d2da09413ac1407f37cdbb6b81fa28e4c15655e,e552c116b7d2c653f98b01f5c4fd599997f19f669a32bc6bf16396dd9f79365b,0.4.0,0e21d5546c482d08388a08eb4d948e833227ce47,079b233934150a3eee30444ce2408e09895ec4dd958ec60a822f870fa1284b99,float64,polar1l_rotation_invariants_v1,7beb8d4d9a8231a484c0bb6ff44b6b2e450eee2ca8a447370f350ed8678929cb,"{""density_coefficients"":[21,4],""dipole"":[1,3],""electron_energy"":[1],""electrostatic_energy"":[1],""energy"":[1],""node_feats"":[21,13824],""spin_charge_density"":[21,2,4],""spin_density"":[21,4]}"
A006_Q0_M2,S007,9193cab06bad27fb52b8c08f6a30d1f1cf5f215daac96563d7b8cc8bac028ad9,0,2,4718fd95b0b60d03a7da0dfb55f200c0def635ae5c567e3243ed1e48670e9b03,artifacts/base_features/47/4718fd95b0b60d03a7da0dfb55f200c0def635ae5c567e3243ed1e48670e9b03.npz,6b89ca0d92037bed16c87ccdf3ade5fdc2d34b77b1cda0fb30eab5a67a35e293,3095,-25416.8864260284,polar-1-l,9f65f8dc6ddaff1d631e299cb531376a7da5e68d1bef04f34a2d5073d5ef114b,0.3.16,4d2da09413ac1407f37cdbb6b81fa28e4c15655e,e552c116b7d2c653f98b01f5c4fd599997f19f669a32bc6bf16396dd9f79365b,0.4.0,0e21d5546c482d08388a08eb4d948e833227ce47,079b233934150a3eee30444ce2408e09895ec4dd958ec60a822f870fa1284b99,float64,polar1l_rotation_invariants_v1,7beb8d4d9a8231a484c0bb6ff44b6b2e450eee2ca8a447370f350ed8678929cb,"{""density_coefficients"":[21,4],""dipole"":[1,3],""electron_energy"":[1],""electrostatic_energy"":[1],""energy"":[1],""node_feats"":[21,13824],""spin_charge_density"":[21,2,4],""spin_density"":[21,4]}"
A006_Q0_M2,S016,f463017c978eb3816fc2ddf10a0947d489ba5566cf1eca2f012c38f18de06144,0,2,7e260fca77c81d3fa61b3371ba07992b7ece0a46637a82034ac23b9699139a7c,artifacts/base_features/7e/7e260fca77c81d3fa61b3371ba07992b7ece0a46637a82034ac23b9699139a7c.npz,e84fa8e3fe93e210ad7c8e87d8aac000658a5c50a2087ada67e80723ba1050a4,3095,-25416.8731967033,polar-1-l,9f65f8dc6ddaff1d631e299cb531376a7da5e68d1bef04f34a2d5073d5ef114b,0.3.16,4d2da09413ac1407f37cdbb6b81fa28e4c15655e,e552c116b7d2c653f98b01f5c4fd599997f19f669a32bc6bf16396dd9f79365b,0.4.0,0e21d5546c482d08388a08eb4d948e833227ce47,079b233934150a3eee30444ce2408e09895ec4dd958ec60a822f870fa1284b99,float64,polar1l_rotation_invariants_v1,7beb8d4d9a8231a484c0bb6ff44b6b2e450eee2ca8a447370f350ed8678929cb,"{""density_coefficients"":[21,4],""dipole"":[1,3],""electron_energy"":[1],""electrostatic_energy"":[1],""energy"":[1],""node_feats"":[21,13824],""spin_charge_density"":[21,2,4],""spin_density"":[21,4]}"
A006_Q0_M2,S022,2f288159853107740ea455750ebd5bdff5c51ecf0adc3e89ad573c2157c4401b,0,2,41a2435a8d4e45c25919385d413fc40649b59e6f9ed0c44fbede7d0f3d68a20d,artifacts/base_features/41/41a2435a8d4e45c25919385d413fc40649b59e6f9ed0c44fbede7d0f3d68a20d.npz,190ade8bc21559d661f492a8dd6b76bf4aa5c88aaa514de589f439a303ad8e32,3095,-25416.8877674749,polar-1-l,9f65f8dc6ddaff1d631e299cb531376a7da5e68d1bef04f34a2d5073d5ef114b,0.3.16,4d2da09413ac1407f37cdbb6b81fa28e4c15655e,e552c116b7d2c653f98b01f5c4fd599997f19f669a32bc6bf16396dd9f79365b,0.4.0,0e21d5546c482d08388a08eb4d948e833227ce47,079b233934150a3eee30444ce2408e09895ec4dd958ec60a822f870fa1284b99,float64,polar1l_rotation_invariants_v1,7beb8d4d9a8231a484c0bb6ff44b6b2e450eee2ca8a447370f350ed8678929cb,"{""density_coefficients"":[21,4],""dipole"":[1,3],""electron_energy"":[1],""electrostatic_energy"":[1],""energy"":[1],""node_feats"":[21,13824],""spin_charge_density"":[21,2,4],""spin_density"":[21,4]}"
A006_QM1_M1,S001,5b28148066e683c7a6cfd8be32d31c5afb0fc9861b0edacdf2cab49691a73899,-1,1,dcc5331d93d2e84e66e7ab5148577082b1c97611f175ec93907f4cc7a8c64e4a,artifacts/base_features/dc/dcc5331d93d2e84e66e7ab5148577082b1c97611f175ec93907f4cc7a8c64e4a.npz,ed14008f0101923819699d258bb4f027f2a4a0ec55a6b100f48add3764851569,3095,-25421.8214073326,polar-1-l,9f65f8dc6ddaff1d631e299cb531376a7da5e68d1bef04f34a2d5073d5ef114b,0.3.16,4d2da09413ac1407f37cdbb6b81fa28e4c15655e,e552c116b7d2c653f98b01f5c4fd599997f19f669a32bc6bf16396dd9f79365b,0.4.0,0e21d5546c482d08388a08eb4d948e833227ce47,079b233934150a3eee30444ce2408e09895ec4dd958ec60a822f870fa1284b99,float64,polar1l_rotation_invariants_v1,7beb8d4d9a8231a484c0bb6ff44b6b2e450eee2ca8a447370f350ed8678929cb,"{""density_coefficients"":[21,4],""dipole"":[1,3],""electron_energy"":[1],""electrostatic_energy"":[1],""energy"":[1],""node_feats"":[21,13824],""spin_charge_density"":[21,2,4],""spin_density"":[21,4]}"
A006_QM1_M1,S007,374fce731ea787748e71b92959512935c85445aadc86910b5ed2ffef8e144c24,-1,1,8e989357a679faf8b8cd99b6d32df43ef34777c0ce7d7f9b7c9740976f2130de,artifacts/base_features/8e/8e989357a679faf8b8cd99b6d32df43ef34777c0ce7d7f9b7c9740976f2130de.npz,b9e83b8c0fa0ed43e8f2e509269c5a6161c9250f14ca3e99efad22eec76cba40,3095,-25421.8193931283,polar-1-l,9f65f8dc6ddaff1d631e299cb531376a7da5e68d1bef04f34a2d5073d5ef114b,0.3.16,4d2da09413ac1407f37cdbb6b81fa28e4c15655e,e552c116b7d2c653f98b01f5c4fd599997f19f669a32bc6bf16396dd9f79365b,0.4.0,0e21d5546c482d08388a08eb4d948e833227ce47,079b233934150a3eee30444ce2408e09895ec4dd958ec60a822f870fa1284b99,float64,polar1l_rotation_invariants_v1,7beb8d4d9a8231a484c0bb6ff44b6b2e450eee2ca8a447370f350ed8678929cb,"{""density_coefficients"":[21,4],""dipole"":[1,3],""electron_energy"":[1],""electrostatic_energy"":[1],""energy"":[1],""node_feats"":[21,13824],""spin_charge_density"":[21,2,4],""spin_density"":[21,4]}"
A006_QM1_M1,S016,e9a2a1b8a02c0b58a1227fb5899fc94955b71a61cd1c5f391f7492d79a6ab803,-1,1,17ac9324c893192c805386d150c67e4bf753bf820466aeba321a8cd5bd0324aa,artifacts/base_features/17/17ac9324c893192c805386d150c67e4bf753bf820466aeba321a8cd5bd0324aa.npz,73060ed68e0749232caf5b2be8678109797b97110cd5b12973ff831ac2657e0e,3095,-25421.8425396415,polar-1-l,9f65f8dc6ddaff1d631e299cb531376a7da5e68d1bef04f34a2d5073d5ef114b,0.3.16,4d2da09413ac1407f37cdbb6b81fa28e4c15655e,e552c116b7d2c653f98b01f5c4fd599997f19f669a32bc6bf16396dd9f79365b,0.4.0,0e21d5546c482d08388a08eb4d948e833227ce47,079b233934150a3eee30444ce2408e09895ec4dd958ec60a822f870fa1284b99,float64,polar1l_rotation_invariants_v1,7beb8d4d9a8231a484c0bb6ff44b6b2e450eee2ca8a447370f350ed8678929cb,"{""density_coefficients"":[21,4],""dipole"":[1,3],""electron_energy"":[1],""electrostatic_energy"":[1],""energy"":[1],""node_feats"":[21,13824],""spin_charge_density"":[21,2,4],""spin_density"":[21,4]}"
A006_QM1_M1,S022,08e40bebc4230d86cc62e65cbe807dedf9b3bc4344edd79e17ef9db5aaf38fbd,-1,1,f2ffb79997e368b264c81e783a25a1d0c04a9d0189e1d2c8e51ca8b8b6754dad,artifacts/base_features/f2/f2ffb79997e368b264c81e783a25a1d0c04a9d0189e1d2c8e51ca8b8b6754dad.npz,36ac1972b9925756cdaf7c8cd7907ab5ddc7c5f99a3fcb1a33d61cb621d068a0,3095,-25421.8162452544,polar-1-l,9f65f8dc6ddaff1d631e299cb531376a7da5e68d1bef04f34a2d5073d5ef114b,0.3.16,4d2da09413ac1407f37cdbb6b81fa28e4c15655e,e552c116b7d2c653f98b01f5c4fd599997f19f669a32bc6bf16396dd9f79365b,0.4.0,0e21d5546c482d08388a08eb4d948e833227ce47,079b233934150a3eee30444ce2408e09895ec4dd958ec60a822f870fa1284b99,float64,polar1l_rotation_invariants_v1,7beb8d4d9a8231a484c0bb6ff44b6b2e450eee2ca8a447370f350ed8678929cb,"{""density_coefficients"":[21,4],""dipole"":[1,3],""electron_energy"":[1],""electrostatic_energy"":[1],""energy"":[1],""node_feats"":[21,13824],""spin_charge_density"":[21,2,4],""spin_density"":[21,4]}"
A007_Q0_M2,S004,85afe710a2caa4650965692714e0ba877bf6cc6d5a4098a6c5424fafec97e17f,0,2,43b66c2eff43727bbf47b49eebad19209518d29fc812dd07f1cbd99fb01b9f4d,artifacts/base_features/43/43b66c2eff43727bbf47b49eebad19209518d29fc812dd07f1cbd99fb01b9f4d.npz,106419463ec7defdc4be70db6b29bca07bb1f4e67db40bc8927483485dc50a36,3095,-36112.1181433462,polar-1-l,9f65f8dc6ddaff1d631e299cb531376a7da5e68d1bef04f34a2d5073d5ef114b,0.3.16,4d2da09413ac1407f37cdbb6b81fa28e4c15655e,e552c116b7d2c653f98b01f5c4fd599997f19f669a32bc6bf16396dd9f79365b,0.4.0,0e21d5546c482d08388a08eb4d948e833227ce47,079b233934150a3eee30444ce2408e09895ec4dd958ec60a822f870fa1284b99,float64,polar1l_rotation_invariants_v1,7beb8d4d9a8231a484c0bb6ff44b6b2e450eee2ca8a447370f350ed8678929cb,"{""density_coefficients"":[51,4],""dipole"":[1,3],""electron_energy"":[1],""electrostatic_energy"":[1],""energy"":[1],""node_feats"":[51,13824],""spin_charge_density"":[51,2,4],""spin_density"":[51,4]}"
A007_Q0_M2,S008,ff6b2cd9a64c2fd51f537bfd6f83e76c7eb1dc9b3002d54e2f3e0dbd0c4c10ea,0,2,234fbef7cf6055523ab448f0a55902907433355ef89efd634b63784cdeb42e95,artifacts/base_features/23/234fbef7cf6055523ab448f0a55902907433355ef89efd634b63784cdeb42e95.npz,419b77c4312483a351ca22f87014bc2d776a5d0a3450f4bb3ba5657049ebbcbc,3095,-36112.0559119216,polar-1-l,9f65f8dc6ddaff1d631e299cb531376a7da5e68d1bef04f34a2d5073d5ef114b,0.3.16,4d2da09413ac1407f37cdbb6b81fa28e4c15655e,e552c116b7d2c653f98b01f5c4fd599997f19f669a32bc6bf16396dd9f79365b,0.4.0,0e21d5546c482d08388a08eb4d948e833227ce47,079b233934150a3eee30444ce2408e09895ec4dd958ec60a822f870fa1284b99,float64,polar1l_rotation_invariants_v1,7beb8d4d9a8231a484c0bb6ff44b6b2e450eee2ca8a447370f350ed8678929cb,"{""density_coefficients"":[51,4],""dipole"":[1,3],""electron_energy"":[1],""electrostatic_energy"":[1],""energy"":[1],""node_feats"":[51,13824],""spin_charge_density"":[51,2,4],""spin_density"":[51,4]}"
A007_Q0_M2,S011,6044c7605d30f1ade0217a0abbb38be95120eca82f8338ae96d439c21ca2697a,0,2,eb9e3b37c2016bd709e9497b9275bec6c7a3113398a29ed531a4e6e703888ca4,artifacts/base_features/eb/eb9e3b37c2016bd709e9497b9275bec6c7a3113398a29ed531a4e6e703888ca4.npz,f88fd7557c8af5459b2ca814efbdd718a95c27cb4d04d7cd843ad678789ce684,3095,-36112.1237962521,polar-1-l,9f65f8dc6ddaff1d631e299cb531376a7da5e68d1bef04f34a2d5073d5ef114b,0.3.16,4d2da09413ac1407f37cdbb6b81fa28e4c15655e,e552c116b7d2c653f98b01f5c4fd599997f19f669a32bc6bf16396dd9f79365b,0.4.0,0e21d5546c482d08388a08eb4d948e833227ce47,079b233934150a3eee30444ce2408e09895ec4dd958ec60a822f870fa1284b99,float64,polar1l_rotation_invariants_v1,7beb8d4d9a8231a484c0bb6ff44b6b2e450eee2ca8a447370f350ed8678929cb,"{""density_coefficients"":[51,4],""dipole"":[1,3],""electron_energy"":[1],""electrostatic_energy"":[1],""energy"":[1],""node_feats"":[51,13824],""spin_charge_density"":[51,2,4],""spin_density"":[51,4]}"
A007_Q0_M2,S017,e89a5f13b4526559359349b578360ca4dd02d0b8a827203802b5d48b53fa6351,0,2,491424d2875fb7fbd910c9d44d6e0416dc1ae3affddc105457711c37c4037e79,artifacts/base_features/49/491424d2875fb7fbd910c9d44d6e0416dc1ae3affddc105457711c37c4037e79.npz,e0424d7f7a5cda8d7c8898287f5798553c1e8730f969afd920d937030eb2a6d7,3095,-36112.0788528589,polar-1-l,9f65f8dc6ddaff1d631e299cb531376a7da5e68d1bef04f34a2d5073d5ef114b,0.3.16,4d2da09413ac1407f37cdbb6b81fa28e4c15655e,e552c116b7d2c653f98b01f5c4fd599997f19f669a32bc6bf16396dd9f79365b,0.4.0,0e21d5546c482d08388a08eb4d948e833227ce47,079b233934150a3eee30444ce2408e09895ec4dd958ec60a822f870fa1284b99,float64,polar1l_rotation_invariants_v1,7beb8d4d9a8231a484c0bb6ff44b6b2e450eee2ca8a447370f350ed8678929cb,"{""density_coefficients"":[51,4],""dipole"":[1,3],""electron_energy"":[1],""electrostatic_energy"":[1],""energy"":[1],""node_feats"":[51,13824],""spin_charge_density"":[51,2,4],""spin_density"":[51,4]}"
A007_QM1_M1,S004,773eb4c35809b2e10f500fc6e6b4d046d8a530afe997de6a36f583368077a874,-1,1,54deaf1f399b4a6da26df5f63f3d9e7e230877101ef91c2209155d1e67640330,artifacts/base_features/54/54deaf1f399b4a6da26df5f63f3d9e7e230877101ef91c2209155d1e67640330.npz,03d05362b6af59e5b91c5ed96d14bdcebd766f30d5af45959eb469d20db71e0b,3095,-36117.0148792429,polar-1-l,9f65f8dc6ddaff1d631e299cb531376a7da5e68d1bef04f34a2d5073d5ef114b,0.3.16,4d2da09413ac1407f37cdbb6b81fa28e4c15655e,e552c116b7d2c653f98b01f5c4fd599997f19f669a32bc6bf16396dd9f79365b,0.4.0,0e21d5546c482d08388a08eb4d948e833227ce47,079b233934150a3eee30444ce2408e09895ec4dd958ec60a822f870fa1284b99,float64,polar1l_rotation_invariants_v1,7beb8d4d9a8231a484c0bb6ff44b6b2e450eee2ca8a447370f350ed8678929cb,"{""density_coefficients"":[51,4],""dipole"":[1,3],""electron_energy"":[1],""electrostatic_energy"":[1],""energy"":[1],""node_feats"":[51,13824],""spin_charge_density"":[51,2,4],""spin_density"":[51,4]}"
A007_QM1_M1,S008,3291ec162d97ba7c8f4a3dfb37520f70f4c59c3a077c98ad5d5bbb5c2a7f96da,-1,1,6af801a4a5eaafe9e3404782b36a06ce404cec0679785724bc171f8c859ee93c,artifacts/base_features/6a/6af801a4a5eaafe9e3404782b36a06ce404cec0679785724bc171f8c859ee93c.npz,f2487ee5530a3d0892758b79ce13471389607ee124f28e58ef237ad6c05249c9,3095,-36117.0449429772,polar-1-l,9f65f8dc6ddaff1d631e299cb531376a7da5e68d1bef04f34a2d5073d5ef114b,0.3.16,4d2da09413ac1407f37cdbb6b81fa28e4c15655e,e552c116b7d2c653f98b01f5c4fd599997f19f669a32bc6bf16396dd9f79365b,0.4.0,0e21d5546c482d08388a08eb4d948e833227ce47,079b233934150a3eee30444ce2408e09895ec4dd958ec60a822f870fa1284b99,float64,polar1l_rotation_invariants_v1,7beb8d4d9a8231a484c0bb6ff44b6b2e450eee2ca8a447370f350ed8678929cb,"{""density_coefficients"":[51,4],""dipole"":[1,3],""electron_energy"":[1],""electrostatic_energy"":[1],""energy"":[1],""node_feats"":[51,13824],""spin_charge_density"":[51,2,4],""spin_density"":[51,4]}"
A007_QM1_M1,S011,e4a5fafbceb40acf647a549b612fb64e99b6b1c63fcfadda15836d96fc7efd52,-1,1,9d767dcaf66e14809dd24b15764f534ccfc3b40a1ebcaff8d9185526c91e007b,artifacts/base_features/9d/9d767dcaf66e14809dd24b15764f534ccfc3b40a1ebcaff8d9185526c91e007b.npz,57d8b9bd70c8c0b68bc22ed178b81d369e1e36f6917dc27918b304b1a7135b43,3095,-36117.013365455,polar-1-l,9f65f8dc6ddaff1d631e299cb531376a7da5e68d1bef04f34a2d5073d5ef114b,0.3.16,4d2da09413ac1407f37cdbb6b81fa28e4c15655e,e552c116b7d2c653f98b01f5c4fd599997f19f669a32bc6bf16396dd9f79365b,0.4.0,0e21d5546c482d08388a08eb4d948e833227ce47,079b233934150a3eee30444ce2408e09895ec4dd958ec60a822f870fa1284b99,float64,polar1l_rotation_invariants_v1,7beb8d4d9a8231a484c0bb6ff44b6b2e450eee2ca8a447370f350ed8678929cb,"{""density_coefficients"":[51,4],""dipole"":[1,3],""electron_energy"":[1],""electrostatic_energy"":[1],""energy"":[1],""node_feats"":[51,13824],""spin_charge_density"":[51,2,4],""spin_density"":[51,4]}"
A007_QM1_M1,S017,7c1c695b55a18fbe2f38961c4d7c2abdef451ad0cda5222a9bd491076856e0d9,-1,1,3e0c8104d48ed59752e1231c8ff70556de80781045b379f9728d3bed50b26b50,artifacts/base_features/3e/3e0c8104d48ed59752e1231c8ff70556de80781045b379f9728d3bed50b26b50.npz,43004e738eac397685c374e89eb85e3942cf50e1d36e419e55e20b19bb8af94d,3095,-36117.0281318011,polar-1-l,9f65f8dc6ddaff1d631e299cb531376a7da5e68d1bef04f34a2d5073d5ef114b,0.3.16,4d2da09413ac1407f37cdbb6b81fa28e4c15655e,e552c116b7d2c653f98b01f5c4fd599997f19f669a32bc6bf16396dd9f79365b,0.4.0,0e21d5546c482d08388a08eb4d948e833227ce47,079b233934150a3eee30444ce2408e09895ec4dd958ec60a822f870fa1284b99,float64,polar1l_rotation_invariants_v1,7beb8d4d9a8231a484c0bb6ff44b6b2e450eee2ca8a447370f350ed8678929cb,"{""density_coefficients"":[51,4],""dipole"":[1,3],""electron_energy"":[1],""electrostatic_energy"":[1],""energy"":[1],""node_feats"":[51,13824],""spin_charge_density"":[51,2,4],""spin_density"":[51,4]}"
A008_Q0_M2,S005,4b078d9f42d21d7513b4d5b6d3c74fd44479fd3014d91cb77950f5378e7ef205,0,2,118799cb8a175d5c38d44548728bcead5278be53ba9e5bcd99fb8dcda58b14bb,artifacts/base_features/11/118799cb8a175d5c38d44548728bcead5278be53ba9e5bcd99fb8dcda58b14bb.npz,8fd731dd46674862970fea9347ad319f15f7d82414f365672d9ce7f0319ccd75,3095,-19038.5651624142,polar-1-l,9f65f8dc6ddaff1d631e299cb531376a7da5e68d1bef04f34a2d5073d5ef114b,0.3.16,4d2da09413ac1407f37cdbb6b81fa28e4c15655e,e552c116b7d2c653f98b01f5c4fd599997f19f669a32bc6bf16396dd9f79365b,0.4.0,0e21d5546c482d08388a08eb4d948e833227ce47,079b233934150a3eee30444ce2408e09895ec4dd958ec60a822f870fa1284b99,float64,polar1l_rotation_invariants_v1,7beb8d4d9a8231a484c0bb6ff44b6b2e450eee2ca8a447370f350ed8678929cb,"{""density_coefficients"":[6,4],""dipole"":[1,3],""electron_energy"":[1],""electrostatic_energy"":[1],""energy"":[1],""node_feats"":[6,13824],""spin_charge_density"":[6,2,4],""spin_density"":[6,4]}"
A008_Q0_M2,S012,2efd59eda5a772763aafb5c2e54b9ab3c4d3badcf1baf61b1c9def86f334a697,0,2,5918d0f1c991d7c4db89c6827dc5df962ab08496232a4ea372aff262a2dfa7af,artifacts/base_features/59/5918d0f1c991d7c4db89c6827dc5df962ab08496232a4ea372aff262a2dfa7af.npz,899cb6ec9fc9e7d69294a5839002dacb527b71cc272a44c8ef926cd068a2e438,3095,-19038.5623424228,polar-1-l,9f65f8dc6ddaff1d631e299cb531376a7da5e68d1bef04f34a2d5073d5ef114b,0.3.16,4d2da09413ac1407f37cdbb6b81fa28e4c15655e,e552c116b7d2c653f98b01f5c4fd599997f19f669a32bc6bf16396dd9f79365b,0.4.0,0e21d5546c482d08388a08eb4d948e833227ce47,079b233934150a3eee30444ce2408e09895ec4dd958ec60a822f870fa1284b99,float64,polar1l_rotation_invariants_v1,7beb8d4d9a8231a484c0bb6ff44b6b2e450eee2ca8a447370f350ed8678929cb,"{""density_coefficients"":[6,4],""dipole"":[1,3],""electron_energy"":[1],""electrostatic_energy"":[1],""energy"":[1],""node_feats"":[6,13824],""spin_charge_density"":[6,2,4],""spin_density"":[6,4]}"
A008_Q0_M2,S018,692a2e5a11d5d2b0bb5bac09ae0b0c51e5699d44462bbec015a653283880f165,0,2,7687100427d62b7a324335a6b48c427a1f342c5d2e13930b66162613d697f311,artifacts/base_features/76/7687100427d62b7a324335a6b48c427a1f342c5d2e13930b66162613d697f311.npz,f7fbc32834bc13ab80746f027c31991e13ef558a6538209bbc3a6992bfc891c3,3095,-19038.5758567121,polar-1-l,9f65f8dc6ddaff1d631e299cb531376a7da5e68d1bef04f34a2d5073d5ef114b,0.3.16,4d2da09413ac1407f37cdbb6b81fa28e4c15655e,e552c116b7d2c653f98b01f5c4fd599997f19f669a32bc6bf16396dd9f79365b,0.4.0,0e21d5546c482d08388a08eb4d948e833227ce47,079b233934150a3eee30444ce2408e09895ec4dd958ec60a822f870fa1284b99,float64,polar1l_rotation_invariants_v1,7beb8d4d9a8231a484c0bb6ff44b6b2e450eee2ca8a447370f350ed8678929cb,"{""density_coefficients"":[6,4],""dipole"":[1,3],""electron_energy"":[1],""electrostatic_energy"":[1],""energy"":[1],""node_feats"":[6,13824],""spin_charge_density"":[6,2,4],""spin_density"":[6,4]}"
A008_Q0_M2,S025,9e8935e8fddbf36935986d2715f912d10921a702f66858d61a8bec89d1f05743,0,2,c64e890a08a1ca2be9e492e9911933fbdd0cfc39056501a9ab68cb371c6aeef6,artifacts/base_features/c6/c64e890a08a1ca2be9e492e9911933fbdd0cfc39056501a9ab68cb371c6aeef6.npz,2a53776f111874dece8eee2fada906c7d53914e0c8863502d07d9c38339152b8,3095,-19038.5818060778,polar-1-l,9f65f8dc6ddaff1d631e299cb531376a7da5e68d1bef04f34a2d5073d5ef114b,0.3.16,4d2da09413ac1407f37cdbb6b81fa28e4c15655e,e552c116b7d2c653f98b01f5c4fd599997f19f669a32bc6bf16396dd9f79365b,0.4.0,0e21d5546c482d08388a08eb4d948e833227ce47,079b233934150a3eee30444ce2408e09895ec4dd958ec60a822f870fa1284b99,float64,polar1l_rotation_invariants_v1,7beb8d4d9a8231a484c0bb6ff44b6b2e450eee2ca8a447370f350ed8678929cb,"{""density_coefficients"":[6,4],""dipole"":[1,3],""electron_energy"":[1],""electrostatic_energy"":[1],""energy"":[1],""node_feats"":[6,13824],""spin_charge_density"":[6,2,4],""spin_density"":[6,4]}"
A008_QM1_M1,S005,e8fe553871b2f644e3ee1acbdcd018bb340b848d0665acde03d4f045b2768e27,-1,1,76a37a7a1c6b448ba797cadad9b3564904bd093a0745dc147c85b70601854f23,artifacts/base_features/76/76a37a7a1c6b448ba797cadad9b3564904bd093a0745dc147c85b70601854f23.npz,09794a69989701cd1d0a5070bca4db5073c743762cc6e50bf6669bbacdd0809d,3095,-19043.5805144174,polar-1-l,9f65f8dc6ddaff1d631e299cb531376a7da5e68d1bef04f34a2d5073d5ef114b,0.3.16,4d2da09413ac1407f37cdbb6b81fa28e4c15655e,e552c116b7d2c653f98b01f5c4fd599997f19f669a32bc6bf16396dd9f79365b,0.4.0,0e21d5546c482d08388a08eb4d948e833227ce47,079b233934150a3eee30444ce2408e09895ec4dd958ec60a822f870fa1284b99,float64,polar1l_rotation_invariants_v1,7beb8d4d9a8231a484c0bb6ff44b6b2e450eee2ca8a447370f350ed8678929cb,"{""density_coefficients"":[6,4],""dipole"":[1,3],""electron_energy"":[1],""electrostatic_energy"":[1],""energy"":[1],""node_feats"":[6,13824],""spin_charge_density"":[6,2,4],""spin_density"":[6,4]}"
A008_QM1_M1,S012,19a703ca355b8abde2c656c7bf5cf8c06b2519cf893d527e2a280ae3075b6d4a,-1,1,71c8357d97c922151589a79f14d89d67c253373fcb52931989a3f69be5eda7d8,artifacts/base_features/71/71c8357d97c922151589a79f14d89d67c253373fcb52931989a3f69be5eda7d8.npz,3fc9a04de4dfd582e649ef70cb0c8bee3e475ed9b30968a54a553c786f37adf5,3095,-19043.5794493933,polar-1-l,9f65f8dc6ddaff1d631e299cb531376a7da5e68d1bef04f34a2d5073d5ef114b,0.3.16,4d2da09413ac1407f37cdbb6b81fa28e4c15655e,e552c116b7d2c653f98b01f5c4fd599997f19f669a32bc6bf16396dd9f79365b,0.4.0,0e21d5546c482d08388a08eb4d948e833227ce47,079b233934150a3eee30444ce2408e09895ec4dd958ec60a822f870fa1284b99,float64,polar1l_rotation_invariants_v1,7beb8d4d9a8231a484c0bb6ff44b6b2e450eee2ca8a447370f350ed8678929cb,"{""density_coefficients"":[6,4],""dipole"":[1,3],""electron_energy"":[1],""electrostatic_energy"":[1],""energy"":[1],""node_feats"":[6,13824],""spin_charge_density"":[6,2,4],""spin_density"":[6,4]}"
A008_QM1_M1,S018,178ccf029888bd4a194ce2f2bf76f745ecacc6316a7e5c4658713ff7a79a6150,-1,1,ed4aa1391c0d8ef24c832ee53f8741dfd5018f784ad49e1c0ecdf5550d5f5242,artifacts/base_features/ed/ed4aa1391c0d8ef24c832ee53f8741dfd5018f784ad49e1c0ecdf5550d5f5242.npz,d43f415ba4d1a313286d80c73ec9e87702b3b48172d53ef8d8241f388e0a4444,3095,-19043.5836936304,polar-1-l,9f65f8dc6ddaff1d631e299cb531376a7da5e68d1bef04f34a2d5073d5ef114b,0.3.16,4d2da09413ac1407f37cdbb6b81fa28e4c15655e,e552c116b7d2c653f98b01f5c4fd599997f19f669a32bc6bf16396dd9f79365b,0.4.0,0e21d5546c482d08388a08eb4d948e833227ce47,079b233934150a3eee30444ce2408e09895ec4dd958ec60a822f870fa1284b99,float64,polar1l_rotation_invariants_v1,7beb8d4d9a8231a484c0bb6ff44b6b2e450eee2ca8a447370f350ed8678929cb,"{""density_coefficients"":[6,4],""dipole"":[1,3],""electron_energy"":[1],""electrostatic_energy"":[1],""energy"":[1],""node_feats"":[6,13824],""spin_charge_density"":[6,2,4],""spin_density"":[6,4]}"
A008_QM1_M1,S025,b9d67c7c097d70c7c9ae85e6c281aed0c15369adb0f5c562bfde47f7767e9549,-1,1,448c0b4e147e98ef9661031659b532a8b1a6b05ae1811ad0d1c9973507c3a764,artifacts/base_features/44/448c0b4e147e98ef9661031659b532a8b1a6b05ae1811ad0d1c9973507c3a764.npz,a93baacadf431a202e53ab63fe8fe29cba28fd80ec8c24b4ea991ed14cb6bc6f,3095,-19043.5848529478,polar-1-l,9f65f8dc6ddaff1d631e299cb531376a7da5e68d1bef04f34a2d5073d5ef114b,0.3.16,4d2da09413ac1407f37cdbb6b81fa28e4c15655e,e552c116b7d2c653f98b01f5c4fd599997f19f669a32bc6bf16396dd9f79365b,0.4.0,0e21d5546c482d08388a08eb4d948e833227ce47,079b233934150a3eee30444ce2408e09895ec4dd958ec60a822f870fa1284b99,float64,polar1l_rotation_invariants_v1,7beb8d4d9a8231a484c0bb6ff44b6b2e450eee2ca8a447370f350ed8678929cb,"{""density_coefficients"":[6,4],""dipole"":[1,3],""electron_energy"":[1],""electrostatic_energy"":[1],""energy"":[1],""node_feats"":[6,13824],""spin_charge_density"":[6,2,4],""spin_density"":[6,4]}"
A009_Q0_M2,S002,bc30c2bf072b5adcbe5002ec4266eb98cae6451d711411c8aee7f3112a304119,0,2,461433799ea737e97cf5bcc56b165cb4ca7bc473517dcac2365673d7c07f97d7,artifacts/base_features/46/461433799ea737e97cf5bcc56b165cb4ca7bc473517dcac2365673d7c07f97d7.npz,ec799a48cd7f0ea35d30902224becf8331410885e6652aa3b2c163116261dd40,3095,-24347.4039986184,polar-1-l,9f65f8dc6ddaff1d631e299cb531376a7da5e68d1bef04f34a2d5073d5ef114b,0.3.16,4d2da09413ac1407f37cdbb6b81fa28e4c15655e,e552c116b7d2c653f98b01f5c4fd599997f19f669a32bc6bf16396dd9f79365b,0.4.0,0e21d5546c482d08388a08eb4d948e833227ce47,079b233934150a3eee30444ce2408e09895ec4dd958ec60a822f870fa1284b99,float64,polar1l_rotation_invariants_v1,7beb8d4d9a8231a484c0bb6ff44b6b2e450eee2ca8a447370f350ed8678929cb,"{""density_coefficients"":[18,4],""dipole"":[1,3],""electron_energy"":[1],""electrostatic_energy"":[1],""energy"":[1],""node_feats"":[18,13824],""spin_charge_density"":[18,2,4],""spin_density"":[18,4]}"
A009_Q0_M2,S006,54cb1b1eab206137a4030e0c39406eec0e0ca776b5fc5070bba2b8e993c1eedc,0,2,c8e5935af70940ce34df5a7686ec47f6705c2b3a406f9889aea753a96fe053bc,artifacts/base_features/c8/c8e5935af70940ce34df5a7686ec47f6705c2b3a406f9889aea753a96fe053bc.npz,578d9d7de376e96552d058fb8a0bd33851ad877152728e30c49ad1a0c47054cd,3095,-24347.411288335,polar-1-l,9f65f8dc6ddaff1d631e299cb531376a7da5e68d1bef04f34a2d5073d5ef114b,0.3.16,4d2da09413ac1407f37cdbb6b81fa28e4c15655e,e552c116b7d2c653f98b01f5c4fd599997f19f669a32bc6bf16396dd9f79365b,0.4.0,0e21d5546c482d08388a08eb4d948e833227ce47,079b233934150a3eee30444ce2408e09895ec4dd958ec60a822f870fa1284b99,float64,polar1l_rotation_invariants_v1,7beb8d4d9a8231a484c0bb6ff44b6b2e450eee2ca8a447370f350ed8678929cb,"{""density_coefficients"":[18,4],""dipole"":[1,3],""electron_energy"":[1],""electrostatic_energy"":[1],""energy"":[1],""node_feats"":[18,13824],""spin_charge_density"":[18,2,4],""spin_density"":[18,4]}"
A009_Q0_M2,S015,036dbdac50360a5cb037521bf076851649479ec4d34599d5ac1dc5f2fe80baa7,0,2,39e9d2ff58649570138f2a69c43b6576ca980d32df8b3f3815a4fdc30dd07f5d,artifacts/base_features/39/39e9d2ff58649570138f2a69c43b6576ca980d32df8b3f3815a4fdc30dd07f5d.npz,56b4d6ed0fe6e844f4627c0f2e6415e7b2e15c56291faaeaa40a6c7ab8a42218,3095,-24347.4089289794,polar-1-l,9f65f8dc6ddaff1d631e299cb531376a7da5e68d1bef04f34a2d5073d5ef114b,0.3.16,4d2da09413ac1407f37cdbb6b81fa28e4c15655e,e552c116b7d2c653f98b01f5c4fd599997f19f669a32bc6bf16396dd9f79365b,0.4.0,0e21d5546c482d08388a08eb4d948e833227ce47,079b233934150a3eee30444ce2408e09895ec4dd958ec60a822f870fa1284b99,float64,polar1l_rotation_invariants_v1,7beb8d4d9a8231a484c0bb6ff44b6b2e450eee2ca8a447370f350ed8678929cb,"{""density_coefficients"":[18,4],""dipole"":[1,3],""electron_energy"":[1],""electrostatic_energy"":[1],""energy"":[1],""node_feats"":[18,13824],""spin_charge_density"":[18,2,4],""spin_density"":[18,4]}"
A009_Q0_M2,S023,0fa04cb11e33444f8e16581e28ba180495dad0e12c5a8826fe7c26912d514eef,0,2,e719875b2d89e43e5422525c3ddc5230e42f215b875d9d63561f5ee9ff31f60b,artifacts/base_features/e7/e719875b2d89e43e5422525c3ddc5230e42f215b875d9d63561f5ee9ff31f60b.npz,62f37ac938916fa09aadd158f9e58c88ed4257dfd37a26c9d810a913b6bfe346,3095,-24347.3525338055,polar-1-l,9f65f8dc6ddaff1d631e299cb531376a7da5e68d1bef04f34a2d5073d5ef114b,0.3.16,4d2da09413ac1407f37cdbb6b81fa28e4c15655e,e552c116b7d2c653f98b01f5c4fd599997f19f669a32bc6bf16396dd9f79365b,0.4.0,0e21d5546c482d08388a08eb4d948e833227ce47,079b233934150a3eee30444ce2408e09895ec4dd958ec60a822f870fa1284b99,float64,polar1l_rotation_invariants_v1,7beb8d4d9a8231a484c0bb6ff44b6b2e450eee2ca8a447370f350ed8678929cb,"{""density_coefficients"":[18,4],""dipole"":[1,3],""electron_energy"":[1],""electrostatic_energy"":[1],""energy"":[1],""node_feats"":[18,13824],""spin_charge_density"":[18,2,4],""spin_density"":[18,4]}"
A009_QM1_M1,S002,803b0bc1d8381ac2303eaa8e619ef8e287ff477d87a3552b7ac97ceb3ce8f643,-1,1,7ad923b87c28e0f89d8293283525c441b3ceacb5d0b2d9ae2d1135c9f85e2e2d,artifacts/base_features/7a/7ad923b87c28e0f89d8293283525c441b3ceacb5d0b2d9ae2d1135c9f85e2e2d.npz,e1bdb41ed74236c3de454909c27b2fd81af27ba4b87115da646461a7c9ad542a,3095,-24352.3160377381,polar-1-l,9f65f8dc6ddaff1d631e299cb531376a7da5e68d1bef04f34a2d5073d5ef114b,0.3.16,4d2da09413ac1407f37cdbb6b81fa28e4c15655e,e552c116b7d2c653f98b01f5c4fd599997f19f669a32bc6bf16396dd9f79365b,0.4.0,0e21d5546c482d08388a08eb4d948e833227ce47,079b233934150a3eee30444ce2408e09895ec4dd958ec60a822f870fa1284b99,float64,polar1l_rotation_invariants_v1,7beb8d4d9a8231a484c0bb6ff44b6b2e450eee2ca8a447370f350ed8678929cb,"{""density_coefficients"":[18,4],""dipole"":[1,3],""electron_energy"":[1],""electrostatic_energy"":[1],""energy"":[1],""node_feats"":[18,13824],""spin_charge_density"":[18,2,4],""spin_density"":[18,4]}"
A009_QM1_M1,S006,c2acc00f18b023f23ba951f79ebc598e40167a04f7001c3732f281e93032ea5d,-1,1,20f1aa0ac6694b95f57ada8a60dcf2212456284d3518558fe1de07f66c775a9f,artifacts/base_features/20/20f1aa0ac6694b95f57ada8a60dcf2212456284d3518558fe1de07f66c775a9f.npz,2053e6389a1b3c2a956a8d2b97b57174d5bd4d75cd71724c07e18289003b53ef,3095,-24352.2918646713,polar-1-l,9f65f8dc6ddaff1d631e299cb531376a7da5e68d1bef04f34a2d5073d5ef114b,0.3.16,4d2da09413ac1407f37cdbb6b81fa28e4c15655e,e552c116b7d2c653f98b01f5c4fd599997f19f669a32bc6bf16396dd9f79365b,0.4.0,0e21d5546c482d08388a08eb4d948e833227ce47,079b233934150a3eee30444ce2408e09895ec4dd958ec60a822f870fa1284b99,float64,polar1l_rotation_invariants_v1,7beb8d4d9a8231a484c0bb6ff44b6b2e450eee2ca8a447370f350ed8678929cb,"{""density_coefficients"":[18,4],""dipole"":[1,3],""electron_energy"":[1],""electrostatic_energy"":[1],""energy"":[1],""node_feats"":[18,13824],""spin_charge_density"":[18,2,4],""spin_density"":[18,4]}"
A009_QM1_M1,S015,fe6e7fbf1aef53dc940962d1621c97b08e93e90c06f2eecb3d9184d80a6b7a30,-1,1,04dd0b2a13b4a7bd540b588084cfda6dbd336c062565c5624f3a25abaa1e0b20,artifacts/base_features/04/04dd0b2a13b4a7bd540b588084cfda6dbd336c062565c5624f3a25abaa1e0b20.npz,ad99ce05fdd1d8909d94a67b58796409dfb4e340a24ae1ee4172eff1fa0b992c,3095,-24352.3096142441,polar-1-l,9f65f8dc6ddaff1d631e299cb531376a7da5e68d1bef04f34a2d5073d5ef114b,0.3.16,4d2da09413ac1407f37cdbb6b81fa28e4c15655e,e552c116b7d2c653f98b01f5c4fd599997f19f669a32bc6bf16396dd9f79365b,0.4.0,0e21d5546c482d08388a08eb4d948e833227ce47,079b233934150a3eee30444ce2408e09895ec4dd958ec60a822f870fa1284b99,float64,polar1l_rotation_invariants_v1,7beb8d4d9a8231a484c0bb6ff44b6b2e450eee2ca8a447370f350ed8678929cb,"{""density_coefficients"":[18,4],""dipole"":[1,3],""electron_energy"":[1],""electrostatic_energy"":[1],""energy"":[1],""node_feats"":[18,13824],""spin_charge_density"":[18,2,4],""spin_density"":[18,4]}"
A009_QM1_M1,S023,3be7bf529b82070edbae42b1d07bc3117a766d5aa5dc49a4b0e8d5afdb1c8bd0,-1,1,5c3cbc6424a78574007db68111cce98701d0352d97baaae04e90769b6c0b4e61,artifacts/base_features/5c/5c3cbc6424a78574007db68111cce98701d0352d97baaae04e90769b6c0b4e61.npz,aa4f37dfc26afa7560a7aeff0799a28b927a0997c924d1223eab5f04cd13088a,3095,-24352.3593915202,polar-1-l,9f65f8dc6ddaff1d631e299cb531376a7da5e68d1bef04f34a2d5073d5ef114b,0.3.16,4d2da09413ac1407f37cdbb6b81fa28e4c15655e,e552c116b7d2c653f98b01f5c4fd599997f19f669a32bc6bf16396dd9f79365b,0.4.0,0e21d5546c482d08388a08eb4d948e833227ce47,079b233934150a3eee30444ce2408e09895ec4dd958ec60a822f870fa1284b99,float64,polar1l_rotation_invariants_v1,7beb8d4d9a8231a484c0bb6ff44b6b2e450eee2ca8a447370f350ed8678929cb,"{""density_coefficients"":[18,4],""dipole"":[1,3],""electron_energy"":[1],""electrostatic_energy"":[1],""energy"":[1],""node_feats"":[18,13824],""spin_charge_density"":[18,2,4],""spin_density"":[18,4]}"
A010_Q0_M2,S003,453218d85f51b6be15ae3dfddcad1178ca33a1e71d759b1d267425ca88d19c56,0,2,fd696c5f53ba091b0b4ed05b2f68e2746a76cabb1b3d4073bf5e9adf4129f58f,artifacts/base_features/fd/fd696c5f53ba091b0b4ed05b2f68e2746a76cabb1b3d4073bf5e9adf4129f58f.npz,b8f208510e2f3c5d305670eac01f1d12d4104e32ca5fb9f312cdb75085e08974,3095,-29636.0293549988,polar-1-l,9f65f8dc6ddaff1d631e299cb531376a7da5e68d1bef04f34a2d5073d5ef114b,0.3.16,4d2da09413ac1407f37cdbb6b81fa28e4c15655e,e552c116b7d2c653f98b01f5c4fd599997f19f669a32bc6bf16396dd9f79365b,0.4.0,0e21d5546c482d08388a08eb4d948e833227ce47,079b233934150a3eee30444ce2408e09895ec4dd958ec60a822f870fa1284b99,float64,polar1l_rotation_invariants_v1,7beb8d4d9a8231a484c0bb6ff44b6b2e450eee2ca8a447370f350ed8678929cb,"{""density_coefficients"":[30,4],""dipole"":[1,3],""electron_energy"":[1],""electrostatic_energy"":[1],""energy"":[1],""node_feats"":[30,13824],""spin_charge_density"":[30,2,4],""spin_density"":[30,4]}"
A010_Q0_M2,S013,31445a51dc522fde9e65c8b8f3bf7f4acecf25765f97fb269811615515d999c5,0,2,af49441d59ecc65f133d09a315f1caf6fc8aff81bb58cd47cd006b0b28da0871,artifacts/base_features/af/af49441d59ecc65f133d09a315f1caf6fc8aff81bb58cd47cd006b0b28da0871.npz,d065e70dda82c7a1596b23d8910ae5c368c7c3cf9677d4eb366586916fcf6468,3095,-29636.0266481101,polar-1-l,9f65f8dc6ddaff1d631e299cb531376a7da5e68d1bef04f34a2d5073d5ef114b,0.3.16,4d2da09413ac1407f37cdbb6b81fa28e4c15655e,e552c116b7d2c653f98b01f5c4fd599997f19f669a32bc6bf16396dd9f79365b,0.4.0,0e21d5546c482d08388a08eb4d948e833227ce47,079b233934150a3eee30444ce2408e09895ec4dd958ec60a822f870fa1284b99,float64,polar1l_rotation_invariants_v1,7beb8d4d9a8231a484c0bb6ff44b6b2e450eee2ca8a447370f350ed8678929cb,"{""density_coefficients"":[30,4],""dipole"":[1,3],""electron_energy"":[1],""electrostatic_energy"":[1],""energy"":[1],""node_feats"":[30,13824],""spin_charge_density"":[30,2,4],""spin_density"":[30,4]}"
A010_Q0_M2,S020,b46b8e19f4c8a359e3e200afa9e7c8c4e841da39a0016e3961180087a2405d1a,0,2,51f0129e89c755a7adcea4bb58aacfb1d6d5770f5079bf31b14363aa6a7c8e71,artifacts/base_features/51/51f0129e89c755a7adcea4bb58aacfb1d6d5770f5079bf31b14363aa6a7c8e71.npz,5ab2f3f2b549104f26e7eff25e945112816f7a7e90ed2b4c3e24a8dd54d187c5,3095,-29636.0184583016,polar-1-l,9f65f8dc6ddaff1d631e299cb531376a7da5e68d1bef04f34a2d5073d5ef114b,0.3.16,4d2da09413ac1407f37cdbb6b81fa28e4c15655e,e552c116b7d2c653f98b01f5c4fd599997f19f669a32bc6bf16396dd9f79365b,0.4.0,0e21d5546c482d08388a08eb4d948e833227ce47,079b233934150a3eee30444ce2408e09895ec4dd958ec60a822f870fa1284b99,float64,polar1l_rotation_invariants_v1,7beb8d4d9a8231a484c0bb6ff44b6b2e450eee2ca8a447370f350ed8678929cb,"{""density_coefficients"":[30,4],""dipole"":[1,3],""electron_energy"":[1],""electrostatic_energy"":[1],""energy"":[1],""node_feats"":[30,13824],""spin_charge_density"":[30,2,4],""spin_density"":[30,4]}"
A010_Q0_M2,S024,8577edde83d3c430a5de6100938e2e143bb3f0c4d03179393be4adfb3752c891,0,2,5955dd19190039267de0e2a559a81d35b1c4e8384b5e6d39ffbfaaa92a78297a,artifacts/base_features/59/5955dd19190039267de0e2a559a81d35b1c4e8384b5e6d39ffbfaaa92a78297a.npz,810079fff5fc2e9c6aba412dd6729aeba225f0f3d5b366e055b38c9f2fc1a3a0,3095,-29636.0193305123,polar-1-l,9f65f8dc6ddaff1d631e299cb531376a7da5e68d1bef04f34a2d5073d5ef114b,0.3.16,4d2da09413ac1407f37cdbb6b81fa28e4c15655e,e552c116b7d2c653f98b01f5c4fd599997f19f669a32bc6bf16396dd9f79365b,0.4.0,0e21d5546c482d08388a08eb4d948e833227ce47,079b233934150a3eee30444ce2408e09895ec4dd958ec60a822f870fa1284b99,float64,polar1l_rotation_invariants_v1,7beb8d4d9a8231a484c0bb6ff44b6b2e450eee2ca8a447370f350ed8678929cb,"{""density_coefficients"":[30,4],""dipole"":[1,3],""electron_energy"":[1],""electrostatic_energy"":[1],""energy"":[1],""node_feats"":[30,13824],""spin_charge_density"":[30,2,4],""spin_density"":[30,4]}"
A010_QM1_M1,S003,92122a81a13e434a5a591a398b1b8420d7a4be55ef5307f0dd5bc13b503ac936,-1,1,8130d0c356b30c4fb9867e19b409a77ae31dacd3cc590ff12ed62d946b2959fd,artifacts/base_features/81/8130d0c356b30c4fb9867e19b409a77ae31dacd3cc590ff12ed62d946b2959fd.npz,aa80ef99ee90e02021ca16e3e84b40f336f62ffc08b1ca330f1d82b00fbaac98,3095,-29641.1449488195,polar-1-l,9f65f8dc6ddaff1d631e299cb531376a7da5e68d1bef04f34a2d5073d5ef114b,0.3.16,4d2da09413ac1407f37cdbb6b81fa28e4c15655e,e552c116b7d2c653f98b01f5c4fd599997f19f669a32bc6bf16396dd9f79365b,0.4.0,0e21d5546c482d08388a08eb4d948e833227ce47,079b233934150a3eee30444ce2408e09895ec4dd958ec60a822f870fa1284b99,float64,polar1l_rotation_invariants_v1,7beb8d4d9a8231a484c0bb6ff44b6b2e450eee2ca8a447370f350ed8678929cb,"{""density_coefficients"":[30,4],""dipole"":[1,3],""electron_energy"":[1],""electrostatic_energy"":[1],""energy"":[1],""node_feats"":[30,13824],""spin_charge_density"":[30,2,4],""spin_density"":[30,4]}"
A010_QM1_M1,S013,eb63c75f01b5b1adccc020e5a6ef20dedff3dca59876fd1a357792454e0f9a36,-1,1,f9f181a2a7e70a054e616216025a1f5aa07fa3cbd56fc9e24131c45c80596b72,artifacts/base_features/f9/f9f181a2a7e70a054e616216025a1f5aa07fa3cbd56fc9e24131c45c80596b72.npz,bf82389634a9f7c6662fb90a4902d02e8f45a7c5101748fceaf95be5bba426a4,3095,-29641.1485316046,polar-1-l,9f65f8dc6ddaff1d631e299cb531376a7da5e68d1bef04f34a2d5073d5ef114b,0.3.16,4d2da09413ac1407f37cdbb6b81fa28e4c15655e,e552c116b7d2c653f98b01f5c4fd599997f19f669a32bc6bf16396dd9f79365b,0.4.0,0e21d5546c482d08388a08eb4d948e833227ce47,079b233934150a3eee30444ce2408e09895ec4dd958ec60a822f870fa1284b99,float64,polar1l_rotation_invariants_v1,7beb8d4d9a8231a484c0bb6ff44b6b2e450eee2ca8a447370f350ed8678929cb,"{""density_coefficients"":[30,4],""dipole"":[1,3],""electron_energy"":[1],""electrostatic_energy"":[1],""energy"":[1],""node_feats"":[30,13824],""spin_charge_density"":[30,2,4],""spin_density"":[30,4]}"
A010_QM1_M1,S020,5574979ba1bea685f3ce089c724a20b3aef41dcda3ad0f29df4150ebcd3b4be9,-1,1,4d5136d986f380c9f1bd9866ac21eb38a689722e6ec32f209a85c9253a05ed86,artifacts/base_features/4d/4d5136d986f380c9f1bd9866ac21eb38a689722e6ec32f209a85c9253a05ed86.npz,c607465133c5fbfbeabe62b059ca556341b237be52eda674bea71165318b8612,3095,-29641.1602056034,polar-1-l,9f65f8dc6ddaff1d631e299cb531376a7da5e68d1bef04f34a2d5073d5ef114b,0.3.16,4d2da09413ac1407f37cdbb6b81fa28e4c15655e,e552c116b7d2c653f98b01f5c4fd599997f19f669a32bc6bf16396dd9f79365b,0.4.0,0e21d5546c482d08388a08eb4d948e833227ce47,079b233934150a3eee30444ce2408e09895ec4dd958ec60a822f870fa1284b99,float64,polar1l_rotation_invariants_v1,7beb8d4d9a8231a484c0bb6ff44b6b2e450eee2ca8a447370f350ed8678929cb,"{""density_coefficients"":[30,4],""dipole"":[1,3],""electron_energy"":[1],""electrostatic_energy"":[1],""energy"":[1],""node_feats"":[30,13824],""spin_charge_density"":[30,2,4],""spin_density"":[30,4]}"
A010_QM1_M1,S024,32ff79904d9844096c0c10c38d733ac133c372e80a09fe5a047fd243445eb2ea,-1,1,8d4e082c10569f2657968383e0275002e9b567291341fdcd277638d64fbd6971,artifacts/base_features/8d/8d4e082c10569f2657968383e0275002e9b567291341fdcd277638d64fbd6971.npz,6e68c766262079fcf463ad01971517f30fa61873f56c18477e10aa313b1a7960,3095,-29641.1794607134,polar-1-l,9f65f8dc6ddaff1d631e299cb531376a7da5e68d1bef04f34a2d5073d5ef114b,0.3.16,4d2da09413ac1407f37cdbb6b81fa28e4c15655e,e552c116b7d2c653f98b01f5c4fd599997f19f669a32bc6bf16396dd9f79365b,0.4.0,0e21d5546c482d08388a08eb4d948e833227ce47,079b233934150a3eee30444ce2408e09895ec4dd958ec60a822f870fa1284b99,float64,polar1l_rotation_invariants_v1,7beb8d4d9a8231a484c0bb6ff44b6b2e450eee2ca8a447370f350ed8678929cb,"{""density_coefficients"":[30,4],""dipole"":[1,3],""electron_energy"":[1],""electrostatic_energy"":[1],""energy"":[1],""node_feats"":[30,13824],""spin_charge_density"":[30,2,4],""spin_density"":[30,4]}"
A011_Q0_M2,S001,4ef4f79c50ca1be022a9ca3dd5c0a459465049e58668e44e5beb63440a3f12d3,0,2,c30bdc9d7b94c636271d2d0c6f47c649b92dba060ee7f3c1893e624f86c9c808,artifacts/base_features/c3/c30bdc9d7b94c636271d2d0c6f47c649b92dba060ee7f3c1893e624f86c9c808.npz,3f7211e6d44f62414e71f69f5b1e920841cf4d0f9aa4ab2c5f18ddf0c8841a9f,3095,-12520.7293147499,polar-1-l,9f65f8dc6ddaff1d631e299cb531376a7da5e68d1bef04f34a2d5073d5ef114b,0.3.16,4d2da09413ac1407f37cdbb6b81fa28e4c15655e,e552c116b7d2c653f98b01f5c4fd599997f19f669a32bc6bf16396dd9f79365b,0.4.0,0e21d5546c482d08388a08eb4d948e833227ce47,079b233934150a3eee30444ce2408e09895ec4dd958ec60a822f870fa1284b99,float64,polar1l_rotation_invariants_v1,7beb8d4d9a8231a484c0bb6ff44b6b2e450eee2ca8a447370f350ed8678929cb,"{""density_coefficients"":[1,4],""dipole"":[1,3],""electron_energy"":[1],""electrostatic_energy"":[1],""energy"":[1],""node_feats"":[1,13824],""spin_charge_density"":[1,2,4],""spin_density"":[1,4]}"
A011_Q0_M2,S007,4ef4f79c50ca1be022a9ca3dd5c0a459465049e58668e44e5beb63440a3f12d3,0,2,c30bdc9d7b94c636271d2d0c6f47c649b92dba060ee7f3c1893e624f86c9c808,artifacts/base_features/c3/c30bdc9d7b94c636271d2d0c6f47c649b92dba060ee7f3c1893e624f86c9c808.npz,3f7211e6d44f62414e71f69f5b1e920841cf4d0f9aa4ab2c5f18ddf0c8841a9f,3095,-12520.7293147499,polar-1-l,9f65f8dc6ddaff1d631e299cb531376a7da5e68d1bef04f34a2d5073d5ef114b,0.3.16,4d2da09413ac1407f37cdbb6b81fa28e4c15655e,e552c116b7d2c653f98b01f5c4fd599997f19f669a32bc6bf16396dd9f79365b,0.4.0,0e21d5546c482d08388a08eb4d948e833227ce47,079b233934150a3eee30444ce2408e09895ec4dd958ec60a822f870fa1284b99,float64,polar1l_rotation_invariants_v1,7beb8d4d9a8231a484c0bb6ff44b6b2e450eee2ca8a447370f350ed8678929cb,"{""density_coefficients"":[1,4],""dipole"":[1,3],""electron_energy"":[1],""electrostatic_energy"":[1],""energy"":[1],""node_feats"":[1,13824],""spin_charge_density"":[1,2,4],""spin_density"":[1,4]}"
A011_Q0_M2,S017,4ef4f79c50ca1be022a9ca3dd5c0a459465049e58668e44e5beb63440a3f12d3,0,2,c30bdc9d7b94c636271d2d0c6f47c649b92dba060ee7f3c1893e624f86c9c808,artifacts/base_features/c3/c30bdc9d7b94c636271d2d0c6f47c649b92dba060ee7f3c1893e624f86c9c808.npz,3f7211e6d44f62414e71f69f5b1e920841cf4d0f9aa4ab2c5f18ddf0c8841a9f,3095,-12520.7293147499,polar-1-l,9f65f8dc6ddaff1d631e299cb531376a7da5e68d1bef04f34a2d5073d5ef114b,0.3.16,4d2da09413ac1407f37cdbb6b81fa28e4c15655e,e552c116b7d2c653f98b01f5c4fd599997f19f669a32bc6bf16396dd9f79365b,0.4.0,0e21d5546c482d08388a08eb4d948e833227ce47,079b233934150a3eee30444ce2408e09895ec4dd958ec60a822f870fa1284b99,float64,polar1l_rotation_invariants_v1,7beb8d4d9a8231a484c0bb6ff44b6b2e450eee2ca8a447370f350ed8678929cb,"{""density_coefficients"":[1,4],""dipole"":[1,3],""electron_energy"":[1],""electrostatic_energy"":[1],""energy"":[1],""node_feats"":[1,13824],""spin_charge_density"":[1,2,4],""spin_density"":[1,4]}"
A011_Q0_M2,S022,4ef4f79c50ca1be022a9ca3dd5c0a459465049e58668e44e5beb63440a3f12d3,0,2,c30bdc9d7b94c636271d2d0c6f47c649b92dba060ee7f3c1893e624f86c9c808,artifacts/base_features/c3/c30bdc9d7b94c636271d2d0c6f47c649b92dba060ee7f3c1893e624f86c9c808.npz,3f7211e6d44f62414e71f69f5b1e920841cf4d0f9aa4ab2c5f18ddf0c8841a9f,3095,-12520.7293147499,polar-1-l,9f65f8dc6ddaff1d631e299cb531376a7da5e68d1bef04f34a2d5073d5ef114b,0.3.16,4d2da09413ac1407f37cdbb6b81fa28e4c15655e,e552c116b7d2c653f98b01f5c4fd599997f19f669a32bc6bf16396dd9f79365b,0.4.0,0e21d5546c482d08388a08eb4d948e833227ce47,079b233934150a3eee30444ce2408e09895ec4dd958ec60a822f870fa1284b99,float64,polar1l_rotation_invariants_v1,7beb8d4d9a8231a484c0bb6ff44b6b2e450eee2ca8a447370f350ed8678929cb,"{""density_coefficients"":[1,4],""dipole"":[1,3],""electron_energy"":[1],""electrostatic_energy"":[1],""energy"":[1],""node_feats"":[1,13824],""spin_charge_density"":[1,2,4],""spin_density"":[1,4]}"
A011_QM1_M1,S001,f9aa82c509d292fbd77aa7449566cf5f5cfc5a0ea7f6e563dfd3682d911b5f32,-1,1,32a596598804f6a06b067a65388250febb3f6481a42f061c72ebec00c0efd5b9,artifacts/base_features/32/32a596598804f6a06b067a65388250febb3f6481a42f061c72ebec00c0efd5b9.npz,0adf260d167911c8cfe7a546014f50e4f6633ddeb117f3b59280374a9ca3da74,3095,-12524.3120823213,polar-1-l,9f65f8dc6ddaff1d631e299cb531376a7da5e68d1bef04f34a2d5073d5ef114b,0.3.16,4d2da09413ac1407f37cdbb6b81fa28e4c15655e,e552c116b7d2c653f98b01f5c4fd599997f19f669a32bc6bf16396dd9f79365b,0.4.0,0e21d5546c482d08388a08eb4d948e833227ce47,079b233934150a3eee30444ce2408e09895ec4dd958ec60a822f870fa1284b99,float64,polar1l_rotation_invariants_v1,7beb8d4d9a8231a484c0bb6ff44b6b2e450eee2ca8a447370f350ed8678929cb,"{""density_coefficients"":[1,4],""dipole"":[1,3],""electron_energy"":[1],""electrostatic_energy"":[1],""energy"":[1],""node_feats"":[1,13824],""spin_charge_density"":[1,2,4],""spin_density"":[1,4]}"
A011_QM1_M1,S007,858fe9c1797d7b7087bd4e98d3c607ccfae413451b4e6ac98f6c134211400962,-1,1,42941d5099f41a3b6a4fff4fcd14173536f9ffc04767184a80c73cce912584b7,artifacts/base_features/42/42941d5099f41a3b6a4fff4fcd14173536f9ffc04767184a80c73cce912584b7.npz,0adf260d167911c8cfe7a546014f50e4f6633ddeb117f3b59280374a9ca3da74,3095,-12524.3120823213,polar-1-l,9f65f8dc6ddaff1d631e299cb531376a7da5e68d1bef04f34a2d5073d5ef114b,0.3.16,4d2da09413ac1407f37cdbb6b81fa28e4c15655e,e552c116b7d2c653f98b01f5c4fd599997f19f669a32bc6bf16396dd9f79365b,0.4.0,0e21d5546c482d08388a08eb4d948e833227ce47,079b233934150a3eee30444ce2408e09895ec4dd958ec60a822f870fa1284b99,float64,polar1l_rotation_invariants_v1,7beb8d4d9a8231a484c0bb6ff44b6b2e450eee2ca8a447370f350ed8678929cb,"{""density_coefficients"":[1,4],""dipole"":[1,3],""electron_energy"":[1],""electrostatic_energy"":[1],""energy"":[1],""node_feats"":[1,13824],""spin_charge_density"":[1,2,4],""spin_density"":[1,4]}"
A011_QM1_M1,S017,e6ae1f1806c7692a1ceacdf6478d0b9af35ba97d86ebd0f6720d0adc1b3856b4,-1,1,d0847566173e76214361e760101f8645a8ea4ced195423fe0b4cb3a9a2b4f51f,artifacts/base_features/d0/d0847566173e76214361e760101f8645a8ea4ced195423fe0b4cb3a9a2b4f51f.npz,0adf260d167911c8cfe7a546014f50e4f6633ddeb117f3b59280374a9ca3da74,3095,-12524.3120823213,polar-1-l,9f65f8dc6ddaff1d631e299cb531376a7da5e68d1bef04f34a2d5073d5ef114b,0.3.16,4d2da09413ac1407f37cdbb6b81fa28e4c15655e,e552c116b7d2c653f98b01f5c4fd599997f19f669a32bc6bf16396dd9f79365b,0.4.0,0e21d5546c482d08388a08eb4d948e833227ce47,079b233934150a3eee30444ce2408e09895ec4dd958ec60a822f870fa1284b99,float64,polar1l_rotation_invariants_v1,7beb8d4d9a8231a484c0bb6ff44b6b2e450eee2ca8a447370f350ed8678929cb,"{""density_coefficients"":[1,4],""dipole"":[1,3],""electron_energy"":[1],""electrostatic_energy"":[1],""energy"":[1],""node_feats"":[1,13824],""spin_charge_density"":[1,2,4],""spin_density"":[1,4]}"
A011_QM1_M1,S022,512ec400348b6a4f4c0d6410a90c0bfbfd6a2d5cd2536d860547f96880f611a1,-1,1,948d5c553c6e3291bd20cb9848af4b58cb7b7e7a081cbe3642441844cb3d8f80,artifacts/base_features/94/948d5c553c6e3291bd20cb9848af4b58cb7b7e7a081cbe3642441844cb3d8f80.npz,0adf260d167911c8cfe7a546014f50e4f6633ddeb117f3b59280374a9ca3da74,3095,-12524.3120823213,polar-1-l,9f65f8dc6ddaff1d631e299cb531376a7da5e68d1bef04f34a2d5073d5ef114b,0.3.16,4d2da09413ac1407f37cdbb6b81fa28e4c15655e,e552c116b7d2c653f98b01f5c4fd599997f19f669a32bc6bf16396dd9f79365b,0.4.0,0e21d5546c482d08388a08eb4d948e833227ce47,079b233934150a3eee30444ce2408e09895ec4dd958ec60a822f870fa1284b99,float64,polar1l_rotation_invariants_v1,7beb8d4d9a8231a484c0bb6ff44b6b2e450eee2ca8a447370f350ed8678929cb,"{""density_coefficients"":[1,4],""dipole"":[1,3],""electron_energy"":[1],""electrostatic_energy"":[1],""energy"":[1],""node_feats"":[1,13824],""spin_charge_density"":[1,2,4],""spin_density"":[1,4]}"
D001_QP2_M1,S001,5adffce99ca2e72873c4163f35d7adf46d50ddad9fa112bbd17e3ff93bd39b53,2,1,a458b758fe8f29d8f652ca8fc903e93d12db859ab35f673d17e08db8a43f74a2,artifacts/base_features/a4/a458b758fe8f29d8f652ca8fc903e93d12db859ab35f673d17e08db8a43f74a2.npz,6efe4781164f01fc9a2a16c0c2e772841c783e317b059f6a0e4df926d7aed642,3095,-30076.8435903119,polar-1-l,9f65f8dc6ddaff1d631e299cb531376a7da5e68d1bef04f34a2d5073d5ef114b,0.3.16,4d2da09413ac1407f37cdbb6b81fa28e4c15655e,e552c116b7d2c653f98b01f5c4fd599997f19f669a32bc6bf16396dd9f79365b,0.4.0,0e21d5546c482d08388a08eb4d948e833227ce47,079b233934150a3eee30444ce2408e09895ec4dd958ec60a822f870fa1284b99,float64,polar1l_rotation_invariants_v1,7beb8d4d9a8231a484c0bb6ff44b6b2e450eee2ca8a447370f350ed8678929cb,"{""density_coefficients"":[18,4],""dipole"":[1,3],""electron_energy"":[1],""electrostatic_energy"":[1],""energy"":[1],""node_feats"":[18,13824],""spin_charge_density"":[18,2,4],""spin_density"":[18,4]}"
D001_QP2_M1,S007,3a9c036d6ecc4617fda35014cd33afb0eef4783a8741f93aaea436c3cae43428,2,1,2fe7292ac5c8b6ff4f9c565d92fe92f14cc6e2832e9c60e4447d9a1fd3482e96,artifacts/base_features/2f/2fe7292ac5c8b6ff4f9c565d92fe92f14cc6e2832e9c60e4447d9a1fd3482e96.npz,91f720f2abe900bed7c54187f53be1d53fdb11f521d933064b44e63bd737ff4d,3095,-30076.843463148,polar-1-l,9f65f8dc6ddaff1d631e299cb531376a7da5e68d1bef04f34a2d5073d5ef114b,0.3.16,4d2da09413ac1407f37cdbb6b81fa28e4c15655e,e552c116b7d2c653f98b01f5c4fd599997f19f669a32bc6bf16396dd9f79365b,0.4.0,0e21d5546c482d08388a08eb4d948e833227ce47,079b233934150a3eee30444ce2408e09895ec4dd958ec60a822f870fa1284b99,float64,polar1l_rotation_invariants_v1,7beb8d4d9a8231a484c0bb6ff44b6b2e450eee2ca8a447370f350ed8678929cb,"{""density_coefficients"":[18,4],""dipole"":[1,3],""electron_energy"":[1],""electrostatic_energy"":[1],""energy"":[1],""node_feats"":[18,13824],""spin_charge_density"":[18,2,4],""spin_density"":[18,4]}"
D001_QP2_M1,S015,6639a1556ec0fb2492b0dfc778fe6f22e7649ecccb765fb06087e3ee5b42e3dd,2,1,a671e7f4d78eb7a1110d1a10c2a1c94b7961af4eb6de4a00994bac6dfd3d510c,artifacts/base_features/a6/a671e7f4d78eb7a1110d1a10c2a1c94b7961af4eb6de4a00994bac6dfd3d510c.npz,0cca09481b5129b707a23a846c298d1d4a6b4b85850bfc3f10fae19e6a50602b,3095,-30076.8446145201,polar-1-l,9f65f8dc6ddaff1d631e299cb531376a7da5e68d1bef04f34a2d5073d5ef114b,0.3.16,4d2da09413ac1407f37cdbb6b81fa28e4c15655e,e552c116b7d2c653f98b01f5c4fd599997f19f669a32bc6bf16396dd9f79365b,0.4.0,0e21d5546c482d08388a08eb4d948e833227ce47,079b233934150a3eee30444ce2408e09895ec4dd958ec60a822f870fa1284b99,float64,polar1l_rotation_invariants_v1,7beb8d4d9a8231a484c0bb6ff44b6b2e450eee2ca8a447370f350ed8678929cb,"{""density_coefficients"":[18,4],""dipole"":[1,3],""electron_energy"":[1],""electrostatic_energy"":[1],""energy"":[1],""node_feats"":[18,13824],""spin_charge_density"":[18,2,4],""spin_density"":[18,4]}"
D001_QP2_M1,S022,acfd3d8f4a46c47b2c734cb458b7109db133927d638d879af38f52c44baf4ce6,2,1,29d2da6671eba6f22e54998b21f0a803328d9ccd9ee559fc710aa7db24497b17,artifacts/base_features/29/29d2da6671eba6f22e54998b21f0a803328d9ccd9ee559fc710aa7db24497b17.npz,0e500877ff5163b0b379a0a8c13622d6d683a2b01586f9c636ff8a72ad5c864d,3095,-30076.8432630415,polar-1-l,9f65f8dc6ddaff1d631e299cb531376a7da5e68d1bef04f34a2d5073d5ef114b,0.3.16,4d2da09413ac1407f37cdbb6b81fa28e4c15655e,e552c116b7d2c653f98b01f5c4fd599997f19f669a32bc6bf16396dd9f79365b,0.4.0,0e21d5546c482d08388a08eb4d948e833227ce47,079b233934150a3eee30444ce2408e09895ec4dd958ec60a822f870fa1284b99,float64,polar1l_rotation_invariants_v1,7beb8d4d9a8231a484c0bb6ff44b6b2e450eee2ca8a447370f350ed8678929cb,"{""density_coefficients"":[18,4],""dipole"":[1,3],""electron_energy"":[1],""electrostatic_energy"":[1],""energy"":[1],""node_feats"":[18,13824],""spin_charge_density"":[18,2,4],""spin_density"":[18,4]}"
D007_QP2_M1,S004,0efab730f80847159e2455e2bdd13bf8cad977fe8eee9f77e67ff2c9223e5b0a,2,1,4e7c9ee73ac2f3760bf4728fddcc69713d2cd1a7e448c91142770a2de24c4668,artifacts/base_features/4e/4e7c9ee73ac2f3760bf4728fddcc69713d2cd1a7e448c91142770a2de24c4668.npz,f682479e34592e6925ccdcde68b6555ffbf551d40afe86799e9613a597cb126e,3095,-47190.8249278994,polar-1-l,9f65f8dc6ddaff1d631e299cb531376a7da5e68d1bef04f34a2d5073d5ef114b,0.3.16,4d2da09413ac1407f37cdbb6b81fa28e4c15655e,e552c116b7d2c653f98b01f5c4fd599997f19f669a32bc6bf16396dd9f79365b,0.4.0,0e21d5546c482d08388a08eb4d948e833227ce47,079b233934150a3eee30444ce2408e09895ec4dd958ec60a822f870fa1284b99,float64,polar1l_rotation_invariants_v1,7beb8d4d9a8231a484c0bb6ff44b6b2e450eee2ca8a447370f350ed8678929cb,"{""density_coefficients"":[66,4],""dipole"":[1,3],""electron_energy"":[1],""electrostatic_energy"":[1],""energy"":[1],""node_feats"":[66,13824],""spin_charge_density"":[66,2,4],""spin_density"":[66,4]}"
D007_QP2_M1,S011,c8cde41807ca08f33e71d0b4509839a71fc895e508a57f70a0d1dc9240bd49a0,2,1,4e067ea4e9582ad61c8d5b3bc9f81fee662a18403027833372a3a9c6ff2bdf00,artifacts/base_features/4e/4e067ea4e9582ad61c8d5b3bc9f81fee662a18403027833372a3a9c6ff2bdf00.npz,4a94e6b211148c52e6a798ec679c2fe891896b118ecc73cc0c2ab5e6810b79df,3095,-47190.8194849105,polar-1-l,9f65f8dc6ddaff1d631e299cb531376a7da5e68d1bef04f34a2d5073d5ef114b,0.3.16,4d2da09413ac1407f37cdbb6b81fa28e4c15655e,e552c116b7d2c653f98b01f5c4fd599997f19f669a32bc6bf16396dd9f79365b,0.4.0,0e21d5546c482d08388a08eb4d948e833227ce47,079b233934150a3eee30444ce2408e09895ec4dd958ec60a822f870fa1284b99,float64,polar1l_rotation_invariants_v1,7beb8d4d9a8231a484c0bb6ff44b6b2e450eee2ca8a447370f350ed8678929cb,"{""density_coefficients"":[66,4],""dipole"":[1,3],""electron_energy"":[1],""electrostatic_energy"":[1],""energy"":[1],""node_feats"":[66,13824],""spin_charge_density"":[66,2,4],""spin_density"":[66,4]}"
D007_QP2_M1,S016,2f82a50b2f366c622f57867713ee8b618c40ac1376577f8e1f671d05daaefae3,2,1,c1d3798961d4a6a9b5b657f4bf3c26f2f14413f201f97641ed66d1c75620ffc3,artifacts/base_features/c1/c1d3798961d4a6a9b5b657f4bf3c26f2f14413f201f97641ed66d1c75620ffc3.npz,05083b592866b44d773825fc43a2a36e40eefba5a44de1a2c23a0a435bc72f01,3095,-47190.8252585833,polar-1-l,9f65f8dc6ddaff1d631e299cb531376a7da5e68d1bef04f34a2d5073d5ef114b,0.3.16,4d2da09413ac1407f37cdbb6b81fa28e4c15655e,e552c116b7d2c653f98b01f5c4fd599997f19f669a32bc6bf16396dd9f79365b,0.4.0,0e21d5546c482d08388a08eb4d948e833227ce47,079b233934150a3eee30444ce2408e09895ec4dd958ec60a822f870fa1284b99,float64,polar1l_rotation_invariants_v1,7beb8d4d9a8231a484c0bb6ff44b6b2e450eee2ca8a447370f350ed8678929cb,"{""density_coefficients"":[66,4],""dipole"":[1,3],""electron_energy"":[1],""electrostatic_energy"":[1],""energy"":[1],""node_feats"":[66,13824],""spin_charge_density"":[66,2,4],""spin_density"":[66,4]}"
D007_QP2_M1,S024,9b4d0adc49e9f52e2268fb2e7feea38cb66416e10daf841134b7b8f20cd09203,2,1,ab3e86ea41244f57f405a7d9cec310e2ed5ee58ec7ff922d083cd5ba781cc25f,artifacts/base_features/ab/ab3e86ea41244f57f405a7d9cec310e2ed5ee58ec7ff922d083cd5ba781cc25f.npz,fffe6bf64a437ec2446dacf5224e27492e58d2643540809e1cc8cbad81de5a8d,3095,-47190.8714515685,polar-1-l,9f65f8dc6ddaff1d631e299cb531376a7da5e68d1bef04f34a2d5073d5ef114b,0.3.16,4d2da09413ac1407f37cdbb6b81fa28e4c15655e,e552c116b7d2c653f98b01f5c4fd599997f19f669a32bc6bf16396dd9f79365b,0.4.0,0e21d5546c482d08388a08eb4d948e833227ce47,079b233934150a3eee30444ce2408e09895ec4dd958ec60a822f870fa1284b99,float64,polar1l_rotation_invariants_v1,7beb8d4d9a8231a484c0bb6ff44b6b2e450eee2ca8a447370f350ed8678929cb,"{""density_coefficients"":[66,4],""dipole"":[1,3],""electron_energy"":[1],""electrostatic_energy"":[1],""energy"":[1],""node_feats"":[66,13824],""spin_charge_density"":[66,2,4],""spin_density"":[66,4]}"
D022_QP2_M1,S001,f824f543517095f3e0beb448eadf5ed9401775434c57f8906c346970b25715fa,2,1,ad8aeac1e149fd3b753bfb9f390341df6fe7822f6d4668dc6fd5c5aaa58ed0da,artifacts/base_features/ad/ad8aeac1e149fd3b753bfb9f390341df6fe7822f6d4668dc6fd5c5aaa58ed0da.npz,65335368cdab9bec33971d38a5d803045cbac8c8d1b4670dea9791fc934cbe93,3095,-42480.2404423839,polar-1-l,9f65f8dc6ddaff1d631e299cb531376a7da5e68d1bef04f34a2d5073d5ef114b,0.3.16,4d2da09413ac1407f37cdbb6b81fa28e4c15655e,e552c116b7d2c653f98b01f5c4fd599997f19f669a32bc6bf16396dd9f79365b,0.4.0,0e21d5546c482d08388a08eb4d948e833227ce47,079b233934150a3eee30444ce2408e09895ec4dd958ec60a822f870fa1284b99,float64,polar1l_rotation_invariants_v1,7beb8d4d9a8231a484c0bb6ff44b6b2e450eee2ca8a447370f350ed8678929cb,"{""density_coefficients"":[30,4],""dipole"":[1,3],""electron_energy"":[1],""electrostatic_energy"":[1],""energy"":[1],""node_feats"":[30,13824],""spin_charge_density"":[30,2,4],""spin_density"":[30,4]}"
D022_QP2_M1,S002,5f1271355e5fa1abf9630b0cdd7cbf62787917512da10c0f13ff8f63331adab6,2,1,eecd2ff02b8421f80c7e73255497b11d163a47255de55410f0b30fbedc29da33,artifacts/base_features/ee/eecd2ff02b8421f80c7e73255497b11d163a47255de55410f0b30fbedc29da33.npz,febb9944db5318a722d4018790c4e037eb7118f61789620d6bab297a241f72b2,3095,-42480.2535385521,polar-1-l,9f65f8dc6ddaff1d631e299cb531376a7da5e68d1bef04f34a2d5073d5ef114b,0.3.16,4d2da09413ac1407f37cdbb6b81fa28e4c15655e,e552c116b7d2c653f98b01f5c4fd599997f19f669a32bc6bf16396dd9f79365b,0.4.0,0e21d5546c482d08388a08eb4d948e833227ce47,079b233934150a3eee30444ce2408e09895ec4dd958ec60a822f870fa1284b99,float64,polar1l_rotation_invariants_v1,7beb8d4d9a8231a484c0bb6ff44b6b2e450eee2ca8a447370f350ed8678929cb,"{""density_coefficients"":[30,4],""dipole"":[1,3],""electron_energy"":[1],""electrostatic_energy"":[1],""energy"":[1],""node_feats"":[30,13824],""spin_charge_density"":[30,2,4],""spin_density"":[30,4]}"
D022_QP2_M1,S003,3334df37b9842128f5a5d20ca225b76f3fef9638296a93dd6d3fe55257e518e3,2,1,bb1952443fd61c0a016d00297ab95d7cbc0a45c9bfb5799a52cbf8b60f4f98e4,artifacts/base_features/bb/bb1952443fd61c0a016d00297ab95d7cbc0a45c9bfb5799a52cbf8b60f4f98e4.npz,6baa5d277b54bbc0ebdfefca6536ab5b293313cc76a8b02effca07845529b57a,3095,-42480.2414066282,polar-1-l,9f65f8dc6ddaff1d631e299cb531376a7da5e68d1bef04f34a2d5073d5ef114b,0.3.16,4d2da09413ac1407f37cdbb6b81fa28e4c15655e,e552c116b7d2c653f98b01f5c4fd599997f19f669a32bc6bf16396dd9f79365b,0.4.0,0e21d5546c482d08388a08eb4d948e833227ce47,079b233934150a3eee30444ce2408e09895ec4dd958ec60a822f870fa1284b99,float64,polar1l_rotation_invariants_v1,7beb8d4d9a8231a484c0bb6ff44b6b2e450eee2ca8a447370f350ed8678929cb,"{""density_coefficients"":[30,4],""dipole"":[1,3],""electron_energy"":[1],""electrostatic_energy"":[1],""energy"":[1],""node_feats"":[30,13824],""spin_charge_density"":[30,2,4],""spin_density"":[30,4]}"
D022_QP2_M1,S004,172cf14b812b026cac24e0b4a0a411a188cf96fffde66a6971210d07f9aa6667,2,1,32040e55294b37cb58d8970c19ef01908a25bf1bd632f462143bfd926d5ee8bb,artifacts/base_features/32/32040e55294b37cb58d8970c19ef01908a25bf1bd632f462143bfd926d5ee8bb.npz,b0c6fad66f7702ada82507a3d01a69edf6d3dccc1a887d46bade669cba684e17,3095,-42480.2405162434,polar-1-l,9f65f8dc6ddaff1d631e299cb531376a7da5e68d1bef04f34a2d5073d5ef114b,0.3.16,4d2da09413ac1407f37cdbb6b81fa28e4c15655e,e552c116b7d2c653f98b01f5c4fd599997f19f669a32bc6bf16396dd9f79365b,0.4.0,0e21d5546c482d08388a08eb4d948e833227ce47,079b233934150a3eee30444ce2408e09895ec4dd958ec60a822f870fa1284b99,float64,polar1l_rotation_invariants_v1,7beb8d4d9a8231a484c0bb6ff44b6b2e450eee2ca8a447370f350ed8678929cb,"{""density_coefficients"":[30,4],""dipole"":[1,3],""electron_energy"":[1],""electrostatic_energy"":[1],""energy"":[1],""node_feats"":[30,13824],""spin_charge_density"":[30,2,4],""spin_density"":[30,4]}"
D022_QP2_M1,S005,cb5126aac74487a56020b32b2919f0e5221e1e57fe31695b5204a861784309f8,2,1,d5e0cb231e5ec2ea29cd807bf94655f6a94b07599a758b1e163427980a714644,artifacts/base_features/d5/d5e0cb231e5ec2ea29cd807bf94655f6a94b07599a758b1e163427980a714644.npz,0860b5a06baac12158aed83c6a466d268e721d4e089d7dd41c93c204081ca33a,3095,-42480.2418715679,polar-1-l,9f65f8dc6ddaff1d631e299cb531376a7da5e68d1bef04f34a2d5073d5ef114b,0.3.16,4d2da09413ac1407f37cdbb6b81fa28e4c15655e,e552c116b7d2c653f98b01f5c4fd599997f19f669a32bc6bf16396dd9f79365b,0.4.0,0e21d5546c482d08388a08eb4d948e833227ce47,079b233934150a3eee30444ce2408e09895ec4dd958ec60a822f870fa1284b99,float64,polar1l_rotation_invariants_v1,7beb8d4d9a8231a484c0bb6ff44b6b2e450eee2ca8a447370f350ed8678929cb,"{""density_coefficients"":[30,4],""dipole"":[1,3],""electron_energy"":[1],""electrostatic_energy"":[1],""energy"":[1],""node_feats"":[30,13824],""spin_charge_density"":[30,2,4],""spin_density"":[30,4]}"
D022_QP2_M1,S006,a45906fc8278b9e1a4e87803ad3eba0e6bdcc06141635cb9bfd635f67167b071,2,1,d5843ddd487b4d68977e689eae273437500a270f29098c210f1f9e90c6e6d9a9,artifacts/base_features/d5/d5843ddd487b4d68977e689eae273437500a270f29098c210f1f9e90c6e6d9a9.npz,a46478e5132abec81b6aae96e80f35b3e543477d5d1acaf297354d42907ab455,3095,-42480.2403213866,polar-1-l,9f65f8dc6ddaff1d631e299cb531376a7da5e68d1bef04f34a2d5073d5ef114b,0.3.16,4d2da09413ac1407f37cdbb6b81fa28e4c15655e,e552c116b7d2c653f98b01f5c4fd599997f19f669a32bc6bf16396dd9f79365b,0.4.0,0e21d5546c482d08388a08eb4d948e833227ce47,079b233934150a3eee30444ce2408e09895ec4dd958ec60a822f870fa1284b99,float64,polar1l_rotation_invariants_v1,7beb8d4d9a8231a484c0bb6ff44b6b2e450eee2ca8a447370f350ed8678929cb,"{""density_coefficients"":[30,4],""dipole"":[1,3],""electron_energy"":[1],""electrostatic_energy"":[1],""energy"":[1],""node_feats"":[30,13824],""spin_charge_density"":[30,2,4],""spin_density"":[30,4]}"
D022_QP2_M1,S007,9830ed110adc8a735203a1483a79952a3af875737d532f014d522694c1a7e94a,2,1,c0d20276425abb4f064cd2490fc26d2a1dd6460a3d6a31a5fed27f813527c877,artifacts/base_features/c0/c0d20276425abb4f064cd2490fc26d2a1dd6460a3d6a31a5fed27f813527c877.npz,e350d1b60fe6ffba1ff5e12c155bf1d56ab5be6a897f55f37f71f8a20bb59437,3095,-42480.2397449956,polar-1-l,9f65f8dc6ddaff1d631e299cb531376a7da5e68d1bef04f34a2d5073d5ef114b,0.3.16,4d2da09413ac1407f37cdbb6b81fa28e4c15655e,e552c116b7d2c653f98b01f5c4fd599997f19f669a32bc6bf16396dd9f79365b,0.4.0,0e21d5546c482d08388a08eb4d948e833227ce47,079b233934150a3eee30444ce2408e09895ec4dd958ec60a822f870fa1284b99,float64,polar1l_rotation_invariants_v1,7beb8d4d9a8231a484c0bb6ff44b6b2e450eee2ca8a447370f350ed8678929cb,"{""density_coefficients"":[30,4],""dipole"":[1,3],""electron_energy"":[1],""electrostatic_energy"":[1],""energy"":[1],""node_feats"":[30,13824],""spin_charge_density"":[30,2,4],""spin_density"":[30,4]}"
D022_QP2_M1,S008,fc526f77b58c8308ee11b077bf8ac756842bf381b916524453ee91135fcd11c8,2,1,60617fb85486bdc01640c5385c0bb858f42de41721a3392ab6682c4aa837b49b,artifacts/base_features/60/60617fb85486bdc01640c5385c0bb858f42de41721a3392ab6682c4aa837b49b.npz,b51e0cbbf1dde2fa8521d2e4105b2b8be9aab42fbba094d933a851feb394863d,3095,-42480.2520009228,polar-1-l,9f65f8dc6ddaff1d631e299cb531376a7da5e68d1bef04f34a2d5073d5ef114b,0.3.16,4d2da09413ac1407f37cdbb6b81fa28e4c15655e,e552c116b7d2c653f98b01f5c4fd599997f19f669a32bc6bf16396dd9f79365b,0.4.0,0e21d5546c482d08388a08eb4d948e833227ce47,079b233934150a3eee30444ce2408e09895ec4dd958ec60a822f870fa1284b99,float64,polar1l_rotation_invariants_v1,7beb8d4d9a8231a484c0bb6ff44b6b2e450eee2ca8a447370f350ed8678929cb,"{""density_coefficients"":[30,4],""dipole"":[1,3],""electron_energy"":[1],""electrostatic_energy"":[1],""energy"":[1],""node_feats"":[30,13824],""spin_charge_density"":[30,2,4],""spin_density"":[30,4]}"
D022_QP2_M1,S009,ebfba36061c8263270eb1fc15bdd5a845cfdf50bfae9900a18ff4ef2063a784b,2,1,73474d8471e240482b4fab286e834b1d7854b6807f436cdce77961d4ee17bd3d,artifacts/base_features/73/73474d8471e240482b4fab286e834b1d7854b6807f436cdce77961d4ee17bd3d.npz,d27fd368603a046888c548bc9cccdf55729e1a380166d307531c5677331e26aa,3095,-42480.2408986255,polar-1-l,9f65f8dc6ddaff1d631e299cb531376a7da5e68d1bef04f34a2d5073d5ef114b,0.3.16,4d2da09413ac1407f37cdbb6b81fa28e4c15655e,e552c116b7d2c653f98b01f5c4fd599997f19f669a32bc6bf16396dd9f79365b,0.4.0,0e21d5546c482d08388a08eb4d948e833227ce47,079b233934150a3eee30444ce2408e09895ec4dd958ec60a822f870fa1284b99,float64,polar1l_rotation_invariants_v1,7beb8d4d9a8231a484c0bb6ff44b6b2e450eee2ca8a447370f350ed8678929cb,"{""density_coefficients"":[30,4],""dipole"":[1,3],""electron_energy"":[1],""electrostatic_energy"":[1],""energy"":[1],""node_feats"":[30,13824],""spin_charge_density"":[30,2,4],""spin_density"":[30,4]}"
D022_QP2_M1,S010,9e458201d006b009e6fcdb19e182eceac3a34c16beeaa82d0bf0923d203fb2c4,2,1,08fe3adeb7fa81f1b1c93b1f58b39122d6ee004b32b9e7a385e69c6255816f82,artifacts/base_features/08/08fe3adeb7fa81f1b1c93b1f58b39122d6ee004b32b9e7a385e69c6255816f82.npz,08437c3029e7cca426a5751bb598336cbd1f6a696df6b9b786d43201c41986ef,3095,-42480.2397638543,polar-1-l,9f65f8dc6ddaff1d631e299cb531376a7da5e68d1bef04f34a2d5073d5ef114b,0.3.16,4d2da09413ac1407f37cdbb6b81fa28e4c15655e,e552c116b7d2c653f98b01f5c4fd599997f19f669a32bc6bf16396dd9f79365b,0.4.0,0e21d5546c482d08388a08eb4d948e833227ce47,079b233934150a3eee30444ce2408e09895ec4dd958ec60a822f870fa1284b99,float64,polar1l_rotation_invariants_v1,7beb8d4d9a8231a484c0bb6ff44b6b2e450eee2ca8a447370f350ed8678929cb,"{""density_coefficients"":[30,4],""dipole"":[1,3],""electron_energy"":[1],""electrostatic_energy"":[1],""energy"":[1],""node_feats"":[30,13824],""spin_charge_density"":[30,2,4],""spin_density"":[30,4]}"
D022_QP2_M1,S011,7be761cab2c1339389e37d1316e39ac441d1d88355bd7038ed9e298a70226cfa,2,1,d0b2a4ce40edfba271dbde76a9c52e6ded689a2fd39cb37302b15b349266bff1,artifacts/base_features/d0/d0b2a4ce40edfba271dbde76a9c52e6ded689a2fd39cb37302b15b349266bff1.npz,4ddceff558173dd89e6c4a6818a9482f156e4b1ff54cd3587957091987909bc7,3095,-42480.2400087748,polar-1-l,9f65f8dc6ddaff1d631e299cb531376a7da5e68d1bef04f34a2d5073d5ef114b,0.3.16,4d2da09413ac1407f37cdbb6b81fa28e4c15655e,e552c116b7d2c653f98b01f5c4fd599997f19f669a32bc6bf16396dd9f79365b,0.4.0,0e21d5546c482d08388a08eb4d948e833227ce47,079b233934150a3eee30444ce2408e09895ec4dd958ec60a822f870fa1284b99,float64,polar1l_rotation_invariants_v1,7beb8d4d9a8231a484c0bb6ff44b6b2e450eee2ca8a447370f350ed8678929cb,"{""density_coefficients"":[30,4],""dipole"":[1,3],""electron_energy"":[1],""electrostatic_energy"":[1],""energy"":[1],""node_feats"":[30,13824],""spin_charge_density"":[30,2,4],""spin_density"":[30,4]}"
D022_QP2_M1,S012,c124013ec33cae4bae8c632aa93983f10008f4e5000c81f680a3a09b49e5dfa3,2,1,a20397f7dd7354b8a8bca58b4321bb6f90211a88e51db5994df9fd19fc49964e,artifacts/base_features/a2/a20397f7dd7354b8a8bca58b4321bb6f90211a88e51db5994df9fd19fc49964e.npz,6eb8876024c7df080829a028d53c386aba284466c0d80f3daea1bd055b4330ac,3095,-42480.2398779859,polar-1-l,9f65f8dc6ddaff1d631e299cb531376a7da5e68d1bef04f34a2d5073d5ef114b,0.3.16,4d2da09413ac1407f37cdbb6b81fa28e4c15655e,e552c116b7d2c653f98b01f5c4fd599997f19f669a32bc6bf16396dd9f79365b,0.4.0,0e21d5546c482d08388a08eb4d948e833227ce47,079b233934150a3eee30444ce2408e09895ec4dd958ec60a822f870fa1284b99,float64,polar1l_rotation_invariants_v1,7beb8d4d9a8231a484c0bb6ff44b6b2e450eee2ca8a447370f350ed8678929cb,"{""density_coefficients"":[30,4],""dipole"":[1,3],""electron_energy"":[1],""electrostatic_energy"":[1],""energy"":[1],""node_feats"":[30,13824],""spin_charge_density"":[30,2,4],""spin_density"":[30,4]}"
D022_QP2_M1,S013,9550f8221cba8cc6843c182d56d917bfd4940b730f2cca5e8db0fcc2016a7d86,2,1,9ff307c3e859680ffaebb0caada14aa4368c26e2613e4af9c324d2dae1ff02dc,artifacts/base_features/9f/9ff307c3e859680ffaebb0caada14aa4368c26e2613e4af9c324d2dae1ff02dc.npz,3d9b92b654e772068134770e6653187888d6c54f1afddcba69657d261ba19437,3095,-42480.2431531796,polar-1-l,9f65f8dc6ddaff1d631e299cb531376a7da5e68d1bef04f34a2d5073d5ef114b,0.3.16,4d2da09413ac1407f37cdbb6b81fa28e4c15655e,e552c116b7d2c653f98b01f5c4fd599997f19f669a32bc6bf16396dd9f79365b,0.4.0,0e21d5546c482d08388a08eb4d948e833227ce47,079b233934150a3eee30444ce2408e09895ec4dd958ec60a822f870fa1284b99,float64,polar1l_rotation_invariants_v1,7beb8d4d9a8231a484c0bb6ff44b6b2e450eee2ca8a447370f350ed8678929cb,"{""density_coefficients"":[30,4],""dipole"":[1,3],""electron_energy"":[1],""electrostatic_energy"":[1],""energy"":[1],""node_feats"":[30,13824],""spin_charge_density"":[30,2,4],""spin_density"":[30,4]}"
D022_QP2_M1,S014,1fe4a4541108c7a76b23296eb4e078f66d5dc5787f7256bc09c4e1487f864fcf,2,1,0ce8f2f150d20ed5c33e06f02c6e1612f3f6a469d3e15826da4aaa7185c3b973,artifacts/base_features/0c/0ce8f2f150d20ed5c33e06f02c6e1612f3f6a469d3e15826da4aaa7185c3b973.npz,b78848b8c66c51692567842e250e701e1cfacffbfc231b24370b3b320a7aa5ed,3095,-42480.2608201859,polar-1-l,9f65f8dc6ddaff1d631e299cb531376a7da5e68d1bef04f34a2d5073d5ef114b,0.3.16,4d2da09413ac1407f37cdbb6b81fa28e4c15655e,e552c116b7d2c653f98b01f5c4fd599997f19f669a32bc6bf16396dd9f79365b,0.4.0,0e21d5546c482d08388a08eb4d948e833227ce47,079b233934150a3eee30444ce2408e09895ec4dd958ec60a822f870fa1284b99,float64,polar1l_rotation_invariants_v1,7beb8d4d9a8231a484c0bb6ff44b6b2e450eee2ca8a447370f350ed8678929cb,"{""density_coefficients"":[30,4],""dipole"":[1,3],""electron_energy"":[1],""electrostatic_energy"":[1],""energy"":[1],""node_feats"":[30,13824],""spin_charge_density"":[30,2,4],""spin_density"":[30,4]}"
D022_QP2_M1,S015,18efad02fa2335aa6ca21d2488e9eb5087eeb1045a8bfa346a57bf1947859e55,2,1,747f8748c8d84fcd790d4112bb33f9f5b9a4f6f406bd882ffbdd2900181d8abe,artifacts/base_features/74/747f8748c8d84fcd790d4112bb33f9f5b9a4f6f406bd882ffbdd2900181d8abe.npz,d11b4a0bdd17952b226e68dd42e483d4e1a88e800f902528e078a1fe3da66b23,3095,-42480.247413379,polar-1-l,9f65f8dc6ddaff1d631e299cb531376a7da5e68d1bef04f34a2d5073d5ef114b,0.3.16,4d2da09413ac1407f37cdbb6b81fa28e4c15655e,e552c116b7d2c653f98b01f5c4fd599997f19f669a32bc6bf16396dd9f79365b,0.4.0,0e21d5546c482d08388a08eb4d948e833227ce47,079b233934150a3eee30444ce2408e09895ec4dd958ec60a822f870fa1284b99,float64,polar1l_rotation_invariants_v1,7beb8d4d9a8231a484c0bb6ff44b6b2e450eee2ca8a447370f350ed8678929cb,"{""density_coefficients"":[30,4],""dipole"":[1,3],""electron_energy"":[1],""electrostatic_energy"":[1],""energy"":[1],""node_feats"":[30,13824],""spin_charge_density"":[30,2,4],""spin_density"":[30,4]}"
D022_QP2_M1,S016,6182053be4352b6e099dbca30ef7d7efab6e7d4bf3490b0c39855b70c1a459b6,2,1,28a550b4d215749d4764711ff7260d97364a610ac56c55333c564e925763c91d,artifacts/base_features/28/28a550b4d215749d4764711ff7260d97364a610ac56c55333c564e925763c91d.npz,eb8f184ae001bb1f446f515b0d239e1455f409db560815b50bbaad495306e81f,3095,-42480.2475042514,polar-1-l,9f65f8dc6ddaff1d631e299cb531376a7da5e68d1bef04f34a2d5073d5ef114b,0.3.16,4d2da09413ac1407f37cdbb6b81fa28e4c15655e,e552c116b7d2c653f98b01f5c4fd599997f19f669a32bc6bf16396dd9f79365b,0.4.0,0e21d5546c482d08388a08eb4d948e833227ce47,079b233934150a3eee30444ce2408e09895ec4dd958ec60a822f870fa1284b99,float64,polar1l_rotation_invariants_v1,7beb8d4d9a8231a484c0bb6ff44b6b2e450eee2ca8a447370f350ed8678929cb,"{""density_coefficients"":[30,4],""dipole"":[1,3],""electron_energy"":[1],""electrostatic_energy"":[1],""energy"":[1],""node_feats"":[30,13824],""spin_charge_density"":[30,2,4],""spin_density"":[30,4]}"
D022_QP2_M1,S017,3f3658d00f8ed3f0b4eb957df3fb2fc0be9d33237a246134fde2c59db694ef3a,2,1,a059362f6d597137c7dd6a2f19dad568f7c4f6965bee37f0947de4e9ec5e6e59,artifacts/base_features/a0/a059362f6d597137c7dd6a2f19dad568f7c4f6965bee37f0947de4e9ec5e6e59.npz,5a00c006f1bd4926d90399e80e93ea7d57da4c45658d02f2aaf75bed6686d23d,3095,-42480.246140243,polar-1-l,9f65f8dc6ddaff1d631e299cb531376a7da5e68d1bef04f34a2d5073d5ef114b,0.3.16,4d2da09413ac1407f37cdbb6b81fa28e4c15655e,e552c116b7d2c653f98b01f5c4fd599997f19f669a32bc6bf16396dd9f79365b,0.4.0,0e21d5546c482d08388a08eb4d948e833227ce47,079b233934150a3eee30444ce2408e09895ec4dd958ec60a822f870fa1284b99,float64,polar1l_rotation_invariants_v1,7beb8d4d9a8231a484c0bb6ff44b6b2e450eee2ca8a447370f350ed8678929cb,"{""density_coefficients"":[30,4],""dipole"":[1,3],""electron_energy"":[1],""electrostatic_energy"":[1],""energy"":[1],""node_feats"":[30,13824],""spin_charge_density"":[30,2,4],""spin_density"":[30,4]}"
D022_QP2_M1,S018,6e58a8c1e20d9bde5a0501084e3791183c47a4ff3ecbdae605095024104c5c61,2,1,65cabed9adacff6eec60335d60806ce2ef6e50a3fd00800f307314c245ba232a,artifacts/base_features/65/65cabed9adacff6eec60335d60806ce2ef6e50a3fd00800f307314c245ba232a.npz,286cfc62e6c54fdb196be4fffcc71873bb9c9c781d43f3b495670227b91d9f14,3095,-42480.2485777818,polar-1-l,9f65f8dc6ddaff1d631e299cb531376a7da5e68d1bef04f34a2d5073d5ef114b,0.3.16,4d2da09413ac1407f37cdbb6b81fa28e4c15655e,e552c116b7d2c653f98b01f5c4fd599997f19f669a32bc6bf16396dd9f79365b,0.4.0,0e21d5546c482d08388a08eb4d948e833227ce47,079b233934150a3eee30444ce2408e09895ec4dd958ec60a822f870fa1284b99,float64,polar1l_rotation_invariants_v1,7beb8d4d9a8231a484c0bb6ff44b6b2e450eee2ca8a447370f350ed8678929cb,"{""density_coefficients"":[30,4],""dipole"":[1,3],""electron_energy"":[1],""electrostatic_energy"":[1],""energy"":[1],""node_feats"":[30,13824],""spin_charge_density"":[30,2,4],""spin_density"":[30,4]}"
D022_QP2_M1,S019,40db1e5521244acd86b167d46b3565644263f6555dafd054674959bb9eab41ef,2,1,4651425aa562325a4eacf55c2d9eeb14b270019278ea3d7ecde542f6afaf2931,artifacts/base_features/46/4651425aa562325a4eacf55c2d9eeb14b270019278ea3d7ecde542f6afaf2931.npz,40a2165cd7b904324ccae2d9ab5e6de61ccebf64328948c7a85f937eab8bec79,3095,-42480.2426848544,polar-1-l,9f65f8dc6ddaff1d631e299cb531376a7da5e68d1bef04f34a2d5073d5ef114b,0.3.16,4d2da09413ac1407f37cdbb6b81fa28e4c15655e,e552c116b7d2c653f98b01f5c4fd599997f19f669a32bc6bf16396dd9f79365b,0.4.0,0e21d5546c482d08388a08eb4d948e833227ce47,079b233934150a3eee30444ce2408e09895ec4dd958ec60a822f870fa1284b99,float64,polar1l_rotation_invariants_v1,7beb8d4d9a8231a484c0bb6ff44b6b2e450eee2ca8a447370f350ed8678929cb,"{""density_coefficients"":[30,4],""dipole"":[1,3],""electron_energy"":[1],""electrostatic_energy"":[1],""energy"":[1],""node_feats"":[30,13824],""spin_charge_density"":[30,2,4],""spin_density"":[30,4]}"
D022_QP2_M1,S020,46bf7c2f586184876ba6467f27b0d4f7304245da4a16376538fbc5894bcbdf2a,2,1,1c87f6cde35c5d1f9ee80295da76126555cf80f8346ba925e3f9c17ce46f2594,artifacts/base_features/1c/1c87f6cde35c5d1f9ee80295da76126555cf80f8346ba925e3f9c17ce46f2594.npz,ba1abf570ab0e83c85faa1aaa05e16f539c2cfe3c23cc64ac27e3cffd9471264,3095,-42480.2499181522,polar-1-l,9f65f8dc6ddaff1d631e299cb531376a7da5e68d1bef04f34a2d5073d5ef114b,0.3.16,4d2da09413ac1407f37cdbb6b81fa28e4c15655e,e552c116b7d2c653f98b01f5c4fd599997f19f669a32bc6bf16396dd9f79365b,0.4.0,0e21d5546c482d08388a08eb4d948e833227ce47,079b233934150a3eee30444ce2408e09895ec4dd958ec60a822f870fa1284b99,float64,polar1l_rotation_invariants_v1,7beb8d4d9a8231a484c0bb6ff44b6b2e450eee2ca8a447370f350ed8678929cb,"{""density_coefficients"":[30,4],""dipole"":[1,3],""electron_energy"":[1],""electrostatic_energy"":[1],""energy"":[1],""node_feats"":[30,13824],""spin_charge_density"":[30,2,4],""spin_density"":[30,4]}"
D022_QP2_M1,S021,7bd6f53fe01c554cb1adb3e78b906c9f1eef9cac91722cbdc7bc0dc48c587d14,2,1,b63f3adf272957773ff391ff5acbd6758b06acc2ed1e33d5144f7e588f9191bb,artifacts/base_features/b6/b63f3adf272957773ff391ff5acbd6758b06acc2ed1e33d5144f7e588f9191bb.npz,5d68ef4e588569f1fba8510bebcd1fe56328f0192ef484bbb5489911df6c52eb,3095,-42480.2602702085,polar-1-l,9f65f8dc6ddaff1d631e299cb531376a7da5e68d1bef04f34a2d5073d5ef114b,0.3.16,4d2da09413ac1407f37cdbb6b81fa28e4c15655e,e552c116b7d2c653f98b01f5c4fd599997f19f669a32bc6bf16396dd9f79365b,0.4.0,0e21d5546c482d08388a08eb4d948e833227ce47,079b233934150a3eee30444ce2408e09895ec4dd958ec60a822f870fa1284b99,float64,polar1l_rotation_invariants_v1,7beb8d4d9a8231a484c0bb6ff44b6b2e450eee2ca8a447370f350ed8678929cb,"{""density_coefficients"":[30,4],""dipole"":[1,3],""electron_energy"":[1],""electrostatic_energy"":[1],""energy"":[1],""node_feats"":[30,13824],""spin_charge_density"":[30,2,4],""spin_density"":[30,4]}"
D022_QP2_M1,S022,5ab3fcf9ef380ed574e01faf0a754b74620707f5b223bae4c8e6dd68ff493280,2,1,9a244637965b264e0325278615ee5f00ea7efbc0ca21b7b89184a7def3e7c1e4,artifacts/base_features/9a/9a244637965b264e0325278615ee5f00ea7efbc0ca21b7b89184a7def3e7c1e4.npz,a022ca2367c7b916d5d55618770412ae55cbd26711dc01d0af0df6d1cf9f0b8b,3095,-42480.2396082157,polar-1-l,9f65f8dc6ddaff1d631e299cb531376a7da5e68d1bef04f34a2d5073d5ef114b,0.3.16,4d2da09413ac1407f37cdbb6b81fa28e4c15655e,e552c116b7d2c653f98b01f5c4fd599997f19f669a32bc6bf16396dd9f79365b,0.4.0,0e21d5546c482d08388a08eb4d948e833227ce47,079b233934150a3eee30444ce2408e09895ec4dd958ec60a822f870fa1284b99,float64,polar1l_rotation_invariants_v1,7beb8d4d9a8231a484c0bb6ff44b6b2e450eee2ca8a447370f350ed8678929cb,"{""density_coefficients"":[30,4],""dipole"":[1,3],""electron_energy"":[1],""electrostatic_energy"":[1],""energy"":[1],""node_feats"":[30,13824],""spin_charge_density"":[30,2,4],""spin_density"":[30,4]}"
D022_QP2_M1,S023,c4eeb15db4a75cae6001e082200dfe7ebcaf5549cdf0aba70290bd9396952927,2,1,7206108f67d4e458f95b71ebf4c76663b294befa3441c193d43ea5feb5d72376,artifacts/base_features/72/7206108f67d4e458f95b71ebf4c76663b294befa3441c193d43ea5feb5d72376.npz,a1b4e0e2bed6d84ac1f8ecfad2ab122f3551d4dd5f726376bb5c6fbec8c9eaee,3095,-42480.2638588158,polar-1-l,9f65f8dc6ddaff1d631e299cb531376a7da5e68d1bef04f34a2d5073d5ef114b,0.3.16,4d2da09413ac1407f37cdbb6b81fa28e4c15655e,e552c116b7d2c653f98b01f5c4fd599997f19f669a32bc6bf16396dd9f79365b,0.4.0,0e21d5546c482d08388a08eb4d948e833227ce47,079b233934150a3eee30444ce2408e09895ec4dd958ec60a822f870fa1284b99,float64,polar1l_rotation_invariants_v1,7beb8d4d9a8231a484c0bb6ff44b6b2e450eee2ca8a447370f350ed8678929cb,"{""density_coefficients"":[30,4],""dipole"":[1,3],""electron_energy"":[1],""electrostatic_energy"":[1],""energy"":[1],""node_feats"":[30,13824],""spin_charge_density"":[30,2,4],""spin_density"":[30,4]}"
D022_QP2_M1,S024,4f1b161a660eb3a2a206980ca24f5688baee32984570adef75cdcb0dbc3a110f,2,1,e368fc32cf6950a83cb63e92c5b7cf2668e0bd4c8fb020b69429c11f79900bb3,artifacts/base_features/e3/e368fc32cf6950a83cb63e92c5b7cf2668e0bd4c8fb020b69429c11f79900bb3.npz,15c6670c340fcc2d68ff89175ab4bb0a8af9b03bcc413057e7d8178b1e198bf3,3095,-42480.2691663105,polar-1-l,9f65f8dc6ddaff1d631e299cb531376a7da5e68d1bef04f34a2d5073d5ef114b,0.3.16,4d2da09413ac1407f37cdbb6b81fa28e4c15655e,e552c116b7d2c653f98b01f5c4fd599997f19f669a32bc6bf16396dd9f79365b,0.4.0,0e21d5546c482d08388a08eb4d948e833227ce47,079b233934150a3eee30444ce2408e09895ec4dd958ec60a822f870fa1284b99,float64,polar1l_rotation_invariants_v1,7beb8d4d9a8231a484c0bb6ff44b6b2e450eee2ca8a447370f350ed8678929cb,"{""density_coefficients"":[30,4],""dipole"":[1,3],""electron_energy"":[1],""electrostatic_energy"":[1],""energy"":[1],""node_feats"":[30,13824],""spin_charge_density"":[30,2,4],""spin_density"":[30,4]}"
D022_QP2_M1,S025,4ed62cd32b34ee9e586efef4746d7dd0e1d2eff0c9e095bc811c5a29484fef6f,2,1,3dd655a12df033201f5f801eeb018e23fab668248fd688b235a89d568feb2590,artifacts/base_features/3d/3dd655a12df033201f5f801eeb018e23fab668248fd688b235a89d568feb2590.npz,e2cea77ca299749c593c6760ce225a2de8d581a096810ada9185582a80d0139b,3095,-42480.2518822711,polar-1-l,9f65f8dc6ddaff1d631e299cb531376a7da5e68d1bef04f34a2d5073d5ef114b,0.3.16,4d2da09413ac1407f37cdbb6b81fa28e4c15655e,e552c116b7d2c653f98b01f5c4fd599997f19f669a32bc6bf16396dd9f79365b,0.4.0,0e21d5546c482d08388a08eb4d948e833227ce47,079b233934150a3eee30444ce2408e09895ec4dd958ec60a822f870fa1284b99,float64,polar1l_rotation_invariants_v1,7beb8d4d9a8231a484c0bb6ff44b6b2e450eee2ca8a447370f350ed8678929cb,"{""density_coefficients"":[30,4],""dipole"":[1,3],""electron_energy"":[1],""electrostatic_energy"":[1],""energy"":[1],""node_feats"":[30,13824],""spin_charge_density"":[30,2,4],""spin_density"":[30,4]}"
D024_QP2_M1,S004,34878daca7b73d5138a37c971848bb0e1d7766551ed9c6bd63902ae10f18003d,2,1,c12b960f7d7e2f6e8239bd5869d9ee6536b3f29bffcdf07489d7eb0d7df1ea08,artifacts/base_features/c1/c12b960f7d7e2f6e8239bd5869d9ee6536b3f29bffcdf07489d7eb0d7df1ea08.npz,ca188e44dc7349a7eae93e8636d7c0562bb90f3aee5dceee1daacf75b9752d4b,3095,-60110.9487201348,polar-1-l,9f65f8dc6ddaff1d631e299cb531376a7da5e68d1bef04f34a2d5073d5ef114b,0.3.16,4d2da09413ac1407f37cdbb6b81fa28e4c15655e,e552c116b7d2c653f98b01f5c4fd599997f19f669a32bc6bf16396dd9f79365b,0.4.0,0e21d5546c482d08388a08eb4d948e833227ce47,079b233934150a3eee30444ce2408e09895ec4dd958ec60a822f870fa1284b99,float64,polar1l_rotation_invariants_v1,7beb8d4d9a8231a484c0bb6ff44b6b2e450eee2ca8a447370f350ed8678929cb,"{""density_coefficients"":[32,4],""dipole"":[1,3],""electron_energy"":[1],""electrostatic_energy"":[1],""energy"":[1],""node_feats"":[32,13824],""spin_charge_density"":[32,2,4],""spin_density"":[32,4]}"
D024_QP2_M1,S011,609419d3b563236b99aac7c506f8c317001e354842cf90d906ba8afce5bc1a74,2,1,fff894728cbce2af7598d62529d574279c334532b5aca77a97c8d074c57e0208,artifacts/base_features/ff/fff894728cbce2af7598d62529d574279c334532b5aca77a97c8d074c57e0208.npz,0a33256163c4a8d3bea31139b55273488e4bd8c9631b8c4174cbe9cee27eb69f,3095,-60110.948260539,polar-1-l,9f65f8dc6ddaff1d631e299cb531376a7da5e68d1bef04f34a2d5073d5ef114b,0.3.16,4d2da09413ac1407f37cdbb6b81fa28e4c15655e,e552c116b7d2c653f98b01f5c4fd599997f19f669a32bc6bf16396dd9f79365b,0.4.0,0e21d5546c482d08388a08eb4d948e833227ce47,079b233934150a3eee30444ce2408e09895ec4dd958ec60a822f870fa1284b99,float64,polar1l_rotation_invariants_v1,7beb8d4d9a8231a484c0bb6ff44b6b2e450eee2ca8a447370f350ed8678929cb,"{""density_coefficients"":[32,4],""dipole"":[1,3],""electron_energy"":[1],""electrostatic_energy"":[1],""energy"":[1],""node_feats"":[32,13824],""spin_charge_density"":[32,2,4],""spin_density"":[32,4]}"
D024_QP2_M1,S017,9e538774b5d9701bbe71cd5dcf4f4bed415c00457ffc2c758da23a3720b5db34,2,1,40185074861709b551130c6cdc06711023304591fc90685f7cae71e33f145b30,artifacts/base_features/40/40185074861709b551130c6cdc06711023304591fc90685f7cae71e33f145b30.npz,9ed7368330aebaefbc1d8e6561b5f57e57a1fe2ff1dc78bf6fd33d682dccc96f,3095,-60110.9532668344,polar-1-l,9f65f8dc6ddaff1d631e299cb531376a7da5e68d1bef04f34a2d5073d5ef114b,0.3.16,4d2da09413ac1407f37cdbb6b81fa28e4c15655e,e552c116b7d2c653f98b01f5c4fd599997f19f669a32bc6bf16396dd9f79365b,0.4.0,0e21d5546c482d08388a08eb4d948e833227ce47,079b233934150a3eee30444ce2408e09895ec4dd958ec60a822f870fa1284b99,float64,polar1l_rotation_invariants_v1,7beb8d4d9a8231a484c0bb6ff44b6b2e450eee2ca8a447370f350ed8678929cb,"{""density_coefficients"":[32,4],""dipole"":[1,3],""electron_energy"":[1],""electrostatic_energy"":[1],""energy"":[1],""node_feats"":[32,13824],""spin_charge_density"":[32,2,4],""spin_density"":[32,4]}"
D024_QP2_M1,S023,b171abcbdd72cf872381634c7e16e081e46e2ab0ebc03698dd3cd9583065c4b7,2,1,4869b1d1ebe9dcd936f4720f1b998e1380ce0822e0965ced7fa11fa1a2f8d77c,artifacts/base_features/48/4869b1d1ebe9dcd936f4720f1b998e1380ce0822e0965ced7fa11fa1a2f8d77c.npz,8559385dc60ef03c60d26ab31378c9cd0bb0051d3125ce01eff32c89dc5935c5,3095,-60110.9704505047,polar-1-l,9f65f8dc6ddaff1d631e299cb531376a7da5e68d1bef04f34a2d5073d5ef114b,0.3.16,4d2da09413ac1407f37cdbb6b81fa28e4c15655e,e552c116b7d2c653f98b01f5c4fd599997f19f669a32bc6bf16396dd9f79365b,0.4.0,0e21d5546c482d08388a08eb4d948e833227ce47,079b233934150a3eee30444ce2408e09895ec4dd958ec60a822f870fa1284b99,float64,polar1l_rotation_invariants_v1,7beb8d4d9a8231a484c0bb6ff44b6b2e450eee2ca8a447370f350ed8678929cb,"{""density_coefficients"":[32,4],""dipole"":[1,3],""electron_energy"":[1],""electrostatic_energy"":[1],""energy"":[1],""node_feats"":[32,13824],""spin_charge_density"":[32,2,4],""spin_density"":[32,4]}"
D026_QP2_M1,S005,2bc45bd2e0ebcddb6ce12237ee9b352fb35e95ff190c99c9217917d6b3c5baf7,2,1,1cba61e74d1a0e89e1e987d9a4e5289e5253f426eee1b15477805ebe6d92b62d,artifacts/base_features/1c/1cba61e74d1a0e89e1e987d9a4e5289e5253f426eee1b15477805ebe6d92b62d.npz,3ef79d8bf15688e81bc6970f53a98395d05ddc65b5d09a14f89a8f3845361403,3095,-11420.3939919254,polar-1-l,9f65f8dc6ddaff1d631e299cb531376a7da5e68d1bef04f34a2d5073d5ef114b,0.3.16,4d2da09413ac1407f37cdbb6b81fa28e4c15655e,e552c116b7d2c653f98b01f5c4fd599997f19f669a32bc6bf16396dd9f79365b,0.4.0,0e21d5546c482d08388a08eb4d948e833227ce47,079b233934150a3eee30444ce2408e09895ec4dd958ec60a822f870fa1284b99,float64,polar1l_rotation_invariants_v1,7beb8d4d9a8231a484c0bb6ff44b6b2e450eee2ca8a447370f350ed8678929cb,"{""density_coefficients"":[20,4],""dipole"":[1,3],""electron_energy"":[1],""electrostatic_energy"":[1],""energy"":[1],""node_feats"":[20,13824],""spin_charge_density"":[20,2,4],""spin_density"":[20,4]}"
D026_QP2_M1,S012,8515a7d414d5bb9ee8fc7853dd99ba4edf3a04e395e333572ef68cfd6ce4a190,2,1,58b7f666fbb4f33a4c2584ce242dd8fa8c72788f34e0fe425f35afd3f7b183c4,artifacts/base_features/58/58b7f666fbb4f33a4c2584ce242dd8fa8c72788f34e0fe425f35afd3f7b183c4.npz,b4ddfb1ecdeb82ae8fd1eb424a517d2d9311871a159fcdb3cf838df554a3f086,3095,-11420.3934873152,polar-1-l,9f65f8dc6ddaff1d631e299cb531376a7da5e68d1bef04f34a2d5073d5ef114b,0.3.16,4d2da09413ac1407f37cdbb6b81fa28e4c15655e,e552c116b7d2c653f98b01f5c4fd599997f19f669a32bc6bf16396dd9f79365b,0.4.0,0e21d5546c482d08388a08eb4d948e833227ce47,079b233934150a3eee30444ce2408e09895ec4dd958ec60a822f870fa1284b99,float64,polar1l_rotation_invariants_v1,7beb8d4d9a8231a484c0bb6ff44b6b2e450eee2ca8a447370f350ed8678929cb,"{""density_coefficients"":[20,4],""dipole"":[1,3],""electron_energy"":[1],""electrostatic_energy"":[1],""energy"":[1],""node_feats"":[20,13824],""spin_charge_density"":[20,2,4],""spin_density"":[20,4]}"
D026_QP2_M1,S018,bf83579b214f8411f278f283c51a85e02e94b6c39d430cadd7d18f2a58565971,2,1,6fad65c85bf749d7cc0098c54dd5e620a6a8d9e3af86be7a4a1334c888f10b5e,artifacts/base_features/6f/6fad65c85bf749d7cc0098c54dd5e620a6a8d9e3af86be7a4a1334c888f10b5e.npz,9ec30681b3e6d8ee1b20b9fe47c35a476c09dc13fece740e19a9cb96c4e1eced,3095,-11420.3983557236,polar-1-l,9f65f8dc6ddaff1d631e299cb531376a7da5e68d1bef04f34a2d5073d5ef114b,0.3.16,4d2da09413ac1407f37cdbb6b81fa28e4c15655e,e552c116b7d2c653f98b01f5c4fd599997f19f669a32bc6bf16396dd9f79365b,0.4.0,0e21d5546c482d08388a08eb4d948e833227ce47,079b233934150a3eee30444ce2408e09895ec4dd958ec60a822f870fa1284b99,float64,polar1l_rotation_invariants_v1,7beb8d4d9a8231a484c0bb6ff44b6b2e450eee2ca8a447370f350ed8678929cb,"{""density_coefficients"":[20,4],""dipole"":[1,3],""electron_energy"":[1],""electrostatic_energy"":[1],""energy"":[1],""node_feats"":[20,13824],""spin_charge_density"":[20,2,4],""spin_density"":[20,4]}"
D026_QP2_M1,S024,4c547dba771a1d04c80cf0507faf8ee61c4f12c1652ff221441c51d54d6001bc,2,1,60af09d47557f24191729ee283c15fa89d2457b2e833d2f9b48efe14b5606653,artifacts/base_features/60/60af09d47557f24191729ee283c15fa89d2457b2e833d2f9b48efe14b5606653.npz,269d6defb52156e8d287fe55ad3862cff00a0a477ab8f848b3830ac8d9204538,3095,-11420.4130278215,polar-1-l,9f65f8dc6ddaff1d631e299cb531376a7da5e68d1bef04f34a2d5073d5ef114b,0.3.16,4d2da09413ac1407f37cdbb6b81fa28e4c15655e,e552c116b7d2c653f98b01f5c4fd599997f19f669a32bc6bf16396dd9f79365b,0.4.0,0e21d5546c482d08388a08eb4d948e833227ce47,079b233934150a3eee30444ce2408e09895ec4dd958ec60a822f870fa1284b99,float64,polar1l_rotation_invariants_v1,7beb8d4d9a8231a484c0bb6ff44b6b2e450eee2ca8a447370f350ed8678929cb,"{""density_coefficients"":[20,4],""dipole"":[1,3],""electron_energy"":[1],""electrostatic_energy"":[1],""energy"":[1],""node_feats"":[20,13824],""spin_charge_density"":[20,2,4],""spin_density"":[20,4]}"
D027_QP2_M1,S001,f9bb42c8c7aaffaefedcc4fb5d791781b34d44f0cb8ac9e87d723ebddf64a299,2,1,794a1fb59c048bc48c579d3dc8e3c98dbc4d445b1c2b5c0d720485736240ac03,artifacts/base_features/79/794a1fb59c048bc48c579d3dc8e3c98dbc4d445b1c2b5c0d720485736240ac03.npz,ef419e0997983a9999b999c739c8b966e89d7333e145a3756f119c5da2fec367,3095,-13559.7835463963,polar-1-l,9f65f8dc6ddaff1d631e299cb531376a7da5e68d1bef04f34a2d5073d5ef114b,0.3.16,4d2da09413ac1407f37cdbb6b81fa28e4c15655e,e552c116b7d2c653f98b01f5c4fd599997f19f669a32bc6bf16396dd9f79365b,0.4.0,0e21d5546c482d08388a08eb4d948e833227ce47,079b233934150a3eee30444ce2408e09895ec4dd958ec60a822f870fa1284b99,float64,polar1l_rotation_invariants_v1,7beb8d4d9a8231a484c0bb6ff44b6b2e450eee2ca8a447370f350ed8678929cb,"{""density_coefficients"":[26,4],""dipole"":[1,3],""electron_energy"":[1],""electrostatic_energy"":[1],""energy"":[1],""node_feats"":[26,13824],""spin_charge_density"":[26,2,4],""spin_density"":[26,4]}"
D027_QP2_M1,S002,5b4fdc33592c027ebc9db415bd7b93dce1390bc05fc64256a396a65768b1a508,2,1,dbc24e814230a54967489fac2b41690ae6f2d745d7a4a2824433826b06300a65,artifacts/base_features/db/dbc24e814230a54967489fac2b41690ae6f2d745d7a4a2824433826b06300a65.npz,ad818b0a95c164311fb87e62ea3fe19bba102eaabeaa40dcc1d8fadf4be97203,3095,-13559.7867160837,polar-1-l,9f65f8dc6ddaff1d631e299cb531376a7da5e68d1bef04f34a2d5073d5ef114b,0.3.16,4d2da09413ac1407f37cdbb6b81fa28e4c15655e,e552c116b7d2c653f98b01f5c4fd599997f19f669a32bc6bf16396dd9f79365b,0.4.0,0e21d5546c482d08388a08eb4d948e833227ce47,079b233934150a3eee30444ce2408e09895ec4dd958ec60a822f870fa1284b99,float64,polar1l_rotation_invariants_v1,7beb8d4d9a8231a484c0bb6ff44b6b2e450eee2ca8a447370f350ed8678929cb,"{""density_coefficients"":[26,4],""dipole"":[1,3],""electron_energy"":[1],""electrostatic_energy"":[1],""energy"":[1],""node_feats"":[26,13824],""spin_charge_density"":[26,2,4],""spin_density"":[26,4]}"
D027_QP2_M1,S003,579068470bb15a06d451b462b69435fd0e08dd5add4d10c6115d21efb9b89164,2,1,ae1aef64abc8b583e88bc10f79b630fe468add34287134489d986408d4c2f55e,artifacts/base_features/ae/ae1aef64abc8b583e88bc10f79b630fe468add34287134489d986408d4c2f55e.npz,76dedffa08c13edba7141e7ff12273414615d85293225d43c4fa6ebfceca4cfe,3095,-13559.7808430154,polar-1-l,9f65f8dc6ddaff1d631e299cb531376a7da5e68d1bef04f34a2d5073d5ef114b,0.3.16,4d2da09413ac1407f37cdbb6b81fa28e4c15655e,e552c116b7d2c653f98b01f5c4fd599997f19f669a32bc6bf16396dd9f79365b,0.4.0,0e21d5546c482d08388a08eb4d948e833227ce47,079b233934150a3eee30444ce2408e09895ec4dd958ec60a822f870fa1284b99,float64,polar1l_rotation_invariants_v1,7beb8d4d9a8231a484c0bb6ff44b6b2e450eee2ca8a447370f350ed8678929cb,"{""density_coefficients"":[26,4],""dipole"":[1,3],""electron_energy"":[1],""electrostatic_energy"":[1],""energy"":[1],""node_feats"":[26,13824],""spin_charge_density"":[26,2,4],""spin_density"":[26,4]}"
D027_QP2_M1,S004,85b555dc2c0518dab3f440fdb3f3c1512493e5674474c64f75efad7bd297349e,2,1,304bc2f7608e0a92dccc7f7d0cbdb22f15a743733d55e29af429caadab946bd6,artifacts/base_features/30/304bc2f7608e0a92dccc7f7d0cbdb22f15a743733d55e29af429caadab946bd6.npz,3ac28fa3adc3d6dc1a82ac519424ecc774d2c0533b68b2e646643c736dac24e7,3095,-13559.7825171439,polar-1-l,9f65f8dc6ddaff1d631e299cb531376a7da5e68d1bef04f34a2d5073d5ef114b,0.3.16,4d2da09413ac1407f37cdbb6b81fa28e4c15655e,e552c116b7d2c653f98b01f5c4fd599997f19f669a32bc6bf16396dd9f79365b,0.4.0,0e21d5546c482d08388a08eb4d948e833227ce47,079b233934150a3eee30444ce2408e09895ec4dd958ec60a822f870fa1284b99,float64,polar1l_rotation_invariants_v1,7beb8d4d9a8231a484c0bb6ff44b6b2e450eee2ca8a447370f350ed8678929cb,"{""density_coefficients"":[26,4],""dipole"":[1,3],""electron_energy"":[1],""electrostatic_energy"":[1],""energy"":[1],""node_feats"":[26,13824],""spin_charge_density"":[26,2,4],""spin_density"":[26,4]}"
D027_QP2_M1,S005,d72a73bf0f8bd767c372a6f95b616d070d173f3f762e58f4fc1ba04a58395b4a,2,1,525c38bc3ac62fdaf2b49e9000e799253382aec156f28e60e0eaeea7abd12ba3,artifacts/base_features/52/525c38bc3ac62fdaf2b49e9000e799253382aec156f28e60e0eaeea7abd12ba3.npz,08ecab512e28490a1234c377afa80c3e4a43924818cd7bc69f2cfed795a92548,3095,-13559.7829612354,polar-1-l,9f65f8dc6ddaff1d631e299cb531376a7da5e68d1bef04f34a2d5073d5ef114b,0.3.16,4d2da09413ac1407f37cdbb6b81fa28e4c15655e,e552c116b7d2c653f98b01f5c4fd599997f19f669a32bc6bf16396dd9f79365b,0.4.0,0e21d5546c482d08388a08eb4d948e833227ce47,079b233934150a3eee30444ce2408e09895ec4dd958ec60a822f870fa1284b99,float64,polar1l_rotation_invariants_v1,7beb8d4d9a8231a484c0bb6ff44b6b2e450eee2ca8a447370f350ed8678929cb,"{""density_coefficients"":[26,4],""dipole"":[1,3],""electron_energy"":[1],""electrostatic_energy"":[1],""energy"":[1],""node_feats"":[26,13824],""spin_charge_density"":[26,2,4],""spin_density"":[26,4]}"
D027_QP2_M1,S006,08154c1baff99fa312303a2b0601d1d4036336cbf1dde6d3e7e2e878528004b8,2,1,335e870053d80807fd991bacb34804d5bb1f1e8d33f1bdb926306b5084f5400e,artifacts/base_features/33/335e870053d80807fd991bacb34804d5bb1f1e8d33f1bdb926306b5084f5400e.npz,dd1eb991202dd0b738d71a8a532d4ad893916941987dc7e7cddafb64eeaebd44,3095,-13559.7832902493,polar-1-l,9f65f8dc6ddaff1d631e299cb531376a7da5e68d1bef04f34a2d5073d5ef114b,0.3.16,4d2da09413ac1407f37cdbb6b81fa28e4c15655e,e552c116b7d2c653f98b01f5c4fd599997f19f669a32bc6bf16396dd9f79365b,0.4.0,0e21d5546c482d08388a08eb4d948e833227ce47,079b233934150a3eee30444ce2408e09895ec4dd958ec60a822f870fa1284b99,float64,polar1l_rotation_invariants_v1,7beb8d4d9a8231a484c0bb6ff44b6b2e450eee2ca8a447370f350ed8678929cb,"{""density_coefficients"":[26,4],""dipole"":[1,3],""electron_energy"":[1],""electrostatic_energy"":[1],""energy"":[1],""node_feats"":[26,13824],""spin_charge_density"":[26,2,4],""spin_density"":[26,4]}"
D027_QP2_M1,S007,14cf6af33d6b4c4124e8763c7ea4dc70e2f6397cc60387dd9ae78272eb82f330,2,1,0da9640dd43e37dd81521da30af195f7adefb94e46456627c55832d23913982f,artifacts/base_features/0d/0da9640dd43e37dd81521da30af195f7adefb94e46456627c55832d23913982f.npz,52b47a1745974baba9d80998d8250f1f46eabe5dd1b3b4dbc53e8c4b138b5bcf,3095,-13559.7820473716,polar-1-l,9f65f8dc6ddaff1d631e299cb531376a7da5e68d1bef04f34a2d5073d5ef114b,0.3.16,4d2da09413ac1407f37cdbb6b81fa28e4c15655e,e552c116b7d2c653f98b01f5c4fd599997f19f669a32bc6bf16396dd9f79365b,0.4.0,0e21d5546c482d08388a08eb4d948e833227ce47,079b233934150a3eee30444ce2408e09895ec4dd958ec60a822f870fa1284b99,float64,polar1l_rotation_invariants_v1,7beb8d4d9a8231a484c0bb6ff44b6b2e450eee2ca8a447370f350ed8678929cb,"{""density_coefficients"":[26,4],""dipole"":[1,3],""electron_energy"":[1],""electrostatic_energy"":[1],""energy"":[1],""node_feats"":[26,13824],""spin_charge_density"":[26,2,4],""spin_density"":[26,4]}"
D027_QP2_M1,S008,9c45e5388911074ad9df1a1a9745a1a578f9d26f334a048a101613fa03cc15a1,2,1,b26f97dddddc0a89187bb57d614c93b700930d4460f3ae0a910c604c3eac0598,artifacts/base_features/b2/b26f97dddddc0a89187bb57d614c93b700930d4460f3ae0a910c604c3eac0598.npz,6e5a1a37039aa33beeba52ea1305a3bed19f80d37b5399e30c1ff5607e4b5305,3095,-13559.7876577651,polar-1-l,9f65f8dc6ddaff1d631e299cb531376a7da5e68d1bef04f34a2d5073d5ef114b,0.3.16,4d2da09413ac1407f37cdbb6b81fa28e4c15655e,e552c116b7d2c653f98b01f5c4fd599997f19f669a32bc6bf16396dd9f79365b,0.4.0,0e21d5546c482d08388a08eb4d948e833227ce47,079b233934150a3eee30444ce2408e09895ec4dd958ec60a822f870fa1284b99,float64,polar1l_rotation_invariants_v1,7beb8d4d9a8231a484c0bb6ff44b6b2e450eee2ca8a447370f350ed8678929cb,"{""density_coefficients"":[26,4],""dipole"":[1,3],""electron_energy"":[1],""electrostatic_energy"":[1],""energy"":[1],""node_feats"":[26,13824],""spin_charge_density"":[26,2,4],""spin_density"":[26,4]}"
D027_QP2_M1,S009,6f5ff5049ad3f92c2195c419550858d33e81b61a4f0cc18b31eb3d0a8385eff7,2,1,8abc348fbfdcd1e1bd5443421ef0d0182aeb4f9e1442b9a22c30489da64277b5,artifacts/base_features/8a/8abc348fbfdcd1e1bd5443421ef0d0182aeb4f9e1442b9a22c30489da64277b5.npz,0472ef1c2c6529531b655ac793028306bb1cbae2d0d016f137db9689f92e2037,3095,-13559.7826149646,polar-1-l,9f65f8dc6ddaff1d631e299cb531376a7da5e68d1bef04f34a2d5073d5ef114b,0.3.16,4d2da09413ac1407f37cdbb6b81fa28e4c15655e,e552c116b7d2c653f98b01f5c4fd599997f19f669a32bc6bf16396dd9f79365b,0.4.0,0e21d5546c482d08388a08eb4d948e833227ce47,079b233934150a3eee30444ce2408e09895ec4dd958ec60a822f870fa1284b99,float64,polar1l_rotation_invariants_v1,7beb8d4d9a8231a484c0bb6ff44b6b2e450eee2ca8a447370f350ed8678929cb,"{""density_coefficients"":[26,4],""dipole"":[1,3],""electron_energy"":[1],""electrostatic_energy"":[1],""energy"":[1],""node_feats"":[26,13824],""spin_charge_density"":[26,2,4],""spin_density"":[26,4]}"
D027_QP2_M1,S010,c90e3fd49f181fbc49c27d645d6b866a1edf7ece3d73fcbb0aaf7e2dde3fb205,2,1,a1d54cb9decc74c3fb40a613bde0eadfb6e4f9d182d66246dd4f8f572d78ff14,artifacts/base_features/a1/a1d54cb9decc74c3fb40a613bde0eadfb6e4f9d182d66246dd4f8f572d78ff14.npz,b14be3962ad702bf15fdeccea35684875c631381630e1da1cb4fa065624952bd,3095,-13559.7823193239,polar-1-l,9f65f8dc6ddaff1d631e299cb531376a7da5e68d1bef04f34a2d5073d5ef114b,0.3.16,4d2da09413ac1407f37cdbb6b81fa28e4c15655e,e552c116b7d2c653f98b01f5c4fd599997f19f669a32bc6bf16396dd9f79365b,0.4.0,0e21d5546c482d08388a08eb4d948e833227ce47,079b233934150a3eee30444ce2408e09895ec4dd958ec60a822f870fa1284b99,float64,polar1l_rotation_invariants_v1,7beb8d4d9a8231a484c0bb6ff44b6b2e450eee2ca8a447370f350ed8678929cb,"{""density_coefficients"":[26,4],""dipole"":[1,3],""electron_energy"":[1],""electrostatic_energy"":[1],""energy"":[1],""node_feats"":[26,13824],""spin_charge_density"":[26,2,4],""spin_density"":[26,4]}"
D027_QP2_M1,S011,855808d74066e9b1c80739e6c4452c0845240eea80eded2dcae88bbe7b82ffec,2,1,975eab83649ed456e8c15828f0fc53fda919e2e4bb8f808bc62b33d449c30116,artifacts/base_features/97/975eab83649ed456e8c15828f0fc53fda919e2e4bb8f808bc62b33d449c30116.npz,fcdff41eb6173a9c912d013b962a35c163eaba0753998d3d7fa96a5b857e8969,3095,-13559.7835192091,polar-1-l,9f65f8dc6ddaff1d631e299cb531376a7da5e68d1bef04f34a2d5073d5ef114b,0.3.16,4d2da09413ac1407f37cdbb6b81fa28e4c15655e,e552c116b7d2c653f98b01f5c4fd599997f19f669a32bc6bf16396dd9f79365b,0.4.0,0e21d5546c482d08388a08eb4d948e833227ce47,079b233934150a3eee30444ce2408e09895ec4dd958ec60a822f870fa1284b99,float64,polar1l_rotation_invariants_v1,7beb8d4d9a8231a484c0bb6ff44b6b2e450eee2ca8a447370f350ed8678929cb,"{""density_coefficients"":[26,4],""dipole"":[1,3],""electron_energy"":[1],""electrostatic_energy"":[1],""energy"":[1],""node_feats"":[26,13824],""spin_charge_density"":[26,2,4],""spin_density"":[26,4]}"
D027_QP2_M1,S012,836c8608ef7dc38c2288a94bf5d34d3f701e09135701a9512364af5e484816b1,2,1,4e8339da6eec13d76c8bc24c5bc1c3166ae7ecf766091eb61a84a8c9268989c0,artifacts/base_features/4e/4e8339da6eec13d76c8bc24c5bc1c3166ae7ecf766091eb61a84a8c9268989c0.npz,2f673a5d7ca8780a5aba66a7a27fb3b387a86a5c14b254cab277d679c6e310d0,3095,-13559.7821148271,polar-1-l,9f65f8dc6ddaff1d631e299cb531376a7da5e68d1bef04f34a2d5073d5ef114b,0.3.16,4d2da09413ac1407f37cdbb6b81fa28e4c15655e,e552c116b7d2c653f98b01f5c4fd599997f19f669a32bc6bf16396dd9f79365b,0.4.0,0e21d5546c482d08388a08eb4d948e833227ce47,079b233934150a3eee30444ce2408e09895ec4dd958ec60a822f870fa1284b99,float64,polar1l_rotation_invariants_v1,7beb8d4d9a8231a484c0bb6ff44b6b2e450eee2ca8a447370f350ed8678929cb,"{""density_coefficients"":[26,4],""dipole"":[1,3],""electron_energy"":[1],""electrostatic_energy"":[1],""energy"":[1],""node_feats"":[26,13824],""spin_charge_density"":[26,2,4],""spin_density"":[26,4]}"
D027_QP2_M1,S013,39669b6097d0fccda528edc212d9363d5f2bbfff64e8ab095f6baf226925ddb3,2,1,eb002dff70188dd684041983063502a767a3cdc6c6cfb51fe3004a404f1d94e1,artifacts/base_features/eb/eb002dff70188dd684041983063502a767a3cdc6c6cfb51fe3004a404f1d94e1.npz,00284e2e55f31d0ac645ea9e8ebb7fbd97c0a11b55e265026395aba257a11169,3095,-13559.7762898576,polar-1-l,9f65f8dc6ddaff1d631e299cb531376a7da5e68d1bef04f34a2d5073d5ef114b,0.3.16,4d2da09413ac1407f37cdbb6b81fa28e4c15655e,e552c116b7d2c653f98b01f5c4fd599997f19f669a32bc6bf16396dd9f79365b,0.4.0,0e21d5546c482d08388a08eb4d948e833227ce47,079b233934150a3eee30444ce2408e09895ec4dd958ec60a822f870fa1284b99,float64,polar1l_rotation_invariants_v1,7beb8d4d9a8231a484c0bb6ff44b6b2e450eee2ca8a447370f350ed8678929cb,"{""density_coefficients"":[26,4],""dipole"":[1,3],""electron_energy"":[1],""electrostatic_energy"":[1],""energy"":[1],""node_feats"":[26,13824],""spin_charge_density"":[26,2,4],""spin_density"":[26,4]}"
D027_QP2_M1,S014,306c029c1c79f56cf6a9deed981a66f4b49df183c2bbbaaedfecf9d9461e9a67,2,1,b375ef40b55c4e09a351d17d50c61f15051d1476a572a1682a8de2f6cde0c506,artifacts/base_features/b3/b375ef40b55c4e09a351d17d50c61f15051d1476a572a1682a8de2f6cde0c506.npz,a3478cec9c8021f90ead047aecc3f64438a351a9c8f54f79ceab51e32cfe989f,3095,-13559.7918919262,polar-1-l,9f65f8dc6ddaff1d631e299cb531376a7da5e68d1bef04f34a2d5073d5ef114b,0.3.16,4d2da09413ac1407f37cdbb6b81fa28e4c15655e,e552c116b7d2c653f98b01f5c4fd599997f19f669a32bc6bf16396dd9f79365b,0.4.0,0e21d5546c482d08388a08eb4d948e833227ce47,079b233934150a3eee30444ce2408e09895ec4dd958ec60a822f870fa1284b99,float64,polar1l_rotation_invariants_v1,7beb8d4d9a8231a484c0bb6ff44b6b2e450eee2ca8a447370f350ed8678929cb,"{""density_coefficients"":[26,4],""dipole"":[1,3],""electron_energy"":[1],""electrostatic_energy"":[1],""energy"":[1],""node_feats"":[26,13824],""spin_charge_density"":[26,2,4],""spin_density"":[26,4]}"
D027_QP2_M1,S015,f13c824d462e19f7698e60f14106fe34aa318cafe35bcc52c92f225036c61b72,2,1,0d237be9363d804e5561f482c2797a7a4566d38352e5e7ff1603d667e38edac9,artifacts/base_features/0d/0d237be9363d804e5561f482c2797a7a4566d38352e5e7ff1603d667e38edac9.npz,5e5a7d1f416ebf6054cc5d3904ff87377d541a3435cadce96e9b7b4ab482d673,3095,-13559.7857060817,polar-1-l,9f65f8dc6ddaff1d631e299cb531376a7da5e68d1bef04f34a2d5073d5ef114b,0.3.16,4d2da09413ac1407f37cdbb6b81fa28e4c15655e,e552c116b7d2c653f98b01f5c4fd599997f19f669a32bc6bf16396dd9f79365b,0.4.0,0e21d5546c482d08388a08eb4d948e833227ce47,079b233934150a3eee30444ce2408e09895ec4dd958ec60a822f870fa1284b99,float64,polar1l_rotation_invariants_v1,7beb8d4d9a8231a484c0bb6ff44b6b2e450eee2ca8a447370f350ed8678929cb,"{""density_coefficients"":[26,4],""dipole"":[1,3],""electron_energy"":[1],""electrostatic_energy"":[1],""energy"":[1],""node_feats"":[26,13824],""spin_charge_density"":[26,2,4],""spin_density"":[26,4]}"
D027_QP2_M1,S016,b72c1cdedd4c7892331005d0e872861393bce43513d67b0686f56ced2febdc16,2,1,bbe7a7834f5a0ac26d241d4ec314a4a09839922a1fd34d0e1950982b40064e09,artifacts/base_features/bb/bbe7a7834f5a0ac26d241d4ec314a4a09839922a1fd34d0e1950982b40064e09.npz,45deeaf58634aa9ba65c9a15b4d5d93d28dbfb209ea73bf1e99f0a9b82576cfa,3095,-13559.7859030231,polar-1-l,9f65f8dc6ddaff1d631e299cb531376a7da5e68d1bef04f34a2d5073d5ef114b,0.3.16,4d2da09413ac1407f37cdbb6b81fa28e4c15655e,e552c116b7d2c653f98b01f5c4fd599997f19f669a32bc6bf16396dd9f79365b,0.4.0,0e21d5546c482d08388a08eb4d948e833227ce47,079b233934150a3eee30444ce2408e09895ec4dd958ec60a822f870fa1284b99,float64,polar1l_rotation_invariants_v1,7beb8d4d9a8231a484c0bb6ff44b6b2e450eee2ca8a447370f350ed8678929cb,"{""density_coefficients"":[26,4],""dipole"":[1,3],""electron_energy"":[1],""electrostatic_energy"":[1],""energy"":[1],""node_feats"":[26,13824],""spin_charge_density"":[26,2,4],""spin_density"":[26,4]}"
D027_QP2_M1,S017,5b8738dceafb1370fa3457eaeabf600cb99a6560fe04827623e644940157f10b,2,1,e4c1b24ead9670419c16faf4ad9bb652d242b7ea1ff08a457fc6b7f6066f7aba,artifacts/base_features/e4/e4c1b24ead9670419c16faf4ad9bb652d242b7ea1ff08a457fc6b7f6066f7aba.npz,825b5762c05186102172604a4e5f9e23e9179ef1adfce5564ea915f72aa71a39,3095,-13559.7841665463,polar-1-l,9f65f8dc6ddaff1d631e299cb531376a7da5e68d1bef04f34a2d5073d5ef114b,0.3.16,4d2da09413ac1407f37cdbb6b81fa28e4c15655e,e552c116b7d2c653f98b01f5c4fd599997f19f669a32bc6bf16396dd9f79365b,0.4.0,0e21d5546c482d08388a08eb4d948e833227ce47,079b233934150a3eee30444ce2408e09895ec4dd958ec60a822f870fa1284b99,float64,polar1l_rotation_invariants_v1,7beb8d4d9a8231a484c0bb6ff44b6b2e450eee2ca8a447370f350ed8678929cb,"{""density_coefficients"":[26,4],""dipole"":[1,3],""electron_energy"":[1],""electrostatic_energy"":[1],""energy"":[1],""node_feats"":[26,13824],""spin_charge_density"":[26,2,4],""spin_density"":[26,4]}"
D027_QP2_M1,S018,9da7558a9536687613804810a7eb33503956abbb5bdd02d195bb7775fd940c81,2,1,e9e3f1d846c7d59aaaa94a9e221a2b505757625d263416e0682f3d188b7e7a9d,artifacts/base_features/e9/e9e3f1d846c7d59aaaa94a9e221a2b505757625d263416e0682f3d188b7e7a9d.npz,b4c9a3fb141ccb514ac134be8e660637b53101e0e0a4a72fb52563090dfe4a4d,3095,-13559.7826905988,polar-1-l,9f65f8dc6ddaff1d631e299cb531376a7da5e68d1bef04f34a2d5073d5ef114b,0.3.16,4d2da09413ac1407f37cdbb6b81fa28e4c15655e,e552c116b7d2c653f98b01f5c4fd599997f19f669a32bc6bf16396dd9f79365b,0.4.0,0e21d5546c482d08388a08eb4d948e833227ce47,079b233934150a3eee30444ce2408e09895ec4dd958ec60a822f870fa1284b99,float64,polar1l_rotation_invariants_v1,7beb8d4d9a8231a484c0bb6ff44b6b2e450eee2ca8a447370f350ed8678929cb,"{""density_coefficients"":[26,4],""dipole"":[1,3],""electron_energy"":[1],""electrostatic_energy"":[1],""energy"":[1],""node_feats"":[26,13824],""spin_charge_density"":[26,2,4],""spin_density"":[26,4]}"
D027_QP2_M1,S019,36a0ced2bd557b8b1819f3bf9c0d03306cea01e9dbcf2251e2dae9c25c666983,2,1,2281c29faa6e84e7241fed03d63d3c9d4bef6dae558636712ea1c3f3431e8615,artifacts/base_features/22/2281c29faa6e84e7241fed03d63d3c9d4bef6dae558636712ea1c3f3431e8615.npz,0e282912b6ee9799e92491d0f014b741ee32fde5f00cadb1a55af4d47bf23141,3095,-13559.7823941998,polar-1-l,9f65f8dc6ddaff1d631e299cb531376a7da5e68d1bef04f34a2d5073d5ef114b,0.3.16,4d2da09413ac1407f37cdbb6b81fa28e4c15655e,e552c116b7d2c653f98b01f5c4fd599997f19f669a32bc6bf16396dd9f79365b,0.4.0,0e21d5546c482d08388a08eb4d948e833227ce47,079b233934150a3eee30444ce2408e09895ec4dd958ec60a822f870fa1284b99,float64,polar1l_rotation_invariants_v1,7beb8d4d9a8231a484c0bb6ff44b6b2e450eee2ca8a447370f350ed8678929cb,"{""density_coefficients"":[26,4],""dipole"":[1,3],""electron_energy"":[1],""electrostatic_energy"":[1],""energy"":[1],""node_feats"":[26,13824],""spin_charge_density"":[26,2,4],""spin_density"":[26,4]}"
D027_QP2_M1,S020,a6bbafdaf5a33237c77a0a1197ba3925d2f6aed9f24c88bb649fd918615e2ffe,2,1,9813214a4e309c4f8647308a3f5f3b4e46de93da1858be84cc390289bb088ee9,artifacts/base_features/98/9813214a4e309c4f8647308a3f5f3b4e46de93da1858be84cc390289bb088ee9.npz,066b04baa9feec1b678020571d9a5b322a84dc74496821ed0a8d159f4e01723b,3095,-13559.786221215,polar-1-l,9f65f8dc6ddaff1d631e299cb531376a7da5e68d1bef04f34a2d5073d5ef114b,0.3.16,4d2da09413ac1407f37cdbb6b81fa28e4c15655e,e552c116b7d2c653f98b01f5c4fd599997f19f669a32bc6bf16396dd9f79365b,0.4.0,0e21d5546c482d08388a08eb4d948e833227ce47,079b233934150a3eee30444ce2408e09895ec4dd958ec60a822f870fa1284b99,float64,polar1l_rotation_invariants_v1,7beb8d4d9a8231a484c0bb6ff44b6b2e450eee2ca8a447370f350ed8678929cb,"{""density_coefficients"":[26,4],""dipole"":[1,3],""electron_energy"":[1],""electrostatic_energy"":[1],""energy"":[1],""node_feats"":[26,13824],""spin_charge_density"":[26,2,4],""spin_density"":[26,4]}"
D027_QP2_M1,S021,d0410271a829079b2c1018e731fe793074eb35dfd33444af18474dda6659e8cf,2,1,fd7cc5d525f212f6dcd4f2ad1be0dfa36cce6527d24f38cd18cc547194d2c4a3,artifacts/base_features/fd/fd7cc5d525f212f6dcd4f2ad1be0dfa36cce6527d24f38cd18cc547194d2c4a3.npz,3c1f097cd1d5ad306f32b92e2132ab2ce1704acb0aeffe8908ea1eddfa89c968,3095,-13559.791747434,polar-1-l,9f65f8dc6ddaff1d631e299cb531376a7da5e68d1bef04f34a2d5073d5ef114b,0.3.16,4d2da09413ac1407f37cdbb6b81fa28e4c15655e,e552c116b7d2c653f98b01f5c4fd599997f19f669a32bc6bf16396dd9f79365b,0.4.0,0e21d5546c482d08388a08eb4d948e833227ce47,079b233934150a3eee30444ce2408e09895ec4dd958ec60a822f870fa1284b99,float64,polar1l_rotation_invariants_v1,7beb8d4d9a8231a484c0bb6ff44b6b2e450eee2ca8a447370f350ed8678929cb,"{""density_coefficients"":[26,4],""dipole"":[1,3],""electron_energy"":[1],""electrostatic_energy"":[1],""energy"":[1],""node_feats"":[26,13824],""spin_charge_density"":[26,2,4],""spin_density"":[26,4]}"
D027_QP2_M1,S022,a9a0cd7abb75ae3eccff350cd54a500a937b001e52c617ac80b5a2b278c5ce4b,2,1,25288a02f0d14286c998c233eb98acce2f3183556b1b6a49a3d30186e75097c1,artifacts/base_features/25/25288a02f0d14286c998c233eb98acce2f3183556b1b6a49a3d30186e75097c1.npz,abdb63ba0c45543f709d49934587b6e4eb11f293dc71fc8c2d4ef2cabc9cf940,3095,-13559.7810614785,polar-1-l,9f65f8dc6ddaff1d631e299cb531376a7da5e68d1bef04f34a2d5073d5ef114b,0.3.16,4d2da09413ac1407f37cdbb6b81fa28e4c15655e,e552c116b7d2c653f98b01f5c4fd599997f19f669a32bc6bf16396dd9f79365b,0.4.0,0e21d5546c482d08388a08eb4d948e833227ce47,079b233934150a3eee30444ce2408e09895ec4dd958ec60a822f870fa1284b99,float64,polar1l_rotation_invariants_v1,7beb8d4d9a8231a484c0bb6ff44b6b2e450eee2ca8a447370f350ed8678929cb,"{""density_coefficients"":[26,4],""dipole"":[1,3],""electron_energy"":[1],""electrostatic_energy"":[1],""energy"":[1],""node_feats"":[26,13824],""spin_charge_density"":[26,2,4],""spin_density"":[26,4]}"
D027_QP2_M1,S023,c59b8f95a46ed2aebcbbc2f686511b448acdb83c93ae5b1fad707d01ec66d2ca,2,1,cab4c7fcea4a90f036bc934e240240203e28357d6d35823787324241610e65c1,artifacts/base_features/ca/cab4c7fcea4a90f036bc934e240240203e28357d6d35823787324241610e65c1.npz,480134c26eb10736758b2ad3de9be3c4c147eef747f3ee6b6228ccc612b3309a,3095,-13559.7946778913,polar-1-l,9f65f8dc6ddaff1d631e299cb531376a7da5e68d1bef04f34a2d5073d5ef114b,0.3.16,4d2da09413ac1407f37cdbb6b81fa28e4c15655e,e552c116b7d2c653f98b01f5c4fd599997f19f669a32bc6bf16396dd9f79365b,0.4.0,0e21d5546c482d08388a08eb4d948e833227ce47,079b233934150a3eee30444ce2408e09895ec4dd958ec60a822f870fa1284b99,float64,polar1l_rotation_invariants_v1,7beb8d4d9a8231a484c0bb6ff44b6b2e450eee2ca8a447370f350ed8678929cb,"{""density_coefficients"":[26,4],""dipole"":[1,3],""electron_energy"":[1],""electrostatic_energy"":[1],""energy"":[1],""node_feats"":[26,13824],""spin_charge_density"":[26,2,4],""spin_density"":[26,4]}"
D027_QP2_M1,S024,d0b952e2def54d6419ecee3d7b50b74ad3abd4d3c324b815c8e54b62f6b7e769,2,1,4e2d894253cb8d737aa63b10abbd03084191b0c1e685cfe48e39d64c022ac7fb,artifacts/base_features/4e/4e2d894253cb8d737aa63b10abbd03084191b0c1e685cfe48e39d64c022ac7fb.npz,661a6c0cc4cc8303ddb408ed3b7f67d9d3fb65f25ad6bf51b5c3ffeacd90af94,3095,-13559.799518684,polar-1-l,9f65f8dc6ddaff1d631e299cb531376a7da5e68d1bef04f34a2d5073d5ef114b,0.3.16,4d2da09413ac1407f37cdbb6b81fa28e4c15655e,e552c116b7d2c653f98b01f5c4fd599997f19f669a32bc6bf16396dd9f79365b,0.4.0,0e21d5546c482d08388a08eb4d948e833227ce47,079b233934150a3eee30444ce2408e09895ec4dd958ec60a822f870fa1284b99,float64,polar1l_rotation_invariants_v1,7beb8d4d9a8231a484c0bb6ff44b6b2e450eee2ca8a447370f350ed8678929cb,"{""density_coefficients"":[26,4],""dipole"":[1,3],""electron_energy"":[1],""electrostatic_energy"":[1],""energy"":[1],""node_feats"":[26,13824],""spin_charge_density"":[26,2,4],""spin_density"":[26,4]}"
D027_QP2_M1,S025,dbc2bfe16a129e65f1e1ea00b786458b73d0d4767f0ee8f475c61fd1415595f7,2,1,b8ad3a6c7864a2a2acfd4a29d6725aa46b4581184ee002e79b6e18af3796f7de,artifacts/base_features/b8/b8ad3a6c7864a2a2acfd4a29d6725aa46b4581184ee002e79b6e18af3796f7de.npz,91f0d4163e0e2c3e1cbb4ec4cfb7f094bdabd5a39b10f7ccd822348015708a1e,3095,-13559.7881262687,polar-1-l,9f65f8dc6ddaff1d631e299cb531376a7da5e68d1bef04f34a2d5073d5ef114b,0.3.16,4d2da09413ac1407f37cdbb6b81fa28e4c15655e,e552c116b7d2c653f98b01f5c4fd599997f19f669a32bc6bf16396dd9f79365b,0.4.0,0e21d5546c482d08388a08eb4d948e833227ce47,079b233934150a3eee30444ce2408e09895ec4dd958ec60a822f870fa1284b99,float64,polar1l_rotation_invariants_v1,7beb8d4d9a8231a484c0bb6ff44b6b2e450eee2ca8a447370f350ed8678929cb,"{""density_coefficients"":[26,4],""dipole"":[1,3],""electron_energy"":[1],""electrostatic_energy"":[1],""energy"":[1],""node_feats"":[26,13824],""spin_charge_density"":[26,2,4],""spin_density"":[26,4]}"
D038_QP2_M1,S004,24a6732950208d7a556759ff963b940b0c13887276c6e7dbb49e7640a78fc288,2,1,25f909a7d3b66eb6632cb1114abc16969c423d637ae1bce25274ca7a203dffe4,artifacts/base_features/25/25f909a7d3b66eb6632cb1114abc16969c423d637ae1bce25274ca7a203dffe4.npz,8e71ca601c8f9a6eee304b9a03d94a978d6410ec78b5c3100939227428bc4d0f,3095,-12500.2940068047,polar-1-l,9f65f8dc6ddaff1d631e299cb531376a7da5e68d1bef04f34a2d5073d5ef114b,0.3.16,4d2da09413ac1407f37cdbb6b81fa28e4c15655e,e552c116b7d2c653f98b01f5c4fd599997f19f669a32bc6bf16396dd9f79365b,0.4.0,0e21d5546c482d08388a08eb4d948e833227ce47,079b233934150a3eee30444ce2408e09895ec4dd958ec60a822f870fa1284b99,float64,polar1l_rotation_invariants_v1,7beb8d4d9a8231a484c0bb6ff44b6b2e450eee2ca8a447370f350ed8678929cb,"{""density_coefficients"":[18,4],""dipole"":[1,3],""electron_energy"":[1],""electrostatic_energy"":[1],""energy"":[1],""node_feats"":[18,13824],""spin_charge_density"":[18,2,4],""spin_density"":[18,4]}"
D038_QP2_M1,S011,dc1d87cf46e0d585869d0cce9169e3d0056b0b140e4ccc2abb36509aa1ab1282,2,1,ef72fd041fcdf44ea86b508dd45bd4ea8c1fc81c1986851522076cbc9c9043ab,artifacts/base_features/ef/ef72fd041fcdf44ea86b508dd45bd4ea8c1fc81c1986851522076cbc9c9043ab.npz,325231d82c5f5c08319d5f362e2ff0907248d278fa54e3c101583f670f1dfebd,3095,-12500.2938254963,polar-1-l,9f65f8dc6ddaff1d631e299cb531376a7da5e68d1bef04f34a2d5073d5ef114b,0.3.16,4d2da09413ac1407f37cdbb6b81fa28e4c15655e,e552c116b7d2c653f98b01f5c4fd599997f19f669a32bc6bf16396dd9f79365b,0.4.0,0e21d5546c482d08388a08eb4d948e833227ce47,079b233934150a3eee30444ce2408e09895ec4dd958ec60a822f870fa1284b99,float64,polar1l_rotation_invariants_v1,7beb8d4d9a8231a484c0bb6ff44b6b2e450eee2ca8a447370f350ed8678929cb,"{""density_coefficients"":[18,4],""dipole"":[1,3],""electron_energy"":[1],""electrostatic_energy"":[1],""energy"":[1],""node_feats"":[18,13824],""spin_charge_density"":[18,2,4],""spin_density"":[18,4]}"
D038_QP2_M1,S018,faa73c0b3d165412110f22151e0e768341c5c70aa3a5f6aec6f0d17dd17174fc,2,1,2b69a125a8e673805c9d282e30c4e9dc693754f524728040764bddcab6d5b863,artifacts/base_features/2b/2b69a125a8e673805c9d282e30c4e9dc693754f524728040764bddcab6d5b863.npz,e7baf30656b657a5359a98acd2884a35c9b32feeb2cd08ca605c1067780af236,3095,-12500.2966750009,polar-1-l,9f65f8dc6ddaff1d631e299cb531376a7da5e68d1bef04f34a2d5073d5ef114b,0.3.16,4d2da09413ac1407f37cdbb6b81fa28e4c15655e,e552c116b7d2c653f98b01f5c4fd599997f19f669a32bc6bf16396dd9f79365b,0.4.0,0e21d5546c482d08388a08eb4d948e833227ce47,079b233934150a3eee30444ce2408e09895ec4dd958ec60a822f870fa1284b99,float64,polar1l_rotation_invariants_v1,7beb8d4d9a8231a484c0bb6ff44b6b2e450eee2ca8a447370f350ed8678929cb,"{""density_coefficients"":[18,4],""dipole"":[1,3],""electron_energy"":[1],""electrostatic_energy"":[1],""energy"":[1],""node_feats"":[18,13824],""spin_charge_density"":[18,2,4],""spin_density"":[18,4]}"
D038_QP2_M1,S025,6e26e15c24d62dab8e506cc296871f002708e406d4598f45b3ed5660422b974a,2,1,08d46e3d469e8e97a0532f7fc57d4139a85d8d10bfaa4d2eb22e5326fd742275,artifacts/base_features/08/08d46e3d469e8e97a0532f7fc57d4139a85d8d10bfaa4d2eb22e5326fd742275.npz,ceb36cb4fc0beb3697c09f2f8c66a6fadfa7f8d63bdd16a36557300f697fe45a,3095,-12500.2969503366,polar-1-l,9f65f8dc6ddaff1d631e299cb531376a7da5e68d1bef04f34a2d5073d5ef114b,0.3.16,4d2da09413ac1407f37cdbb6b81fa28e4c15655e,e552c116b7d2c653f98b01f5c4fd599997f19f669a32bc6bf16396dd9f79365b,0.4.0,0e21d5546c482d08388a08eb4d948e833227ce47,079b233934150a3eee30444ce2408e09895ec4dd958ec60a822f870fa1284b99,float64,polar1l_rotation_invariants_v1,7beb8d4d9a8231a484c0bb6ff44b6b2e450eee2ca8a447370f350ed8678929cb,"{""density_coefficients"":[18,4],""dipole"":[1,3],""electron_energy"":[1],""electrostatic_energy"":[1],""energy"":[1],""node_feats"":[18,13824],""spin_charge_density"":[18,2,4],""spin_density"":[18,4]}"
D042_QP2_M1,S005,35a346dd6fd8d0acd646af44b8611cd55c2bafab15b4961884a2af0eea3bbe29,2,1,a5735544ee684afbc8188d34d61abbbeb948e151977b54158f4e191d2bd52428,artifacts/base_features/a5/a5735544ee684afbc8188d34d61abbbeb948e151977b54158f4e191d2bd52428.npz,ebcfb2f44b08ab2f8fb7c8359f7cff8c5a9eafe23445c8a88f52360c80bebfbf,3095,-29614.4528822682,polar-1-l,9f65f8dc6ddaff1d631e299cb531376a7da5e68d1bef04f34a2d5073d5ef114b,0.3.16,4d2da09413ac1407f37cdbb6b81fa28e4c15655e,e552c116b7d2c653f98b01f5c4fd599997f19f669a32bc6bf16396dd9f79365b,0.4.0,0e21d5546c482d08388a08eb4d948e833227ce47,079b233934150a3eee30444ce2408e09895ec4dd958ec60a822f870fa1284b99,float64,polar1l_rotation_invariants_v1,7beb8d4d9a8231a484c0bb6ff44b6b2e450eee2ca8a447370f350ed8678929cb,"{""density_coefficients"":[66,4],""dipole"":[1,3],""electron_energy"":[1],""electrostatic_energy"":[1],""energy"":[1],""node_feats"":[66,13824],""spin_charge_density"":[66,2,4],""spin_density"":[66,4]}"
D042_QP2_M1,S012,2d1533564bafeee5487c1143a5d0d30ed87baded9b0f70293038b4211db475c6,2,1,38abc7014b6b9f74cefe0cf685c9bbd666bcb0130666694a0ec9663fc386fcaa,artifacts/base_features/38/38abc7014b6b9f74cefe0cf685c9bbd666bcb0130666694a0ec9663fc386fcaa.npz,2069316be73e4c2e20d6334d7529d196e1d9d32218d561e026545416e14285ec,3095,-29614.4516199899,polar-1-l,9f65f8dc6ddaff1d631e299cb531376a7da5e68d1bef04f34a2d5073d5ef114b,0.3.16,4d2da09413ac1407f37cdbb6b81fa28e4c15655e,e552c116b7d2c653f98b01f5c4fd599997f19f669a32bc6bf16396dd9f79365b,0.4.0,0e21d5546c482d08388a08eb4d948e833227ce47,079b233934150a3eee30444ce2408e09895ec4dd958ec60a822f870fa1284b99,float64,polar1l_rotation_invariants_v1,7beb8d4d9a8231a484c0bb6ff44b6b2e450eee2ca8a447370f350ed8678929cb,"{""density_coefficients"":[66,4],""dipole"":[1,3],""electron_energy"":[1],""electrostatic_energy"":[1],""energy"":[1],""node_feats"":[66,13824],""spin_charge_density"":[66,2,4],""spin_density"":[66,4]}"
D042_QP2_M1,S015,0f1320e6ef97c53c0af35de2fa10bc04824eff6ee9093437977447aa06bf78fe,2,1,976da0304bbc12fa6210c364d8381342ed0c17d892ae57b2804ca91519d21be9,artifacts/base_features/97/976da0304bbc12fa6210c364d8381342ed0c17d892ae57b2804ca91519d21be9.npz,8ed6767986db0d4f4f532b5fb9f2a22d32d485d7256920a7e82643b4f005dd5c,3095,-29614.4552160503,polar-1-l,9f65f8dc6ddaff1d631e299cb531376a7da5e68d1bef04f34a2d5073d5ef114b,0.3.16,4d2da09413ac1407f37cdbb6b81fa28e4c15655e,e552c116b7d2c653f98b01f5c4fd599997f19f669a32bc6bf16396dd9f79365b,0.4.0,0e21d5546c482d08388a08eb4d948e833227ce47,079b233934150a3eee30444ce2408e09895ec4dd958ec60a822f870fa1284b99,float64,polar1l_rotation_invariants_v1,7beb8d4d9a8231a484c0bb6ff44b6b2e450eee2ca8a447370f350ed8678929cb,"{""density_coefficients"":[66,4],""dipole"":[1,3],""electron_energy"":[1],""electrostatic_energy"":[1],""energy"":[1],""node_feats"":[66,13824],""spin_charge_density"":[66,2,4],""spin_density"":[66,4]}"
D042_QP2_M1,S023,9210ee13ae6423b1e84d1ec83e047efb1e2e10b50de3707ecb05bce003a11a74,2,1,0a7b122bcce5a2ecbdb48daacec7f9578f50473bd975a3393fe18eefab8170e9,artifacts/base_features/0a/0a7b122bcce5a2ecbdb48daacec7f9578f50473bd975a3393fe18eefab8170e9.npz,b980b7509044661141a83516e268313b19cd2c9cabb597340285368be17bf1ad,3095,-29614.4785384868,polar-1-l,9f65f8dc6ddaff1d631e299cb531376a7da5e68d1bef04f34a2d5073d5ef114b,0.3.16,4d2da09413ac1407f37cdbb6b81fa28e4c15655e,e552c116b7d2c653f98b01f5c4fd599997f19f669a32bc6bf16396dd9f79365b,0.4.0,0e21d5546c482d08388a08eb4d948e833227ce47,079b233934150a3eee30444ce2408e09895ec4dd958ec60a822f870fa1284b99,float64,polar1l_rotation_invariants_v1,7beb8d4d9a8231a484c0bb6ff44b6b2e450eee2ca8a447370f350ed8678929cb,"{""density_coefficients"":[66,4],""dipole"":[1,3],""electron_energy"":[1],""electrostatic_energy"":[1],""energy"":[1],""node_feats"":[66,13824],""spin_charge_density"":[66,2,4],""spin_density"":[66,4]}"
D055_QP2_M1,S004,3b66a6618b0df96906a2fdc05f3141ab257f89960a4106071c46ea730db81be4,2,1,a049c9730ac9ccf038fcab32066c99e4bbb9df1f7372d5cfbf5abc8e851ee6f5,artifacts/base_features/a0/a049c9730ac9ccf038fcab32066c99e4bbb9df1f7372d5cfbf5abc8e851ee6f5.npz,9e79e5196d9f71fe4e54559cd90c9da8eb269b999b2385f25ed908ace10f6cca,3095,-156211.936664448,polar-1-l,9f65f8dc6ddaff1d631e299cb531376a7da5e68d1bef04f34a2d5073d5ef114b,0.3.16,4d2da09413ac1407f37cdbb6b81fa28e4c15655e,e552c116b7d2c653f98b01f5c4fd599997f19f669a32bc6bf16396dd9f79365b,0.4.0,0e21d5546c482d08388a08eb4d948e833227ce47,079b233934150a3eee30444ce2408e09895ec4dd958ec60a822f870fa1284b99,float64,polar1l_rotation_invariants_v1,7beb8d4d9a8231a484c0bb6ff44b6b2e450eee2ca8a447370f350ed8678929cb,"{""density_coefficients"":[66,4],""dipole"":[1,3],""electron_energy"":[1],""electrostatic_energy"":[1],""energy"":[1],""node_feats"":[66,13824],""spin_charge_density"":[66,2,4],""spin_density"":[66,4]}"
D055_QP2_M1,S008,2fcf9da0fc996fed34595d441637ffbab39a08d07d80042adab1dd78c72b2c43,2,1,0f4803de7fa93a904db47c5990b6f75463994eab870c3e6a8b0a53d626c9a5cb,artifacts/base_features/0f/0f4803de7fa93a904db47c5990b6f75463994eab870c3e6a8b0a53d626c9a5cb.npz,c82610e941b108ab1d8d2a00586931f7a470a9eb3216e2c8c9e9ba429eb7c9e5,3095,-156211.951813032,polar-1-l,9f65f8dc6ddaff1d631e299cb531376a7da5e68d1bef04f34a2d5073d5ef114b,0.3.16,4d2da09413ac1407f37cdbb6b81fa28e4c15655e,e552c116b7d2c653f98b01f5c4fd599997f19f669a32bc6bf16396dd9f79365b,0.4.0,0e21d5546c482d08388a08eb4d948e833227ce47,079b233934150a3eee30444ce2408e09895ec4dd958ec60a822f870fa1284b99,float64,polar1l_rotation_invariants_v1,7beb8d4d9a8231a484c0bb6ff44b6b2e450eee2ca8a447370f350ed8678929cb,"{""density_coefficients"":[66,4],""dipole"":[1,3],""electron_energy"":[1],""electrostatic_energy"":[1],""energy"":[1],""node_feats"":[66,13824],""spin_charge_density"":[66,2,4],""spin_density"":[66,4]}"
D055_QP2_M1,S011,7a7bb61fa33dd7d7d02de58fa36e2dd83de315bfb357967ab38cfb0299d05006,2,1,3d30cedc3679f59b362e2cd9d4760c098eaeea8cf91854410889029aa66fb35e,artifacts/base_features/3d/3d30cedc3679f59b362e2cd9d4760c098eaeea8cf91854410889029aa66fb35e.npz,059c859c11156b60607effc80c1cab24fa2e8ee9d7f9c91a74a068d34e740a2c,3095,-156211.927562206,polar-1-l,9f65f8dc6ddaff1d631e299cb531376a7da5e68d1bef04f34a2d5073d5ef114b,0.3.16,4d2da09413ac1407f37cdbb6b81fa28e4c15655e,e552c116b7d2c653f98b01f5c4fd599997f19f669a32bc6bf16396dd9f79365b,0.4.0,0e21d5546c482d08388a08eb4d948e833227ce47,079b233934150a3eee30444ce2408e09895ec4dd958ec60a822f870fa1284b99,float64,polar1l_rotation_invariants_v1,7beb8d4d9a8231a484c0bb6ff44b6b2e450eee2ca8a447370f350ed8678929cb,"{""density_coefficients"":[66,4],""dipole"":[1,3],""electron_energy"":[1],""electrostatic_energy"":[1],""energy"":[1],""node_feats"":[66,13824],""spin_charge_density"":[66,2,4],""spin_density"":[66,4]}"
D055_QP2_M1,S015,793ce0a14e141a5b6a0b7f9ea2141c6baf89b2030a6618aac3153fdf5fe08c8d,2,1,6d90e3506ecdc31109bf9c16d4b46a55dc1b8cfcd3d8f94714fb9a0760df241f,artifacts/base_features/6d/6d90e3506ecdc31109bf9c16d4b46a55dc1b8cfcd3d8f94714fb9a0760df241f.npz,508442219227dc4d9a151bcf2c73b219c900170b1e087d47c6b523a26f4211aa,3095,-156211.947208336,polar-1-l,9f65f8dc6ddaff1d631e299cb531376a7da5e68d1bef04f34a2d5073d5ef114b,0.3.16,4d2da09413ac1407f37cdbb6b81fa28e4c15655e,e552c116b7d2c653f98b01f5c4fd599997f19f669a32bc6bf16396dd9f79365b,0.4.0,0e21d5546c482d08388a08eb4d948e833227ce47,079b233934150a3eee30444ce2408e09895ec4dd958ec60a822f870fa1284b99,float64,polar1l_rotation_invariants_v1,7beb8d4d9a8231a484c0bb6ff44b6b2e450eee2ca8a447370f350ed8678929cb,"{""density_coefficients"":[66,4],""dipole"":[1,3],""electron_energy"":[1],""electrostatic_energy"":[1],""energy"":[1],""node_feats"":[66,13824],""spin_charge_density"":[66,2,4],""spin_density"":[66,4]}"
D058_QP2_M1,S005,7388d218b03d3f07a8d478a44558c9c4effbe5d8764a39a8cb783f1e0115711c,2,1,7afb43ee754fee65b7f2f754f6fb28b4308482c0824e8e7cd29a4893c0db08ad,artifacts/base_features/7a/7afb43ee754fee65b7f2f754f6fb28b4308482c0824e8e7cd29a4893c0db08ad.npz,8b2226b13eb4d82f52ce13f81b35010f878c4a112facf27acbe298687e1825cb,3095,-151501.670289485,polar-1-l,9f65f8dc6ddaff1d631e299cb531376a7da5e68d1bef04f34a2d5073d5ef114b,0.3.16,4d2da09413ac1407f37cdbb6b81fa28e4c15655e,e552c116b7d2c653f98b01f5c4fd599997f19f669a32bc6bf16396dd9f79365b,0.4.0,0e21d5546c482d08388a08eb4d948e833227ce47,079b233934150a3eee30444ce2408e09895ec4dd958ec60a822f870fa1284b99,float64,polar1l_rotation_invariants_v1,7beb8d4d9a8231a484c0bb6ff44b6b2e450eee2ca8a447370f350ed8678929cb,"{""density_coefficients"":[30,4],""dipole"":[1,3],""electron_energy"":[1],""electrostatic_energy"":[1],""energy"":[1],""node_feats"":[30,13824],""spin_charge_density"":[30,2,4],""spin_density"":[30,4]}"
D058_QP2_M1,S012,8fac1ef4c0dc18181e9d71c513a0db237018c648bd20c5cca1fdc9cf1aaaa2e7,2,1,9d4cc4963a0ac6973fd59273b83ca347a70be4ec9cb8a5f98093cd69ae234ed4,artifacts/base_features/9d/9d4cc4963a0ac6973fd59273b83ca347a70be4ec9cb8a5f98093cd69ae234ed4.npz,3f2359ee75d879e546fddeefb156e61c0099a0a020902e1c0864e9ab31f861e7,3095,-151501.668416153,polar-1-l,9f65f8dc6ddaff1d631e299cb531376a7da5e68d1bef04f34a2d5073d5ef114b,0.3.16,4d2da09413ac1407f37cdbb6b81fa28e4c15655e,e552c116b7d2c653f98b01f5c4fd599997f19f669a32bc6bf16396dd9f79365b,0.4.0,0e21d5546c482d08388a08eb4d948e833227ce47,079b233934150a3eee30444ce2408e09895ec4dd958ec60a822f870fa1284b99,float64,polar1l_rotation_invariants_v1,7beb8d4d9a8231a484c0bb6ff44b6b2e450eee2ca8a447370f350ed8678929cb,"{""density_coefficients"":[30,4],""dipole"":[1,3],""electron_energy"":[1],""electrostatic_energy"":[1],""energy"":[1],""node_feats"":[30,13824],""spin_charge_density"":[30,2,4],""spin_density"":[30,4]}"
D058_QP2_M1,S016,1585e6393a03373b46a31f9dee92f207e25e5c8a75bd911c27ec910a7b1396a2,2,1,a8c7011c20a835f19f9248d288fd8d18123e9195d30d4515eb5454113a1742f2,artifacts/base_features/a8/a8c7011c20a835f19f9248d288fd8d18123e9195d30d4515eb5454113a1742f2.npz,8f57364dabcd41355f0862320d3598889be6457221114fde07cbf8babbb05b3a,3095,-151501.676657902,polar-1-l,9f65f8dc6ddaff1d631e299cb531376a7da5e68d1bef04f34a2d5073d5ef114b,0.3.16,4d2da09413ac1407f37cdbb6b81fa28e4c15655e,e552c116b7d2c653f98b01f5c4fd599997f19f669a32bc6bf16396dd9f79365b,0.4.0,0e21d5546c482d08388a08eb4d948e833227ce47,079b233934150a3eee30444ce2408e09895ec4dd958ec60a822f870fa1284b99,float64,polar1l_rotation_invariants_v1,7beb8d4d9a8231a484c0bb6ff44b6b2e450eee2ca8a447370f350ed8678929cb,"{""density_coefficients"":[30,4],""dipole"":[1,3],""electron_energy"":[1],""electrostatic_energy"":[1],""energy"":[1],""node_feats"":[30,13824],""spin_charge_density"":[30,2,4],""spin_density"":[30,4]}"
D058_QP2_M1,S025,be3a3cec26df201b62a2da16601021b83ce1b140aadb3bc29acf473df17cd2c1,2,1,cff5d9dd62b743aa699b3a139d929dc663910c74e9898c13c06b0861a7114f55,artifacts/base_features/cf/cff5d9dd62b743aa699b3a139d929dc663910c74e9898c13c06b0861a7114f55.npz,55722b7983cce61b82368e47ed7280ae15cabbb926873f34f14a6dad3be253ce,3095,-151501.680151856,polar-1-l,9f65f8dc6ddaff1d631e299cb531376a7da5e68d1bef04f34a2d5073d5ef114b,0.3.16,4d2da09413ac1407f37cdbb6b81fa28e4c15655e,e552c116b7d2c653f98b01f5c4fd599997f19f669a32bc6bf16396dd9f79365b,0.4.0,0e21d5546c482d08388a08eb4d948e833227ce47,079b233934150a3eee30444ce2408e09895ec4dd958ec60a822f870fa1284b99,float64,polar1l_rotation_invariants_v1,7beb8d4d9a8231a484c0bb6ff44b6b2e450eee2ca8a447370f350ed8678929cb,"{""density_coefficients"":[30,4],""dipole"":[1,3],""electron_energy"":[1],""electrostatic_energy"":[1],""energy"":[1],""node_feats"":[30,13824],""spin_charge_density"":[30,2,4],""spin_density"":[30,4]}"
D060_QP2_M1,S002,f4d516f89a4070029a76bc7adea9ad804b35e3c44c3e5eecc448d72a0310b71c,2,1,8daaeb3919e74bf71a3d32ff767f6b93bc60a12550f863ee141daeffc20e5f21,artifacts/base_features/8d/8daaeb3919e74bf71a3d32ff767f6b93bc60a12550f863ee141daeffc20e5f21.npz,88dcc8de120d2c8af3cabff70e27d745c206caa689cdaae8818bacd9f3a73772,3095,-15634.4676675522,polar-1-l,9f65f8dc6ddaff1d631e299cb531376a7da5e68d1bef04f34a2d5073d5ef114b,0.3.16,4d2da09413ac1407f37cdbb6b81fa28e4c15655e,e552c116b7d2c653f98b01f5c4fd599997f19f669a32bc6bf16396dd9f79365b,0.4.0,0e21d5546c482d08388a08eb4d948e833227ce47,079b233934150a3eee30444ce2408e09895ec4dd958ec60a822f870fa1284b99,float64,polar1l_rotation_invariants_v1,7beb8d4d9a8231a484c0bb6ff44b6b2e450eee2ca8a447370f350ed8678929cb,"{""density_coefficients"":[28,4],""dipole"":[1,3],""electron_energy"":[1],""electrostatic_energy"":[1],""energy"":[1],""node_feats"":[28,13824],""spin_charge_density"":[28,2,4],""spin_density"":[28,4]}"
D060_QP2_M1,S006,af26276a1e1c19e392de9ac0dcc8d1babcf10842726d5117033934e033aaf911,2,1,b6e891755732df362417c3b437215042d44f6dfe751df44db42d56b047fbd917,artifacts/base_features/b6/b6e891755732df362417c3b437215042d44f6dfe751df44db42d56b047fbd917.npz,6adf8bf7c9adb8ab592471c37ccb475be7efec56a6e2a8d4e8e41bd248b25b9c,3095,-15634.4592403574,polar-1-l,9f65f8dc6ddaff1d631e299cb531376a7da5e68d1bef04f34a2d5073d5ef114b,0.3.16,4d2da09413ac1407f37cdbb6b81fa28e4c15655e,e552c116b7d2c653f98b01f5c4fd599997f19f669a32bc6bf16396dd9f79365b,0.4.0,0e21d5546c482d08388a08eb4d948e833227ce47,079b233934150a3eee30444ce2408e09895ec4dd958ec60a822f870fa1284b99,float64,polar1l_rotation_invariants_v1,7beb8d4d9a8231a484c0bb6ff44b6b2e450eee2ca8a447370f350ed8678929cb,"{""density_coefficients"":[28,4],""dipole"":[1,3],""electron_energy"":[1],""electrostatic_energy"":[1],""energy"":[1],""node_feats"":[28,13824],""spin_charge_density"":[28,2,4],""spin_density"":[28,4]}"
D060_QP2_M1,S017,0658d2420ffc19d60aaad8fe4ec7cace39835a2bf419e05801e47c6f6af107d6,2,1,3ac50d585f5c77ada6d900f8541a7076b92bda12a12918df6b45145c9851273e,artifacts/base_features/3a/3ac50d585f5c77ada6d900f8541a7076b92bda12a12918df6b45145c9851273e.npz,3cf318dcc4217597e58a52ebb04626c5b3df08df45eaf9f23cc0299c9d21c94a,3095,-15634.4644697134,polar-1-l,9f65f8dc6ddaff1d631e299cb531376a7da5e68d1bef04f34a2d5073d5ef114b,0.3.16,4d2da09413ac1407f37cdbb6b81fa28e4c15655e,e552c116b7d2c653f98b01f5c4fd599997f19f669a32bc6bf16396dd9f79365b,0.4.0,0e21d5546c482d08388a08eb4d948e833227ce47,079b233934150a3eee30444ce2408e09895ec4dd958ec60a822f870fa1284b99,float64,polar1l_rotation_invariants_v1,7beb8d4d9a8231a484c0bb6ff44b6b2e450eee2ca8a447370f350ed8678929cb,"{""density_coefficients"":[28,4],""dipole"":[1,3],""electron_energy"":[1],""electrostatic_energy"":[1],""energy"":[1],""node_feats"":[28,13824],""spin_charge_density"":[28,2,4],""spin_density"":[28,4]}"
D060_QP2_M1,S023,da5f2d271de349f7163f6d1bda3ade2539fd2d732239cc592b66444258945e37,2,1,dd3f23fd5cf7d57202235d2340008009b5699d2218489a12310c6cc4b961dea8,artifacts/base_features/dd/dd3f23fd5cf7d57202235d2340008009b5699d2218489a12310c6cc4b961dea8.npz,d4bda573a3b330bb460b4e9e8563666bdeb7c6fea942caca79239eb9450c8ad6,3095,-15634.4802926684,polar-1-l,9f65f8dc6ddaff1d631e299cb531376a7da5e68d1bef04f34a2d5073d5ef114b,0.3.16,4d2da09413ac1407f37cdbb6b81fa28e4c15655e,e552c116b7d2c653f98b01f5c4fd599997f19f669a32bc6bf16396dd9f79365b,0.4.0,0e21d5546c482d08388a08eb4d948e833227ce47,079b233934150a3eee30444ce2408e09895ec4dd958ec60a822f870fa1284b99,float64,polar1l_rotation_invariants_v1,7beb8d4d9a8231a484c0bb6ff44b6b2e450eee2ca8a447370f350ed8678929cb,"{""density_coefficients"":[28,4],""dipole"":[1,3],""electron_energy"":[1],""electrostatic_energy"":[1],""energy"":[1],""node_feats"":[28,13824],""spin_charge_density"":[28,2,4],""spin_density"":[28,4]}"
D068_QP2_M1,S003,4315bbe1fb7689c5e32edbbadb284635f3f7e1bc830522cf3432ce1cce06bd89,2,1,4c039fce30b92c16176621dc91290d6034e9058b1121eb9478704abb16758da1,artifacts/base_features/4c/4c039fce30b92c16176621dc91290d6034e9058b1121eb9478704abb16758da1.npz,134dbe04d60620e69896f29cf6edfdd136da3078120187be8af162f2bcca9f09,3095,-19913.790567988,polar-1-l,9f65f8dc6ddaff1d631e299cb531376a7da5e68d1bef04f34a2d5073d5ef114b,0.3.16,4d2da09413ac1407f37cdbb6b81fa28e4c15655e,e552c116b7d2c653f98b01f5c4fd599997f19f669a32bc6bf16396dd9f79365b,0.4.0,0e21d5546c482d08388a08eb4d948e833227ce47,079b233934150a3eee30444ce2408e09895ec4dd958ec60a822f870fa1284b99,float64,polar1l_rotation_invariants_v1,7beb8d4d9a8231a484c0bb6ff44b6b2e450eee2ca8a447370f350ed8678929cb,"{""density_coefficients"":[40,4],""dipole"":[1,3],""electron_energy"":[1],""electrostatic_energy"":[1],""energy"":[1],""node_feats"":[40,13824],""spin_charge_density"":[40,2,4],""spin_density"":[40,4]}"
D068_QP2_M1,S013,c4e17598457df65982bb1dd07b22796f8fe306fc2baaeeb4abc033ffe398cc44,2,1,d091994fdf662d3c78d8610c13b4cc738bc45f1826ac39af88d7b2064b15b4e1,artifacts/base_features/d0/d091994fdf662d3c78d8610c13b4cc738bc45f1826ac39af88d7b2064b15b4e1.npz,a0d0ea20a7394161a385d6d0ba0802ae8788bafe9deec4f576becb62580cfda8,3095,-19913.7874899981,polar-1-l,9f65f8dc6ddaff1d631e299cb531376a7da5e68d1bef04f34a2d5073d5ef114b,0.3.16,4d2da09413ac1407f37cdbb6b81fa28e4c15655e,e552c116b7d2c653f98b01f5c4fd599997f19f669a32bc6bf16396dd9f79365b,0.4.0,0e21d5546c482d08388a08eb4d948e833227ce47,079b233934150a3eee30444ce2408e09895ec4dd958ec60a822f870fa1284b99,float64,polar1l_rotation_invariants_v1,7beb8d4d9a8231a484c0bb6ff44b6b2e450eee2ca8a447370f350ed8678929cb,"{""density_coefficients"":[40,4],""dipole"":[1,3],""electron_energy"":[1],""electrostatic_energy"":[1],""energy"":[1],""node_feats"":[40,13824],""spin_charge_density"":[40,2,4],""spin_density"":[40,4]}"
D068_QP2_M1,S020,84f7dde3fa57c175ebc28f235bca7bda6408db8f28c1f9f37408e842c9a92f41,2,1,e0d7ed6b762b64c40b73aad33f1c862ac301761b961a992ac611b663757b96ee,artifacts/base_features/e0/e0d7ed6b762b64c40b73aad33f1c862ac301761b961a992ac611b663757b96ee.npz,a0cceb665dbbdba38e32fe542d824da04b2fe096c303af5b5e77f1f148665bb5,3095,-19913.7934923059,polar-1-l,9f65f8dc6ddaff1d631e299cb531376a7da5e68d1bef04f34a2d5073d5ef114b,0.3.16,4d2da09413ac1407f37cdbb6b81fa28e4c15655e,e552c116b7d2c653f98b01f5c4fd599997f19f669a32bc6bf16396dd9f79365b,0.4.0,0e21d5546c482d08388a08eb4d948e833227ce47,079b233934150a3eee30444ce2408e09895ec4dd958ec60a822f870fa1284b99,float64,polar1l_rotation_invariants_v1,7beb8d4d9a8231a484c0bb6ff44b6b2e450eee2ca8a447370f350ed8678929cb,"{""density_coefficients"":[40,4],""dipole"":[1,3],""electron_energy"":[1],""electrostatic_energy"":[1],""energy"":[1],""node_feats"":[40,13824],""spin_charge_density"":[40,2,4],""spin_density"":[40,4]}"
D068_QP2_M1,S024,e3580b7a5c82f0eced2f8ef63e474cee8ef4dfe9e0443d115ec22d496b66f634,2,1,7651d95b8db33356ce4fa8a2eb3c20ae83f23530600ff48db130206c2efe392c,artifacts/base_features/76/7651d95b8db33356ce4fa8a2eb3c20ae83f23530600ff48db130206c2efe392c.npz,8e0695855bfb44538a8eccebd7900248142d00e2858b2b9f59a112a0b76e534d,3095,-19913.8125282436,polar-1-l,9f65f8dc6ddaff1d631e299cb531376a7da5e68d1bef04f34a2d5073d5ef114b,0.3.16,4d2da09413ac1407f37cdbb6b81fa28e4c15655e,e552c116b7d2c653f98b01f5c4fd599997f19f669a32bc6bf16396dd9f79365b,0.4.0,0e21d5546c482d08388a08eb4d948e833227ce47,079b233934150a3eee30444ce2408e09895ec4dd958ec60a822f870fa1284b99,float64,polar1l_rotation_invariants_v1,7beb8d4d9a8231a484c0bb6ff44b6b2e450eee2ca8a447370f350ed8678929cb,"{""density_coefficients"":[40,4],""dipole"":[1,3],""electron_energy"":[1],""electrostatic_energy"":[1],""energy"":[1],""node_feats"":[40,13824],""spin_charge_density"":[40,2,4],""spin_density"":[40,4]}"
D070_QP2_M1,S004,db3b076a040901a86a06896853e951585304d52e9e983b3bf83c31f06bb79e79,2,1,1628936ca467a4cf7ccfde444ba67ece0776611e57e273617bd80c46e6ca08de,artifacts/base_features/16/1628936ca467a4cf7ccfde444ba67ece0776611e57e273617bd80c46e6ca08de.npz,98b68de55fecc66dd986ea43a1d3b9372679e8f4f14c94591e6a25a35520bec1,3095,-28145.1621957428,polar-1-l,9f65f8dc6ddaff1d631e299cb531376a7da5e68d1bef04f34a2d5073d5ef114b,0.3.16,4d2da09413ac1407f37cdbb6b81fa28e4c15655e,e552c116b7d2c653f98b01f5c4fd599997f19f669a32bc6bf16396dd9f79365b,0.4.0,0e21d5546c482d08388a08eb4d948e833227ce47,079b233934150a3eee30444ce2408e09895ec4dd958ec60a822f870fa1284b99,float64,polar1l_rotation_invariants_v1,7beb8d4d9a8231a484c0bb6ff44b6b2e450eee2ca8a447370f350ed8678929cb,"{""density_coefficients"":[44,4],""dipole"":[1,3],""electron_energy"":[1],""electrostatic_energy"":[1],""energy"":[1],""node_feats"":[44,13824],""spin_charge_density"":[44,2,4],""spin_density"":[44,4]}"
D070_QP2_M1,S011,1b2cf59fa3152bebbfa663d7e8e4ecf21e0662af48093abc827e9a9647acd841,2,1,f8b33f60ac5a5dd63a692c47429329de8df045919861f23302dab785ed40b206,artifacts/base_features/f8/f8b33f60ac5a5dd63a692c47429329de8df045919861f23302dab785ed40b206.npz,6baf0d678dbf9b02596369fbef03c8de3c0db55a908e52795a622a239048a52b,3095,-28145.1615759524,polar-1-l,9f65f8dc6ddaff1d631e299cb531376a7da5e68d1bef04f34a2d5073d5ef114b,0.3.16,4d2da09413ac1407f37cdbb6b81fa28e4c15655e,e552c116b7d2c653f98b01f5c4fd599997f19f669a32bc6bf16396dd9f79365b,0.4.0,0e21d5546c482d08388a08eb4d948e833227ce47,079b233934150a3eee30444ce2408e09895ec4dd958ec60a822f870fa1284b99,float64,polar1l_rotation_invariants_v1,7beb8d4d9a8231a484c0bb6ff44b6b2e450eee2ca8a447370f350ed8678929cb,"{""density_coefficients"":[44,4],""dipole"":[1,3],""electron_energy"":[1],""electrostatic_energy"":[1],""energy"":[1],""node_feats"":[44,13824],""spin_charge_density"":[44,2,4],""spin_density"":[44,4]}"
D070_QP2_M1,S014,60afaa1f047a2ca42cce24a17601710f2a2e65a3ee2e4236fdf77c22e4867548,2,1,61e0a8d98fa0edd00adf50b00cb50b2d310e5537e689cb355ef9215ee4a978e6,artifacts/base_features/61/61e0a8d98fa0edd00adf50b00cb50b2d310e5537e689cb355ef9215ee4a978e6.npz,1a710f3598a195dcb325a695c5223ff42e2d8fc84114d9b3f9f8abae293cfb70,3095,-28145.1827167605,polar-1-l,9f65f8dc6ddaff1d631e299cb531376a7da5e68d1bef04f34a2d5073d5ef114b,0.3.16,4d2da09413ac1407f37cdbb6b81fa28e4c15655e,e552c116b7d2c653f98b01f5c4fd599997f19f669a32bc6bf16396dd9f79365b,0.4.0,0e21d5546c482d08388a08eb4d948e833227ce47,079b233934150a3eee30444ce2408e09895ec4dd958ec60a822f870fa1284b99,float64,polar1l_rotation_invariants_v1,7beb8d4d9a8231a484c0bb6ff44b6b2e450eee2ca8a447370f350ed8678929cb,"{""density_coefficients"":[44,4],""dipole"":[1,3],""electron_energy"":[1],""electrostatic_energy"":[1],""energy"":[1],""node_feats"":[44,13824],""spin_charge_density"":[44,2,4],""spin_density"":[44,4]}"
D070_QP2_M1,S016,1d0083b9c0ad3179e2583eba62846fca26ceecffefcb0a398be99ed872934a96,2,1,d17bcd0b54065d8f9c6f4ca9fb8c25382b425cc45c1dd990aadc7afe2af2bda2,artifacts/base_features/d1/d17bcd0b54065d8f9c6f4ca9fb8c25382b425cc45c1dd990aadc7afe2af2bda2.npz,fc2453aa7ee41ff3372934b147970c4924224d313fc97ebc9e2d40ee733b7845,3095,-28145.1687735017,polar-1-l,9f65f8dc6ddaff1d631e299cb531376a7da5e68d1bef04f34a2d5073d5ef114b,0.3.16,4d2da09413ac1407f37cdbb6b81fa28e4c15655e,e552c116b7d2c653f98b01f5c4fd599997f19f669a32bc6bf16396dd9f79365b,0.4.0,0e21d5546c482d08388a08eb4d948e833227ce47,079b233934150a3eee30444ce2408e09895ec4dd958ec60a822f870fa1284b99,float64,polar1l_rotation_invariants_v1,7beb8d4d9a8231a484c0bb6ff44b6b2e450eee2ca8a447370f350ed8678929cb,"{""density_coefficients"":[44,4],""dipole"":[1,3],""electron_energy"":[1],""electrostatic_energy"":[1],""energy"":[1],""node_feats"":[44,13824],""spin_charge_density"":[44,2,4],""spin_density"":[44,4]}"
D077_QP2_M1,S002,66c67869f7ff9619877de4d1b6eece08a48838dd79b595d8fe26442902e85d60,2,1,c43616dfa138236e17258739db431c0f2019b6d857e45822a3683560e9f1599c,artifacts/base_features/c4/c43616dfa138236e17258739db431c0f2019b6d857e45822a3683560e9f1599c.npz,291a6dd2b5c0f7597903e2390dda65aa30abdee5b817f6bd1a5bc4c936aab503,3095,-115153.149202735,polar-1-l,9f65f8dc6ddaff1d631e299cb531376a7da5e68d1bef04f34a2d5073d5ef114b,0.3.16,4d2da09413ac1407f37cdbb6b81fa28e4c15655e,e552c116b7d2c653f98b01f5c4fd599997f19f669a32bc6bf16396dd9f79365b,0.4.0,0e21d5546c482d08388a08eb4d948e833227ce47,079b233934150a3eee30444ce2408e09895ec4dd958ec60a822f870fa1284b99,float64,polar1l_rotation_invariants_v1,7beb8d4d9a8231a484c0bb6ff44b6b2e450eee2ca8a447370f350ed8678929cb,"{""density_coefficients"":[102,4],""dipole"":[1,3],""electron_energy"":[1],""electrostatic_energy"":[1],""energy"":[1],""node_feats"":[102,13824],""spin_charge_density"":[102,2,4],""spin_density"":[102,4]}"
D077_QP2_M1,S006,d6a5c6a9b79320eb645d3ed191fdfa568cc3bcbb0572333f9ed7b640ca1e9687,2,1,cc1cf2550298763313059240c953375a10bf0c1c50b1abc6a425d6af40b40b98,artifacts/base_features/cc/cc1cf2550298763313059240c953375a10bf0c1c50b1abc6a425d6af40b40b98.npz,67b927c7746cbedd88c857dc592aff788b3a8413be5b48e632e115438dad07de,3095,-115153.137062719,polar-1-l,9f65f8dc6ddaff1d631e299cb531376a7da5e68d1bef04f34a2d5073d5ef114b,0.3.16,4d2da09413ac1407f37cdbb6b81fa28e4c15655e,e552c116b7d2c653f98b01f5c4fd599997f19f669a32bc6bf16396dd9f79365b,0.4.0,0e21d5546c482d08388a08eb4d948e833227ce47,079b233934150a3eee30444ce2408e09895ec4dd958ec60a822f870fa1284b99,float64,polar1l_rotation_invariants_v1,7beb8d4d9a8231a484c0bb6ff44b6b2e450eee2ca8a447370f350ed8678929cb,"{""density_coefficients"":[102,4],""dipole"":[1,3],""electron_energy"":[1],""electrostatic_energy"":[1],""energy"":[1],""node_feats"":[102,13824],""spin_charge_density"":[102,2,4],""spin_density"":[102,4]}"
D077_QP2_M1,S018,6d1fc6fc48702708a11cbd662d43b73980fa3ba9a0fb4c7f24dad745e7fe3875,2,1,9b2cbad247fedd868d06daa1bc3a72805275298e6e536810b031468d97d445d4,artifacts/base_features/9b/9b2cbad247fedd868d06daa1bc3a72805275298e6e536810b031468d97d445d4.npz,b272dcaeeae9d8a2571223db9110e82b9a8fe244ffb1bdddd8252e5d7eef1941,3095,-115153.148211525,polar-1-l,9f65f8dc6ddaff1d631e299cb531376a7da5e68d1bef04f34a2d5073d5ef114b,0.3.16,4d2da09413ac1407f37cdbb6b81fa28e4c15655e,e552c116b7d2c653f98b01f5c4fd599997f19f669a32bc6bf16396dd9f79365b,0.4.0,0e21d5546c482d08388a08eb4d948e833227ce47,079b233934150a3eee30444ce2408e09895ec4dd958ec60a822f870fa1284b99,float64,polar1l_rotation_invariants_v1,7beb8d4d9a8231a484c0bb6ff44b6b2e450eee2ca8a447370f350ed8678929cb,"{""density_coefficients"":[102,4],""dipole"":[1,3],""electron_energy"":[1],""electrostatic_energy"":[1],""energy"":[1],""node_feats"":[102,13824],""spin_charge_density"":[102,2,4],""spin_density"":[102,4]}"
D077_QP2_M1,S025,ad3f62c70a67774ce5aaf27f5f9dd63f761137633ce5be8f0e57dec4b22a7737,2,1,5510046489f50fc36d4c4b4b405bf57b1f5e5c7e886b822bd6609539a0b488d4,artifacts/base_features/55/5510046489f50fc36d4c4b4b405bf57b1f5e5c7e886b822bd6609539a0b488d4.npz,306467c94ad639d08353e237a19b6d24f30f3d1b2fad4433538e934f3e6ab693,3095,-115153.152564845,polar-1-l,9f65f8dc6ddaff1d631e299cb531376a7da5e68d1bef04f34a2d5073d5ef114b,0.3.16,4d2da09413ac1407f37cdbb6b81fa28e4c15655e,e552c116b7d2c653f98b01f5c4fd599997f19f669a32bc6bf16396dd9f79365b,0.4.0,0e21d5546c482d08388a08eb4d948e833227ce47,079b233934150a3eee30444ce2408e09895ec4dd958ec60a822f870fa1284b99,float64,polar1l_rotation_invariants_v1,7beb8d4d9a8231a484c0bb6ff44b6b2e450eee2ca8a447370f350ed8678929cb,"{""density_coefficients"":[102,4],""dipole"":[1,3],""electron_energy"":[1],""electrostatic_energy"":[1],""energy"":[1],""node_feats"":[102,13824],""spin_charge_density"":[102,2,4],""spin_density"":[102,4]}"
D078_QP2_M1,S003,13261bc593e2b3aec6a19c0bbf3d7b1fa7709fa6480eb5551174618fc6713f61,2,1,2bc5f87cb67a35b197160587bf2f0a9d9cc5f49db6cc564d2c82a392f32e1844,artifacts/base_features/2b/2bc5f87cb67a35b197160587bf2f0a9d9cc5f49db6cc564d2c82a392f32e1844.npz,1baa6255cd16a31a2430a715ce82a25f405b6dcf93df79185a83f00277dcaf12,3095,-31548.8369482733,polar-1-l,9f65f8dc6ddaff1d631e299cb531376a7da5e68d1bef04f34a2d5073d5ef114b,0.3.16,4d2da09413ac1407f37cdbb6b81fa28e4c15655e,e552c116b7d2c653f98b01f5c4fd599997f19f669a32bc6bf16396dd9f79365b,0.4.0,0e21d5546c482d08388a08eb4d948e833227ce47,079b233934150a3eee30444ce2408e09895ec4dd958ec60a822f870fa1284b99,float64,polar1l_rotation_invariants_v1,7beb8d4d9a8231a484c0bb6ff44b6b2e450eee2ca8a447370f350ed8678929cb,"{""density_coefficients"":[58,4],""dipole"":[1,3],""electron_energy"":[1],""electrostatic_energy"":[1],""energy"":[1],""node_feats"":[58,13824],""spin_charge_density"":[58,2,4],""spin_density"":[58,4]}"
D078_QP2_M1,S013,d96618a415fed33bbc6b127850618a2cf82c22938ddad1936f5a8c90d2e89934,2,1,0cbca357a9c42bcaa2526cd2449b61aa220b4ed86b6cce7af185d61edd7138ae,artifacts/base_features/0c/0cbca357a9c42bcaa2526cd2449b61aa220b4ed86b6cce7af185d61edd7138ae.npz,c3aaf7b6c7583fa6c977024662d067faae615667fec921c98558b3c6b14efb72,3095,-31548.839475956,polar-1-l,9f65f8dc6ddaff1d631e299cb531376a7da5e68d1bef04f34a2d5073d5ef114b,0.3.16,4d2da09413ac1407f37cdbb6b81fa28e4c15655e,e552c116b7d2c653f98b01f5c4fd599997f19f669a32bc6bf16396dd9f79365b,0.4.0,0e21d5546c482d08388a08eb4d948e833227ce47,079b233934150a3eee30444ce2408e09895ec4dd958ec60a822f870fa1284b99,float64,polar1l_rotation_invariants_v1,7beb8d4d9a8231a484c0bb6ff44b6b2e450eee2ca8a447370f350ed8678929cb,"{""density_coefficients"":[58,4],""dipole"":[1,3],""electron_energy"":[1],""electrostatic_energy"":[1],""energy"":[1],""node_feats"":[58,13824],""spin_charge_density"":[58,2,4],""spin_density"":[58,4]}"
D078_QP2_M1,S020,c4f8062a4c5a98fe12c055e744a334075e48b84f54cf6412bef30be4c34b4c31,2,1,c46a4f2433f7b62fb6992930370b0a9c334031b8d4ac6f2e105d293d46404e14,artifacts/base_features/c4/c46a4f2433f7b62fb6992930370b0a9c334031b8d4ac6f2e105d293d46404e14.npz,1176911f710bf6cb54d1ee86effb363bccbe19abd392de860061ce9183a70ed7,3095,-31548.8585543887,polar-1-l,9f65f8dc6ddaff1d631e299cb531376a7da5e68d1bef04f34a2d5073d5ef114b,0.3.16,4d2da09413ac1407f37cdbb6b81fa28e4c15655e,e552c116b7d2c653f98b01f5c4fd599997f19f669a32bc6bf16396dd9f79365b,0.4.0,0e21d5546c482d08388a08eb4d948e833227ce47,079b233934150a3eee30444ce2408e09895ec4dd958ec60a822f870fa1284b99,float64,polar1l_rotation_invariants_v1,7beb8d4d9a8231a484c0bb6ff44b6b2e450eee2ca8a447370f350ed8678929cb,"{""density_coefficients"":[58,4],""dipole"":[1,3],""electron_energy"":[1],""electrostatic_energy"":[1],""energy"":[1],""node_feats"":[58,13824],""spin_charge_density"":[58,2,4],""spin_density"":[58,4]}"
D078_QP2_M1,S023,5931216219e57cc67d0a3d191aadee6825ce273e71eb9390891c4dbf620daa38,2,1,7169b17dc72d946cfb3aafc6297893ba8d1103bf50f787f4ffbd9c1f19f8c739,artifacts/base_features/71/7169b17dc72d946cfb3aafc6297893ba8d1103bf50f787f4ffbd9c1f19f8c739.npz,4ac14a1b0234f68a7569be7a29acf044efbe3c67360f5ede926f3bc0197b4af2,3095,-31548.8982127171,polar-1-l,9f65f8dc6ddaff1d631e299cb531376a7da5e68d1bef04f34a2d5073d5ef114b,0.3.16,4d2da09413ac1407f37cdbb6b81fa28e4c15655e,e552c116b7d2c653f98b01f5c4fd599997f19f669a32bc6bf16396dd9f79365b,0.4.0,0e21d5546c482d08388a08eb4d948e833227ce47,079b233934150a3eee30444ce2408e09895ec4dd958ec60a822f870fa1284b99,float64,polar1l_rotation_invariants_v1,7beb8d4d9a8231a484c0bb6ff44b6b2e450eee2ca8a447370f350ed8678929cb,"{""density_coefficients"":[58,4],""dipole"":[1,3],""electron_energy"":[1],""electrostatic_energy"":[1],""energy"":[1],""node_feats"":[58,13824],""spin_charge_density"":[58,2,4],""spin_density"":[58,4]}"
D084_QP2_M1,S004,7642d49b03c45c1af43135560c60f4cbc6c4c966d0c8df7d4e9d6a723a8c5cad,2,1,814fdf3ee483f80251dc24ee91ee5b31cbf5ff7acc1e0f2abde78deba367facd,artifacts/base_features/81/814fdf3ee483f80251dc24ee91ee5b31cbf5ff7acc1e0f2abde78deba367facd.npz,c879860134743cca824711a562cb09c9e12435abd7503d4ad8ecfefeb3fb6e75,3095,-100250.963892276,polar-1-l,9f65f8dc6ddaff1d631e299cb531376a7da5e68d1bef04f34a2d5073d5ef114b,0.3.16,4d2da09413ac1407f37cdbb6b81fa28e4c15655e,e552c116b7d2c653f98b01f5c4fd599997f19f669a32bc6bf16396dd9f79365b,0.4.0,0e21d5546c482d08388a08eb4d948e833227ce47,079b233934150a3eee30444ce2408e09895ec4dd958ec60a822f870fa1284b99,float64,polar1l_rotation_invariants_v1,7beb8d4d9a8231a484c0bb6ff44b6b2e450eee2ca8a447370f350ed8678929cb,"{""density_coefficients"":[54,4],""dipole"":[1,3],""electron_energy"":[1],""electrostatic_energy"":[1],""energy"":[1],""node_feats"":[54,13824],""spin_charge_density"":[54,2,4],""spin_density"":[54,4]}"
D084_QP2_M1,S011,719f013d823d84a371f8e712fbc720d13e3d8eac7262164ea00a7add04299ac5,2,1,a7bbfedaa8282cd4b349e875e7b35fe5a3bee9868e65e1b087457d0053d3d523,artifacts/base_features/a7/a7bbfedaa8282cd4b349e875e7b35fe5a3bee9868e65e1b087457d0053d3d523.npz,5f75124b3bb655aba995f7aa02bc7f420b6a3aa930ef8f89d521334ed4792ea2,3095,-100250.961056647,polar-1-l,9f65f8dc6ddaff1d631e299cb531376a7da5e68d1bef04f34a2d5073d5ef114b,0.3.16,4d2da09413ac1407f37cdbb6b81fa28e4c15655e,e552c116b7d2c653f98b01f5c4fd599997f19f669a32bc6bf16396dd9f79365b,0.4.0,0e21d5546c482d08388a08eb4d948e833227ce47,079b233934150a3eee30444ce2408e09895ec4dd958ec60a822f870fa1284b99,float64,polar1l_rotation_invariants_v1,7beb8d4d9a8231a484c0bb6ff44b6b2e450eee2ca8a447370f350ed8678929cb,"{""density_coefficients"":[54,4],""dipole"":[1,3],""electron_energy"":[1],""electrostatic_energy"":[1],""energy"":[1],""node_feats"":[54,13824],""spin_charge_density"":[54,2,4],""spin_density"":[54,4]}"
D084_QP2_M1,S016,2c9e32a7784a1a45398ad3236076354c225dcd5f6f8bd08f957dad359e110572,2,1,b1dd377642c1004b40c672876d93af5ae6333431fdce26c0487c2dc54952fd25,artifacts/base_features/b1/b1dd377642c1004b40c672876d93af5ae6333431fdce26c0487c2dc54952fd25.npz,776f1b920466c5cb00bf44be480a99b9fe04574542f65ab2ed592d575cc41660,3095,-100250.974665674,polar-1-l,9f65f8dc6ddaff1d631e299cb531376a7da5e68d1bef04f34a2d5073d5ef114b,0.3.16,4d2da09413ac1407f37cdbb6b81fa28e4c15655e,e552c116b7d2c653f98b01f5c4fd599997f19f669a32bc6bf16396dd9f79365b,0.4.0,0e21d5546c482d08388a08eb4d948e833227ce47,079b233934150a3eee30444ce2408e09895ec4dd958ec60a822f870fa1284b99,float64,polar1l_rotation_invariants_v1,7beb8d4d9a8231a484c0bb6ff44b6b2e450eee2ca8a447370f350ed8678929cb,"{""density_coefficients"":[54,4],""dipole"":[1,3],""electron_energy"":[1],""electrostatic_energy"":[1],""energy"":[1],""node_feats"":[54,13824],""spin_charge_density"":[54,2,4],""spin_density"":[54,4]}"
D084_QP2_M1,S024,126c725ea60338bb6469cf3c0988f6d9e2271c41acfaa19d449fa7d85083019d,2,1,dd2f3b04ef91cd166279829852bf7578ff5f29f09a320c915cc5a9742a4835f5,artifacts/base_features/dd/dd2f3b04ef91cd166279829852bf7578ff5f29f09a320c915cc5a9742a4835f5.npz,4e41aacb277c3833b12c40e2890ae8e6c59e5561d9eabf88977c5f06420e1bfe,3095,-100250.934082572,polar-1-l,9f65f8dc6ddaff1d631e299cb531376a7da5e68d1bef04f34a2d5073d5ef114b,0.3.16,4d2da09413ac1407f37cdbb6b81fa28e4c15655e,e552c116b7d2c653f98b01f5c4fd599997f19f669a32bc6bf16396dd9f79365b,0.4.0,0e21d5546c482d08388a08eb4d948e833227ce47,079b233934150a3eee30444ce2408e09895ec4dd958ec60a822f870fa1284b99,float64,polar1l_rotation_invariants_v1,7beb8d4d9a8231a484c0bb6ff44b6b2e450eee2ca8a447370f350ed8678929cb,"{""density_coefficients"":[54,4],""dipole"":[1,3],""electron_energy"":[1],""electrostatic_energy"":[1],""energy"":[1],""node_feats"":[54,13824],""spin_charge_density"":[54,2,4],""spin_density"":[54,4]}"
D086_QP2_M1,S005,9ad3364ca542202c91e3ab90c9562cb5bc062a218836e278806484122d7501ce,2,1,8f9e007fa0083780b28e55a75e6deb8ccbf5d908057eaa8759b81688eacff273,artifacts/base_features/8f/8f9e007fa0083780b28e55a75e6deb8ccbf5d908057eaa8759b81688eacff273.npz,0a2116f5c40797e91cae74a4a80283defe6026556d80377371292c32896d1f4d,3095,-40185.6175174082,polar-1-l,9f65f8dc6ddaff1d631e299cb531376a7da5e68d1bef04f34a2d5073d5ef114b,0.3.16,4d2da09413ac1407f37cdbb6b81fa28e4c15655e,e552c116b7d2c653f98b01f5c4fd599997f19f669a32bc6bf16396dd9f79365b,0.4.0,0e21d5546c482d08388a08eb4d948e833227ce47,079b233934150a3eee30444ce2408e09895ec4dd958ec60a822f870fa1284b99,float64,polar1l_rotation_invariants_v1,7beb8d4d9a8231a484c0bb6ff44b6b2e450eee2ca8a447370f350ed8678929cb,"{""density_coefficients"":[26,4],""dipole"":[1,3],""electron_energy"":[1],""electrostatic_energy"":[1],""energy"":[1],""node_feats"":[26,13824],""spin_charge_density"":[26,2,4],""spin_density"":[26,4]}"
D086_QP2_M1,S012,4f0be36c99e280e61a1b5c3bd90906ddb045484d117cb15eef8a89174f3e46cb,2,1,1f5c1ad0c4c943b2fd107a4f4dd8ac238a74bae37e5cf7112513a1195bf178e7,artifacts/base_features/1f/1f5c1ad0c4c943b2fd107a4f4dd8ac238a74bae37e5cf7112513a1195bf178e7.npz,db2e1e7cf47bcd6fdc4a9080bf15e5e0047f9b2e263232a3cf77988d702857b2,3095,-40185.6123265579,polar-1-l,9f65f8dc6ddaff1d631e299cb531376a7da5e68d1bef04f34a2d5073d5ef114b,0.3.16,4d2da09413ac1407f37cdbb6b81fa28e4c15655e,e552c116b7d2c653f98b01f5c4fd599997f19f669a32bc6bf16396dd9f79365b,0.4.0,0e21d5546c482d08388a08eb4d948e833227ce47,079b233934150a3eee30444ce2408e09895ec4dd958ec60a822f870fa1284b99,float64,polar1l_rotation_invariants_v1,7beb8d4d9a8231a484c0bb6ff44b6b2e450eee2ca8a447370f350ed8678929cb,"{""density_coefficients"":[26,4],""dipole"":[1,3],""electron_energy"":[1],""electrostatic_energy"":[1],""energy"":[1],""node_feats"":[26,13824],""spin_charge_density"":[26,2,4],""spin_density"":[26,4]}"
D086_QP2_M1,S014,3f9626f005a8b3850ba3bc12254971c80e5184066eaecf7584eeebd1fd808e5a,2,1,8705795d490ad267d7793988116ef46fb121f12f40d2f8345c295a89daf0d999,artifacts/base_features/87/8705795d490ad267d7793988116ef46fb121f12f40d2f8345c295a89daf0d999.npz,968b217a231116b37ec566f975d05257b1730bcd52578e9842157ac9e42aa987,3095,-40185.8674340841,polar-1-l,9f65f8dc6ddaff1d631e299cb531376a7da5e68d1bef04f34a2d5073d5ef114b,0.3.16,4d2da09413ac1407f37cdbb6b81fa28e4c15655e,e552c116b7d2c653f98b01f5c4fd599997f19f669a32bc6bf16396dd9f79365b,0.4.0,0e21d5546c482d08388a08eb4d948e833227ce47,079b233934150a3eee30444ce2408e09895ec4dd958ec60a822f870fa1284b99,float64,polar1l_rotation_invariants_v1,7beb8d4d9a8231a484c0bb6ff44b6b2e450eee2ca8a447370f350ed8678929cb,"{""density_coefficients"":[26,4],""dipole"":[1,3],""electron_energy"":[1],""electrostatic_energy"":[1],""energy"":[1],""node_feats"":[26,13824],""spin_charge_density"":[26,2,4],""spin_density"":[26,4]}"
D086_QP2_M1,S018,26543b9b7289f1cac794cba929b6f288b55ebc739db92c01ed8a8959824b4853,2,1,30bef2bb6216465c75c3fc01116e81c731b32edf2bc953649c2d80c03fb46e98,artifacts/base_features/30/30bef2bb6216465c75c3fc01116e81c731b32edf2bc953649c2d80c03fb46e98.npz,45a6afefb859bcef7b59739be8d2bef2a7624837556320b39e778a4264b19da8,3095,-40185.6298214577,polar-1-l,9f65f8dc6ddaff1d631e299cb531376a7da5e68d1bef04f34a2d5073d5ef114b,0.3.16,4d2da09413ac1407f37cdbb6b81fa28e4c15655e,e552c116b7d2c653f98b01f5c4fd599997f19f669a32bc6bf16396dd9f79365b,0.4.0,0e21d5546c482d08388a08eb4d948e833227ce47,079b233934150a3eee30444ce2408e09895ec4dd958ec60a822f870fa1284b99,float64,polar1l_rotation_invariants_v1,7beb8d4d9a8231a484c0bb6ff44b6b2e450eee2ca8a447370f350ed8678929cb,"{""density_coefficients"":[26,4],""dipole"":[1,3],""electron_energy"":[1],""electrostatic_energy"":[1],""energy"":[1],""node_feats"":[26,13824],""spin_charge_density"":[26,2,4],""spin_density"":[26,4]}"
D089_QP2_M1,S002,521bab11430e32eca8aa1e744d5bf46d2aabb5845c443d45d97a0f6c11055c34,2,1,f9bd860277e3c050c28eac653c003240ab030154d36b2a8686cdaa1b993476af,artifacts/base_features/f9/f9bd860277e3c050c28eac653c003240ab030154d36b2a8686cdaa1b993476af.npz,c7f3c11b2ca406fcbc2a821f644fe6cd47bc0aa40e010d7aa82d176825870dd5,3095,-91050.1077962891,polar-1-l,9f65f8dc6ddaff1d631e299cb531376a7da5e68d1bef04f34a2d5073d5ef114b,0.3.16,4d2da09413ac1407f37cdbb6b81fa28e4c15655e,e552c116b7d2c653f98b01f5c4fd599997f19f669a32bc6bf16396dd9f79365b,0.4.0,0e21d5546c482d08388a08eb4d948e833227ce47,079b233934150a3eee30444ce2408e09895ec4dd958ec60a822f870fa1284b99,float64,polar1l_rotation_invariants_v1,7beb8d4d9a8231a484c0bb6ff44b6b2e450eee2ca8a447370f350ed8678929cb,"{""density_coefficients"":[68,4],""dipole"":[1,3],""electron_energy"":[1],""electrostatic_energy"":[1],""energy"":[1],""node_feats"":[68,13824],""spin_charge_density"":[68,2,4],""spin_density"":[68,4]}"
D089_QP2_M1,S006,ed18569fb123623d5d6640c788aa7ca07379103b2e62db3c70b41732bd721ab1,2,1,4c6f2884dfa968b66ec9ba75c1875c21288e8846d371925dff6ab345fed76e5d,artifacts/base_features/4c/4c6f2884dfa968b66ec9ba75c1875c21288e8846d371925dff6ab345fed76e5d.npz,ee302d30023bb4554c2c7a81770717d2b423e795d5540ca82694154b3e6129e7,3095,-91050.0474070462,polar-1-l,9f65f8dc6ddaff1d631e299cb531376a7da5e68d1bef04f34a2d5073d5ef114b,0.3.16,4d2da09413ac1407f37cdbb6b81fa28e4c15655e,e552c116b7d2c653f98b01f5c4fd599997f19f669a32bc6bf16396dd9f79365b,0.4.0,0e21d5546c482d08388a08eb4d948e833227ce47,079b233934150a3eee30444ce2408e09895ec4dd958ec60a822f870fa1284b99,float64,polar1l_rotation_invariants_v1,7beb8d4d9a8231a484c0bb6ff44b6b2e450eee2ca8a447370f350ed8678929cb,"{""density_coefficients"":[68,4],""dipole"":[1,3],""electron_energy"":[1],""electrostatic_energy"":[1],""energy"":[1],""node_feats"":[68,13824],""spin_charge_density"":[68,2,4],""spin_density"":[68,4]}"
D089_QP2_M1,S008,b2b01d822057fdcb799e279ee62f0432991ebd020e1dd6f1de58f2936287cee5,2,1,ed93550b3bd5036d0bdf02f66be7b85d5c41d3fb9ac89bcddb5b1ca8dc9fe0e0,artifacts/base_features/ed/ed93550b3bd5036d0bdf02f66be7b85d5c41d3fb9ac89bcddb5b1ca8dc9fe0e0.npz,0d79a3cf417a158e353499b5bf9a724aa08557ecb897102e51616dd0e201b3c5,3095,-91050.1200963706,polar-1-l,9f65f8dc6ddaff1d631e299cb531376a7da5e68d1bef04f34a2d5073d5ef114b,0.3.16,4d2da09413ac1407f37cdbb6b81fa28e4c15655e,e552c116b7d2c653f98b01f5c4fd599997f19f669a32bc6bf16396dd9f79365b,0.4.0,0e21d5546c482d08388a08eb4d948e833227ce47,079b233934150a3eee30444ce2408e09895ec4dd958ec60a822f870fa1284b99,float64,polar1l_rotation_invariants_v1,7beb8d4d9a8231a484c0bb6ff44b6b2e450eee2ca8a447370f350ed8678929cb,"{""density_coefficients"":[68,4],""dipole"":[1,3],""electron_energy"":[1],""electrostatic_energy"":[1],""energy"":[1],""node_feats"":[68,13824],""spin_charge_density"":[68,2,4],""spin_density"":[68,4]}"
D089_QP2_M1,S015,8793eb5bb526552d7161e117e4332e3b3d9133b75754781e308c203b57044b6e,2,1,6e568a87d1036d30623921dc12a89de65f438a83e6da98ab21a690476bf086f5,artifacts/base_features/6e/6e568a87d1036d30623921dc12a89de65f438a83e6da98ab21a690476bf086f5.npz,26cb622b3b78621ec43fec015dbdd819417762b5010cc460072a6b64d8343f1e,3095,-91050.0927859353,polar-1-l,9f65f8dc6ddaff1d631e299cb531376a7da5e68d1bef04f34a2d5073d5ef114b,0.3.16,4d2da09413ac1407f37cdbb6b81fa28e4c15655e,e552c116b7d2c653f98b01f5c4fd599997f19f669a32bc6bf16396dd9f79365b,0.4.0,0e21d5546c482d08388a08eb4d948e833227ce47,079b233934150a3eee30444ce2408e09895ec4dd958ec60a822f870fa1284b99,float64,polar1l_rotation_invariants_v1,7beb8d4d9a8231a484c0bb6ff44b6b2e450eee2ca8a447370f350ed8678929cb,"{""density_coefficients"":[68,4],""dipole"":[1,3],""electron_energy"":[1],""electrostatic_energy"":[1],""energy"":[1],""node_feats"":[68,13824],""spin_charge_density"":[68,2,4],""spin_density"":[68,4]}"
D094_QP2_M1,S003,9075aaa3f6b92988a837e66526cba0fd9009cde114419c48e36e4a76c402ce5c,2,1,c9abd36a1744ac6f4c7d9532021824f44c3309da5e8c0fe53211ac02c329c195,artifacts/base_features/c9/c9abd36a1744ac6f4c7d9532021824f44c3309da5e8c0fe53211ac02c329c195.npz,9b1675afcff66ba0289048e5130b1c336e606684cd669de8e0c1883180708590,3095,-62185.408263393,polar-1-l,9f65f8dc6ddaff1d631e299cb531376a7da5e68d1bef04f34a2d5073d5ef114b,0.3.16,4d2da09413ac1407f37cdbb6b81fa28e4c15655e,e552c116b7d2c653f98b01f5c4fd599997f19f669a32bc6bf16396dd9f79365b,0.4.0,0e21d5546c482d08388a08eb4d948e833227ce47,079b233934150a3eee30444ce2408e09895ec4dd958ec60a822f870fa1284b99,float64,polar1l_rotation_invariants_v1,7beb8d4d9a8231a484c0bb6ff44b6b2e450eee2ca8a447370f350ed8678929cb,"{""density_coefficients"":[34,4],""dipole"":[1,3],""electron_energy"":[1],""electrostatic_energy"":[1],""energy"":[1],""node_feats"":[34,13824],""spin_charge_density"":[34,2,4],""spin_density"":[34,4]}"
D094_QP2_M1,S013,60a6399e381d791d98a1170164dd8d05b24c54c1d88f320cdd28a7da3f535a32,2,1,4005757dbcfbf0b310236447d5784d2f2c1edaaf7525f196a515a5532e8ee2d4,artifacts/base_features/40/4005757dbcfbf0b310236447d5784d2f2c1edaaf7525f196a515a5532e8ee2d4.npz,1969f42c49b4770ef1e46949f024ce5db840432084676a08b624e7f25c0773ff,3095,-62185.4098411116,polar-1-l,9f65f8dc6ddaff1d631e299cb531376a7da5e68d1bef04f34a2d5073d5ef114b,0.3.16,4d2da09413ac1407f37cdbb6b81fa28e4c15655e,e552c116b7d2c653f98b01f5c4fd599997f19f669a32bc6bf16396dd9f79365b,0.4.0,0e21d5546c482d08388a08eb4d948e833227ce47,079b233934150a3eee30444ce2408e09895ec4dd958ec60a822f870fa1284b99,float64,polar1l_rotation_invariants_v1,7beb8d4d9a8231a484c0bb6ff44b6b2e450eee2ca8a447370f350ed8678929cb,"{""density_coefficients"":[34,4],""dipole"":[1,3],""electron_energy"":[1],""electrostatic_energy"":[1],""energy"":[1],""node_feats"":[34,13824],""spin_charge_density"":[34,2,4],""spin_density"":[34,4]}"
D094_QP2_M1,S020,7adac6c6e1841a4dae6b7ffac58ab97b187d4dabc61a256ae3278de2525d673c,2,1,2e93a517a280a800e966b09924afaf66e024f513d42f4713f0adf92b7f99f70a,artifacts/base_features/2e/2e93a517a280a800e966b09924afaf66e024f513d42f4713f0adf92b7f99f70a.npz,b5243c05fbfa870481b683d77cf52f56dd7698e6befc72d515440eab70a225ec,3095,-62185.4140896313,polar-1-l,9f65f8dc6ddaff1d631e299cb531376a7da5e68d1bef04f34a2d5073d5ef114b,0.3.16,4d2da09413ac1407f37cdbb6b81fa28e4c15655e,e552c116b7d2c653f98b01f5c4fd599997f19f669a32bc6bf16396dd9f79365b,0.4.0,0e21d5546c482d08388a08eb4d948e833227ce47,079b233934150a3eee30444ce2408e09895ec4dd958ec60a822f870fa1284b99,float64,polar1l_rotation_invariants_v1,7beb8d4d9a8231a484c0bb6ff44b6b2e450eee2ca8a447370f350ed8678929cb,"{""density_coefficients"":[34,4],""dipole"":[1,3],""electron_energy"":[1],""electrostatic_energy"":[1],""energy"":[1],""node_feats"":[34,13824],""spin_charge_density"":[34,2,4],""spin_density"":[34,4]}"
D094_QP2_M1,S025,53f2f2dbc4f26c17c56a6c96d5cc9f8967036087b55bfe724e08c78de5b8d85a,2,1,64f896942e85ba80520b8c52236248d255152281333212ace10142b257718e99,artifacts/base_features/64/64f896942e85ba80520b8c52236248d255152281333212ace10142b257718e99.npz,600623f00f52d8de2c56783f2219385c3f3e7a1ccdbf9ade7fe4e9863179ca6d,3095,-62185.4157718683,polar-1-l,9f65f8dc6ddaff1d631e299cb531376a7da5e68d1bef04f34a2d5073d5ef114b,0.3.16,4d2da09413ac1407f37cdbb6b81fa28e4c15655e,e552c116b7d2c653f98b01f5c4fd599997f19f669a32bc6bf16396dd9f79365b,0.4.0,0e21d5546c482d08388a08eb4d948e833227ce47,079b233934150a3eee30444ce2408e09895ec4dd958ec60a822f870fa1284b99,float64,polar1l_rotation_invariants_v1,7beb8d4d9a8231a484c0bb6ff44b6b2e450eee2ca8a447370f350ed8678929cb,"{""density_coefficients"":[34,4],""dipole"":[1,3],""electron_energy"":[1],""electrostatic_energy"":[1],""energy"":[1],""node_feats"":[34,13824],""spin_charge_density"":[34,2,4],""spin_density"":[34,4]}"
D096_QP2_M1,S001,498a6312bfac8ff1016733a262df5e8cff07e67e9ad828492c6902eabd2a18a2,2,1,3d135de4f6bb866d1f98d0af3711703ec4359161c3a54765186e5a7f72ac91b1,artifacts/base_features/3d/3d135de4f6bb866d1f98d0af3711703ec4359161c3a54765186e5a7f72ac91b1.npz,5f5458818d82d0095a6baf0bd551dbbcdc72331760edac3b724a0dc926a67306,3095,-87855.0452758497,polar-1-l,9f65f8dc6ddaff1d631e299cb531376a7da5e68d1bef04f34a2d5073d5ef114b,0.3.16,4d2da09413ac1407f37cdbb6b81fa28e4c15655e,e552c116b7d2c653f98b01f5c4fd599997f19f669a32bc6bf16396dd9f79365b,0.4.0,0e21d5546c482d08388a08eb4d948e833227ce47,079b233934150a3eee30444ce2408e09895ec4dd958ec60a822f870fa1284b99,float64,polar1l_rotation_invariants_v1,7beb8d4d9a8231a484c0bb6ff44b6b2e450eee2ca8a447370f350ed8678929cb,"{""density_coefficients"":[106,4],""dipole"":[1,3],""electron_energy"":[1],""electrostatic_energy"":[1],""energy"":[1],""node_feats"":[106,13824],""spin_charge_density"":[106,2,4],""spin_density"":[106,4]}"
D096_QP2_M1,S007,ae65f5a43123f47b7b61a76ee61e92f62213e4ca6f00a6b32652b7cc0e056843,2,1,12f1d9379ff453aaf0a8724ab16bf6ef9115c9884d5a79da3a1719be3dc9689e,artifacts/base_features/12/12f1d9379ff453aaf0a8724ab16bf6ef9115c9884d5a79da3a1719be3dc9689e.npz,9dc219417da656138261dc5996b0ce45370e3de07034c70e1aa16613c245fc25,3095,-87855.0446680605,polar-1-l,9f65f8dc6ddaff1d631e299cb531376a7da5e68d1bef04f34a2d5073d5ef114b,0.3.16,4d2da09413ac1407f37cdbb6b81fa28e4c15655e,e552c116b7d2c653f98b01f5c4fd599997f19f669a32bc6bf16396dd9f79365b,0.4.0,0e21d5546c482d08388a08eb4d948e833227ce47,079b233934150a3eee30444ce2408e09895ec4dd958ec60a822f870fa1284b99,float64,polar1l_rotation_invariants_v1,7beb8d4d9a8231a484c0bb6ff44b6b2e450eee2ca8a447370f350ed8678929cb,"{""density_coefficients"":[106,4],""dipole"":[1,3],""electron_energy"":[1],""electrostatic_energy"":[1],""energy"":[1],""node_feats"":[106,13824],""spin_charge_density"":[106,2,4],""spin_density"":[106,4]}"
D096_QP2_M1,S017,22574640c8d11a20ff700ebff460da5bb8f860b9d872823fce104624236fcc57,2,1,62629dc9113bf9bfbf7c7717787b314ab8136cb40214339d839f97ccd60a4e54,artifacts/base_features/62/62629dc9113bf9bfbf7c7717787b314ab8136cb40214339d839f97ccd60a4e54.npz,db32149ebee4351bb4e950af2b91b9c421892610ce04d142a7cad519f944cdfb,3095,-87855.0516295445,polar-1-l,9f65f8dc6ddaff1d631e299cb531376a7da5e68d1bef04f34a2d5073d5ef114b,0.3.16,4d2da09413ac1407f37cdbb6b81fa28e4c15655e,e552c116b7d2c653f98b01f5c4fd599997f19f669a32bc6bf16396dd9f79365b,0.4.0,0e21d5546c482d08388a08eb4d948e833227ce47,079b233934150a3eee30444ce2408e09895ec4dd958ec60a822f870fa1284b99,float64,polar1l_rotation_invariants_v1,7beb8d4d9a8231a484c0bb6ff44b6b2e450eee2ca8a447370f350ed8678929cb,"{""density_coefficients"":[106,4],""dipole"":[1,3],""electron_energy"":[1],""electrostatic_energy"":[1],""energy"":[1],""node_feats"":[106,13824],""spin_charge_density"":[106,2,4],""spin_density"":[106,4]}"
D096_QP2_M1,S022,e540288ea0ed9607e1040dda12f253fa4123d264d1643de6338c6cb24b220ea1,2,1,495934878f6366c3e4297baa236f12de3149c4d5df54e5388468576542410477,artifacts/base_features/49/495934878f6366c3e4297baa236f12de3149c4d5df54e5388468576542410477.npz,5fd2a6a038ea2d41fd099995f57826b252232b1c487cd1ac49477aa9fb63f354,3095,-87855.0429420311,polar-1-l,9f65f8dc6ddaff1d631e299cb531376a7da5e68d1bef04f34a2d5073d5ef114b,0.3.16,4d2da09413ac1407f37cdbb6b81fa28e4c15655e,e552c116b7d2c653f98b01f5c4fd599997f19f669a32bc6bf16396dd9f79365b,0.4.0,0e21d5546c482d08388a08eb4d948e833227ce47,079b233934150a3eee30444ce2408e09895ec4dd958ec60a822f870fa1284b99,float64,polar1l_rotation_invariants_v1,7beb8d4d9a8231a484c0bb6ff44b6b2e450eee2ca8a447370f350ed8678929cb,"{""density_coefficients"":[106,4],""dipole"":[1,3],""electron_energy"":[1],""electrostatic_energy"":[1],""energy"":[1],""node_feats"":[106,13824],""spin_charge_density"":[106,2,4],""spin_density"":[106,4]}"
M001_Q0_M1,S001,5cc4d3a2e10c866ebd5bcdfd1b265bafad69fc9027d004a56bb41fbdfcb0083e,0,1,8370401fe97624ba19d5d0fb645e0598b9fe873fcced00f298da82650120251c,artifacts/base_features/83/8370401fe97624ba19d5d0fb645e0598b9fe873fcced00f298da82650120251c.npz,ebf3d8e8fce4094b0b73340e2e71654f7d436e81a72239abff0fc2768ba5519b,3095,-15047.7134679799,polar-1-l,9f65f8dc6ddaff1d631e299cb531376a7da5e68d1bef04f34a2d5073d5ef114b,0.3.16,4d2da09413ac1407f37cdbb6b81fa28e4c15655e,e552c116b7d2c653f98b01f5c4fd599997f19f669a32bc6bf16396dd9f79365b,0.4.0,0e21d5546c482d08388a08eb4d948e833227ce47,079b233934150a3eee30444ce2408e09895ec4dd958ec60a822f870fa1284b99,float64,polar1l_rotation_invariants_v1,7beb8d4d9a8231a484c0bb6ff44b6b2e450eee2ca8a447370f350ed8678929cb,"{""density_coefficients"":[9,4],""dipole"":[1,3],""electron_energy"":[1],""electrostatic_energy"":[1],""energy"":[1],""node_feats"":[9,13824],""spin_charge_density"":[9,2,4],""spin_density"":[9,4]}"
M001_Q0_M1,S007,b458c47279b694ee51f4c8d0769d0acc2667ccb2d9e72b90282448e861367cbb,0,1,89fe847135ef602f319a30d0628fc7dcb1438eab8ecd94a97cd4f143b65053bc,artifacts/base_features/89/89fe847135ef602f319a30d0628fc7dcb1438eab8ecd94a97cd4f143b65053bc.npz,5bf7ca58de41e3afb57c49af74d92807b2efa2348cbca11cc2e371ad6bad6063,3095,-15047.7134577217,polar-1-l,9f65f8dc6ddaff1d631e299cb531376a7da5e68d1bef04f34a2d5073d5ef114b,0.3.16,4d2da09413ac1407f37cdbb6b81fa28e4c15655e,e552c116b7d2c653f98b01f5c4fd599997f19f669a32bc6bf16396dd9f79365b,0.4.0,0e21d5546c482d08388a08eb4d948e833227ce47,079b233934150a3eee30444ce2408e09895ec4dd958ec60a822f870fa1284b99,float64,polar1l_rotation_invariants_v1,7beb8d4d9a8231a484c0bb6ff44b6b2e450eee2ca8a447370f350ed8678929cb,"{""density_coefficients"":[9,4],""dipole"":[1,3],""electron_energy"":[1],""electrostatic_energy"":[1],""energy"":[1],""node_feats"":[9,13824],""spin_charge_density"":[9,2,4],""spin_density"":[9,4]}"
M001_Q0_M1,S015,4c459960e91ffeb6d180b3ca44b4249875c412c1c4293fd320805964efe14a19,0,1,24e6339c07ac2ef5eb90415046ab06be2b2469e77cfedd35db88de725b1e9791,artifacts/base_features/24/24e6339c07ac2ef5eb90415046ab06be2b2469e77cfedd35db88de725b1e9791.npz,23cac0bc3ce4f00348ba9b1713bc6cc6367678336b00cdccf87d3eff00b5043a,3095,-15047.7135559337,polar-1-l,9f65f8dc6ddaff1d631e299cb531376a7da5e68d1bef04f34a2d5073d5ef114b,0.3.16,4d2da09413ac1407f37cdbb6b81fa28e4c15655e,e552c116b7d2c653f98b01f5c4fd599997f19f669a32bc6bf16396dd9f79365b,0.4.0,0e21d5546c482d08388a08eb4d948e833227ce47,079b233934150a3eee30444ce2408e09895ec4dd958ec60a822f870fa1284b99,float64,polar1l_rotation_invariants_v1,7beb8d4d9a8231a484c0bb6ff44b6b2e450eee2ca8a447370f350ed8678929cb,"{""density_coefficients"":[9,4],""dipole"":[1,3],""electron_energy"":[1],""electrostatic_energy"":[1],""energy"":[1],""node_feats"":[9,13824],""spin_charge_density"":[9,2,4],""spin_density"":[9,4]}"
M001_Q0_M1,S022,5d457838a42335600f0f599ce77cf88c1764bef0b2eee6382031c28fc841844b,0,1,2602bd812b1839667bc7ec621da81dddf3924c7ba4527f0fb1870f7bb037043f,artifacts/base_features/26/2602bd812b1839667bc7ec621da81dddf3924c7ba4527f0fb1870f7bb037043f.npz,09269dd73c08593ab608067ad2afd7cef7e4261c40a266d64314cbbc68053807,3095,-15047.713441815,polar-1-l,9f65f8dc6ddaff1d631e299cb531376a7da5e68d1bef04f34a2d5073d5ef114b,0.3.16,4d2da09413ac1407f37cdbb6b81fa28e4c15655e,e552c116b7d2c653f98b01f5c4fd599997f19f669a32bc6bf16396dd9f79365b,0.4.0,0e21d5546c482d08388a08eb4d948e833227ce47,079b233934150a3eee30444ce2408e09895ec4dd958ec60a822f870fa1284b99,float64,polar1l_rotation_invariants_v1,7beb8d4d9a8231a484c0bb6ff44b6b2e450eee2ca8a447370f350ed8678929cb,"{""density_coefficients"":[9,4],""dipole"":[1,3],""electron_energy"":[1],""electrostatic_energy"":[1],""energy"":[1],""node_feats"":[9,13824],""spin_charge_density"":[9,2,4],""spin_density"":[9,4]}"
M001_QP1_M2,S001,faf885b9d5371630d7a9cafee2794b0a6eb73497e667a86ceafd8a7f3cd0bba8,1,2,6eb059cc13e1c7d44da7dba8a4eecebc97ff15e95b3bcbe92f72319ec42dd815,artifacts/base_features/6e/6eb059cc13e1c7d44da7dba8a4eecebc97ff15e95b3bcbe92f72319ec42dd815.npz,591e412366d6afc97d76dc72539526e4ff0afc9641d634228b70f881d543f88f,3095,-15038.827193517,polar-1-l,9f65f8dc6ddaff1d631e299cb531376a7da5e68d1bef04f34a2d5073d5ef114b,0.3.16,4d2da09413ac1407f37cdbb6b81fa28e4c15655e,e552c116b7d2c653f98b01f5c4fd599997f19f669a32bc6bf16396dd9f79365b,0.4.0,0e21d5546c482d08388a08eb4d948e833227ce47,079b233934150a3eee30444ce2408e09895ec4dd958ec60a822f870fa1284b99,float64,polar1l_rotation_invariants_v1,7beb8d4d9a8231a484c0bb6ff44b6b2e450eee2ca8a447370f350ed8678929cb,"{""density_coefficients"":[9,4],""dipole"":[1,3],""electron_energy"":[1],""electrostatic_energy"":[1],""energy"":[1],""node_feats"":[9,13824],""spin_charge_density"":[9,2,4],""spin_density"":[9,4]}"
M001_QP1_M2,S007,428fa172a7829dfed423c028310a52bfc26e51f58c8545e525e373d9440c7ffa,1,2,571344fe5866b2dad9ca9d6068d2eafdff7b2d4942c892205959bd32e2d88e6f,artifacts/base_features/57/571344fe5866b2dad9ca9d6068d2eafdff7b2d4942c892205959bd32e2d88e6f.npz,cc712937be327fa998aa42cd2297967643c6d3cc915bc33f6d7894fd30242cfb,3095,-15038.8269194434,polar-1-l,9f65f8dc6ddaff1d631e299cb531376a7da5e68d1bef04f34a2d5073d5ef114b,0.3.16,4d2da09413ac1407f37cdbb6b81fa28e4c15655e,e552c116b7d2c653f98b01f5c4fd599997f19f669a32bc6bf16396dd9f79365b,0.4.0,0e21d5546c482d08388a08eb4d948e833227ce47,079b233934150a3eee30444ce2408e09895ec4dd958ec60a822f870fa1284b99,float64,polar1l_rotation_invariants_v1,7beb8d4d9a8231a484c0bb6ff44b6b2e450eee2ca8a447370f350ed8678929cb,"{""density_coefficients"":[9,4],""dipole"":[1,3],""electron_energy"":[1],""electrostatic_energy"":[1],""energy"":[1],""node_feats"":[9,13824],""spin_charge_density"":[9,2,4],""spin_density"":[9,4]}"
M001_QP1_M2,S015,d690116cb4c95481934aab568ce55143dd67ae100923205c565c6ce2766e86ec,1,2,002f1d2dae9d827c4c5c17eeb7cdaa0e84ca102c0e67b134a8cfa5794304ce06,artifacts/base_features/00/002f1d2dae9d827c4c5c17eeb7cdaa0e84ca102c0e67b134a8cfa5794304ce06.npz,76d23afa78d333c5246fb0867fb7139a62fbefea8fd6dbc4b31da9b555157f3b,3095,-15038.8294504964,polar-1-l,9f65f8dc6ddaff1d631e299cb531376a7da5e68d1bef04f34a2d5073d5ef114b,0.3.16,4d2da09413ac1407f37cdbb6b81fa28e4c15655e,e552c116b7d2c653f98b01f5c4fd599997f19f669a32bc6bf16396dd9f79365b,0.4.0,0e21d5546c482d08388a08eb4d948e833227ce47,079b233934150a3eee30444ce2408e09895ec4dd958ec60a822f870fa1284b99,float64,polar1l_rotation_invariants_v1,7beb8d4d9a8231a484c0bb6ff44b6b2e450eee2ca8a447370f350ed8678929cb,"{""density_coefficients"":[9,4],""dipole"":[1,3],""electron_energy"":[1],""electrostatic_energy"":[1],""energy"":[1],""node_feats"":[9,13824],""spin_charge_density"":[9,2,4],""spin_density"":[9,4]}"
M001_QP1_M2,S022,2929d497f1ef8ca26e9fe75228d030a699c9bf4aa1b0732a697ce45511d24d37,1,2,12cd9478857647bc22cb19884c8ac6a5844a0c544f81c3733c3e9f26a16e5ec1,artifacts/base_features/12/12cd9478857647bc22cb19884c8ac6a5844a0c544f81c3733c3e9f26a16e5ec1.npz,1507e2d19aeddf0f597daa107ee6a0a68a950f86e130e9edc338d3ef42cf9e0a,3095,-15038.8264899127,polar-1-l,9f65f8dc6ddaff1d631e299cb531376a7da5e68d1bef04f34a2d5073d5ef114b,0.3.16,4d2da09413ac1407f37cdbb6b81fa28e4c15655e,e552c116b7d2c653f98b01f5c4fd599997f19f669a32bc6bf16396dd9f79365b,0.4.0,0e21d5546c482d08388a08eb4d948e833227ce47,079b233934150a3eee30444ce2408e09895ec4dd958ec60a822f870fa1284b99,float64,polar1l_rotation_invariants_v1,7beb8d4d9a8231a484c0bb6ff44b6b2e450eee2ca8a447370f350ed8678929cb,"{""density_coefficients"":[9,4],""dipole"":[1,3],""electron_energy"":[1],""electrostatic_energy"":[1],""energy"":[1],""node_feats"":[9,13824],""spin_charge_density"":[9,2,4],""spin_density"":[9,4]}"
M007_Q0_M1,S004,94ef68e10a8cb4b558435a691383c6c3a3213b58c9019976d7ffb451f6c19d4c,0,1,97a20756f7024d6a2b75391d50c8e3e79d3c812be6f0683e69fd1574ff814eac,artifacts/base_features/97/97a20756f7024d6a2b75391d50c8e3e79d3c812be6f0683e69fd1574ff814eac.npz,1738a6b2a466ed64f092a5a517a719a8290a6afe167fbf03a352626eef7f9498,3095,-23603.9878512213,polar-1-l,9f65f8dc6ddaff1d631e299cb531376a7da5e68d1bef04f34a2d5073d5ef114b,0.3.16,4d2da09413ac1407f37cdbb6b81fa28e4c15655e,e552c116b7d2c653f98b01f5c4fd599997f19f669a32bc6bf16396dd9f79365b,0.4.0,0e21d5546c482d08388a08eb4d948e833227ce47,079b233934150a3eee30444ce2408e09895ec4dd958ec60a822f870fa1284b99,float64,polar1l_rotation_invariants_v1,7beb8d4d9a8231a484c0bb6ff44b6b2e450eee2ca8a447370f350ed8678929cb,"{""density_coefficients"":[33,4],""dipole"":[1,3],""electron_energy"":[1],""electrostatic_energy"":[1],""energy"":[1],""node_feats"":[33,13824],""spin_charge_density"":[33,2,4],""spin_density"":[33,4]}"
M007_Q0_M1,S011,b7eedded779d8ad5a63aedae9966a6e202db1106bf52eae1d223508976e471bb,0,1,3987dd95eb028dcd1236adb6a02793f07726a86d66d3258c05db8fb4410cfbb1,artifacts/base_features/39/3987dd95eb028dcd1236adb6a02793f07726a86d66d3258c05db8fb4410cfbb1.npz,d097d70e003b664823b503f79243449adaef969c164f30e49236e6151d02deb5,3095,-23603.9878343863,polar-1-l,9f65f8dc6ddaff1d631e299cb531376a7da5e68d1bef04f34a2d5073d5ef114b,0.3.16,4d2da09413ac1407f37cdbb6b81fa28e4c15655e,e552c116b7d2c653f98b01f5c4fd599997f19f669a32bc6bf16396dd9f79365b,0.4.0,0e21d5546c482d08388a08eb4d948e833227ce47,079b233934150a3eee30444ce2408e09895ec4dd958ec60a822f870fa1284b99,float64,polar1l_rotation_invariants_v1,7beb8d4d9a8231a484c0bb6ff44b6b2e450eee2ca8a447370f350ed8678929cb,"{""density_coefficients"":[33,4],""dipole"":[1,3],""electron_energy"":[1],""electrostatic_energy"":[1],""energy"":[1],""node_feats"":[33,13824],""spin_charge_density"":[33,2,4],""spin_density"":[33,4]}"
M007_Q0_M1,S016,54e7d79387530729c9d115bf65b184b937f220055229f539bc23fb432b1bab04,0,1,39d4f71a52ed50630cffbb3c7d8554189c3c47e40e01d55a93b2d813270b3eb8,artifacts/base_features/39/39d4f71a52ed50630cffbb3c7d8554189c3c47e40e01d55a93b2d813270b3eb8.npz,5bc0dc4a9fc01b79558d445b78f1dd1ec6887b6b7734683e0883faa94269d2a3,3095,-23603.9880993466,polar-1-l,9f65f8dc6ddaff1d631e299cb531376a7da5e68d1bef04f34a2d5073d5ef114b,0.3.16,4d2da09413ac1407f37cdbb6b81fa28e4c15655e,e552c116b7d2c653f98b01f5c4fd599997f19f669a32bc6bf16396dd9f79365b,0.4.0,0e21d5546c482d08388a08eb4d948e833227ce47,079b233934150a3eee30444ce2408e09895ec4dd958ec60a822f870fa1284b99,float64,polar1l_rotation_invariants_v1,7beb8d4d9a8231a484c0bb6ff44b6b2e450eee2ca8a447370f350ed8678929cb,"{""density_coefficients"":[33,4],""dipole"":[1,3],""electron_energy"":[1],""electrostatic_energy"":[1],""energy"":[1],""node_feats"":[33,13824],""spin_charge_density"":[33,2,4],""spin_density"":[33,4]}"
M007_Q0_M1,S024,bcf964be95633869c4c285b534e36c2dcc0495ee036b327940b01f05ceaf03a3,0,1,0d4cf972d304588e0e61bcedf77d619681994a2ebda72180558e258c3434c475,artifacts/base_features/0d/0d4cf972d304588e0e61bcedf77d619681994a2ebda72180558e258c3434c475.npz,1900658e86c702d2ce74ae2549b6878c790f10cbb55b054916d00b62ad5fd1c8,3095,-23603.9890565473,polar-1-l,9f65f8dc6ddaff1d631e299cb531376a7da5e68d1bef04f34a2d5073d5ef114b,0.3.16,4d2da09413ac1407f37cdbb6b81fa28e4c15655e,e552c116b7d2c653f98b01f5c4fd599997f19f669a32bc6bf16396dd9f79365b,0.4.0,0e21d5546c482d08388a08eb4d948e833227ce47,079b233934150a3eee30444ce2408e09895ec4dd958ec60a822f870fa1284b99,float64,polar1l_rotation_invariants_v1,7beb8d4d9a8231a484c0bb6ff44b6b2e450eee2ca8a447370f350ed8678929cb,"{""density_coefficients"":[33,4],""dipole"":[1,3],""electron_energy"":[1],""electrostatic_energy"":[1],""energy"":[1],""node_feats"":[33,13824],""spin_charge_density"":[33,2,4],""spin_density"":[33,4]}"
M007_QP1_M2,S004,b4eab1d36ef40e882380e69b19c3569d56ca38ea134b4c1a890e19d95a8e8506,1,2,06f736002816b5e344d793c4a4bc18df7940956f072b5db002e34a9892e2ad47,artifacts/base_features/06/06f736002816b5e344d793c4a4bc18df7940956f072b5db002e34a9892e2ad47.npz,3d7c8c9cdf54fedf2bea935ff9d989ab9d4d2ef51fdbdccb386769224ab3c5e2,3095,-23595.7466130896,polar-1-l,9f65f8dc6ddaff1d631e299cb531376a7da5e68d1bef04f34a2d5073d5ef114b,0.3.16,4d2da09413ac1407f37cdbb6b81fa28e4c15655e,e552c116b7d2c653f98b01f5c4fd599997f19f669a32bc6bf16396dd9f79365b,0.4.0,0e21d5546c482d08388a08eb4d948e833227ce47,079b233934150a3eee30444ce2408e09895ec4dd958ec60a822f870fa1284b99,float64,polar1l_rotation_invariants_v1,7beb8d4d9a8231a484c0bb6ff44b6b2e450eee2ca8a447370f350ed8678929cb,"{""density_coefficients"":[33,4],""dipole"":[1,3],""electron_energy"":[1],""electrostatic_energy"":[1],""energy"":[1],""node_feats"":[33,13824],""spin_charge_density"":[33,2,4],""spin_density"":[33,4]}"
M007_QP1_M2,S011,9a1a836ff22f57605b5be26a312b21f8f17fe6d3733a32931bdb4568b32d69e8,1,2,16ef2857cb124ec98bc0b808215f03143558036026bc7240bc163b38de3866a5,artifacts/base_features/16/16ef2857cb124ec98bc0b808215f03143558036026bc7240bc163b38de3866a5.npz,5c0527b93433db7fe5b135eb1a37c042de234196feda15ad1ae3a1f88ac8d0c2,3095,-23595.7470256366,polar-1-l,9f65f8dc6ddaff1d631e299cb531376a7da5e68d1bef04f34a2d5073d5ef114b,0.3.16,4d2da09413ac1407f37cdbb6b81fa28e4c15655e,e552c116b7d2c653f98b01f5c4fd599997f19f669a32bc6bf16396dd9f79365b,0.4.0,0e21d5546c482d08388a08eb4d948e833227ce47,079b233934150a3eee30444ce2408e09895ec4dd958ec60a822f870fa1284b99,float64,polar1l_rotation_invariants_v1,7beb8d4d9a8231a484c0bb6ff44b6b2e450eee2ca8a447370f350ed8678929cb,"{""density_coefficients"":[33,4],""dipole"":[1,3],""electron_energy"":[1],""electrostatic_energy"":[1],""energy"":[1],""node_feats"":[33,13824],""spin_charge_density"":[33,2,4],""spin_density"":[33,4]}"
M007_QP1_M2,S016,2f16f3a1bb890c19a389972f4274dfbb4e259ff52fa7733a616949d1ed7f2a31,1,2,166f32a86126a7f4129c6e135d012b3891746712c47c902e3f569c139cc9ce1f,artifacts/base_features/16/166f32a86126a7f4129c6e135d012b3891746712c47c902e3f569c139cc9ce1f.npz,7821c3069239f19ce062b49376b6f7dd129ddbaf175bf3c9dcb2a3828b455ed6,3095,-23595.7389186779,polar-1-l,9f65f8dc6ddaff1d631e299cb531376a7da5e68d1bef04f34a2d5073d5ef114b,0.3.16,4d2da09413ac1407f37cdbb6b81fa28e4c15655e,e552c116b7d2c653f98b01f5c4fd599997f19f669a32bc6bf16396dd9f79365b,0.4.0,0e21d5546c482d08388a08eb4d948e833227ce47,079b233934150a3eee30444ce2408e09895ec4dd958ec60a822f870fa1284b99,float64,polar1l_rotation_invariants_v1,7beb8d4d9a8231a484c0bb6ff44b6b2e450eee2ca8a447370f350ed8678929cb,"{""density_coefficients"":[33,4],""dipole"":[1,3],""electron_energy"":[1],""electrostatic_energy"":[1],""energy"":[1],""node_feats"":[33,13824],""spin_charge_density"":[33,2,4],""spin_density"":[33,4]}"
M007_QP1_M2,S024,3161c1aa493803908c8cec1ca4a3095e4be8034a82980630ed613211f3f02af7,1,2,259cece4e109dedf6bca8dd8729560e9d270217487d5c9217a1e5fcffc7a36ca,artifacts/base_features/25/259cece4e109dedf6bca8dd8729560e9d270217487d5c9217a1e5fcffc7a36ca.npz,8b747162f658b9b64bf0c27358e7da0c25b32a9e4b9db509146f33ae26fd8d44,3095,-23595.7369439586,polar-1-l,9f65f8dc6ddaff1d631e299cb531376a7da5e68d1bef04f34a2d5073d5ef114b,0.3.16,4d2da09413ac1407f37cdbb6b81fa28e4c15655e,e552c116b7d2c653f98b01f5c4fd599997f19f669a32bc6bf16396dd9f79365b,0.4.0,0e21d5546c482d08388a08eb4d948e833227ce47,079b233934150a3eee30444ce2408e09895ec4dd958ec60a822f870fa1284b99,float64,polar1l_rotation_invariants_v1,7beb8d4d9a8231a484c0bb6ff44b6b2e450eee2ca8a447370f350ed8678929cb,"{""density_coefficients"":[33,4],""dipole"":[1,3],""electron_energy"":[1],""electrostatic_energy"":[1],""energy"":[1],""node_feats"":[33,13824],""spin_charge_density"":[33,2,4],""spin_density"":[33,4]}"
M013_Q0_M1,S005,731a6774fc01871ea70155492f32fd1c0905a86495b90c82edb49617312c031d,0,1,03b12aa383cb3f604bb8c03367a62e3007429c5eaa5bcaf6805fd709a2adf1c5,artifacts/base_features/03/03b12aa383cb3f604bb8c03367a62e3007429c5eaa5bcaf6805fd709a2adf1c5.npz,9e018f878528324dc1eccf54b002f57e8dcbe120608cd7f5e156d583bbbba176,3095,-17558.3308157016,polar-1-l,9f65f8dc6ddaff1d631e299cb531376a7da5e68d1bef04f34a2d5073d5ef114b,0.3.16,4d2da09413ac1407f37cdbb6b81fa28e4c15655e,e552c116b7d2c653f98b01f5c4fd599997f19f669a32bc6bf16396dd9f79365b,0.4.0,0e21d5546c482d08388a08eb4d948e833227ce47,079b233934150a3eee30444ce2408e09895ec4dd958ec60a822f870fa1284b99,float64,polar1l_rotation_invariants_v1,7beb8d4d9a8231a484c0bb6ff44b6b2e450eee2ca8a447370f350ed8678929cb,"{""density_coefficients"":[10,4],""dipole"":[1,3],""electron_energy"":[1],""electrostatic_energy"":[1],""energy"":[1],""node_feats"":[10,13824],""spin_charge_density"":[10,2,4],""spin_density"":[10,4]}"
M013_Q0_M1,S012,39425162005a81dae0d5e723dbae2c06b3a0fb1f6af4cf1dc72f9705f2560b78,0,1,2893e4c56287ebce3270b7c3b05ba7223bd0fb4d90eaa2c494396ad8d406ae3f,artifacts/base_features/28/2893e4c56287ebce3270b7c3b05ba7223bd0fb4d90eaa2c494396ad8d406ae3f.npz,3f353ab5487e9416c1f11e29ac99570a68a496870f0a94b1db7b61f60b080437,3095,-17558.3307189925,polar-1-l,9f65f8dc6ddaff1d631e299cb531376a7da5e68d1bef04f34a2d5073d5ef114b,0.3.16,4d2da09413ac1407f37cdbb6b81fa28e4c15655e,e552c116b7d2c653f98b01f5c4fd599997f19f669a32bc6bf16396dd9f79365b,0.4.0,0e21d5546c482d08388a08eb4d948e833227ce47,079b233934150a3eee30444ce2408e09895ec4dd958ec60a822f870fa1284b99,float64,polar1l_rotation_invariants_v1,7beb8d4d9a8231a484c0bb6ff44b6b2e450eee2ca8a447370f350ed8678929cb,"{""density_coefficients"":[10,4],""dipole"":[1,3],""electron_energy"":[1],""electrostatic_energy"":[1],""energy"":[1],""node_feats"":[10,13824],""spin_charge_density"":[10,2,4],""spin_density"":[10,4]}"
M013_Q0_M1,S017,db574b798c807d2e9b6671abd277bb309c515c1f7763c7c6716c59a3471d3228,0,1,bdd937ec4d2b9a6b3586ca4e7684bab26f8692b6ac7d29dd9683e4a3157637d5,artifacts/base_features/bd/bdd937ec4d2b9a6b3586ca4e7684bab26f8692b6ac7d29dd9683e4a3157637d5.npz,2cc9fa28eabd194eb68b74acc70ee07ebab13e892d3a6856766f9e25e9d1095f,3095,-17558.3310072599,polar-1-l,9f65f8dc6ddaff1d631e299cb531376a7da5e68d1bef04f34a2d5073d5ef114b,0.3.16,4d2da09413ac1407f37cdbb6b81fa28e4c15655e,e552c116b7d2c653f98b01f5c4fd599997f19f669a32bc6bf16396dd9f79365b,0.4.0,0e21d5546c482d08388a08eb4d948e833227ce47,079b233934150a3eee30444ce2408e09895ec4dd958ec60a822f870fa1284b99,float64,polar1l_rotation_invariants_v1,7beb8d4d9a8231a484c0bb6ff44b6b2e450eee2ca8a447370f350ed8678929cb,"{""density_coefficients"":[10,4],""dipole"":[1,3],""electron_energy"":[1],""electrostatic_energy"":[1],""energy"":[1],""node_feats"":[10,13824],""spin_charge_density"":[10,2,4],""spin_density"":[10,4]}"
M013_Q0_M1,S021,f1c57196d5441e1450a94049aecb50ea14ad72ce7cbcb11ee0f4f0c1b104e499,0,1,69259ec40bdac235347ee5001c9291944b7f2977de150d6bd61b33ddab4f11db,artifacts/base_features/69/69259ec40bdac235347ee5001c9291944b7f2977de150d6bd61b33ddab4f11db.npz,770779c354a6e970bd44e6e66c9ace53cfbc3d2e0c96c28785a2051611f74ecd,3095,-17558.3316792421,polar-1-l,9f65f8dc6ddaff1d631e299cb531376a7da5e68d1bef04f34a2d5073d5ef114b,0.3.16,4d2da09413ac1407f37cdbb6b81fa28e4c15655e,e552c116b7d2c653f98b01f5c4fd599997f19f669a32bc6bf16396dd9f79365b,0.4.0,0e21d5546c482d08388a08eb4d948e833227ce47,079b233934150a3eee30444ce2408e09895ec4dd958ec60a822f870fa1284b99,float64,polar1l_rotation_invariants_v1,7beb8d4d9a8231a484c0bb6ff44b6b2e450eee2ca8a447370f350ed8678929cb,"{""density_coefficients"":[10,4],""dipole"":[1,3],""electron_energy"":[1],""electrostatic_energy"":[1],""energy"":[1],""node_feats"":[10,13824],""spin_charge_density"":[10,2,4],""spin_density"":[10,4]}"
M013_QP1_M2,S005,95b16843a051e6b91d16f3aeaf999ca90b43059155a17f38d6cc85f50238a659,1,2,d759056443e4c696c0206b5c96153c9fd9dc63f3824cce56d71a60df30c50f6e,artifacts/base_features/d7/d759056443e4c696c0206b5c96153c9fd9dc63f3824cce56d71a60df30c50f6e.npz,5a02b5e59824660d94217215b99a8d39aa55e63ce32a628022ab5b98e0056c46,3095,-17548.9050819923,polar-1-l,9f65f8dc6ddaff1d631e299cb531376a7da5e68d1bef04f34a2d5073d5ef114b,0.3.16,4d2da09413ac1407f37cdbb6b81fa28e4c15655e,e552c116b7d2c653f98b01f5c4fd599997f19f669a32bc6bf16396dd9f79365b,0.4.0,0e21d5546c482d08388a08eb4d948e833227ce47,079b233934150a3eee30444ce2408e09895ec4dd958ec60a822f870fa1284b99,float64,polar1l_rotation_invariants_v1,7beb8d4d9a8231a484c0bb6ff44b6b2e450eee2ca8a447370f350ed8678929cb,"{""density_coefficients"":[10,4],""dipole"":[1,3],""electron_energy"":[1],""electrostatic_energy"":[1],""energy"":[1],""node_feats"":[10,13824],""spin_charge_density"":[10,2,4],""spin_density"":[10,4]}"
M013_QP1_M2,S012,e2fb518530a4d1eb20b322c52774472b8b3c337ddeb08d6e5bc56c3530d7e16a,1,2,b46981bf345bd77e55f8004fbaee730fa83fdfe518387ef3f87699dab074a417,artifacts/base_features/b4/b46981bf345bd77e55f8004fbaee730fa83fdfe518387ef3f87699dab074a417.npz,7cda772bf480fe10ad7373c85597c6491cf0cdbc44f6e4f0b822cb51248e9a1a,3095,-17548.9043408034,polar-1-l,9f65f8dc6ddaff1d631e299cb531376a7da5e68d1bef04f34a2d5073d5ef114b,0.3.16,4d2da09413ac1407f37cdbb6b81fa28e4c15655e,e552c116b7d2c653f98b01f5c4fd599997f19f669a32bc6bf16396dd9f79365b,0.4.0,0e21d5546c482d08388a08eb4d948e833227ce47,079b233934150a3eee30444ce2408e09895ec4dd958ec60a822f870fa1284b99,float64,polar1l_rotation_invariants_v1,7beb8d4d9a8231a484c0bb6ff44b6b2e450eee2ca8a447370f350ed8678929cb,"{""density_coefficients"":[10,4],""dipole"":[1,3],""electron_energy"":[1],""electrostatic_energy"":[1],""energy"":[1],""node_feats"":[10,13824],""spin_charge_density"":[10,2,4],""spin_density"":[10,4]}"
M013_QP1_M2,S017,04ecbdc438272f6b8c4cb523656b847c0e919dabba024d1dd7a1d8720ff785be,1,2,6863a93a567c59e5ba1ee29d1fcab118ad3bfc2d0755a0698818868383f01882,artifacts/base_features/68/6863a93a567c59e5ba1ee29d1fcab118ad3bfc2d0755a0698818868383f01882.npz,a6f3c8c0994ce054fe92a2e0bc987da0ecb5fd4f44a45855fcb183dfe9ced382,3095,-17548.9052545664,polar-1-l,9f65f8dc6ddaff1d631e299cb531376a7da5e68d1bef04f34a2d5073d5ef114b,0.3.16,4d2da09413ac1407f37cdbb6b81fa28e4c15655e,e552c116b7d2c653f98b01f5c4fd599997f19f669a32bc6bf16396dd9f79365b,0.4.0,0e21d5546c482d08388a08eb4d948e833227ce47,079b233934150a3eee30444ce2408e09895ec4dd958ec60a822f870fa1284b99,float64,polar1l_rotation_invariants_v1,7beb8d4d9a8231a484c0bb6ff44b6b2e450eee2ca8a447370f350ed8678929cb,"{""density_coefficients"":[10,4],""dipole"":[1,3],""electron_energy"":[1],""electrostatic_energy"":[1],""energy"":[1],""node_feats"":[10,13824],""spin_charge_density"":[10,2,4],""spin_density"":[10,4]}"
M013_QP1_M2,S021,6c322f17685d4728c670ca1899b6ddace9843c8e8598481faa569429d900b1bc,1,2,8a86a4e15812cb7c3123b1ac84bc99bd7f8e900109afbc9b6777718380178e3f,artifacts/base_features/8a/8a86a4e15812cb7c3123b1ac84bc99bd7f8e900109afbc9b6777718380178e3f.npz,40ca905e2b71e4ec3fe680fa3e1a3693d3ee28dac21af2a4a6b942dd74e37da5,3095,-17548.9062527883,polar-1-l,9f65f8dc6ddaff1d631e299cb531376a7da5e68d1bef04f34a2d5073d5ef114b,0.3.16,4d2da09413ac1407f37cdbb6b81fa28e4c15655e,e552c116b7d2c653f98b01f5c4fd599997f19f669a32bc6bf16396dd9f79365b,0.4.0,0e21d5546c482d08388a08eb4d948e833227ce47,079b233934150a3eee30444ce2408e09895ec4dd958ec60a822f870fa1284b99,float64,polar1l_rotation_invariants_v1,7beb8d4d9a8231a484c0bb6ff44b6b2e450eee2ca8a447370f350ed8678929cb,"{""density_coefficients"":[10,4],""dipole"":[1,3],""electron_energy"":[1],""electrostatic_energy"":[1],""energy"":[1],""node_feats"":[10,13824],""spin_charge_density"":[10,2,4],""spin_density"":[10,4]}"
M014_Q0_M1,S002,5416e5611fafc1410040e11198da9a5c942abf4d64207d701d7dda034b24ba92,0,1,70db9099508b90d6b73be86a79f8c5c930fc7879da3f9d19ea6ccfc97b51e785,artifacts/base_features/70/70db9099508b90d6b73be86a79f8c5c930fc7879da3f9d19ea6ccfc97b51e785.npz,4596b05674ebae4db01cbfe67630b4342755f49dc6c2dfc2942fed8e924e7107,3095,-21249.4787032095,polar-1-l,9f65f8dc6ddaff1d631e299cb531376a7da5e68d1bef04f34a2d5073d5ef114b,0.3.16,4d2da09413ac1407f37cdbb6b81fa28e4c15655e,e552c116b7d2c653f98b01f5c4fd599997f19f669a32bc6bf16396dd9f79365b,0.4.0,0e21d5546c482d08388a08eb4d948e833227ce47,079b233934150a3eee30444ce2408e09895ec4dd958ec60a822f870fa1284b99,float64,polar1l_rotation_invariants_v1,7beb8d4d9a8231a484c0bb6ff44b6b2e450eee2ca8a447370f350ed8678929cb,"{""density_coefficients"":[15,4],""dipole"":[1,3],""electron_energy"":[1],""electrostatic_energy"":[1],""energy"":[1],""node_feats"":[15,13824],""spin_charge_density"":[15,2,4],""spin_density"":[15,4]}"
M014_Q0_M1,S006,5453b8f4e6e2a85e6eb8d2a881aa5454f761eed083d8f2c16b91b24ef0304de8,0,1,2f2e68e66ae91ff43aa38bc4cd03181acafddae95e7e9f94adf2319b4232a6b6,artifacts/base_features/2f/2f2e68e66ae91ff43aa38bc4cd03181acafddae95e7e9f94adf2319b4232a6b6.npz,6cf9eda7e1a2d0afa765b4b9dd69d405f81b79151a595ea2e302898905439fcb,3095,-21249.4761287912,polar-1-l,9f65f8dc6ddaff1d631e299cb531376a7da5e68d1bef04f34a2d5073d5ef114b,0.3.16,4d2da09413ac1407f37cdbb6b81fa28e4c15655e,e552c116b7d2c653f98b01f5c4fd599997f19f669a32bc6bf16396dd9f79365b,0.4.0,0e21d5546c482d08388a08eb4d948e833227ce47,079b233934150a3eee30444ce2408e09895ec4dd958ec60a822f870fa1284b99,float64,polar1l_rotation_invariants_v1,7beb8d4d9a8231a484c0bb6ff44b6b2e450eee2ca8a447370f350ed8678929cb,"{""density_coefficients"":[15,4],""dipole"":[1,3],""electron_energy"":[1],""electrostatic_energy"":[1],""energy"":[1],""node_feats"":[15,13824],""spin_charge_density"":[15,2,4],""spin_density"":[15,4]}"
M014_Q0_M1,S014,f4ddfc185a85d1ae2c7de3885168767b54c647e847bb5e0811db8f59ce775567,0,1,3268d50c99021b1072c70d9862d3be8d09207802715b67294963a5d21ab83351,artifacts/base_features/32/3268d50c99021b1072c70d9862d3be8d09207802715b67294963a5d21ab83351.npz,344385820ea0cccc92f23961d581b9c77604b7d807360012f1bc9f7353ab0640,3095,-21249.4815243507,polar-1-l,9f65f8dc6ddaff1d631e299cb531376a7da5e68d1bef04f34a2d5073d5ef114b,0.3.16,4d2da09413ac1407f37cdbb6b81fa28e4c15655e,e552c116b7d2c653f98b01f5c4fd599997f19f669a32bc6bf16396dd9f79365b,0.4.0,0e21d5546c482d08388a08eb4d948e833227ce47,079b233934150a3eee30444ce2408e09895ec4dd958ec60a822f870fa1284b99,float64,polar1l_rotation_invariants_v1,7beb8d4d9a8231a484c0bb6ff44b6b2e450eee2ca8a447370f350ed8678929cb,"{""density_coefficients"":[15,4],""dipole"":[1,3],""electron_energy"":[1],""electrostatic_energy"":[1],""energy"":[1],""node_feats"":[15,13824],""spin_charge_density"":[15,2,4],""spin_density"":[15,4]}"
M014_Q0_M1,S018,1767f1b60d942630e1d44e9e5706a3904c33ef16d1c9577a437d63491b30579e,0,1,d4a99262596e1e3c49d80a6495d2e026d2a99dc0cf7637789755e747d2402d98,artifacts/base_features/d4/d4a99262596e1e3c49d80a6495d2e026d2a99dc0cf7637789755e747d2402d98.npz,74a271edd98beafa3229565ebc2adeaaec9be01121280e8f42c92b08b60337d7,3095,-21249.4784284582,polar-1-l,9f65f8dc6ddaff1d631e299cb531376a7da5e68d1bef04f34a2d5073d5ef114b,0.3.16,4d2da09413ac1407f37cdbb6b81fa28e4c15655e,e552c116b7d2c653f98b01f5c4fd599997f19f669a32bc6bf16396dd9f79365b,0.4.0,0e21d5546c482d08388a08eb4d948e833227ce47,079b233934150a3eee30444ce2408e09895ec4dd958ec60a822f870fa1284b99,float64,polar1l_rotation_invariants_v1,7beb8d4d9a8231a484c0bb6ff44b6b2e450eee2ca8a447370f350ed8678929cb,"{""density_coefficients"":[15,4],""dipole"":[1,3],""electron_energy"":[1],""electrostatic_energy"":[1],""energy"":[1],""node_feats"":[15,13824],""spin_charge_density"":[15,2,4],""spin_density"":[15,4]}"
M014_QP1_M2,S002,c7c14011aec684998dfdcfb4cf87c0b436429a91685d50a3050a390a4cb33d76,1,2,b94986757779f10555b194fc238fabf1a7379290a336567f5c77dcdb65845c2b,artifacts/base_features/b9/b94986757779f10555b194fc238fabf1a7379290a336567f5c77dcdb65845c2b.npz,569f0a3d9e6425086be1b4cd17a483036483a25d21a33c0ba4fa8484b4c870c2,3095,-21240.4264657369,polar-1-l,9f65f8dc6ddaff1d631e299cb531376a7da5e68d1bef04f34a2d5073d5ef114b,0.3.16,4d2da09413ac1407f37cdbb6b81fa28e4c15655e,e552c116b7d2c653f98b01f5c4fd599997f19f669a32bc6bf16396dd9f79365b,0.4.0,0e21d5546c482d08388a08eb4d948e833227ce47,079b233934150a3eee30444ce2408e09895ec4dd958ec60a822f870fa1284b99,float64,polar1l_rotation_invariants_v1,7beb8d4d9a8231a484c0bb6ff44b6b2e450eee2ca8a447370f350ed8678929cb,"{""density_coefficients"":[15,4],""dipole"":[1,3],""electron_energy"":[1],""electrostatic_energy"":[1],""energy"":[1],""node_feats"":[15,13824],""spin_charge_density"":[15,2,4],""spin_density"":[15,4]}"
M014_QP1_M2,S006,a10febedc1d0b20a2b6fbf14cd224261732f77b0255447d220ec448b8b56631a,1,2,57044b036eeffff59937002bd8834e4d2292ab9f9cfeaf2a0093cdd872f22bdf,artifacts/base_features/57/57044b036eeffff59937002bd8834e4d2292ab9f9cfeaf2a0093cdd872f22bdf.npz,5edf11e2662dd492b68a54f767b8fbb98ae344850467ccb1c24a38b47eba0c91,3095,-21240.4192431565,polar-1-l,9f65f8dc6ddaff1d631e299cb531376a7da5e68d1bef04f34a2d5073d5ef114b,0.3.16,4d2da09413ac1407f37cdbb6b81fa28e4c15655e,e552c116b7d2c653f98b01f5c4fd599997f19f669a32bc6bf16396dd9f79365b,0.4.0,0e21d5546c482d08388a08eb4d948e833227ce47,079b233934150a3eee30444ce2408e09895ec4dd958ec60a822f870fa1284b99,float64,polar1l_rotation_invariants_v1,7beb8d4d9a8231a484c0bb6ff44b6b2e450eee2ca8a447370f350ed8678929cb,"{""density_coefficients"":[15,4],""dipole"":[1,3],""electron_energy"":[1],""electrostatic_energy"":[1],""energy"":[1],""node_feats"":[15,13824],""spin_charge_density"":[15,2,4],""spin_density"":[15,4]}"
M014_QP1_M2,S014,5b548451431127b645a45403d5dc8ab281d32632f923eaa2a7fff26cc8e156cd,1,2,e2a98456e8b76a2ab466e7a7f91db095c0ae7b543ba683ca704c0792e1fbe573,artifacts/base_features/e2/e2a98456e8b76a2ab466e7a7f91db095c0ae7b543ba683ca704c0792e1fbe573.npz,53ef8e89f1c983c3f01cb677249c5421aba0f0a3a81ab668e35f0822cdaec9ab,3095,-21240.4313713491,polar-1-l,9f65f8dc6ddaff1d631e299cb531376a7da5e68d1bef04f34a2d5073d5ef114b,0.3.16,4d2da09413ac1407f37cdbb6b81fa28e4c15655e,e552c116b7d2c653f98b01f5c4fd599997f19f669a32bc6bf16396dd9f79365b,0.4.0,0e21d5546c482d08388a08eb4d948e833227ce47,079b233934150a3eee30444ce2408e09895ec4dd958ec60a822f870fa1284b99,float64,polar1l_rotation_invariants_v1,7beb8d4d9a8231a484c0bb6ff44b6b2e450eee2ca8a447370f350ed8678929cb,"{""density_coefficients"":[15,4],""dipole"":[1,3],""electron_energy"":[1],""electrostatic_energy"":[1],""energy"":[1],""node_feats"":[15,13824],""spin_charge_density"":[15,2,4],""spin_density"":[15,4]}"
M014_QP1_M2,S018,6dff0a83f40fef4fdcfceb28b9292eecdc09b6d5a1bc4fcd75246d10631396e0,1,2,6eb0531819fbbd8646b205521e59e6f03b44212a95f08b607a41e386d326725c,artifacts/base_features/6e/6eb0531819fbbd8646b205521e59e6f03b44212a95f08b607a41e386d326725c.npz,43d89cd7085a62ba00e1911e89103e517edaa665ddd9c5664cfb9a597cef8985,3095,-21240.4258319592,polar-1-l,9f65f8dc6ddaff1d631e299cb531376a7da5e68d1bef04f34a2d5073d5ef114b,0.3.16,4d2da09413ac1407f37cdbb6b81fa28e4c15655e,e552c116b7d2c653f98b01f5c4fd599997f19f669a32bc6bf16396dd9f79365b,0.4.0,0e21d5546c482d08388a08eb4d948e833227ce47,079b233934150a3eee30444ce2408e09895ec4dd958ec60a822f870fa1284b99,float64,polar1l_rotation_invariants_v1,7beb8d4d9a8231a484c0bb6ff44b6b2e450eee2ca8a447370f350ed8678929cb,"{""density_coefficients"":[15,4],""dipole"":[1,3],""electron_energy"":[1],""electrostatic_energy"":[1],""energy"":[1],""node_feats"":[15,13824],""spin_charge_density"":[15,2,4],""spin_density"":[15,4]}"
M017_Q0_M1,S003,fe0f80c035254c4e1806870797daba5c1c3531b0cba3fe8b4ff71ba2c3ed14c0,0,1,3f0147ba4a620ac6bc824f448a0856a73ad2d1a95c6ef28ab7b83332d6b5bd03,artifacts/base_features/3f/3f0147ba4a620ac6bc824f448a0856a73ad2d1a95c6ef28ab7b83332d6b5bd03.npz,f32babefa10c628a4cd427328b56b03fe42d4eb4d02204d289318e81bfc3ac6b,3095,-19325.9753050825,polar-1-l,9f65f8dc6ddaff1d631e299cb531376a7da5e68d1bef04f34a2d5073d5ef114b,0.3.16,4d2da09413ac1407f37cdbb6b81fa28e4c15655e,e552c116b7d2c653f98b01f5c4fd599997f19f669a32bc6bf16396dd9f79365b,0.4.0,0e21d5546c482d08388a08eb4d948e833227ce47,079b233934150a3eee30444ce2408e09895ec4dd958ec60a822f870fa1284b99,float64,polar1l_rotation_invariants_v1,7beb8d4d9a8231a484c0bb6ff44b6b2e450eee2ca8a447370f350ed8678929cb,"{""density_coefficients"":[21,4],""dipole"":[1,3],""electron_energy"":[1],""electrostatic_energy"":[1],""energy"":[1],""node_feats"":[21,13824],""spin_charge_density"":[21,2,4],""spin_density"":[21,4]}"
M017_Q0_M1,S008,5407b06cbcb4d2506fa48e12cf1055a55c76f839fcfa027dc7c2359cc945e3e8,0,1,8c4c85f6ead022f5b2cd334198f3a7c1ec15c57ec63ec5639da1ed1d24916211,artifacts/base_features/8c/8c4c85f6ead022f5b2cd334198f3a7c1ec15c57ec63ec5639da1ed1d24916211.npz,ae4eadf837a938c6b2779056a365b2f80d78938eeb63764b635b34dce4f81f55,3095,-19325.9759325743,polar-1-l,9f65f8dc6ddaff1d631e299cb531376a7da5e68d1bef04f34a2d5073d5ef114b,0.3.16,4d2da09413ac1407f37cdbb6b81fa28e4c15655e,e552c116b7d2c653f98b01f5c4fd599997f19f669a32bc6bf16396dd9f79365b,0.4.0,0e21d5546c482d08388a08eb4d948e833227ce47,079b233934150a3eee30444ce2408e09895ec4dd958ec60a822f870fa1284b99,float64,polar1l_rotation_invariants_v1,7beb8d4d9a8231a484c0bb6ff44b6b2e450eee2ca8a447370f350ed8678929cb,"{""density_coefficients"":[21,4],""dipole"":[1,3],""electron_energy"":[1],""electrostatic_energy"":[1],""energy"":[1],""node_feats"":[21,13824],""spin_charge_density"":[21,2,4],""spin_density"":[21,4]}"
M017_Q0_M1,S013,7b3fba20f04cd2f59413f3767facad489344bf444a35899fc3c832b73e125004,0,1,636ae4abe4f59e6647840a737f126bfd50040172be0312368cfdb86c50ec146e,artifacts/base_features/63/636ae4abe4f59e6647840a737f126bfd50040172be0312368cfdb86c50ec146e.npz,91c7f06d47ff4b809fab90f9e6638ce0041e5b841b11c80c757c3cb520c49bc6,3095,-19325.9753948711,polar-1-l,9f65f8dc6ddaff1d631e299cb531376a7da5e68d1bef04f34a2d5073d5ef114b,0.3.16,4d2da09413ac1407f37cdbb6b81fa28e4c15655e,e552c116b7d2c653f98b01f5c4fd599997f19f669a32bc6bf16396dd9f79365b,0.4.0,0e21d5546c482d08388a08eb4d948e833227ce47,079b233934150a3eee30444ce2408e09895ec4dd958ec60a822f870fa1284b99,float64,polar1l_rotation_invariants_v1,7beb8d4d9a8231a484c0bb6ff44b6b2e450eee2ca8a447370f350ed8678929cb,"{""density_coefficients"":[21,4],""dipole"":[1,3],""electron_energy"":[1],""electrostatic_energy"":[1],""energy"":[1],""node_feats"":[21,13824],""spin_charge_density"":[21,2,4],""spin_density"":[21,4]}"
M017_Q0_M1,S020,601d8a06a77de48f3612fdb9a17eb7488782b8891a33eb0f8ca8a8d94f751972,0,1,d3b3132178d2d80b290a54e37560f1d090e922defe7ae4eaad8abd737ccaf481,artifacts/base_features/d3/d3b3132178d2d80b290a54e37560f1d090e922defe7ae4eaad8abd737ccaf481.npz,32950a4c9a9b68df64cb7375e10202adb49c86fda987f4951982be6cfeda9b5a,3095,-19325.9757564915,polar-1-l,9f65f8dc6ddaff1d631e299cb531376a7da5e68d1bef04f34a2d5073d5ef114b,0.3.16,4d2da09413ac1407f37cdbb6b81fa28e4c15655e,e552c116b7d2c653f98b01f5c4fd599997f19f669a32bc6bf16396dd9f79365b,0.4.0,0e21d5546c482d08388a08eb4d948e833227ce47,079b233934150a3eee30444ce2408e09895ec4dd958ec60a822f870fa1284b99,float64,polar1l_rotation_invariants_v1,7beb8d4d9a8231a484c0bb6ff44b6b2e450eee2ca8a447370f350ed8678929cb,"{""density_coefficients"":[21,4],""dipole"":[1,3],""electron_energy"":[1],""electrostatic_energy"":[1],""energy"":[1],""node_feats"":[21,13824],""spin_charge_density"":[21,2,4],""spin_density"":[21,4]}"
M017_QP1_M2,S003,584415a92999b930c5f3e40c69f981a29661420993613e4371d8b0280c6a6985,1,2,ae58d2825cdcb7c0cc9a27a90cbf308e4c1f48637f418720b9cac329ad686a91,artifacts/base_features/ae/ae58d2825cdcb7c0cc9a27a90cbf308e4c1f48637f418720b9cac329ad686a91.npz,e2211351303d389e8b99527c203b7c9a7da1b5d22e99ef7bfb6b3dfa6a818236,3095,-19317.6749736693,polar-1-l,9f65f8dc6ddaff1d631e299cb531376a7da5e68d1bef04f34a2d5073d5ef114b,0.3.16,4d2da09413ac1407f37cdbb6b81fa28e4c15655e,e552c116b7d2c653f98b01f5c4fd599997f19f669a32bc6bf16396dd9f79365b,0.4.0,0e21d5546c482d08388a08eb4d948e833227ce47,079b233934150a3eee30444ce2408e09895ec4dd958ec60a822f870fa1284b99,float64,polar1l_rotation_invariants_v1,7beb8d4d9a8231a484c0bb6ff44b6b2e450eee2ca8a447370f350ed8678929cb,"{""density_coefficients"":[21,4],""dipole"":[1,3],""electron_energy"":[1],""electrostatic_energy"":[1],""energy"":[1],""node_feats"":[21,13824],""spin_charge_density"":[21,2,4],""spin_density"":[21,4]}"
M017_QP1_M2,S008,0e228c97fe8322cc17f11bcee332ad222e34ce8ebaeec962a112f30c7f0a365b,1,2,8679ce941f0278c167cbc0c837ca27b11324870a8ca5c576c66b2a58d5971a7a,artifacts/base_features/86/8679ce941f0278c167cbc0c837ca27b11324870a8ca5c576c66b2a58d5971a7a.npz,6b3825beb263e4f38d393702bc0387e46b11c224992aa01822c3f7cec11a9a5e,3095,-19317.6740967938,polar-1-l,9f65f8dc6ddaff1d631e299cb531376a7da5e68d1bef04f34a2d5073d5ef114b,0.3.16,4d2da09413ac1407f37cdbb6b81fa28e4c15655e,e552c116b7d2c653f98b01f5c4fd599997f19f669a32bc6bf16396dd9f79365b,0.4.0,0e21d5546c482d08388a08eb4d948e833227ce47,079b233934150a3eee30444ce2408e09895ec4dd958ec60a822f870fa1284b99,float64,polar1l_rotation_invariants_v1,7beb8d4d9a8231a484c0bb6ff44b6b2e450eee2ca8a447370f350ed8678929cb,"{""density_coefficients"":[21,4],""dipole"":[1,3],""electron_energy"":[1],""electrostatic_energy"":[1],""energy"":[1],""node_feats"":[21,13824],""spin_charge_density"":[21,2,4],""spin_density"":[21,4]}"
M017_QP1_M2,S013,376403e2be616b75ce4a6c8d810523727c34ff6679f5ff670efaba389719784e,1,2,76225a3da504ef4ffcc9e82d5fd4004affe5d8d79eaaca32a278b7ff12ebc034,artifacts/base_features/76/76225a3da504ef4ffcc9e82d5fd4004affe5d8d79eaaca32a278b7ff12ebc034.npz,774eb0eaae6d225bf1713bdad982ed7f828a57b7f6f7d81df5fef775724e2d14,3095,-19317.674827952,polar-1-l,9f65f8dc6ddaff1d631e299cb531376a7da5e68d1bef04f34a2d5073d5ef114b,0.3.16,4d2da09413ac1407f37cdbb6b81fa28e4c15655e,e552c116b7d2c653f98b01f5c4fd599997f19f669a32bc6bf16396dd9f79365b,0.4.0,0e21d5546c482d08388a08eb4d948e833227ce47,079b233934150a3eee30444ce2408e09895ec4dd958ec60a822f870fa1284b99,float64,polar1l_rotation_invariants_v1,7beb8d4d9a8231a484c0bb6ff44b6b2e450eee2ca8a447370f350ed8678929cb,"{""density_coefficients"":[21,4],""dipole"":[1,3],""electron_energy"":[1],""electrostatic_energy"":[1],""energy"":[1],""node_feats"":[21,13824],""spin_charge_density"":[21,2,4],""spin_density"":[21,4]}"
M017_QP1_M2,S020,30e0a294dcf5f1305e1987516d3e481386f1d18ba20647ecc65e4a88d70bc89b,1,2,7b23d0a87cb6925256d3496edafc43d0fcd427e35e571c5afdf0a214c1a12522,artifacts/base_features/7b/7b23d0a87cb6925256d3496edafc43d0fcd427e35e571c5afdf0a214c1a12522.npz,5dba3485cb3c724d6c773bf2fdcbf457c4c7bbce54812221e25270d831202588,3095,-19317.6743146943,polar-1-l,9f65f8dc6ddaff1d631e299cb531376a7da5e68d1bef04f34a2d5073d5ef114b,0.3.16,4d2da09413ac1407f37cdbb6b81fa28e4c15655e,e552c116b7d2c653f98b01f5c4fd599997f19f669a32bc6bf16396dd9f79365b,0.4.0,0e21d5546c482d08388a08eb4d948e833227ce47,079b233934150a3eee30444ce2408e09895ec4dd958ec60a822f870fa1284b99,float64,polar1l_rotation_invariants_v1,7beb8d4d9a8231a484c0bb6ff44b6b2e450eee2ca8a447370f350ed8678929cb,"{""density_coefficients"":[21,4],""dipole"":[1,3],""electron_energy"":[1],""electrostatic_energy"":[1],""energy"":[1],""node_feats"":[21,13824],""spin_charge_density"":[21,2,4],""spin_density"":[21,4]}"
M022_Q0_M1,S001,c5c9dd861157456f01be65522c327a1e3a1dd6b46a486eeb02a038e20def6b8e,0,1,c49d42b0f8d029cd04be2bd0d9e875a5d8e552d93aa57f20367f9628f3ae3f63,artifacts/base_features/c4/c49d42b0f8d029cd04be2bd0d9e875a5d8e552d93aa57f20367f9628f3ae3f63.npz,ba7ac0fda7f5814f99d50094a273fe1ca546a1cee9601fc61f807994effa854e,3095,-21248.4384796575,polar-1-l,9f65f8dc6ddaff1d631e299cb531376a7da5e68d1bef04f34a2d5073d5ef114b,0.3.16,4d2da09413ac1407f37cdbb6b81fa28e4c15655e,e552c116b7d2c653f98b01f5c4fd599997f19f669a32bc6bf16396dd9f79365b,0.4.0,0e21d5546c482d08388a08eb4d948e833227ce47,079b233934150a3eee30444ce2408e09895ec4dd958ec60a822f870fa1284b99,float64,polar1l_rotation_invariants_v1,7beb8d4d9a8231a484c0bb6ff44b6b2e450eee2ca8a447370f350ed8678929cb,"{""density_coefficients"":[15,4],""dipole"":[1,3],""electron_energy"":[1],""electrostatic_energy"":[1],""energy"":[1],""node_feats"":[15,13824],""spin_charge_density"":[15,2,4],""spin_density"":[15,4]}"
M022_Q0_M1,S002,d517b36429dac5b44971b05d6867e85a63a6a8fd6a7205fee3e220990cf49f31,0,1,26425b2809415b9904a39f96f671ea618e91115a10af2707cf41e3d992655aa5,artifacts/base_features/26/26425b2809415b9904a39f96f671ea618e91115a10af2707cf41e3d992655aa5.npz,9f06981770ab129dd2841d5cf68d25230974ed58d033a67d626bab50be09a723,3095,-21248.438325592,polar-1-l,9f65f8dc6ddaff1d631e299cb531376a7da5e68d1bef04f34a2d5073d5ef114b,0.3.16,4d2da09413ac1407f37cdbb6b81fa28e4c15655e,e552c116b7d2c653f98b01f5c4fd599997f19f669a32bc6bf16396dd9f79365b,0.4.0,0e21d5546c482d08388a08eb4d948e833227ce47,079b233934150a3eee30444ce2408e09895ec4dd958ec60a822f870fa1284b99,float64,polar1l_rotation_invariants_v1,7beb8d4d9a8231a484c0bb6ff44b6b2e450eee2ca8a447370f350ed8678929cb,"{""density_coefficients"":[15,4],""dipole"":[1,3],""electron_energy"":[1],""electrostatic_energy"":[1],""energy"":[1],""node_feats"":[15,13824],""spin_charge_density"":[15,2,4],""spin_density"":[15,4]}"
M022_Q0_M1,S003,f4ae2cb41fd3067e0915d2b83accce45cf98ba2f9e0a317322a236de6333762e,0,1,e875e724cff84a84365c94f1270f74d13fbcd2b54de352f11763bdad4cc4f236,artifacts/base_features/e8/e875e724cff84a84365c94f1270f74d13fbcd2b54de352f11763bdad4cc4f236.npz,a911a1416e3532a2ca1fb8a476c99ca90d987a46d6a7abac6a4f9e6265bb220d,3095,-21248.4384984697,polar-1-l,9f65f8dc6ddaff1d631e299cb531376a7da5e68d1bef04f34a2d5073d5ef114b,0.3.16,4d2da09413ac1407f37cdbb6b81fa28e4c15655e,e552c116b7d2c653f98b01f5c4fd599997f19f669a32bc6bf16396dd9f79365b,0.4.0,0e21d5546c482d08388a08eb4d948e833227ce47,079b233934150a3eee30444ce2408e09895ec4dd958ec60a822f870fa1284b99,float64,polar1l_rotation_invariants_v1,7beb8d4d9a8231a484c0bb6ff44b6b2e450eee2ca8a447370f350ed8678929cb,"{""density_coefficients"":[15,4],""dipole"":[1,3],""electron_energy"":[1],""electrostatic_energy"":[1],""energy"":[1],""node_feats"":[15,13824],""spin_charge_density"":[15,2,4],""spin_density"":[15,4]}"
M022_Q0_M1,S004,840cf19959172b3258c66fa261621033b65af9996a18d2b9795735bce59e5d95,0,1,ca1185cab3400891bc9012a03c4edc8b2c8efc714d437591a6477362a9a3a3e5,artifacts/base_features/ca/ca1185cab3400891bc9012a03c4edc8b2c8efc714d437591a6477362a9a3a3e5.npz,2b22de5c805e2dd9ec083f61741ebfad206d1da2b387b79d929d1117d6b7484d,3095,-21248.4384785658,polar-1-l,9f65f8dc6ddaff1d631e299cb531376a7da5e68d1bef04f34a2d5073d5ef114b,0.3.16,4d2da09413ac1407f37cdbb6b81fa28e4c15655e,e552c116b7d2c653f98b01f5c4fd599997f19f669a32bc6bf16396dd9f79365b,0.4.0,0e21d5546c482d08388a08eb4d948e833227ce47,079b233934150a3eee30444ce2408e09895ec4dd958ec60a822f870fa1284b99,float64,polar1l_rotation_invariants_v1,7beb8d4d9a8231a484c0bb6ff44b6b2e450eee2ca8a447370f350ed8678929cb,"{""density_coefficients"":[15,4],""dipole"":[1,3],""electron_energy"":[1],""electrostatic_energy"":[1],""energy"":[1],""node_feats"":[15,13824],""spin_charge_density"":[15,2,4],""spin_density"":[15,4]}"
M022_Q0_M1,S005,88aec2473f2371cecbde12134ee3354389ae3180ffcca67f12e221553ddcfc31,0,1,c0d382e544ef1a8358060a4c0af6c255be19f0817154a52ce6b85e67c69b5cdf,artifacts/base_features/c0/c0d382e544ef1a8358060a4c0af6c255be19f0817154a52ce6b85e67c69b5cdf.npz,ef95c70691a39de6005f079c0d8d92da3c6dea7ac291d80320777b31c65d6fbc,3095,-21248.4384621945,polar-1-l,9f65f8dc6ddaff1d631e299cb531376a7da5e68d1bef04f34a2d5073d5ef114b,0.3.16,4d2da09413ac1407f37cdbb6b81fa28e4c15655e,e552c116b7d2c653f98b01f5c4fd599997f19f669a32bc6bf16396dd9f79365b,0.4.0,0e21d5546c482d08388a08eb4d948e833227ce47,079b233934150a3eee30444ce2408e09895ec4dd958ec60a822f870fa1284b99,float64,polar1l_rotation_invariants_v1,7beb8d4d9a8231a484c0bb6ff44b6b2e450eee2ca8a447370f350ed8678929cb,"{""density_coefficients"":[15,4],""dipole"":[1,3],""electron_energy"":[1],""electrostatic_energy"":[1],""energy"":[1],""node_feats"":[15,13824],""spin_charge_density"":[15,2,4],""spin_density"":[15,4]}"
M022_Q0_M1,S006,628c18cf2341443f97fae830c4cbb4c9456c02e475ecec36d2e43c4ab42ff4ec,0,1,8952aef9043a23564e4d3d4d950e4729c5cbeff47263a2baa1f3fab585867110,artifacts/base_features/89/8952aef9043a23564e4d3d4d950e4729c5cbeff47263a2baa1f3fab585867110.npz,93e074c7e3615e11027b9cddac64a4f6c0326124f6267fce9a15844137d36c27,3095,-21248.4384814246,polar-1-l,9f65f8dc6ddaff1d631e299cb531376a7da5e68d1bef04f34a2d5073d5ef114b,0.3.16,4d2da09413ac1407f37cdbb6b81fa28e4c15655e,e552c116b7d2c653f98b01f5c4fd599997f19f669a32bc6bf16396dd9f79365b,0.4.0,0e21d5546c482d08388a08eb4d948e833227ce47,079b233934150a3eee30444ce2408e09895ec4dd958ec60a822f870fa1284b99,float64,polar1l_rotation_invariants_v1,7beb8d4d9a8231a484c0bb6ff44b6b2e450eee2ca8a447370f350ed8678929cb,"{""density_coefficients"":[15,4],""dipole"":[1,3],""electron_energy"":[1],""electrostatic_energy"":[1],""energy"":[1],""node_feats"":[15,13824],""spin_charge_density"":[15,2,4],""spin_density"":[15,4]}"
M022_Q0_M1,S007,5782a0b94a12e8051c2d73c098c6ff3f35aa9c5a53347c376a7bca42c0f77b29,0,1,aee59672339fa1dacb2b99631e84fe1ccfa5fb0c966b0c0f26da133f7d3c3fd9,artifacts/base_features/ae/aee59672339fa1dacb2b99631e84fe1ccfa5fb0c966b0c0f26da133f7d3c3fd9.npz,c2c50b5f0e4a0ef96d596151606fc894158565d383d6b0815d04d580ad54f12f,3095,-21248.4384897496,polar-1-l,9f65f8dc6ddaff1d631e299cb531376a7da5e68d1bef04f34a2d5073d5ef114b,0.3.16,4d2da09413ac1407f37cdbb6b81fa28e4c15655e,e552c116b7d2c653f98b01f5c4fd599997f19f669a32bc6bf16396dd9f79365b,0.4.0,0e21d5546c482d08388a08eb4d948e833227ce47,079b233934150a3eee30444ce2408e09895ec4dd958ec60a822f870fa1284b99,float64,polar1l_rotation_invariants_v1,7beb8d4d9a8231a484c0bb6ff44b6b2e450eee2ca8a447370f350ed8678929cb,"{""density_coefficients"":[15,4],""dipole"":[1,3],""electron_energy"":[1],""electrostatic_energy"":[1],""energy"":[1],""node_feats"":[15,13824],""spin_charge_density"":[15,2,4],""spin_density"":[15,4]}"
M022_Q0_M1,S008,bf49c4e914d7e0f2f859afb840fa5b0e433b2b5b42199e6a76d29e9d05918b6a,0,1,d7f53d71d7a4d72d8fb0fe846e3011f5bd4aeb7b5d294ba17deb3f363403f60c,artifacts/base_features/d7/d7f53d71d7a4d72d8fb0fe846e3011f5bd4aeb7b5d294ba17deb3f363403f60c.npz,2892caa099966331f0f2cd993b9c225542e8d4c873a54cb8bb663203b12957d9,3095,-21248.4382760451,polar-1-l,9f65f8dc6ddaff1d631e299cb531376a7da5e68d1bef04f34a2d5073d5ef114b,0.3.16,4d2da09413ac1407f37cdbb6b81fa28e4c15655e,e552c116b7d2c653f98b01f5c4fd599997f19f669a32bc6bf16396dd9f79365b,0.4.0,0e21d5546c482d08388a08eb4d948e833227ce47,079b233934150a3eee30444ce2408e09895ec4dd958ec60a822f870fa1284b99,float64,polar1l_rotation_invariants_v1,7beb8d4d9a8231a484c0bb6ff44b6b2e450eee2ca8a447370f350ed8678929cb,"{""density_coefficients"":[15,4],""dipole"":[1,3],""electron_energy"":[1],""electrostatic_energy"":[1],""energy"":[1],""node_feats"":[15,13824],""spin_charge_density"":[15,2,4],""spin_density"":[15,4]}"
M022_Q0_M1,S009,610a34feb7b70ef131484edb4d16afddbedc04a807609b5821ae7c53c84b14c0,0,1,92001a45c2bfb825d8e8abc58c690f4c7b99c1440687992ceb51994b958ac4c1,artifacts/base_features/92/92001a45c2bfb825d8e8abc58c690f4c7b99c1440687992ceb51994b958ac4c1.npz,ac60617667b42ff326026e112f9d7ac21bcc1985100e92150e5f730c71cd5221,3095,-21248.4384806894,polar-1-l,9f65f8dc6ddaff1d631e299cb531376a7da5e68d1bef04f34a2d5073d5ef114b,0.3.16,4d2da09413ac1407f37cdbb6b81fa28e4c15655e,e552c116b7d2c653f98b01f5c4fd599997f19f669a32bc6bf16396dd9f79365b,0.4.0,0e21d5546c482d08388a08eb4d948e833227ce47,079b233934150a3eee30444ce2408e09895ec4dd958ec60a822f870fa1284b99,float64,polar1l_rotation_invariants_v1,7beb8d4d9a8231a484c0bb6ff44b6b2e450eee2ca8a447370f350ed8678929cb,"{""density_coefficients"":[15,4],""dipole"":[1,3],""electron_energy"":[1],""electrostatic_energy"":[1],""energy"":[1],""node_feats"":[15,13824],""spin_charge_density"":[15,2,4],""spin_density"":[15,4]}"
M022_Q0_M1,S010,b65c21bf1618bbc6f9d7b4b1bd1d99d1924a8a4c1e0829d0f3636eed3eb461ff,0,1,42f1fae36470533085595e63c33109d626e09ff9765b7ad7eb161ee1a5c41e4e,artifacts/base_features/42/42f1fae36470533085595e63c33109d626e09ff9765b7ad7eb161ee1a5c41e4e.npz,bf1886126d337583e76c18bcaf35cc7312c9c80ba9f5ecf2589c4eeadd2010c8,3095,-21248.4385022533,polar-1-l,9f65f8dc6ddaff1d631e299cb531376a7da5e68d1bef04f34a2d5073d5ef114b,0.3.16,4d2da09413ac1407f37cdbb6b81fa28e4c15655e,e552c116b7d2c653f98b01f5c4fd599997f19f669a32bc6bf16396dd9f79365b,0.4.0,0e21d5546c482d08388a08eb4d948e833227ce47,079b233934150a3eee30444ce2408e09895ec4dd958ec60a822f870fa1284b99,float64,polar1l_rotation_invariants_v1,7beb8d4d9a8231a484c0bb6ff44b6b2e450eee2ca8a447370f350ed8678929cb,"{""density_coefficients"":[15,4],""dipole"":[1,3],""electron_energy"":[1],""electrostatic_energy"":[1],""energy"":[1],""node_feats"":[15,13824],""spin_charge_density"":[15,2,4],""spin_density"":[15,4]}"
M022_Q0_M1,S011,cfb27b146426798833f81e148f6d9a29fd243257e5f518f0b729586d4a74f04d,0,1,1baacb1e2d0c959dd3b59d7ade6ec1b97c2a8c68f46909e6af29e9be76f2be1c,artifacts/base_features/1b/1baacb1e2d0c959dd3b59d7ade6ec1b97c2a8c68f46909e6af29e9be76f2be1c.npz,06e7063d76a4d2b59190e61aa0ca854e83e49238d98b256c211d17764e609bf4,3095,-21248.4384858145,polar-1-l,9f65f8dc6ddaff1d631e299cb531376a7da5e68d1bef04f34a2d5073d5ef114b,0.3.16,4d2da09413ac1407f37cdbb6b81fa28e4c15655e,e552c116b7d2c653f98b01f5c4fd599997f19f669a32bc6bf16396dd9f79365b,0.4.0,0e21d5546c482d08388a08eb4d948e833227ce47,079b233934150a3eee30444ce2408e09895ec4dd958ec60a822f870fa1284b99,float64,polar1l_rotation_invariants_v1,7beb8d4d9a8231a484c0bb6ff44b6b2e450eee2ca8a447370f350ed8678929cb,"{""density_coefficients"":[15,4],""dipole"":[1,3],""electron_energy"":[1],""electrostatic_energy"":[1],""energy"":[1],""node_feats"":[15,13824],""spin_charge_density"":[15,2,4],""spin_density"":[15,4]}"
M022_Q0_M1,S012,3eb1848c0c9cb0b95be501586ae9c4f857a339b5533f36880155e5a91a71e046,0,1,5db080952fb3f257c97c2daaaab5d0f2167fbd017f491dfe43d1ec43f46512e1,artifacts/base_features/5d/5db080952fb3f257c97c2daaaab5d0f2167fbd017f491dfe43d1ec43f46512e1.npz,c0552afbb0f356adfe1b9bb49416590b981e52117e0255c93d8795f3b07d4b16,3095,-21248.4384871466,polar-1-l,9f65f8dc6ddaff1d631e299cb531376a7da5e68d1bef04f34a2d5073d5ef114b,0.3.16,4d2da09413ac1407f37cdbb6b81fa28e4c15655e,e552c116b7d2c653f98b01f5c4fd599997f19f669a32bc6bf16396dd9f79365b,0.4.0,0e21d5546c482d08388a08eb4d948e833227ce47,079b233934150a3eee30444ce2408e09895ec4dd958ec60a822f870fa1284b99,float64,polar1l_rotation_invariants_v1,7beb8d4d9a8231a484c0bb6ff44b6b2e450eee2ca8a447370f350ed8678929cb,"{""density_coefficients"":[15,4],""dipole"":[1,3],""electron_energy"":[1],""electrostatic_energy"":[1],""energy"":[1],""node_feats"":[15,13824],""spin_charge_density"":[15,2,4],""spin_density"":[15,4]}"
M022_Q0_M1,S013,58f474c68cceaada64edb350741641fb50191bb6a128b9424cb21156314e2480,0,1,e949def54c45977fa83b8dbacbafeb73391106a04b1b5ee24c1172d0ef429e39,artifacts/base_features/e9/e949def54c45977fa83b8dbacbafeb73391106a04b1b5ee24c1172d0ef429e39.npz,ae0e770ba30bb049b60505f86938442edaa55a3f6b03a62c9932c484f7cfa8f6,3095,-21248.4384749502,polar-1-l,9f65f8dc6ddaff1d631e299cb531376a7da5e68d1bef04f34a2d5073d5ef114b,0.3.16,4d2da09413ac1407f37cdbb6b81fa28e4c15655e,e552c116b7d2c653f98b01f5c4fd599997f19f669a32bc6bf16396dd9f79365b,0.4.0,0e21d5546c482d08388a08eb4d948e833227ce47,079b233934150a3eee30444ce2408e09895ec4dd958ec60a822f870fa1284b99,float64,polar1l_rotation_invariants_v1,7beb8d4d9a8231a484c0bb6ff44b6b2e450eee2ca8a447370f350ed8678929cb,"{""density_coefficients"":[15,4],""dipole"":[1,3],""electron_energy"":[1],""electrostatic_energy"":[1],""energy"":[1],""node_feats"":[15,13824],""spin_charge_density"":[15,2,4],""spin_density"":[15,4]}"
M022_Q0_M1,S014,bfa887e199692e6513ff1fcce4edfc7113c9f89b757b325d5bf8b1d88980a37d,0,1,b1d8fcb348d6706e7d9dd452cd730ffd52a3525baa5543bb612c50dc9dad4b0a,artifacts/base_features/b1/b1d8fcb348d6706e7d9dd452cd730ffd52a3525baa5543bb612c50dc9dad4b0a.npz,cf59e886f04cb63c0386218e13255dcf0026ace6b1a6b543c844525f362bfe11,3095,-21248.4380341968,polar-1-l,9f65f8dc6ddaff1d631e299cb531376a7da5e68d1bef04f34a2d5073d5ef114b,0.3.16,4d2da09413ac1407f37cdbb6b81fa28e4c15655e,e552c116b7d2c653f98b01f5c4fd599997f19f669a32bc6bf16396dd9f79365b,0.4.0,0e21d5546c482d08388a08eb4d948e833227ce47,079b233934150a3eee30444ce2408e09895ec4dd958ec60a822f870fa1284b99,float64,polar1l_rotation_invariants_v1,7beb8d4d9a8231a484c0bb6ff44b6b2e450eee2ca8a447370f350ed8678929cb,"{""density_coefficients"":[15,4],""dipole"":[1,3],""electron_energy"":[1],""electrostatic_energy"":[1],""energy"":[1],""node_feats"":[15,13824],""spin_charge_density"":[15,2,4],""spin_density"":[15,4]}"
M022_Q0_M1,S015,b2fd47376ec0a993a9845435cf228f632665956f21380cb913f2bb4d3283b8b7,0,1,5cca274faf47d86368be0806c8725371ddbed4cad7fde0a63fa80a00c5ab413b,artifacts/base_features/5c/5cca274faf47d86368be0806c8725371ddbed4cad7fde0a63fa80a00c5ab413b.npz,3835d83e2036be5c3fcebd652f8daa96c22acd18b25b292b53d07440c87fe17f,3095,-21248.4383749769,polar-1-l,9f65f8dc6ddaff1d631e299cb531376a7da5e68d1bef04f34a2d5073d5ef114b,0.3.16,4d2da09413ac1407f37cdbb6b81fa28e4c15655e,e552c116b7d2c653f98b01f5c4fd599997f19f669a32bc6bf16396dd9f79365b,0.4.0,0e21d5546c482d08388a08eb4d948e833227ce47,079b233934150a3eee30444ce2408e09895ec4dd958ec60a822f870fa1284b99,float64,polar1l_rotation_invariants_v1,7beb8d4d9a8231a484c0bb6ff44b6b2e450eee2ca8a447370f350ed8678929cb,"{""density_coefficients"":[15,4],""dipole"":[1,3],""electron_energy"":[1],""electrostatic_energy"":[1],""energy"":[1],""node_feats"":[15,13824],""spin_charge_density"":[15,2,4],""spin_density"":[15,4]}"
M022_Q0_M1,S016,327651e7fd1c3f4780d668e30691b63583df10a5e0b814caad14640d43c94779,0,1,fa78e43fbfaba22c8d4276211094333de5b1576131d55c4547af7be12b3701e9,artifacts/base_features/fa/fa78e43fbfaba22c8d4276211094333de5b1576131d55c4547af7be12b3701e9.npz,5a4e261f06f73ff13bbe98e0dad83568a621de7c851bc125cf89688a119cc242,3095,-21248.4383441231,polar-1-l,9f65f8dc6ddaff1d631e299cb531376a7da5e68d1bef04f34a2d5073d5ef114b,0.3.16,4d2da09413ac1407f37cdbb6b81fa28e4c15655e,e552c116b7d2c653f98b01f5c4fd599997f19f669a32bc6bf16396dd9f79365b,0.4.0,0e21d5546c482d08388a08eb4d948e833227ce47,079b233934150a3eee30444ce2408e09895ec4dd958ec60a822f870fa1284b99,float64,polar1l_rotation_invariants_v1,7beb8d4d9a8231a484c0bb6ff44b6b2e450eee2ca8a447370f350ed8678929cb,"{""density_coefficients"":[15,4],""dipole"":[1,3],""electron_energy"":[1],""electrostatic_energy"":[1],""energy"":[1],""node_feats"":[15,13824],""spin_charge_density"":[15,2,4],""spin_density"":[15,4]}"
M022_Q0_M1,S017,0a988ba38c2cb677831f9f0423e576cdea238b4ff152c939fc96824ea46d8c66,0,1,8937cbbe966b312444fca08dfc502b4bf9654592f1510793c6cb6a5cdf3c5a56,artifacts/base_features/89/8937cbbe966b312444fca08dfc502b4bf9654592f1510793c6cb6a5cdf3c5a56.npz,5782c5d97b54830b28bcd303cbb2ac23401bf9b1443dca59bf0e0e0a1d26b0ce,3095,-21248.4384040933,polar-1-l,9f65f8dc6ddaff1d631e299cb531376a7da5e68d1bef04f34a2d5073d5ef114b,0.3.16,4d2da09413ac1407f37cdbb6b81fa28e4c15655e,e552c116b7d2c653f98b01f5c4fd599997f19f669a32bc6bf16396dd9f79365b,0.4.0,0e21d5546c482d08388a08eb4d948e833227ce47,079b233934150a3eee30444ce2408e09895ec4dd958ec60a822f870fa1284b99,float64,polar1l_rotation_invariants_v1,7beb8d4d9a8231a484c0bb6ff44b6b2e450eee2ca8a447370f350ed8678929cb,"{""density_coefficients"":[15,4],""dipole"":[1,3],""electron_energy"":[1],""electrostatic_energy"":[1],""energy"":[1],""node_feats"":[15,13824],""spin_charge_density"":[15,2,4],""spin_density"":[15,4]}"
M022_Q0_M1,S018,eaa40f6cf101e800654d066f897b2661b509ee0dc6205bb8247ce143bc68605e,0,1,4c2e99e7405958fa2a73ff9ebe9db106761e25e0ff4f53db433ced9a4e94800a,artifacts/base_features/4c/4c2e99e7405958fa2a73ff9ebe9db106761e25e0ff4f53db433ced9a4e94800a.npz,c11455407160f2925cd79e3b0651063eef4dbe1de7d7ea645f53053b3ec4d2cf,3095,-21248.4383462866,polar-1-l,9f65f8dc6ddaff1d631e299cb531376a7da5e68d1bef04f34a2d5073d5ef114b,0.3.16,4d2da09413ac1407f37cdbb6b81fa28e4c15655e,e552c116b7d2c653f98b01f5c4fd599997f19f669a32bc6bf16396dd9f79365b,0.4.0,0e21d5546c482d08388a08eb4d948e833227ce47,079b233934150a3eee30444ce2408e09895ec4dd958ec60a822f870fa1284b99,float64,polar1l_rotation_invariants_v1,7beb8d4d9a8231a484c0bb6ff44b6b2e450eee2ca8a447370f350ed8678929cb,"{""density_coefficients"":[15,4],""dipole"":[1,3],""electron_energy"":[1],""electrostatic_energy"":[1],""energy"":[1],""node_feats"":[15,13824],""spin_charge_density"":[15,2,4],""spin_density"":[15,4]}"
M022_Q0_M1,S019,a63f8e8fcdef0fe46884d08795c9db93d8343b6ab703c35cd85e5117b7dc5174,0,1,d603bbeabf980dede7541f868748450dc5ef19211f82a9e562ef43f17f29b013,artifacts/base_features/d6/d603bbeabf980dede7541f868748450dc5ef19211f82a9e562ef43f17f29b013.npz,fe9b0cfeba3a3c35191934feca26b9870648e1db8449444ad9c92cf202029f09,3095,-21248.438470164,polar-1-l,9f65f8dc6ddaff1d631e299cb531376a7da5e68d1bef04f34a2d5073d5ef114b,0.3.16,4d2da09413ac1407f37cdbb6b81fa28e4c15655e,e552c116b7d2c653f98b01f5c4fd599997f19f669a32bc6bf16396dd9f79365b,0.4.0,0e21d5546c482d08388a08eb4d948e833227ce47,079b233934150a3eee30444ce2408e09895ec4dd958ec60a822f870fa1284b99,float64,polar1l_rotation_invariants_v1,7beb8d4d9a8231a484c0bb6ff44b6b2e450eee2ca8a447370f350ed8678929cb,"{""density_coefficients"":[15,4],""dipole"":[1,3],""electron_energy"":[1],""electrostatic_energy"":[1],""energy"":[1],""node_feats"":[15,13824],""spin_charge_density"":[15,2,4],""spin_density"":[15,4]}"
M022_Q0_M1,S020,851d56f9a7a91265fbf417c447fff7ec88ec90e700066dd4d4a137e78478beaf,0,1,646b12fea70e336424b6d6e13b604a5dffeaf5e4916324bb5c9ec2b83a2aaa37,artifacts/base_features/64/646b12fea70e336424b6d6e13b604a5dffeaf5e4916324bb5c9ec2b83a2aaa37.npz,d763de522a4411e00c18efa21543854c4d2c76b19767373fcf7f5c5e0c5494ec,3095,-21248.4383529669,polar-1-l,9f65f8dc6ddaff1d631e299cb531376a7da5e68d1bef04f34a2d5073d5ef114b,0.3.16,4d2da09413ac1407f37cdbb6b81fa28e4c15655e,e552c116b7d2c653f98b01f5c4fd599997f19f669a32bc6bf16396dd9f79365b,0.4.0,0e21d5546c482d08388a08eb4d948e833227ce47,079b233934150a3eee30444ce2408e09895ec4dd958ec60a822f870fa1284b99,float64,polar1l_rotation_invariants_v1,7beb8d4d9a8231a484c0bb6ff44b6b2e450eee2ca8a447370f350ed8678929cb,"{""density_coefficients"":[15,4],""dipole"":[1,3],""electron_energy"":[1],""electrostatic_energy"":[1],""energy"":[1],""node_feats"":[15,13824],""spin_charge_density"":[15,2,4],""spin_density"":[15,4]}"
M022_Q0_M1,S021,6e49d5fc9e4b33ca1bec77df688ceed22be2b70a6976cc268c0152349f78cac8,0,1,6a8a29c9b7a1bd3338b950bcecd5b5ce553925de4de281aa374b2e04bbb1f0eb,artifacts/base_features/6a/6a8a29c9b7a1bd3338b950bcecd5b5ce553925de4de281aa374b2e04bbb1f0eb.npz,34ce94208eac64f3fc8447568b1ba8d2fb76080e5bd35b2454e8afffa0b62b60,3095,-21248.4380838756,polar-1-l,9f65f8dc6ddaff1d631e299cb531376a7da5e68d1bef04f34a2d5073d5ef114b,0.3.16,4d2da09413ac1407f37cdbb6b81fa28e4c15655e,e552c116b7d2c653f98b01f5c4fd599997f19f669a32bc6bf16396dd9f79365b,0.4.0,0e21d5546c482d08388a08eb4d948e833227ce47,079b233934150a3eee30444ce2408e09895ec4dd958ec60a822f870fa1284b99,float64,polar1l_rotation_invariants_v1,7beb8d4d9a8231a484c0bb6ff44b6b2e450eee2ca8a447370f350ed8678929cb,"{""density_coefficients"":[15,4],""dipole"":[1,3],""electron_energy"":[1],""electrostatic_energy"":[1],""energy"":[1],""node_feats"":[15,13824],""spin_charge_density"":[15,2,4],""spin_density"":[15,4]}"
M022_Q0_M1,S022,1ed7a0f3b168ac28829be6febc88046226d95c621a43a666dfd72b052ca6ce66,0,1,a5aa0a3f6a0f8c3fab6e9da6c80115ae4a63e2754a6107293b503684467bb24b,artifacts/base_features/a5/a5aa0a3f6a0f8c3fab6e9da6c80115ae4a63e2754a6107293b503684467bb24b.npz,8f9ecce5a10ae264117f0cd57aa901d155e5324db5ef5e535d94250819cfd25a,3095,-21248.4385045562,polar-1-l,9f65f8dc6ddaff1d631e299cb531376a7da5e68d1bef04f34a2d5073d5ef114b,0.3.16,4d2da09413ac1407f37cdbb6b81fa28e4c15655e,e552c116b7d2c653f98b01f5c4fd599997f19f669a32bc6bf16396dd9f79365b,0.4.0,0e21d5546c482d08388a08eb4d948e833227ce47,079b233934150a3eee30444ce2408e09895ec4dd958ec60a822f870fa1284b99,float64,polar1l_rotation_invariants_v1,7beb8d4d9a8231a484c0bb6ff44b6b2e450eee2ca8a447370f350ed8678929cb,"{""density_coefficients"":[15,4],""dipole"":[1,3],""electron_energy"":[1],""electrostatic_energy"":[1],""energy"":[1],""node_feats"":[15,13824],""spin_charge_density"":[15,2,4],""spin_density"":[15,4]}"
M022_Q0_M1,S023,c84089f57c7a48200fa407fa1e9d774a2ea042b8a4bf5129c7affa9f22ce0d8c,0,1,47ac091be8d79b36abf400b03c4d3e480f46c3c31cf2eccf20c5e8830e45fb90,artifacts/base_features/47/47ac091be8d79b36abf400b03c4d3e480f46c3c31cf2eccf20c5e8830e45fb90.npz,ba50faaeb2487fa571a802a9053c5f63280226e4bdfe65785112db672ece9937,3095,-21248.4377070014,polar-1-l,9f65f8dc6ddaff1d631e299cb531376a7da5e68d1bef04f34a2d5073d5ef114b,0.3.16,4d2da09413ac1407f37cdbb6b81fa28e4c15655e,e552c116b7d2c653f98b01f5c4fd599997f19f669a32bc6bf16396dd9f79365b,0.4.0,0e21d5546c482d08388a08eb4d948e833227ce47,079b233934150a3eee30444ce2408e09895ec4dd958ec60a822f870fa1284b99,float64,polar1l_rotation_invariants_v1,7beb8d4d9a8231a484c0bb6ff44b6b2e450eee2ca8a447370f350ed8678929cb,"{""density_coefficients"":[15,4],""dipole"":[1,3],""electron_energy"":[1],""electrostatic_energy"":[1],""energy"":[1],""node_feats"":[15,13824],""spin_charge_density"":[15,2,4],""spin_density"":[15,4]}"
M022_Q0_M1,S024,fe611f83b7adbee38c39d5bc5bea32a69ca57bc21b1b8e572af9850ca8da37a4,0,1,46cd4372be75b8137689141f717f514e8f48e020b9190e942a7b42449dbdb4a6,artifacts/base_features/46/46cd4372be75b8137689141f717f514e8f48e020b9190e942a7b42449dbdb4a6.npz,d37935de14a10a188bc0aa5feccf4f4e5a578c29289c7395927d1db542538075,3095,-21248.4372870797,polar-1-l,9f65f8dc6ddaff1d631e299cb531376a7da5e68d1bef04f34a2d5073d5ef114b,0.3.16,4d2da09413ac1407f37cdbb6b81fa28e4c15655e,e552c116b7d2c653f98b01f5c4fd599997f19f669a32bc6bf16396dd9f79365b,0.4.0,0e21d5546c482d08388a08eb4d948e833227ce47,079b233934150a3eee30444ce2408e09895ec4dd958ec60a822f870fa1284b99,float64,polar1l_rotation_invariants_v1,7beb8d4d9a8231a484c0bb6ff44b6b2e450eee2ca8a447370f350ed8678929cb,"{""density_coefficients"":[15,4],""dipole"":[1,3],""electron_energy"":[1],""electrostatic_energy"":[1],""energy"":[1],""node_feats"":[15,13824],""spin_charge_density"":[15,2,4],""spin_density"":[15,4]}"
M022_Q0_M1,S025,d65756df9018dd1bc2858d9e234172d99b9cdac83982f2117e0dda333a618c24,0,1,a3052c5e40fa80c1de1d94c56fe17e00fa902daff18ae8b408497ca9dfbd7876,artifacts/base_features/a3/a3052c5e40fa80c1de1d94c56fe17e00fa902daff18ae8b408497ca9dfbd7876.npz,ef921d89af2895f938ac2222ffe5b4603f2377df44e639077e591eedc1145c75,3095,-21248.4382707993,polar-1-l,9f65f8dc6ddaff1d631e299cb531376a7da5e68d1bef04f34a2d5073d5ef114b,0.3.16,4d2da09413ac1407f37cdbb6b81fa28e4c15655e,e552c116b7d2c653f98b01f5c4fd599997f19f669a32bc6bf16396dd9f79365b,0.4.0,0e21d5546c482d08388a08eb4d948e833227ce47,079b233934150a3eee30444ce2408e09895ec4dd958ec60a822f870fa1284b99,float64,polar1l_rotation_invariants_v1,7beb8d4d9a8231a484c0bb6ff44b6b2e450eee2ca8a447370f350ed8678929cb,"{""density_coefficients"":[15,4],""dipole"":[1,3],""electron_energy"":[1],""electrostatic_energy"":[1],""energy"":[1],""node_feats"":[15,13824],""spin_charge_density"":[15,2,4],""spin_density"":[15,4]}"
M022_QP1_M2,S001,3b2369106cd4ab7fc5c896f338b5f7dbc3b1f21c68639a3c2bf19f1364e6a4f5,1,2,8de1b873cec6cb381c951f2b651ddd40976657cb5c012388cb221daef1bb3c4a,artifacts/base_features/8d/8de1b873cec6cb381c951f2b651ddd40976657cb5c012388cb221daef1bb3c4a.npz,0b7d67eb5fb09fe0efc968c3af42fe2b4366e10adde5fa099064158a5ed6c862,3095,-21240.49612572,polar-1-l,9f65f8dc6ddaff1d631e299cb531376a7da5e68d1bef04f34a2d5073d5ef114b,0.3.16,4d2da09413ac1407f37cdbb6b81fa28e4c15655e,e552c116b7d2c653f98b01f5c4fd599997f19f669a32bc6bf16396dd9f79365b,0.4.0,0e21d5546c482d08388a08eb4d948e833227ce47,079b233934150a3eee30444ce2408e09895ec4dd958ec60a822f870fa1284b99,float64,polar1l_rotation_invariants_v1,7beb8d4d9a8231a484c0bb6ff44b6b2e450eee2ca8a447370f350ed8678929cb,"{""density_coefficients"":[15,4],""dipole"":[1,3],""electron_energy"":[1],""electrostatic_energy"":[1],""energy"":[1],""node_feats"":[15,13824],""spin_charge_density"":[15,2,4],""spin_density"":[15,4]}"
M022_QP1_M2,S002,59395c80a2a17f5eb48e54865db1a5bbbc7ab0aed6362a7eb24f73a6e85172e3,1,2,b54f9d7a6ba5e2a49fca9cf6088c2d398e58fd4f5073ce3e74e652a3410b184f,artifacts/base_features/b5/b54f9d7a6ba5e2a49fca9cf6088c2d398e58fd4f5073ce3e74e652a3410b184f.npz,4ac1cbd67fefb2bc830ecd51b270ae043181e0b38c4a802cfb53e9c744a337c5,3095,-21240.4958352427,polar-1-l,9f65f8dc6ddaff1d631e299cb531376a7da5e68d1bef04f34a2d5073d5ef114b,0.3.16,4d2da09413ac1407f37cdbb6b81fa28e4c15655e,e552c116b7d2c653f98b01f5c4fd599997f19f669a32bc6bf16396dd9f79365b,0.4.0,0e21d5546c482d08388a08eb4d948e833227ce47,079b233934150a3eee30444ce2408e09895ec4dd958ec60a822f870fa1284b99,float64,polar1l_rotation_invariants_v1,7beb8d4d9a8231a484c0bb6ff44b6b2e450eee2ca8a447370f350ed8678929cb,"{""density_coefficients"":[15,4],""dipole"":[1,3],""electron_energy"":[1],""electrostatic_energy"":[1],""energy"":[1],""node_feats"":[15,13824],""spin_charge_density"":[15,2,4],""spin_density"":[15,4]}"
M022_QP1_M2,S003,499c305f4537ca8adc7f0a81219c731c63ec28f27a6e9767fcd491c3ba5c8f01,1,2,81db2bb39480bcca0b5dd5d28ef06987e248d2a7bf3534195a9cd020e2a7dc08,artifacts/base_features/81/81db2bb39480bcca0b5dd5d28ef06987e248d2a7bf3534195a9cd020e2a7dc08.npz,77f946d7323e0a51a230ba5b4276c5a3974e027e3d190d8e86b20a5a8ec64a5b,3095,-21240.4961642883,polar-1-l,9f65f8dc6ddaff1d631e299cb531376a7da5e68d1bef04f34a2d5073d5ef114b,0.3.16,4d2da09413ac1407f37cdbb6b81fa28e4c15655e,e552c116b7d2c653f98b01f5c4fd599997f19f669a32bc6bf16396dd9f79365b,0.4.0,0e21d5546c482d08388a08eb4d948e833227ce47,079b233934150a3eee30444ce2408e09895ec4dd958ec60a822f870fa1284b99,float64,polar1l_rotation_invariants_v1,7beb8d4d9a8231a484c0bb6ff44b6b2e450eee2ca8a447370f350ed8678929cb,"{""density_coefficients"":[15,4],""dipole"":[1,3],""electron_energy"":[1],""electrostatic_energy"":[1],""energy"":[1],""node_feats"":[15,13824],""spin_charge_density"":[15,2,4],""spin_density"":[15,4]}"
M022_QP1_M2,S004,e9ea1ee36756887eef0406f8c21f26a78615612ecb26f991d2063268949758e9,1,2,a097bae25a72d316f3c9b847815ef9f58febba945e02b0ccea1267fe4dafc607,artifacts/base_features/a0/a097bae25a72d316f3c9b847815ef9f58febba945e02b0ccea1267fe4dafc607.npz,52b42b8bf681356a2a931efda04816a31658a1927daffcbcf4455139851ba5f8,3095,-21240.496123515,polar-1-l,9f65f8dc6ddaff1d631e299cb531376a7da5e68d1bef04f34a2d5073d5ef114b,0.3.16,4d2da09413ac1407f37cdbb6b81fa28e4c15655e,e552c116b7d2c653f98b01f5c4fd599997f19f669a32bc6bf16396dd9f79365b,0.4.0,0e21d5546c482d08388a08eb4d948e833227ce47,079b233934150a3eee30444ce2408e09895ec4dd958ec60a822f870fa1284b99,float64,polar1l_rotation_invariants_v1,7beb8d4d9a8231a484c0bb6ff44b6b2e450eee2ca8a447370f350ed8678929cb,"{""density_coefficients"":[15,4],""dipole"":[1,3],""electron_energy"":[1],""electrostatic_energy"":[1],""energy"":[1],""node_feats"":[15,13824],""spin_charge_density"":[15,2,4],""spin_density"":[15,4]}"
M022_QP1_M2,S005,140b0cfe2e8865717b4b2d095a5fa517278544d2101550fa4e9c2280bd5915b6,1,2,afccbe919716def0c432e30495f4bded38e429e6ab17304a2b7bdb90deda6c6f,artifacts/base_features/af/afccbe919716def0c432e30495f4bded38e429e6ab17304a2b7bdb90deda6c6f.npz,cb7f5bd24b6344318c6481208d80e1d9e12def87b8f2a34741b26e321db9d406,3095,-21240.4960908095,polar-1-l,9f65f8dc6ddaff1d631e299cb531376a7da5e68d1bef04f34a2d5073d5ef114b,0.3.16,4d2da09413ac1407f37cdbb6b81fa28e4c15655e,e552c116b7d2c653f98b01f5c4fd599997f19f669a32bc6bf16396dd9f79365b,0.4.0,0e21d5546c482d08388a08eb4d948e833227ce47,079b233934150a3eee30444ce2408e09895ec4dd958ec60a822f870fa1284b99,float64,polar1l_rotation_invariants_v1,7beb8d4d9a8231a484c0bb6ff44b6b2e450eee2ca8a447370f350ed8678929cb,"{""density_coefficients"":[15,4],""dipole"":[1,3],""electron_energy"":[1],""electrostatic_energy"":[1],""energy"":[1],""node_feats"":[15,13824],""spin_charge_density"":[15,2,4],""spin_density"":[15,4]}"
M022_QP1_M2,S006,0dcbc7d716e1b8d4c0f903cc4d02fdbeb75cbdfe2e8b58d6e13deda6b4289057,1,2,86a103f2def30b6f0dc9d68cdebe7a5ddd4abf8a301734e81941599c962334fc,artifacts/base_features/86/86a103f2def30b6f0dc9d68cdebe7a5ddd4abf8a301734e81941599c962334fc.npz,d166c4b5ea3b5e7b3d7a58006a5bcb3fcd07ff3556497c588a9104e85b756c0c,3095,-21240.4961293006,polar-1-l,9f65f8dc6ddaff1d631e299cb531376a7da5e68d1bef04f34a2d5073d5ef114b,0.3.16,4d2da09413ac1407f37cdbb6b81fa28e4c15655e,e552c116b7d2c653f98b01f5c4fd599997f19f669a32bc6bf16396dd9f79365b,0.4.0,0e21d5546c482d08388a08eb4d948e833227ce47,079b233934150a3eee30444ce2408e09895ec4dd958ec60a822f870fa1284b99,float64,polar1l_rotation_invariants_v1,7beb8d4d9a8231a484c0bb6ff44b6b2e450eee2ca8a447370f350ed8678929cb,"{""density_coefficients"":[15,4],""dipole"":[1,3],""electron_energy"":[1],""electrostatic_energy"":[1],""energy"":[1],""node_feats"":[15,13824],""spin_charge_density"":[15,2,4],""spin_density"":[15,4]}"
M022_QP1_M2,S007,afd11b5b31da29b482d6b032676ad7363d97442a4d47beb802b6b121206a00a1,1,2,2803db784d3ba2a2caa88e67b209b4451d80005b6321d535678c011714b939b1,artifacts/base_features/28/2803db784d3ba2a2caa88e67b209b4451d80005b6321d535678c011714b939b1.npz,865fc88922ff770ff8bf50781138a847790244d5df5cb1a90307347a1aa1d7bb,3095,-21240.4961462802,polar-1-l,9f65f8dc6ddaff1d631e299cb531376a7da5e68d1bef04f34a2d5073d5ef114b,0.3.16,4d2da09413ac1407f37cdbb6b81fa28e4c15655e,e552c116b7d2c653f98b01f5c4fd599997f19f669a32bc6bf16396dd9f79365b,0.4.0,0e21d5546c482d08388a08eb4d948e833227ce47,079b233934150a3eee30444ce2408e09895ec4dd958ec60a822f870fa1284b99,float64,polar1l_rotation_invariants_v1,7beb8d4d9a8231a484c0bb6ff44b6b2e450eee2ca8a447370f350ed8678929cb,"{""density_coefficients"":[15,4],""dipole"":[1,3],""electron_energy"":[1],""electrostatic_energy"":[1],""energy"":[1],""node_feats"":[15,13824],""spin_charge_density"":[15,2,4],""spin_density"":[15,4]}"
M022_QP1_M2,S008,e21cce1aa60708196ceb382de68543add47a7508f08b82ede3509d8b6ce7069c,1,2,9b7f669529b0836bd7e976e4480a1503a2a8f04853aa2ff667d4dc48bf75a2f7,artifacts/base_features/9b/9b7f669529b0836bd7e976e4480a1503a2a8f04853aa2ff667d4dc48bf75a2f7.npz,c25b3f7e1025ee5182d8b3d498671dea07465bcb762f1999a6f2b0a22743f556,3095,-21240.4957477808,polar-1-l,9f65f8dc6ddaff1d631e299cb531376a7da5e68d1bef04f34a2d5073d5ef114b,0.3.16,4d2da09413ac1407f37cdbb6b81fa28e4c15655e,e552c116b7d2c653f98b01f5c4fd599997f19f669a32bc6bf16396dd9f79365b,0.4.0,0e21d5546c482d08388a08eb4d948e833227ce47,079b233934150a3eee30444ce2408e09895ec4dd958ec60a822f870fa1284b99,float64,polar1l_rotation_invariants_v1,7beb8d4d9a8231a484c0bb6ff44b6b2e450eee2ca8a447370f350ed8678929cb,"{""density_coefficients"":[15,4],""dipole"":[1,3],""electron_energy"":[1],""electrostatic_energy"":[1],""energy"":[1],""node_feats"":[15,13824],""spin_charge_density"":[15,2,4],""spin_density"":[15,4]}"
M022_QP1_M2,S009,a3e0a71bdf7e3d64c6ad2509907658ab5e77384b20c8cd56fa8f2fdb0d6a21c9,1,2,5a618cd23ab23c39dd258f5a80555b135cb8e323daa99199d9a784d90d0f788a,artifacts/base_features/5a/5a618cd23ab23c39dd258f5a80555b135cb8e323daa99199d9a784d90d0f788a.npz,ce2e2ff5c868beba383d990cc3b1a54c6a4f56551be9bb3fa175d9cd6029667a,3095,-21240.4961278078,polar-1-l,9f65f8dc6ddaff1d631e299cb531376a7da5e68d1bef04f34a2d5073d5ef114b,0.3.16,4d2da09413ac1407f37cdbb6b81fa28e4c15655e,e552c116b7d2c653f98b01f5c4fd599997f19f669a32bc6bf16396dd9f79365b,0.4.0,0e21d5546c482d08388a08eb4d948e833227ce47,079b233934150a3eee30444ce2408e09895ec4dd958ec60a822f870fa1284b99,float64,polar1l_rotation_invariants_v1,7beb8d4d9a8231a484c0bb6ff44b6b2e450eee2ca8a447370f350ed8678929cb,"{""density_coefficients"":[15,4],""dipole"":[1,3],""electron_energy"":[1],""electrostatic_energy"":[1],""energy"":[1],""node_feats"":[15,13824],""spin_charge_density"":[15,2,4],""spin_density"":[15,4]}"
M022_QP1_M2,S010,db6a50bb347eed3f508665b01e2714b31f28b360cd9dfaddfb73a3972d24619c,1,2,521f455ce6d3042473e1939e5c4b3e0bf11460dd35c066fb845700e511d27550,artifacts/base_features/52/521f455ce6d3042473e1939e5c4b3e0bf11460dd35c066fb845700e511d27550.npz,10900e10cce13016ee842def50cf03d24c028d23ae5a46663e4cc2b8a2426470,3095,-21240.4961721853,polar-1-l,9f65f8dc6ddaff1d631e299cb531376a7da5e68d1bef04f34a2d5073d5ef114b,0.3.16,4d2da09413ac1407f37cdbb6b81fa28e4c15655e,e552c116b7d2c653f98b01f5c4fd599997f19f669a32bc6bf16396dd9f79365b,0.4.0,0e21d5546c482d08388a08eb4d948e833227ce47,079b233934150a3eee30444ce2408e09895ec4dd958ec60a822f870fa1284b99,float64,polar1l_rotation_invariants_v1,7beb8d4d9a8231a484c0bb6ff44b6b2e450eee2ca8a447370f350ed8678929cb,"{""density_coefficients"":[15,4],""dipole"":[1,3],""electron_energy"":[1],""electrostatic_energy"":[1],""energy"":[1],""node_feats"":[15,13824],""spin_charge_density"":[15,2,4],""spin_density"":[15,4]}"
M022_QP1_M2,S011,fa5e428070ba3aed2359570899f76ca92e0458bd94e35fa654a8734069ddd0a5,1,2,d5c4da856dbd8c67be9ff190d1784096df8ed8673f2da0a3443d4f9dd1e48f46,artifacts/base_features/d5/d5c4da856dbd8c67be9ff190d1784096df8ed8673f2da0a3443d4f9dd1e48f46.npz,5dcbe4a20f78a33a3f2a6a40116beb54ad41582f9929f599bcca4f36c1f915f1,3095,-21240.4961382123,polar-1-l,9f65f8dc6ddaff1d631e299cb531376a7da5e68d1bef04f34a2d5073d5ef114b,0.3.16,4d2da09413ac1407f37cdbb6b81fa28e4c15655e,e552c116b7d2c653f98b01f5c4fd599997f19f669a32bc6bf16396dd9f79365b,0.4.0,0e21d5546c482d08388a08eb4d948e833227ce47,079b233934150a3eee30444ce2408e09895ec4dd958ec60a822f870fa1284b99,float64,polar1l_rotation_invariants_v1,7beb8d4d9a8231a484c0bb6ff44b6b2e450eee2ca8a447370f350ed8678929cb,"{""density_coefficients"":[15,4],""dipole"":[1,3],""electron_energy"":[1],""electrostatic_energy"":[1],""energy"":[1],""node_feats"":[15,13824],""spin_charge_density"":[15,2,4],""spin_density"":[15,4]}"
M022_QP1_M2,S012,2dc98f906707d7c9daded4ebb00b321e132f67d0d5d8c7bef9310a4bff3d980c,1,2,12740397bb290ec15d1f99fe3eb90280f9c6e450522014118f90f9651ce0b890,artifacts/base_features/12/12740397bb290ec15d1f99fe3eb90280f9c6e450522014118f90f9651ce0b890.npz,87b6259351850ef183bc2f0ca93189741b46c8f7c42fca115e8dc46b3c003b11,3095,-21240.4961409506,polar-1-l,9f65f8dc6ddaff1d631e299cb531376a7da5e68d1bef04f34a2d5073d5ef114b,0.3.16,4d2da09413ac1407f37cdbb6b81fa28e4c15655e,e552c116b7d2c653f98b01f5c4fd599997f19f669a32bc6bf16396dd9f79365b,0.4.0,0e21d5546c482d08388a08eb4d948e833227ce47,079b233934150a3eee30444ce2408e09895ec4dd958ec60a822f870fa1284b99,float64,polar1l_rotation_invariants_v1,7beb8d4d9a8231a484c0bb6ff44b6b2e450eee2ca8a447370f350ed8678929cb,"{""density_coefficients"":[15,4],""dipole"":[1,3],""electron_energy"":[1],""electrostatic_energy"":[1],""energy"":[1],""node_feats"":[15,13824],""spin_charge_density"":[15,2,4],""spin_density"":[15,4]}"
M022_QP1_M2,S013,62eda6335ae7d848f414fd1fa7e92789559ab68e1104085e8a1c34384237b88e,1,2,99c24e9069e46963254e03d428dc10f4f97b5eaadc20b59c38cd23b1f327463b,artifacts/base_features/99/99c24e9069e46963254e03d428dc10f4f97b5eaadc20b59c38cd23b1f327463b.npz,3921a429af3de1c8fc44fbcc0d791bd3f952c5a445df6de50a7f928d473882c2,3095,-21240.4961162434,polar-1-l,9f65f8dc6ddaff1d631e299cb531376a7da5e68d1bef04f34a2d5073d5ef114b,0.3.16,4d2da09413ac1407f37cdbb6b81fa28e4c15655e,e552c116b7d2c653f98b01f5c4fd599997f19f669a32bc6bf16396dd9f79365b,0.4.0,0e21d5546c482d08388a08eb4d948e833227ce47,079b233934150a3eee30444ce2408e09895ec4dd958ec60a822f870fa1284b99,float64,polar1l_rotation_invariants_v1,7beb8d4d9a8231a484c0bb6ff44b6b2e450eee2ca8a447370f350ed8678929cb,"{""density_coefficients"":[15,4],""dipole"":[1,3],""electron_energy"":[1],""electrostatic_energy"":[1],""energy"":[1],""node_feats"":[15,13824],""spin_charge_density"":[15,2,4],""spin_density"":[15,4]}"
M022_QP1_M2,S014,fe49cd2c37ab992762821f524709015cabb5f055be57eff4bbaaaebe2e7fdcd5,1,2,5d177b727afde8c1dd93f67819dba55306b898e52cf65d1985e5d56cd461ce0b,artifacts/base_features/5d/5d177b727afde8c1dd93f67819dba55306b898e52cf65d1985e5d56cd461ce0b.npz,f48be2fa71d2ea432a35a08f40dc251097b3ad6e6e45a3559ccce0bbe4f02f0f,3095,-21240.4953427502,polar-1-l,9f65f8dc6ddaff1d631e299cb531376a7da5e68d1bef04f34a2d5073d5ef114b,0.3.16,4d2da09413ac1407f37cdbb6b81fa28e4c15655e,e552c116b7d2c653f98b01f5c4fd599997f19f669a32bc6bf16396dd9f79365b,0.4.0,0e21d5546c482d08388a08eb4d948e833227ce47,079b233934150a3eee30444ce2408e09895ec4dd958ec60a822f870fa1284b99,float64,polar1l_rotation_invariants_v1,7beb8d4d9a8231a484c0bb6ff44b6b2e450eee2ca8a447370f350ed8678929cb,"{""density_coefficients"":[15,4],""dipole"":[1,3],""electron_energy"":[1],""electrostatic_energy"":[1],""energy"":[1],""node_feats"":[15,13824],""spin_charge_density"":[15,2,4],""spin_density"":[15,4]}"
M022_QP1_M2,S015,2546e9f53bc29d1b98952f6127dbbf91fd5cdb01b4aaabd50d69afa7e7322f4b,1,2,bbe1c56fcbc334af320b31b7030c06d927349f67678c953a6f017cc1b89da296,artifacts/base_features/bb/bbe1c56fcbc334af320b31b7030c06d927349f67678c953a6f017cc1b89da296.npz,80de0a38c77cb9e67b7a11dea2af2b2a7ae5e062f3440bff7489aec3c882c164,3095,-21240.4959246629,polar-1-l,9f65f8dc6ddaff1d631e299cb531376a7da5e68d1bef04f34a2d5073d5ef114b,0.3.16,4d2da09413ac1407f37cdbb6b81fa28e4c15655e,e552c116b7d2c653f98b01f5c4fd599997f19f669a32bc6bf16396dd9f79365b,0.4.0,0e21d5546c482d08388a08eb4d948e833227ce47,079b233934150a3eee30444ce2408e09895ec4dd958ec60a822f870fa1284b99,float64,polar1l_rotation_invariants_v1,7beb8d4d9a8231a484c0bb6ff44b6b2e450eee2ca8a447370f350ed8678929cb,"{""density_coefficients"":[15,4],""dipole"":[1,3],""electron_energy"":[1],""electrostatic_energy"":[1],""energy"":[1],""node_feats"":[15,13824],""spin_charge_density"":[15,2,4],""spin_density"":[15,4]}"
M022_QP1_M2,S016,4ccf739a2ccc682795a33afd01823d31c56e607aa7f7462dd3145732e9c55501,1,2,ecb0758219ae8fd95984ad0d7069e8714a9c65331364ca5cb96e36f08d5c8778,artifacts/base_features/ec/ecb0758219ae8fd95984ad0d7069e8714a9c65331364ca5cb96e36f08d5c8778.npz,072a84bf513dc563da3bb8746f1f85abae7a9ae91cc78d813f0d872bf6613469,3095,-21240.495868504,polar-1-l,9f65f8dc6ddaff1d631e299cb531376a7da5e68d1bef04f34a2d5073d5ef114b,0.3.16,4d2da09413ac1407f37cdbb6b81fa28e4c15655e,e552c116b7d2c653f98b01f5c4fd599997f19f669a32bc6bf16396dd9f79365b,0.4.0,0e21d5546c482d08388a08eb4d948e833227ce47,079b233934150a3eee30444ce2408e09895ec4dd958ec60a822f870fa1284b99,float64,polar1l_rotation_invariants_v1,7beb8d4d9a8231a484c0bb6ff44b6b2e450eee2ca8a447370f350ed8678929cb,"{""density_coefficients"":[15,4],""dipole"":[1,3],""electron_energy"":[1],""electrostatic_energy"":[1],""energy"":[1],""node_feats"":[15,13824],""spin_charge_density"":[15,2,4],""spin_density"":[15,4]}"
M022_QP1_M2,S017,f52f84ce7f3ef27e85fead01a0602b55ab9a8aa16e999359031c8d87bf61cc5d,1,2,d402919b6a16c40077c1e161584c119a80134f7bf582e02f29f41093b0feae39,artifacts/base_features/d4/d402919b6a16c40077c1e161584c119a80134f7bf582e02f29f41093b0feae39.npz,6707f123682909199c89f5f8e56c21b93af33ac4809521d0f7f0228c38785a91,3095,-21240.4959786196,polar-1-l,9f65f8dc6ddaff1d631e299cb531376a7da5e68d1bef04f34a2d5073d5ef114b,0.3.16,4d2da09413ac1407f37cdbb6b81fa28e4c15655e,e552c116b7d2c653f98b01f5c4fd599997f19f669a32bc6bf16396dd9f79365b,0.4.0,0e21d5546c482d08388a08eb4d948e833227ce47,079b233934150a3eee30444ce2408e09895ec4dd958ec60a822f870fa1284b99,float64,polar1l_rotation_invariants_v1,7beb8d4d9a8231a484c0bb6ff44b6b2e450eee2ca8a447370f350ed8678929cb,"{""density_coefficients"":[15,4],""dipole"":[1,3],""electron_energy"":[1],""electrostatic_energy"":[1],""energy"":[1],""node_feats"":[15,13824],""spin_charge_density"":[15,2,4],""spin_density"":[15,4]}"
M022_QP1_M2,S018,aca6a6ea5d2aee7a48d53554395000527c7c177cb1eda7812e49ad35e7788849,1,2,29d85c4bb699c5acbf7834d0bab57a5190fd81c953d7ba16dc07bd1bfb4fd8e1,artifacts/base_features/29/29d85c4bb699c5acbf7834d0bab57a5190fd81c953d7ba16dc07bd1bfb4fd8e1.npz,f10174fb3df8d57182aec58e320537264c32d6534790709a69b21b486dee3e9e,3095,-21240.4958724077,polar-1-l,9f65f8dc6ddaff1d631e299cb531376a7da5e68d1bef04f34a2d5073d5ef114b,0.3.16,4d2da09413ac1407f37cdbb6b81fa28e4c15655e,e552c116b7d2c653f98b01f5c4fd599997f19f669a32bc6bf16396dd9f79365b,0.4.0,0e21d5546c482d08388a08eb4d948e833227ce47,079b233934150a3eee30444ce2408e09895ec4dd958ec60a822f870fa1284b99,float64,polar1l_rotation_invariants_v1,7beb8d4d9a8231a484c0bb6ff44b6b2e450eee2ca8a447370f350ed8678929cb,"{""density_coefficients"":[15,4],""dipole"":[1,3],""electron_energy"":[1],""electrostatic_energy"":[1],""energy"":[1],""node_feats"":[15,13824],""spin_charge_density"":[15,2,4],""spin_density"":[15,4]}"
M022_QP1_M2,S019,4e08f5c52cefc47cc3b841e4dcd16d7dd4df08299a4f92ac2e3903c52ce94d90,1,2,aeae8a0d55fc5acdb36a6d70c1cd33b099e6d5b203817a9a4baa14ab9dd36a41,artifacts/base_features/ae/aeae8a0d55fc5acdb36a6d70c1cd33b099e6d5b203817a9a4baa14ab9dd36a41.npz,93f21b75b4277e72418e2be9bba25da83f5b21986e46cffc5316ad9b289f446f,3095,-21240.4961066415,polar-1-l,9f65f8dc6ddaff1d631e299cb531376a7da5e68d1bef04f34a2d5073d5ef114b,0.3.16,4d2da09413ac1407f37cdbb6b81fa28e4c15655e,e552c116b7d2c653f98b01f5c4fd599997f19f669a32bc6bf16396dd9f79365b,0.4.0,0e21d5546c482d08388a08eb4d948e833227ce47,079b233934150a3eee30444ce2408e09895ec4dd958ec60a822f870fa1284b99,float64,polar1l_rotation_invariants_v1,7beb8d4d9a8231a484c0bb6ff44b6b2e450eee2ca8a447370f350ed8678929cb,"{""density_coefficients"":[15,4],""dipole"":[1,3],""electron_energy"":[1],""electrostatic_energy"":[1],""energy"":[1],""node_feats"":[15,13824],""spin_charge_density"":[15,2,4],""spin_density"":[15,4]}"
M022_QP1_M2,S020,6653e9851d4c25ca85bb7665dd6a4dfc170adfd658b46f3fce6a4760e33f88ea,1,2,029f470b03c68523f66c1deb49b5802067ad2853ded0d641872b6c0f7f4f485c,artifacts/base_features/02/029f470b03c68523f66c1deb49b5802067ad2853ded0d641872b6c0f7f4f485c.npz,c367820b7d7be5931e940a3cf6ab883054eaff00cbd1cea5b1c4465b21cb8399,3095,-21240.4958844831,polar-1-l,9f65f8dc6ddaff1d631e299cb531376a7da5e68d1bef04f34a2d5073d5ef114b,0.3.16,4d2da09413ac1407f37cdbb6b81fa28e4c15655e,e552c116b7d2c653f98b01f5c4fd599997f19f669a32bc6bf16396dd9f79365b,0.4.0,0e21d5546c482d08388a08eb4d948e833227ce47,079b233934150a3eee30444ce2408e09895ec4dd958ec60a822f870fa1284b99,float64,polar1l_rotation_invariants_v1,7beb8d4d9a8231a484c0bb6ff44b6b2e450eee2ca8a447370f350ed8678929cb,"{""density_coefficients"":[15,4],""dipole"":[1,3],""electron_energy"":[1],""electrostatic_energy"":[1],""energy"":[1],""node_feats"":[15,13824],""spin_charge_density"":[15,2,4],""spin_density"":[15,4]}"
M022_QP1_M2,S021,f8043b757196e02af142d9edb8307079006008e1c33b682075a3db35a9375fee,1,2,6c46069e037a725dcd3b7accd62c39861ee27fb2ad29d8bdf05f041a8558deb3,artifacts/base_features/6c/6c46069e037a725dcd3b7accd62c39861ee27fb2ad29d8bdf05f041a8558deb3.npz,cfd2415cefd41351f345e1f6fb58d48e7fe2696e9aaf0509f5b54115c209c53d,3095,-21240.4954236647,polar-1-l,9f65f8dc6ddaff1d631e299cb531376a7da5e68d1bef04f34a2d5073d5ef114b,0.3.16,4d2da09413ac1407f37cdbb6b81fa28e4c15655e,e552c116b7d2c653f98b01f5c4fd599997f19f669a32bc6bf16396dd9f79365b,0.4.0,0e21d5546c482d08388a08eb4d948e833227ce47,079b233934150a3eee30444ce2408e09895ec4dd958ec60a822f870fa1284b99,float64,polar1l_rotation_invariants_v1,7beb8d4d9a8231a484c0bb6ff44b6b2e450eee2ca8a447370f350ed8678929cb,"{""density_coefficients"":[15,4],""dipole"":[1,3],""electron_energy"":[1],""electrostatic_energy"":[1],""energy"":[1],""node_feats"":[15,13824],""spin_charge_density"":[15,2,4],""spin_density"":[15,4]}"
M022_QP1_M2,S022,40fa97549469774147c6e94bf1fd7899127d06ab8312f16e2f075841004ad31d,1,2,033eba27111c57bab777aebd37f2a1359ce3a7ae470bf00e917c791813cfddbf,artifacts/base_features/03/033eba27111c57bab777aebd37f2a1359ce3a7ae470bf00e917c791813cfddbf.npz,65ea91f8ad775a59651f5810d36b14d540e684f8539d5221b706755cd7573422,3095,-21240.4961770086,polar-1-l,9f65f8dc6ddaff1d631e299cb531376a7da5e68d1bef04f34a2d5073d5ef114b,0.3.16,4d2da09413ac1407f37cdbb6b81fa28e4c15655e,e552c116b7d2c653f98b01f5c4fd599997f19f669a32bc6bf16396dd9f79365b,0.4.0,0e21d5546c482d08388a08eb4d948e833227ce47,079b233934150a3eee30444ce2408e09895ec4dd958ec60a822f870fa1284b99,float64,polar1l_rotation_invariants_v1,7beb8d4d9a8231a484c0bb6ff44b6b2e450eee2ca8a447370f350ed8678929cb,"{""density_coefficients"":[15,4],""dipole"":[1,3],""electron_energy"":[1],""electrostatic_energy"":[1],""energy"":[1],""node_feats"":[15,13824],""spin_charge_density"":[15,2,4],""spin_density"":[15,4]}"
M022_QP1_M2,S023,aeb69e667d6299f766a14dd747d4b22e2882df08dc635537bf8a7afe176ef8cf,1,2,4a777549bf32b49a160c99fda79b0dcec32271e3db96595dd722966703726862,artifacts/base_features/4a/4a777549bf32b49a160c99fda79b0dcec32271e3db96595dd722966703726862.npz,020e0d309e71f58d624918064124d1a8470e663dbc490ffffb60c7a71c89a195,3095,-21240.494905283,polar-1-l,9f65f8dc6ddaff1d631e299cb531376a7da5e68d1bef04f34a2d5073d5ef114b,0.3.16,4d2da09413ac1407f37cdbb6b81fa28e4c15655e,e552c116b7d2c653f98b01f5c4fd599997f19f669a32bc6bf16396dd9f79365b,0.4.0,0e21d5546c482d08388a08eb4d948e833227ce47,079b233934150a3eee30444ce2408e09895ec4dd958ec60a822f870fa1284b99,float64,polar1l_rotation_invariants_v1,7beb8d4d9a8231a484c0bb6ff44b6b2e450eee2ca8a447370f350ed8678929cb,"{""density_coefficients"":[15,4],""dipole"":[1,3],""electron_energy"":[1],""electrostatic_energy"":[1],""energy"":[1],""node_feats"":[15,13824],""spin_charge_density"":[15,2,4],""spin_density"":[15,4]}"
M022_QP1_M2,S024,faccb4c661aa4c60ec7a6616e62368509831ade7ca7be700da28c71379ca8b39,1,2,a8f97fa367f95c8588a3b137bc3060d13de56a4d32c6d406b74987fbeccf5136,artifacts/base_features/a8/a8f97fa367f95c8588a3b137bc3060d13de56a4d32c6d406b74987fbeccf5136.npz,f4d68a935d17a546ad00e81b39ceadcbc4a24215d9bd8bcd6235a5a81f0b1b52,3095,-21240.4942353309,polar-1-l,9f65f8dc6ddaff1d631e299cb531376a7da5e68d1bef04f34a2d5073d5ef114b,0.3.16,4d2da09413ac1407f37cdbb6b81fa28e4c15655e,e552c116b7d2c653f98b01f5c4fd599997f19f669a32bc6bf16396dd9f79365b,0.4.0,0e21d5546c482d08388a08eb4d948e833227ce47,079b233934150a3eee30444ce2408e09895ec4dd958ec60a822f870fa1284b99,float64,polar1l_rotation_invariants_v1,7beb8d4d9a8231a484c0bb6ff44b6b2e450eee2ca8a447370f350ed8678929cb,"{""density_coefficients"":[15,4],""dipole"":[1,3],""electron_energy"":[1],""electrostatic_energy"":[1],""energy"":[1],""node_feats"":[15,13824],""spin_charge_density"":[15,2,4],""spin_density"":[15,4]}"
M022_QP1_M2,S025,afd69f477a91283d4c49d86389459c30249e88c0a4706121b9a1f9651083698c,1,2,96a09a9d7166c7d8f370cec47f748ceaf440b9102bbadf5a040cb38e30195673,artifacts/base_features/96/96a09a9d7166c7d8f370cec47f748ceaf440b9102bbadf5a040cb38e30195673.npz,3799c2af834798c21c4b7d69e736e2af88e14370f21d144a5d80a6945a01d85d,3095,-21240.4957386495,polar-1-l,9f65f8dc6ddaff1d631e299cb531376a7da5e68d1bef04f34a2d5073d5ef114b,0.3.16,4d2da09413ac1407f37cdbb6b81fa28e4c15655e,e552c116b7d2c653f98b01f5c4fd599997f19f669a32bc6bf16396dd9f79365b,0.4.0,0e21d5546c482d08388a08eb4d948e833227ce47,079b233934150a3eee30444ce2408e09895ec4dd958ec60a822f870fa1284b99,float64,polar1l_rotation_invariants_v1,7beb8d4d9a8231a484c0bb6ff44b6b2e450eee2ca8a447370f350ed8678929cb,"{""density_coefficients"":[15,4],""dipole"":[1,3],""electron_energy"":[1],""electrostatic_energy"":[1],""energy"":[1],""node_feats"":[15,13824],""spin_charge_density"":[15,2,4],""spin_density"":[15,4]}"
M024_Q0_M1,S004,7b82deedf94e214ed3a79b290b903c9443edce6ad4777ed04751b8e500027c26,0,1,e309d9b15df21efa72b85e469a039c47dbb593fa6770197a5c7b77efe080deed,artifacts/base_features/e3/e309d9b15df21efa72b85e469a039c47dbb593fa6770197a5c7b77efe080deed.npz,f923a4da637757dea10c50855887c1cb2cb69bc81e08e8f5a8f1361c2d98dcd1,3095,-30063.4379325479,polar-1-l,9f65f8dc6ddaff1d631e299cb531376a7da5e68d1bef04f34a2d5073d5ef114b,0.3.16,4d2da09413ac1407f37cdbb6b81fa28e4c15655e,e552c116b7d2c653f98b01f5c4fd599997f19f669a32bc6bf16396dd9f79365b,0.4.0,0e21d5546c482d08388a08eb4d948e833227ce47,079b233934150a3eee30444ce2408e09895ec4dd958ec60a822f870fa1284b99,float64,polar1l_rotation_invariants_v1,7beb8d4d9a8231a484c0bb6ff44b6b2e450eee2ca8a447370f350ed8678929cb,"{""density_coefficients"":[16,4],""dipole"":[1,3],""electron_energy"":[1],""electrostatic_energy"":[1],""energy"":[1],""node_feats"":[16,13824],""spin_charge_density"":[16,2,4],""spin_density"":[16,4]}"
M024_Q0_M1,S011,5477dfe822554076fb4c472bbf3d2bbd1ce0239136dd69137246bfb24085376b,0,1,e2af160fa391914c859f6b50cd9b4fc2f9ce40caf29f63a25aca0374159f2407,artifacts/base_features/e2/e2af160fa391914c859f6b50cd9b4fc2f9ce40caf29f63a25aca0374159f2407.npz,5f84df1b2573a4feaefc0eeb7e8aa82dcd7c2cdc7bf38949349c32c489f465b0,3095,-30063.4379221176,polar-1-l,9f65f8dc6ddaff1d631e299cb531376a7da5e68d1bef04f34a2d5073d5ef114b,0.3.16,4d2da09413ac1407f37cdbb6b81fa28e4c15655e,e552c116b7d2c653f98b01f5c4fd599997f19f669a32bc6bf16396dd9f79365b,0.4.0,0e21d5546c482d08388a08eb4d948e833227ce47,079b233934150a3eee30444ce2408e09895ec4dd958ec60a822f870fa1284b99,float64,polar1l_rotation_invariants_v1,7beb8d4d9a8231a484c0bb6ff44b6b2e450eee2ca8a447370f350ed8678929cb,"{""density_coefficients"":[16,4],""dipole"":[1,3],""electron_energy"":[1],""electrostatic_energy"":[1],""energy"":[1],""node_feats"":[16,13824],""spin_charge_density"":[16,2,4],""spin_density"":[16,4]}"
M024_Q0_M1,S017,268c3bb6e833b5a1b9cd1ca79e8aa5206ffde8fe749ebef925acf0ac2260c15a,0,1,c6980f0c50dd73c41575826d6a5f84f4beda3856aa9f307c1452cb5b8cd207da,artifacts/base_features/c6/c6980f0c50dd73c41575826d6a5f84f4beda3856aa9f307c1452cb5b8cd207da.npz,1531967502aa159f39c06caab08df8e7bcd7d3fab444856b63cd81d037daaeb2,3095,-30063.4380263886,polar-1-l,9f65f8dc6ddaff1d631e299cb531376a7da5e68d1bef04f34a2d5073d5ef114b,0.3.16,4d2da09413ac1407f37cdbb6b81fa28e4c15655e,e552c116b7d2c653f98b01f5c4fd599997f19f669a32bc6bf16396dd9f79365b,0.4.0,0e21d5546c482d08388a08eb4d948e833227ce47,079b233934150a3eee30444ce2408e09895ec4dd958ec60a822f870fa1284b99,float64,polar1l_rotation_invariants_v1,7beb8d4d9a8231a484c0bb6ff44b6b2e450eee2ca8a447370f350ed8678929cb,"{""density_coefficients"":[16,4],""dipole"":[1,3],""electron_energy"":[1],""electrostatic_energy"":[1],""energy"":[1],""node_feats"":[16,13824],""spin_charge_density"":[16,2,4],""spin_density"":[16,4]}"
M024_Q0_M1,S023,b7704a004354226f4e514b2c8695d08b4e5dafb61b128f2226c4407cae9a9b6b,0,1,2f0fe8b18184e2e12617f29082726e6aa17cd51e7c9199d379ece5d3f4974247,artifacts/base_features/2f/2f0fe8b18184e2e12617f29082726e6aa17cd51e7c9199d379ece5d3f4974247.npz,dd778995e50b5217e0e9045e5cea338c1712bbbf6f58e1185917debeb57d9095,3095,-30063.438497768,polar-1-l,9f65f8dc6ddaff1d631e299cb531376a7da5e68d1bef04f34a2d5073d5ef114b,0.3.16,4d2da09413ac1407f37cdbb6b81fa28e4c15655e,e552c116b7d2c653f98b01f5c4fd599997f19f669a32bc6bf16396dd9f79365b,0.4.0,0e21d5546c482d08388a08eb4d948e833227ce47,079b233934150a3eee30444ce2408e09895ec4dd958ec60a822f870fa1284b99,float64,polar1l_rotation_invariants_v1,7beb8d4d9a8231a484c0bb6ff44b6b2e450eee2ca8a447370f350ed8678929cb,"{""density_coefficients"":[16,4],""dipole"":[1,3],""electron_energy"":[1],""electrostatic_energy"":[1],""energy"":[1],""node_feats"":[16,13824],""spin_charge_density"":[16,2,4],""spin_density"":[16,4]}"
M024_QP1_M2,S004,195cdea707e49177dd39d48c8e16b85311526257e3aa60ccf65066ae0b4f8e15,1,2,45a349e1c62a58172b14bd0882150d4070addc313bfd03c41367dfaa6d9cb30c,artifacts/base_features/45/45a349e1c62a58172b14bd0882150d4070addc313bfd03c41367dfaa6d9cb30c.npz,5b054de321efcacfa93561616c607e3ac3b75a19f4dad0de28b4dd08eb2e1cce,3095,-30055.9279721166,polar-1-l,9f65f8dc6ddaff1d631e299cb531376a7da5e68d1bef04f34a2d5073d5ef114b,0.3.16,4d2da09413ac1407f37cdbb6b81fa28e4c15655e,e552c116b7d2c653f98b01f5c4fd599997f19f669a32bc6bf16396dd9f79365b,0.4.0,0e21d5546c482d08388a08eb4d948e833227ce47,079b233934150a3eee30444ce2408e09895ec4dd958ec60a822f870fa1284b99,float64,polar1l_rotation_invariants_v1,7beb8d4d9a8231a484c0bb6ff44b6b2e450eee2ca8a447370f350ed8678929cb,"{""density_coefficients"":[16,4],""dipole"":[1,3],""electron_energy"":[1],""electrostatic_energy"":[1],""energy"":[1],""node_feats"":[16,13824],""spin_charge_density"":[16,2,4],""spin_density"":[16,4]}"
M024_QP1_M2,S011,9d30b25b9b62f33973e6720e51376b7a04fb4e4d87cfb4a4f140ee7113f637ee,1,2,9d0aa32e9801fe19efda41f22ecbe54e12ac4f3d074dbd7d36b38a2aafe03d1b,artifacts/base_features/9d/9d0aa32e9801fe19efda41f22ecbe54e12ac4f3d074dbd7d36b38a2aafe03d1b.npz,a03014fe383146bf4e472f1c50b0469c7bb679ea2e252d9a74ddb70eabce5fb2,3095,-30055.927973668,polar-1-l,9f65f8dc6ddaff1d631e299cb531376a7da5e68d1bef04f34a2d5073d5ef114b,0.3.16,4d2da09413ac1407f37cdbb6b81fa28e4c15655e,e552c116b7d2c653f98b01f5c4fd599997f19f669a32bc6bf16396dd9f79365b,0.4.0,0e21d5546c482d08388a08eb4d948e833227ce47,079b233934150a3eee30444ce2408e09895ec4dd958ec60a822f870fa1284b99,float64,polar1l_rotation_invariants_v1,7beb8d4d9a8231a484c0bb6ff44b6b2e450eee2ca8a447370f350ed8678929cb,"{""density_coefficients"":[16,4],""dipole"":[1,3],""electron_energy"":[1],""electrostatic_energy"":[1],""energy"":[1],""node_feats"":[16,13824],""spin_charge_density"":[16,2,4],""spin_density"":[16,4]}"
M024_QP1_M2,S017,cb94bf54a610f043178375b6e55f559df75780a4bbd6775455b8b9c83b634d4a,1,2,e630743fab689635a7d246c47cfd3f0bb78efb8c038001ed8cdfdaf691ad3fc6,artifacts/base_features/e6/e630743fab689635a7d246c47cfd3f0bb78efb8c038001ed8cdfdaf691ad3fc6.npz,f3c3ff510a0da3b40c1bcf459c3cff6bce97847748e527a89e9c0d4edcfdc9d4,3095,-30055.9279574991,polar-1-l,9f65f8dc6ddaff1d631e299cb531376a7da5e68d1bef04f34a2d5073d5ef114b,0.3.16,4d2da09413ac1407f37cdbb6b81fa28e4c15655e,e552c116b7d2c653f98b01f5c4fd599997f19f669a32bc6bf16396dd9f79365b,0.4.0,0e21d5546c482d08388a08eb4d948e833227ce47,079b233934150a3eee30444ce2408e09895ec4dd958ec60a822f870fa1284b99,float64,polar1l_rotation_invariants_v1,7beb8d4d9a8231a484c0bb6ff44b6b2e450eee2ca8a447370f350ed8678929cb,"{""density_coefficients"":[16,4],""dipole"":[1,3],""electron_energy"":[1],""electrostatic_energy"":[1],""energy"":[1],""node_feats"":[16,13824],""spin_charge_density"":[16,2,4],""spin_density"":[16,4]}"
M024_QP1_M2,S023,3b91bb9f943b78f09f9becc9ad1153dfc73c63b93eb34d9c0e8f3908b6694577,1,2,7e1a87bd628bacf3b75723696982912274ba8a8ee67953e8ba53d0fe5ded6eb7,artifacts/base_features/7e/7e1a87bd628bacf3b75723696982912274ba8a8ee67953e8ba53d0fe5ded6eb7.npz,4c14c7da301fe8e4558e3d34d5474bee5490bbdc6703b939afb4c4e50e7da3f8,3095,-30055.9278592115,polar-1-l,9f65f8dc6ddaff1d631e299cb531376a7da5e68d1bef04f34a2d5073d5ef114b,0.3.16,4d2da09413ac1407f37cdbb6b81fa28e4c15655e,e552c116b7d2c653f98b01f5c4fd599997f19f669a32bc6bf16396dd9f79365b,0.4.0,0e21d5546c482d08388a08eb4d948e833227ce47,079b233934150a3eee30444ce2408e09895ec4dd958ec60a822f870fa1284b99,float64,polar1l_rotation_invariants_v1,7beb8d4d9a8231a484c0bb6ff44b6b2e450eee2ca8a447370f350ed8678929cb,"{""density_coefficients"":[16,4],""dipole"":[1,3],""electron_energy"":[1],""electrostatic_energy"":[1],""energy"":[1],""node_feats"":[16,13824],""spin_charge_density"":[16,2,4],""spin_density"":[16,4]}"
M026_Q0_M1,S005,aeed8703b0ff38b2ef1f76a900f05ee1b356d16354370c1c3b02d724b4231265,0,1,f5c8d683538004a5bc7dc88ba0172ce931babed23cc177a6cf4ac0faf0e37501,artifacts/base_features/f5/f5c8d683538004a5bc7dc88ba0172ce931babed23cc177a6cf4ac0faf0e37501.npz,646cae1f5f0b8cdda56a02eecd26d6edb64e9805f252fb5f3f1ce4357350b1e8,3095,-5718.84702914859,polar-1-l,9f65f8dc6ddaff1d631e299cb531376a7da5e68d1bef04f34a2d5073d5ef114b,0.3.16,4d2da09413ac1407f37cdbb6b81fa28e4c15655e,e552c116b7d2c653f98b01f5c4fd599997f19f669a32bc6bf16396dd9f79365b,0.4.0,0e21d5546c482d08388a08eb4d948e833227ce47,079b233934150a3eee30444ce2408e09895ec4dd958ec60a822f870fa1284b99,float64,polar1l_rotation_invariants_v1,7beb8d4d9a8231a484c0bb6ff44b6b2e450eee2ca8a447370f350ed8678929cb,"{""density_coefficients"":[10,4],""dipole"":[1,3],""electron_energy"":[1],""electrostatic_energy"":[1],""energy"":[1],""node_feats"":[10,13824],""spin_charge_density"":[10,2,4],""spin_density"":[10,4]}"
M026_Q0_M1,S012,42763d63aa52ed4e554bc331fce07b787420bb0029d3710db46b1fe7cbfe8158,0,1,9df904c8ae94963fdd16730916b4a7ec2bb2814bf275427b2d133fd79c9f9683,artifacts/base_features/9d/9df904c8ae94963fdd16730916b4a7ec2bb2814bf275427b2d133fd79c9f9683.npz,3d9ac3264d90f3d69755caf8625b9137b4d9707cbcd671d60706ae9a8730feab,3095,-5718.84693214876,polar-1-l,9f65f8dc6ddaff1d631e299cb531376a7da5e68d1bef04f34a2d5073d5ef114b,0.3.16,4d2da09413ac1407f37cdbb6b81fa28e4c15655e,e552c116b7d2c653f98b01f5c4fd599997f19f669a32bc6bf16396dd9f79365b,0.4.0,0e21d5546c482d08388a08eb4d948e833227ce47,079b233934150a3eee30444ce2408e09895ec4dd958ec60a822f870fa1284b99,float64,polar1l_rotation_invariants_v1,7beb8d4d9a8231a484c0bb6ff44b6b2e450eee2ca8a447370f350ed8678929cb,"{""density_coefficients"":[10,4],""dipole"":[1,3],""electron_energy"":[1],""electrostatic_energy"":[1],""energy"":[1],""node_feats"":[10,13824],""spin_charge_density"":[10,2,4],""spin_density"":[10,4]}"
M026_Q0_M1,S018,29d1e00e67082477a9cf76a1fa99a93ecd418287efdf65ea69d1d12abf0dae6b,0,1,685800d1160fcb3117af4cefa0299dd9c04fb945c5750dfe8ac1146eeaa2bfae,artifacts/base_features/68/685800d1160fcb3117af4cefa0299dd9c04fb945c5750dfe8ac1146eeaa2bfae.npz,ef52b999d1f768d4cd7a9a5ac97ac0889e4502cf0568243bbd6c7501c259111e,3095,-5718.84738941941,polar-1-l,9f65f8dc6ddaff1d631e299cb531376a7da5e68d1bef04f34a2d5073d5ef114b,0.3.16,4d2da09413ac1407f37cdbb6b81fa28e4c15655e,e552c116b7d2c653f98b01f5c4fd599997f19f669a32bc6bf16396dd9f79365b,0.4.0,0e21d5546c482d08388a08eb4d948e833227ce47,079b233934150a3eee30444ce2408e09895ec4dd958ec60a822f870fa1284b99,float64,polar1l_rotation_invariants_v1,7beb8d4d9a8231a484c0bb6ff44b6b2e450eee2ca8a447370f350ed8678929cb,"{""density_coefficients"":[10,4],""dipole"":[1,3],""electron_energy"":[1],""electrostatic_energy"":[1],""energy"":[1],""node_feats"":[10,13824],""spin_charge_density"":[10,2,4],""spin_density"":[10,4]}"
M026_Q0_M1,S024,6cf3d252070924aed4af5dc9431e54872f1a1f98b0d1d4cdf96e2fb36f91ad00,0,1,9414c5d7dadd03dc93c5e35a4d923ed8c1aa978ebc3cf14f5620cde8b83351ae,artifacts/base_features/94/9414c5d7dadd03dc93c5e35a4d923ed8c1aa978ebc3cf14f5620cde8b83351ae.npz,cad4f46fec41deaf6961448230b648c5540e5b70f79bf16844ce4598baf740b8,3095,-5718.84890589427,polar-1-l,9f65f8dc6ddaff1d631e299cb531376a7da5e68d1bef04f34a2d5073d5ef114b,0.3.16,4d2da09413ac1407f37cdbb6b81fa28e4c15655e,e552c116b7d2c653f98b01f5c4fd599997f19f669a32bc6bf16396dd9f79365b,0.4.0,0e21d5546c482d08388a08eb4d948e833227ce47,079b233934150a3eee30444ce2408e09895ec4dd958ec60a822f870fa1284b99,float64,polar1l_rotation_invariants_v1,7beb8d4d9a8231a484c0bb6ff44b6b2e450eee2ca8a447370f350ed8678929cb,"{""density_coefficients"":[10,4],""dipole"":[1,3],""electron_energy"":[1],""electrostatic_energy"":[1],""energy"":[1],""node_feats"":[10,13824],""spin_charge_density"":[10,2,4],""spin_density"":[10,4]}"
M026_QP1_M2,S005,6b6a27d81322c303cc6a9951a27dbe9c3d87e0941fb53b1b02f94134d60b7602,1,2,4b73541d8cc1dcc20d10d467ccb247bf65face03db41697ef7a0fe4fbc4d76f7,artifacts/base_features/4b/4b73541d8cc1dcc20d10d467ccb247bf65face03db41697ef7a0fe4fbc4d76f7.npz,033a8852c450e646738e3e18be7668e85be4a22654b5ef23f1c5248cac1413db,3095,-5710.74781291334,polar-1-l,9f65f8dc6ddaff1d631e299cb531376a7da5e68d1bef04f34a2d5073d5ef114b,0.3.16,4d2da09413ac1407f37cdbb6b81fa28e4c15655e,e552c116b7d2c653f98b01f5c4fd599997f19f669a32bc6bf16396dd9f79365b,0.4.0,0e21d5546c482d08388a08eb4d948e833227ce47,079b233934150a3eee30444ce2408e09895ec4dd958ec60a822f870fa1284b99,float64,polar1l_rotation_invariants_v1,7beb8d4d9a8231a484c0bb6ff44b6b2e450eee2ca8a447370f350ed8678929cb,"{""density_coefficients"":[10,4],""dipole"":[1,3],""electron_energy"":[1],""electrostatic_energy"":[1],""energy"":[1],""node_feats"":[10,13824],""spin_charge_density"":[10,2,4],""spin_density"":[10,4]}"
M026_QP1_M2,S012,52daaed76469cb72fc89ffcce6f0517b44ae12b6855e6d7a516f1461f8020604,1,2,eb5f040044e22a00a8e9fd447eb7cb6b5ab2177ee6a940ff8891a00fb1246f54,artifacts/base_features/eb/eb5f040044e22a00a8e9fd447eb7cb6b5ab2177ee6a940ff8891a00fb1246f54.npz,d826c0e33a54d5bf9b91172344ecd2d76beb09ad780718549bf377ae088cc8ea,3095,-5710.74768209385,polar-1-l,9f65f8dc6ddaff1d631e299cb531376a7da5e68d1bef04f34a2d5073d5ef114b,0.3.16,4d2da09413ac1407f37cdbb6b81fa28e4c15655e,e552c116b7d2c653f98b01f5c4fd599997f19f669a32bc6bf16396dd9f79365b,0.4.0,0e21d5546c482d08388a08eb4d948e833227ce47,079b233934150a3eee30444ce2408e09895ec4dd958ec60a822f870fa1284b99,float64,polar1l_rotation_invariants_v1,7beb8d4d9a8231a484c0bb6ff44b6b2e450eee2ca8a447370f350ed8678929cb,"{""density_coefficients"":[10,4],""dipole"":[1,3],""electron_energy"":[1],""electrostatic_energy"":[1],""energy"":[1],""node_feats"":[10,13824],""spin_charge_density"":[10,2,4],""spin_density"":[10,4]}"
M026_QP1_M2,S018,42a1d9699bcecd2965767c4857190a5e8a332e40fa09ba9f93e42181de6a90cc,1,2,deed6b85c146c5645f89524df0f16875476b00a3b2aa10cfc772bdee23b35a77,artifacts/base_features/de/deed6b85c146c5645f89524df0f16875476b00a3b2aa10cfc772bdee23b35a77.npz,2fe2fa899f3bf84e5c1878faf270773aafd3527b00030b2d2a798c70bd003904,3095,-5710.74829831097,polar-1-l,9f65f8dc6ddaff1d631e299cb531376a7da5e68d1bef04f34a2d5073d5ef114b,0.3.16,4d2da09413ac1407f37cdbb6b81fa28e4c15655e,e552c116b7d2c653f98b01f5c4fd599997f19f669a32bc6bf16396dd9f79365b,0.4.0,0e21d5546c482d08388a08eb4d948e833227ce47,079b233934150a3eee30444ce2408e09895ec4dd958ec60a822f870fa1284b99,float64,polar1l_rotation_invariants_v1,7beb8d4d9a8231a484c0bb6ff44b6b2e450eee2ca8a447370f350ed8678929cb,"{""density_coefficients"":[10,4],""dipole"":[1,3],""electron_energy"":[1],""electrostatic_energy"":[1],""energy"":[1],""node_feats"":[10,13824],""spin_charge_density"":[10,2,4],""spin_density"":[10,4]}"
M026_QP1_M2,S024,8bce57d2fc8e7a26c7c0cd78c6f950518c7332cac2ea823c749e1fb3104e5cd1,1,2,44bd1a0e851896d548b9171466e59494440091f0cfeaae2bb98fd99e3d81ef34,artifacts/base_features/44/44bd1a0e851896d548b9171466e59494440091f0cfeaae2bb98fd99e3d81ef34.npz,cda4f16d035a6e945658d1ca8eb4bc65a5d034ead4dbc3357ee45cc2216e2021,3095,-5710.75030360753,polar-1-l,9f65f8dc6ddaff1d631e299cb531376a7da5e68d1bef04f34a2d5073d5ef114b,0.3.16,4d2da09413ac1407f37cdbb6b81fa28e4c15655e,e552c116b7d2c653f98b01f5c4fd599997f19f669a32bc6bf16396dd9f79365b,0.4.0,0e21d5546c482d08388a08eb4d948e833227ce47,079b233934150a3eee30444ce2408e09895ec4dd958ec60a822f870fa1284b99,float64,polar1l_rotation_invariants_v1,7beb8d4d9a8231a484c0bb6ff44b6b2e450eee2ca8a447370f350ed8678929cb,"{""density_coefficients"":[10,4],""dipole"":[1,3],""electron_energy"":[1],""electrostatic_energy"":[1],""energy"":[1],""node_feats"":[10,13824],""spin_charge_density"":[10,2,4],""spin_density"":[10,4]}"
M027_Q0_M1,S002,b7e36b6cd6882305dc1bc07b7d1d798d27a660212fd3a119d7defc89d4f87491,0,1,3452ee85152a511ef21ae2a67928a217d24ddd4864488287b3c403cf2ad3d452,artifacts/base_features/34/3452ee85152a511ef21ae2a67928a217d24ddd4864488287b3c403cf2ad3d452.npz,a7989f2485417d3d219d82c2d90dc7fd75938a3ac43315b983dbb7ca85b5aa91,3095,-6788.18498358109,polar-1-l,9f65f8dc6ddaff1d631e299cb531376a7da5e68d1bef04f34a2d5073d5ef114b,0.3.16,4d2da09413ac1407f37cdbb6b81fa28e4c15655e,e552c116b7d2c653f98b01f5c4fd599997f19f669a32bc6bf16396dd9f79365b,0.4.0,0e21d5546c482d08388a08eb4d948e833227ce47,079b233934150a3eee30444ce2408e09895ec4dd958ec60a822f870fa1284b99,float64,polar1l_rotation_invariants_v1,7beb8d4d9a8231a484c0bb6ff44b6b2e450eee2ca8a447370f350ed8678929cb,"{""density_coefficients"":[13,4],""dipole"":[1,3],""electron_energy"":[1],""electrostatic_energy"":[1],""energy"":[1],""node_feats"":[13,13824],""spin_charge_density"":[13,2,4],""spin_density"":[13,4]}"
M027_Q0_M1,S006,00313705824cf6347046f245bbaf98d26e36b3f1762f0d4802e937a9ef95f3f4,0,1,4682dd3b866970883b8b4d35c9a4ec266acd6c791599a06dd9faec95a4f1e451,artifacts/base_features/46/4682dd3b866970883b8b4d35c9a4ec266acd6c791599a06dd9faec95a4f1e451.npz,223d9a26b381b7d1d71a2f12c3a2dd392c913a3af3043a35cc48579c5af0ad6c,3095,-6788.18464814541,polar-1-l,9f65f8dc6ddaff1d631e299cb531376a7da5e68d1bef04f34a2d5073d5ef114b,0.3.16,4d2da09413ac1407f37cdbb6b81fa28e4c15655e,e552c116b7d2c653f98b01f5c4fd599997f19f669a32bc6bf16396dd9f79365b,0.4.0,0e21d5546c482d08388a08eb4d948e833227ce47,079b233934150a3eee30444ce2408e09895ec4dd958ec60a822f870fa1284b99,float64,polar1l_rotation_invariants_v1,7beb8d4d9a8231a484c0bb6ff44b6b2e450eee2ca8a447370f350ed8678929cb,"{""density_coefficients"":[13,4],""dipole"":[1,3],""electron_energy"":[1],""electrostatic_energy"":[1],""energy"":[1],""node_feats"":[13,13824],""spin_charge_density"":[13,2,4],""spin_density"":[13,4]}"
M027_Q0_M1,S015,a87b3e7ae1ee29836cdc2c73fc38dfbf1ba41a2815e86ae923b2255f5cca5bab,0,1,d46a0bf2db3d73690416fccc87d6439451c2b3f64205b9808845bed8645ba211,artifacts/base_features/d4/d46a0bf2db3d73690416fccc87d6439451c2b3f64205b9808845bed8645ba211.npz,690e0894571b80668a2404154b2614cfbc8a604d8b6900e67cba3d00aff8c636,3095,-6788.18489250733,polar-1-l,9f65f8dc6ddaff1d631e299cb531376a7da5e68d1bef04f34a2d5073d5ef114b,0.3.16,4d2da09413ac1407f37cdbb6b81fa28e4c15655e,e552c116b7d2c653f98b01f5c4fd599997f19f669a32bc6bf16396dd9f79365b,0.4.0,0e21d5546c482d08388a08eb4d948e833227ce47,079b233934150a3eee30444ce2408e09895ec4dd958ec60a822f870fa1284b99,float64,polar1l_rotation_invariants_v1,7beb8d4d9a8231a484c0bb6ff44b6b2e450eee2ca8a447370f350ed8678929cb,"{""density_coefficients"":[13,4],""dipole"":[1,3],""electron_energy"":[1],""electrostatic_energy"":[1],""energy"":[1],""node_feats"":[13,13824],""spin_charge_density"":[13,2,4],""spin_density"":[13,4]}"
M027_Q0_M1,S021,7756763c0d2dad6d51d090827f9437b0415860321f2b209d62a695bf7eae99da,0,1,483da0f613c905590e5744598787f7cb742267d896c212e5842590296552f90a,artifacts/base_features/48/483da0f613c905590e5744598787f7cb742267d896c212e5842590296552f90a.npz,95f787ba373827e65efab47f08b441a108ee14c8b87dc36a0f56ef5ed0416b27,3095,-6788.18532541075,polar-1-l,9f65f8dc6ddaff1d631e299cb531376a7da5e68d1bef04f34a2d5073d5ef114b,0.3.16,4d2da09413ac1407f37cdbb6b81fa28e4c15655e,e552c116b7d2c653f98b01f5c4fd599997f19f669a32bc6bf16396dd9f79365b,0.4.0,0e21d5546c482d08388a08eb4d948e833227ce47,079b233934150a3eee30444ce2408e09895ec4dd958ec60a822f870fa1284b99,float64,polar1l_rotation_invariants_v1,7beb8d4d9a8231a484c0bb6ff44b6b2e450eee2ca8a447370f350ed8678929cb,"{""density_coefficients"":[13,4],""dipole"":[1,3],""electron_energy"":[1],""electrostatic_energy"":[1],""energy"":[1],""node_feats"":[13,13824],""spin_charge_density"":[13,2,4],""spin_density"":[13,4]}"
M027_QP1_M2,S001,b4d46366fc68229afaa891a38667ff0cc3e3632ffc0f314a793bf9c25f7ec726,1,2,0535225fa01ff2355ca27fbf9560ef3be00fb3ed8a7d4eeb8214177be27ff901,artifacts/base_features/05/0535225fa01ff2355ca27fbf9560ef3be00fb3ed8a7d4eeb8214177be27ff901.npz,7ac99c1246862431da1c673d9bc63e752ae9743047f52598cfa0ad47592ce811,3095,-6780.21958854578,polar-1-l,9f65f8dc6ddaff1d631e299cb531376a7da5e68d1bef04f34a2d5073d5ef114b,0.3.16,4d2da09413ac1407f37cdbb6b81fa28e4c15655e,e552c116b7d2c653f98b01f5c4fd599997f19f669a32bc6bf16396dd9f79365b,0.4.0,0e21d5546c482d08388a08eb4d948e833227ce47,079b233934150a3eee30444ce2408e09895ec4dd958ec60a822f870fa1284b99,float64,polar1l_rotation_invariants_v1,7beb8d4d9a8231a484c0bb6ff44b6b2e450eee2ca8a447370f350ed8678929cb,"{""density_coefficients"":[13,4],""dipole"":[1,3],""electron_energy"":[1],""electrostatic_energy"":[1],""energy"":[1],""node_feats"":[13,13824],""spin_charge_density"":[13,2,4],""spin_density"":[13,4]}"
M027_QP1_M2,S002,dfcc93d5edbaf2c7772aa4102e7d95bfd11b3909134504db382c6fbb71fdb1c8,1,2,9c3c2f285b716d70ca5b40440f92781902392653367151804f6a3e96a8e36beb,artifacts/base_features/9c/9c3c2f285b716d70ca5b40440f92781902392653367151804f6a3e96a8e36beb.npz,ac3c8ce60fa7deb5e345ecba5177effd747ec4de030e3b58cb0d430426925582,3095,-6780.22060660378,polar-1-l,9f65f8dc6ddaff1d631e299cb531376a7da5e68d1bef04f34a2d5073d5ef114b,0.3.16,4d2da09413ac1407f37cdbb6b81fa28e4c15655e,e552c116b7d2c653f98b01f5c4fd599997f19f669a32bc6bf16396dd9f79365b,0.4.0,0e21d5546c482d08388a08eb4d948e833227ce47,079b233934150a3eee30444ce2408e09895ec4dd958ec60a822f870fa1284b99,float64,polar1l_rotation_invariants_v1,7beb8d4d9a8231a484c0bb6ff44b6b2e450eee2ca8a447370f350ed8678929cb,"{""density_coefficients"":[13,4],""dipole"":[1,3],""electron_energy"":[1],""electrostatic_energy"":[1],""energy"":[1],""node_feats"":[13,13824],""spin_charge_density"":[13,2,4],""spin_density"":[13,4]}"
M027_QP1_M2,S003,2615a3885d828f77ce2bef5b5a10afbd81dd2d7088a4644ddbabd5f1532a0f1b,1,2,c6161a81490079141edbac31bebba5c0ab16000d9dac96f74ac3243c6a5a021b,artifacts/base_features/c6/c6161a81490079141edbac31bebba5c0ab16000d9dac96f74ac3243c6a5a021b.npz,173c0ad4c0eb220dd02e99a0c00dedb01af6b0f1ae876da2d50fe8e99ce31999,3095,-6780.2193208437,polar-1-l,9f65f8dc6ddaff1d631e299cb531376a7da5e68d1bef04f34a2d5073d5ef114b,0.3.16,4d2da09413ac1407f37cdbb6b81fa28e4c15655e,e552c116b7d2c653f98b01f5c4fd599997f19f669a32bc6bf16396dd9f79365b,0.4.0,0e21d5546c482d08388a08eb4d948e833227ce47,079b233934150a3eee30444ce2408e09895ec4dd958ec60a822f870fa1284b99,float64,polar1l_rotation_invariants_v1,7beb8d4d9a8231a484c0bb6ff44b6b2e450eee2ca8a447370f350ed8678929cb,"{""density_coefficients"":[13,4],""dipole"":[1,3],""electron_energy"":[1],""electrostatic_energy"":[1],""energy"":[1],""node_feats"":[13,13824],""spin_charge_density"":[13,2,4],""spin_density"":[13,4]}"
M027_QP1_M2,S004,ca9ab42239ad84dd2b7fbfde1b04043789c8a53ebad2e2f4b592ed70540a3c3f,1,2,5856e32570ba8c1c871510c555272c82231e0d6e5716110011b9581ca1280a6d,artifacts/base_features/58/5856e32570ba8c1c871510c555272c82231e0d6e5716110011b9581ca1280a6d.npz,fa892b87744f59bb786ac8b49afc7e86860e6cf655e628380e479de25bce41d3,3095,-6780.21959984968,polar-1-l,9f65f8dc6ddaff1d631e299cb531376a7da5e68d1bef04f34a2d5073d5ef114b,0.3.16,4d2da09413ac1407f37cdbb6b81fa28e4c15655e,e552c116b7d2c653f98b01f5c4fd599997f19f669a32bc6bf16396dd9f79365b,0.4.0,0e21d5546c482d08388a08eb4d948e833227ce47,079b233934150a3eee30444ce2408e09895ec4dd958ec60a822f870fa1284b99,float64,polar1l_rotation_invariants_v1,7beb8d4d9a8231a484c0bb6ff44b6b2e450eee2ca8a447370f350ed8678929cb,"{""density_coefficients"":[13,4],""dipole"":[1,3],""electron_energy"":[1],""electrostatic_energy"":[1],""energy"":[1],""node_feats"":[13,13824],""spin_charge_density"":[13,2,4],""spin_density"":[13,4]}"
M027_QP1_M2,S005,a56c703feac09d1c460744dc8d42c797d481b911f3581105309049c10b3add97,1,2,9d98bbd1ff4a657a3a13b7339162b18d58c4e468b40da35f86eaa88dde5b815c,artifacts/base_features/9d/9d98bbd1ff4a657a3a13b7339162b18d58c4e468b40da35f86eaa88dde5b815c.npz,b10338f9ea50e5dd34dfefe5742917d58b3a8d09c66b44e3f21b7943e4072e09,3095,-6780.21977940856,polar-1-l,9f65f8dc6ddaff1d631e299cb531376a7da5e68d1bef04f34a2d5073d5ef114b,0.3.16,4d2da09413ac1407f37cdbb6b81fa28e4c15655e,e552c116b7d2c653f98b01f5c4fd599997f19f669a32bc6bf16396dd9f79365b,0.4.0,0e21d5546c482d08388a08eb4d948e833227ce47,079b233934150a3eee30444ce2408e09895ec4dd958ec60a822f870fa1284b99,float64,polar1l_rotation_invariants_v1,7beb8d4d9a8231a484c0bb6ff44b6b2e450eee2ca8a447370f350ed8678929cb,"{""density_coefficients"":[13,4],""dipole"":[1,3],""electron_energy"":[1],""electrostatic_energy"":[1],""energy"":[1],""node_feats"":[13,13824],""spin_charge_density"":[13,2,4],""spin_density"":[13,4]}"
M027_QP1_M2,S006,d117f55d035d9cef3415449502b0d2175dd96b29fe15efc4e05977ad13789a19,1,2,af1006be826756c0232e2da961f3dc9734f9e5ffb078d777323d9c5f218872fd,artifacts/base_features/af/af1006be826756c0232e2da961f3dc9734f9e5ffb078d777323d9c5f218872fd.npz,5c97dc90cad00a12c5a3d69b8e40d798d33f84aa266b16490d4f5cac8d2ea7fa,3095,-6780.21957019564,polar-1-l,9f65f8dc6ddaff1d631e299cb531376a7da5e68d1bef04f34a2d5073d5ef114b,0.3.16,4d2da09413ac1407f37cdbb6b81fa28e4c15655e,e552c116b7d2c653f98b01f5c4fd599997f19f669a32bc6bf16396dd9f79365b,0.4.0,0e21d5546c482d08388a08eb4d948e833227ce47,079b233934150a3eee30444ce2408e09895ec4dd958ec60a822f870fa1284b99,float64,polar1l_rotation_invariants_v1,7beb8d4d9a8231a484c0bb6ff44b6b2e450eee2ca8a447370f350ed8678929cb,"{""density_coefficients"":[13,4],""dipole"":[1,3],""electron_energy"":[1],""electrostatic_energy"":[1],""energy"":[1],""node_feats"":[13,13824],""spin_charge_density"":[13,2,4],""spin_density"":[13,4]}"
M027_QP1_M2,S007,7ce2e270e80655a45c9be88294a17b63058452f56ddedee728164c218ee63c60,1,2,f5a79dd4cef7d731435140b1e99efe551c2c28893deb0f09b3794dc00db2fa5d,artifacts/base_features/f5/f5a79dd4cef7d731435140b1e99efe551c2c28893deb0f09b3794dc00db2fa5d.npz,38927a9d3836d07334fcfa6c7928a7480f7679902573f7aa1745de3bb161f7b7,3095,-6780.21948329116,polar-1-l,9f65f8dc6ddaff1d631e299cb531376a7da5e68d1bef04f34a2d5073d5ef114b,0.3.16,4d2da09413ac1407f37cdbb6b81fa28e4c15655e,e552c116b7d2c653f98b01f5c4fd599997f19f669a32bc6bf16396dd9f79365b,0.4.0,0e21d5546c482d08388a08eb4d948e833227ce47,079b233934150a3eee30444ce2408e09895ec4dd958ec60a822f870fa1284b99,float64,polar1l_rotation_invariants_v1,7beb8d4d9a8231a484c0bb6ff44b6b2e450eee2ca8a447370f350ed8678929cb,"{""density_coefficients"":[13,4],""dipole"":[1,3],""electron_energy"":[1],""electrostatic_energy"":[1],""energy"":[1],""node_feats"":[13,13824],""spin_charge_density"":[13,2,4],""spin_density"":[13,4]}"
M027_QP1_M2,S008,bab1a4dc4b6b84fc28ccf7da962b9a9b30614d260495386d027922d72ff18013,1,2,93175cf6cb8b4bf054aed84dacc44497f190dc7d5f28039a1cce98d3e1bdfd2a,artifacts/base_features/93/93175cf6cb8b4bf054aed84dacc44497f190dc7d5f28039a1cce98d3e1bdfd2a.npz,ee65f6c2487d67ec03b1877cf62822dd40c1a8fcddccbfccedbfc395b4150b97,3095,-6780.22215282525,polar-1-l,9f65f8dc6ddaff1d631e299cb531376a7da5e68d1bef04f34a2d5073d5ef114b,0.3.16,4d2da09413ac1407f37cdbb6b81fa28e4c15655e,e552c116b7d2c653f98b01f5c4fd599997f19f669a32bc6bf16396dd9f79365b,0.4.0,0e21d5546c482d08388a08eb4d948e833227ce47,079b233934150a3eee30444ce2408e09895ec4dd958ec60a822f870fa1284b99,float64,polar1l_rotation_invariants_v1,7beb8d4d9a8231a484c0bb6ff44b6b2e450eee2ca8a447370f350ed8678929cb,"{""density_coefficients"":[13,4],""dipole"":[1,3],""electron_energy"":[1],""electrostatic_energy"":[1],""energy"":[1],""node_feats"":[13,13824],""spin_charge_density"":[13,2,4],""spin_density"":[13,4]}"
M027_QP1_M2,S009,4773e01bba0d0dca40a32514b33d70d9a2c0b46a09c56d216c26a3c1252b32bc,1,2,0daf4fb140ffc1a4bf1d5f10bb6807bd49025b835b283f9f9b47fd7c70a86577,artifacts/base_features/0d/0daf4fb140ffc1a4bf1d5f10bb6807bd49025b835b283f9f9b47fd7c70a86577.npz,9c668d5750c2e889179a2e6a334a436655fd1ba4fe10ab4b039c014fd7dd33e9,3095,-6780.21957771653,polar-1-l,9f65f8dc6ddaff1d631e299cb531376a7da5e68d1bef04f34a2d5073d5ef114b,0.3.16,4d2da09413ac1407f37cdbb6b81fa28e4c15655e,e552c116b7d2c653f98b01f5c4fd599997f19f669a32bc6bf16396dd9f79365b,0.4.0,0e21d5546c482d08388a08eb4d948e833227ce47,079b233934150a3eee30444ce2408e09895ec4dd958ec60a822f870fa1284b99,float64,polar1l_rotation_invariants_v1,7beb8d4d9a8231a484c0bb6ff44b6b2e450eee2ca8a447370f350ed8678929cb,"{""density_coefficients"":[13,4],""dipole"":[1,3],""electron_energy"":[1],""electrostatic_energy"":[1],""energy"":[1],""node_feats"":[13,13824],""spin_charge_density"":[13,2,4],""spin_density"":[13,4]}"
M027_QP1_M2,S010,b9f8566be70f1c9f2240b564e475cc73cc209cdd246bd85309ff35889afe8885,1,2,6538121164f0495052314583785e61327b5d291f23da75903f472650497a840d,artifacts/base_features/65/6538121164f0495052314583785e61327b5d291f23da75903f472650497a840d.npz,ad914710cfc98333b3f6e0558257c573014bf68b2fc6adf83ec0cd1d82168c99,3095,-6780.21928388758,polar-1-l,9f65f8dc6ddaff1d631e299cb531376a7da5e68d1bef04f34a2d5073d5ef114b,0.3.16,4d2da09413ac1407f37cdbb6b81fa28e4c15655e,e552c116b7d2c653f98b01f5c4fd599997f19f669a32bc6bf16396dd9f79365b,0.4.0,0e21d5546c482d08388a08eb4d948e833227ce47,079b233934150a3eee30444ce2408e09895ec4dd958ec60a822f870fa1284b99,float64,polar1l_rotation_invariants_v1,7beb8d4d9a8231a484c0bb6ff44b6b2e450eee2ca8a447370f350ed8678929cb,"{""density_coefficients"":[13,4],""dipole"":[1,3],""electron_energy"":[1],""electrostatic_energy"":[1],""energy"":[1],""node_feats"":[13,13824],""spin_charge_density"":[13,2,4],""spin_density"":[13,4]}"
M027_QP1_M2,S011,7818c51065247f5bf3facef28fc1031cae5de97f9ecc1e76dc06b3f82309a737,1,2,2dd27a89918e8f878cf732244c66c8e8d0eb82ecc4de60c61aa0e366926aa24e,artifacts/base_features/2d/2dd27a89918e8f878cf732244c66c8e8d0eb82ecc4de60c61aa0e366926aa24e.npz,daf188349dd6def4d9f35d12cd3dc0b252f2bd004aea0f4aee98b18a199fd3fd,3095,-6780.21952244789,polar-1-l,9f65f8dc6ddaff1d631e299cb531376a7da5e68d1bef04f34a2d5073d5ef114b,0.3.16,4d2da09413ac1407f37cdbb6b81fa28e4c15655e,e552c116b7d2c653f98b01f5c4fd599997f19f669a32bc6bf16396dd9f79365b,0.4.0,0e21d5546c482d08388a08eb4d948e833227ce47,079b233934150a3eee30444ce2408e09895ec4dd958ec60a822f870fa1284b99,float64,polar1l_rotation_invariants_v1,7beb8d4d9a8231a484c0bb6ff44b6b2e450eee2ca8a447370f350ed8678929cb,"{""density_coefficients"":[13,4],""dipole"":[1,3],""electron_energy"":[1],""electrostatic_energy"":[1],""energy"":[1],""node_feats"":[13,13824],""spin_charge_density"":[13,2,4],""spin_density"":[13,4]}"
M027_QP1_M2,S012,e28c2803da12c100a7e306a7c55c0e7b42c9da1ba3ac40c84c81165ade81532d,1,2,7d2915215052215f399491df81cc850b4e7f5eaa3655462932eed8280a6a3d0e,artifacts/base_features/7d/7d2915215052215f399491df81cc850b4e7f5eaa3655462932eed8280a6a3d0e.npz,66700509d897e96969b3094a265f4e67d72197ee1c69793d262378b99ff9838e,3095,-6780.21950904454,polar-1-l,9f65f8dc6ddaff1d631e299cb531376a7da5e68d1bef04f34a2d5073d5ef114b,0.3.16,4d2da09413ac1407f37cdbb6b81fa28e4c15655e,e552c116b7d2c653f98b01f5c4fd599997f19f669a32bc6bf16396dd9f79365b,0.4.0,0e21d5546c482d08388a08eb4d948e833227ce47,079b233934150a3eee30444ce2408e09895ec4dd958ec60a822f870fa1284b99,float64,polar1l_rotation_invariants_v1,7beb8d4d9a8231a484c0bb6ff44b6b2e450eee2ca8a447370f350ed8678929cb,"{""density_coefficients"":[13,4],""dipole"":[1,3],""electron_energy"":[1],""electrostatic_energy"":[1],""energy"":[1],""node_feats"":[13,13824],""spin_charge_density"":[13,2,4],""spin_density"":[13,4]}"
M027_QP1_M2,S013,90254451af37bf38700ef42b4edbd03dbc8eecf07d6b7b867bf82445013e95ef,1,2,98e2450b6f31c7badf3e7d07c32bc1964725133dcf6cf60d72297ae142feb40c,artifacts/base_features/98/98e2450b6f31c7badf3e7d07c32bc1964725133dcf6cf60d72297ae142feb40c.npz,ce630199c09444a0e56615ef9aadb221509f93192d7e42d1f28c6a79ec389fca,3095,-6780.21963759816,polar-1-l,9f65f8dc6ddaff1d631e299cb531376a7da5e68d1bef04f34a2d5073d5ef114b,0.3.16,4d2da09413ac1407f37cdbb6b81fa28e4c15655e,e552c116b7d2c653f98b01f5c4fd599997f19f669a32bc6bf16396dd9f79365b,0.4.0,0e21d5546c482d08388a08eb4d948e833227ce47,079b233934150a3eee30444ce2408e09895ec4dd958ec60a822f870fa1284b99,float64,polar1l_rotation_invariants_v1,7beb8d4d9a8231a484c0bb6ff44b6b2e450eee2ca8a447370f350ed8678929cb,"{""density_coefficients"":[13,4],""dipole"":[1,3],""electron_energy"":[1],""electrostatic_energy"":[1],""energy"":[1],""node_feats"":[13,13824],""spin_charge_density"":[13,2,4],""spin_density"":[13,4]}"
M027_QP1_M2,S014,bd77f3fa0705efc2228aca7e9d48857166a8baffe739e46721f240ef81ed3b86,1,2,2be5d2745ba97116b0f4e775f6a395a9865bc5138302d69ff3f234e7f35c6729,artifacts/base_features/2b/2be5d2745ba97116b0f4e775f6a395a9865bc5138302d69ff3f234e7f35c6729.npz,e71bca821a6655ccdfd2ad9ef8efb22846ff0d892baa0d9b02b97b8e7c799796,3095,-6780.22240759035,polar-1-l,9f65f8dc6ddaff1d631e299cb531376a7da5e68d1bef04f34a2d5073d5ef114b,0.3.16,4d2da09413ac1407f37cdbb6b81fa28e4c15655e,e552c116b7d2c653f98b01f5c4fd599997f19f669a32bc6bf16396dd9f79365b,0.4.0,0e21d5546c482d08388a08eb4d948e833227ce47,079b233934150a3eee30444ce2408e09895ec4dd958ec60a822f870fa1284b99,float64,polar1l_rotation_invariants_v1,7beb8d4d9a8231a484c0bb6ff44b6b2e450eee2ca8a447370f350ed8678929cb,"{""density_coefficients"":[13,4],""dipole"":[1,3],""electron_energy"":[1],""electrostatic_energy"":[1],""energy"":[1],""node_feats"":[13,13824],""spin_charge_density"":[13,2,4],""spin_density"":[13,4]}"
M027_QP1_M2,S015,000b94d82c1c14ba42848de3ecac46d649e7a5e8edc6d9ea8402f7d44557c009,1,2,07d40fa160111acdcc6295ed1312d55eb517757e38af1fe081a5dfa07789f6ed,artifacts/base_features/07/07d40fa160111acdcc6295ed1312d55eb517757e38af1fe081a5dfa07789f6ed.npz,ca48f55ec42727b67dc217cf7d30cb46b8aac2787a9d5319773c90fac1dfbeb3,3095,-6780.22065635832,polar-1-l,9f65f8dc6ddaff1d631e299cb531376a7da5e68d1bef04f34a2d5073d5ef114b,0.3.16,4d2da09413ac1407f37cdbb6b81fa28e4c15655e,e552c116b7d2c653f98b01f5c4fd599997f19f669a32bc6bf16396dd9f79365b,0.4.0,0e21d5546c482d08388a08eb4d948e833227ce47,079b233934150a3eee30444ce2408e09895ec4dd958ec60a822f870fa1284b99,float64,polar1l_rotation_invariants_v1,7beb8d4d9a8231a484c0bb6ff44b6b2e450eee2ca8a447370f350ed8678929cb,"{""density_coefficients"":[13,4],""dipole"":[1,3],""electron_energy"":[1],""electrostatic_energy"":[1],""energy"":[1],""node_feats"":[13,13824],""spin_charge_density"":[13,2,4],""spin_density"":[13,4]}"
M027_QP1_M2,S016,f3d2afc57f8ce4aad525751bfa8afe93a762e8e1ad92876354caee5aa401af5f,1,2,502197f6f0c234e1c4aae99519d25731c733dfaf021a04302dfe421cd5e72ca8,artifacts/base_features/50/502197f6f0c234e1c4aae99519d25731c733dfaf021a04302dfe421cd5e72ca8.npz,7d87332914a58b50a8eb697e406bbe323c8d451852ff74971259d4bcf32b1671,3095,-6780.22075363133,polar-1-l,9f65f8dc6ddaff1d631e299cb531376a7da5e68d1bef04f34a2d5073d5ef114b,0.3.16,4d2da09413ac1407f37cdbb6b81fa28e4c15655e,e552c116b7d2c653f98b01f5c4fd599997f19f669a32bc6bf16396dd9f79365b,0.4.0,0e21d5546c482d08388a08eb4d948e833227ce47,079b233934150a3eee30444ce2408e09895ec4dd958ec60a822f870fa1284b99,float64,polar1l_rotation_invariants_v1,7beb8d4d9a8231a484c0bb6ff44b6b2e450eee2ca8a447370f350ed8678929cb,"{""density_coefficients"":[13,4],""dipole"":[1,3],""electron_energy"":[1],""electrostatic_energy"":[1],""energy"":[1],""node_feats"":[13,13824],""spin_charge_density"":[13,2,4],""spin_density"":[13,4]}"
M027_QP1_M2,S017,f0564140fb0db05ce255a3c8fa5687c3fa5d06c67f93852a7d2dbf4b0d790d79,1,2,a5c93cef44d66a6198475b6dff9781ba77f53994b662aa76044d47c2d2da970e,artifacts/base_features/a5/a5c93cef44d66a6198475b6dff9781ba77f53994b662aa76044d47c2d2da970e.npz,2fd77eb1472e23ef85b32af263f81083adfebac5aa13785f41850eedd2c4a9a8,3095,-6780.21984705868,polar-1-l,9f65f8dc6ddaff1d631e299cb531376a7da5e68d1bef04f34a2d5073d5ef114b,0.3.16,4d2da09413ac1407f37cdbb6b81fa28e4c15655e,e552c116b7d2c653f98b01f5c4fd599997f19f669a32bc6bf16396dd9f79365b,0.4.0,0e21d5546c482d08388a08eb4d948e833227ce47,079b233934150a3eee30444ce2408e09895ec4dd958ec60a822f870fa1284b99,float64,polar1l_rotation_invariants_v1,7beb8d4d9a8231a484c0bb6ff44b6b2e450eee2ca8a447370f350ed8678929cb,"{""density_coefficients"":[13,4],""dipole"":[1,3],""electron_energy"":[1],""electrostatic_energy"":[1],""energy"":[1],""node_feats"":[13,13824],""spin_charge_density"":[13,2,4],""spin_density"":[13,4]}"
M027_QP1_M2,S018,1fff2dbd0fb561fa8ef5841e38983f86ef2cb3e37aba1de92f84f88e213e9141,1,2,c923614c6605cf3b802d352ace0af37f5d916292cba665159ec556fb627eee68,artifacts/base_features/c9/c923614c6605cf3b802d352ace0af37f5d916292cba665159ec556fb627eee68.npz,1964b3b7f09b550149acb55d66762f69a5febf00af4ba1310fd88137da969098,3095,-6780.22075690866,polar-1-l,9f65f8dc6ddaff1d631e299cb531376a7da5e68d1bef04f34a2d5073d5ef114b,0.3.16,4d2da09413ac1407f37cdbb6b81fa28e4c15655e,e552c116b7d2c653f98b01f5c4fd599997f19f669a32bc6bf16396dd9f79365b,0.4.0,0e21d5546c482d08388a08eb4d948e833227ce47,079b233934150a3eee30444ce2408e09895ec4dd958ec60a822f870fa1284b99,float64,polar1l_rotation_invariants_v1,7beb8d4d9a8231a484c0bb6ff44b6b2e450eee2ca8a447370f350ed8678929cb,"{""density_coefficients"":[13,4],""dipole"":[1,3],""electron_energy"":[1],""electrostatic_energy"":[1],""energy"":[1],""node_feats"":[13,13824],""spin_charge_density"":[13,2,4],""spin_density"":[13,4]}"
M027_QP1_M2,S019,5a6560a423fc47e31a7726f37d600e312fb05fa8f67f44af951c5401ee95d034,1,2,f0bfe99099bc6dbf43c8754102a6d3f80ce450c9904d474f4c23172fefd395f3,artifacts/base_features/f0/f0bfe99099bc6dbf43c8754102a6d3f80ce450c9904d474f4c23172fefd395f3.npz,c27e9046e0559e7f9a71d240b3eb2cdded70ace1aa92cfc502ce3d575bd0e8f0,3095,-6780.21968832007,polar-1-l,9f65f8dc6ddaff1d631e299cb531376a7da5e68d1bef04f34a2d5073d5ef114b,0.3.16,4d2da09413ac1407f37cdbb6b81fa28e4c15655e,e552c116b7d2c653f98b01f5c4fd599997f19f669a32bc6bf16396dd9f79365b,0.4.0,0e21d5546c482d08388a08eb4d948e833227ce47,079b233934150a3eee30444ce2408e09895ec4dd958ec60a822f870fa1284b99,float64,polar1l_rotation_invariants_v1,7beb8d4d9a8231a484c0bb6ff44b6b2e450eee2ca8a447370f350ed8678929cb,"{""density_coefficients"":[13,4],""dipole"":[1,3],""electron_energy"":[1],""electrostatic_energy"":[1],""energy"":[1],""node_feats"":[13,13824],""spin_charge_density"":[13,2,4],""spin_density"":[13,4]}"
M027_QP1_M2,S020,ff13e8c17ab626a7e38e5a8626d9470c7bf854b9bc0bb2c3c53e24fc2fb68371,1,2,0862848939dc92f2cff5516f09fbc895477e0df3e212b09516953f0a382d9c1f,artifacts/base_features/08/0862848939dc92f2cff5516f09fbc895477e0df3e212b09516953f0a382d9c1f.npz,b3b6710fb4732d918234ed41b2795839ca13d35c722e7dd955944f00c90dbf87,3095,-6780.22163462199,polar-1-l,9f65f8dc6ddaff1d631e299cb531376a7da5e68d1bef04f34a2d5073d5ef114b,0.3.16,4d2da09413ac1407f37cdbb6b81fa28e4c15655e,e552c116b7d2c653f98b01f5c4fd599997f19f669a32bc6bf16396dd9f79365b,0.4.0,0e21d5546c482d08388a08eb4d948e833227ce47,079b233934150a3eee30444ce2408e09895ec4dd958ec60a822f870fa1284b99,float64,polar1l_rotation_invariants_v1,7beb8d4d9a8231a484c0bb6ff44b6b2e450eee2ca8a447370f350ed8678929cb,"{""density_coefficients"":[13,4],""dipole"":[1,3],""electron_energy"":[1],""electrostatic_energy"":[1],""energy"":[1],""node_feats"":[13,13824],""spin_charge_density"":[13,2,4],""spin_density"":[13,4]}"
M027_QP1_M2,S021,1dd1e79e00330b469f8e9f221f289da04a58205b56fb5e972a48cb46e1fa64f7,1,2,bd96e10a363ad3289033b57effa62eb29e7ab522f8684eedd824926dad1056d9,artifacts/base_features/bd/bd96e10a363ad3289033b57effa62eb29e7ab522f8684eedd824926dad1056d9.npz,a585bdc03cbdf65ffe00d733278f1a4fde283d398285b3ad3acde04b78225383,3095,-6780.221028066,polar-1-l,9f65f8dc6ddaff1d631e299cb531376a7da5e68d1bef04f34a2d5073d5ef114b,0.3.16,4d2da09413ac1407f37cdbb6b81fa28e4c15655e,e552c116b7d2c653f98b01f5c4fd599997f19f669a32bc6bf16396dd9f79365b,0.4.0,0e21d5546c482d08388a08eb4d948e833227ce47,079b233934150a3eee30444ce2408e09895ec4dd958ec60a822f870fa1284b99,float64,polar1l_rotation_invariants_v1,7beb8d4d9a8231a484c0bb6ff44b6b2e450eee2ca8a447370f350ed8678929cb,"{""density_coefficients"":[13,4],""dipole"":[1,3],""electron_energy"":[1],""electrostatic_energy"":[1],""energy"":[1],""node_feats"":[13,13824],""spin_charge_density"":[13,2,4],""spin_density"":[13,4]}"
M027_QP1_M2,S022,e6d3caf3349c1e7c000deddac907d27ef3476c8b7c96eb552433531cb7ba0483,1,2,605730301b48f136de1f787247a13fb26a88b1c9196e643c184b961fbe465baf,artifacts/base_features/60/605730301b48f136de1f787247a13fb26a88b1c9196e643c184b961fbe465baf.npz,75b6dcfac8a8e3e027c679385b41eadcd02757192493632a13880fac309fc4d5,3095,-6780.21926126953,polar-1-l,9f65f8dc6ddaff1d631e299cb531376a7da5e68d1bef04f34a2d5073d5ef114b,0.3.16,4d2da09413ac1407f37cdbb6b81fa28e4c15655e,e552c116b7d2c653f98b01f5c4fd599997f19f669a32bc6bf16396dd9f79365b,0.4.0,0e21d5546c482d08388a08eb4d948e833227ce47,079b233934150a3eee30444ce2408e09895ec4dd958ec60a822f870fa1284b99,float64,polar1l_rotation_invariants_v1,7beb8d4d9a8231a484c0bb6ff44b6b2e450eee2ca8a447370f350ed8678929cb,"{""density_coefficients"":[13,4],""dipole"":[1,3],""electron_energy"":[1],""electrostatic_energy"":[1],""energy"":[1],""node_feats"":[13,13824],""spin_charge_density"":[13,2,4],""spin_density"":[13,4]}"
M027_QP1_M2,S023,52bf8b748ae87a19d6a62a79f58a5e04da5148cac35abdf1e6870b981735e238,1,2,2c2898786e58b747f0e83851d6b3da871afbced8c5d114527707813015437fc7,artifacts/base_features/2c/2c2898786e58b747f0e83851d6b3da871afbced8c5d114527707813015437fc7.npz,841b4c172a53918b224762f4c5446ea2500578d1ae1ec82aea7feda05d765c63,3095,-6780.22378770693,polar-1-l,9f65f8dc6ddaff1d631e299cb531376a7da5e68d1bef04f34a2d5073d5ef114b,0.3.16,4d2da09413ac1407f37cdbb6b81fa28e4c15655e,e552c116b7d2c653f98b01f5c4fd599997f19f669a32bc6bf16396dd9f79365b,0.4.0,0e21d5546c482d08388a08eb4d948e833227ce47,079b233934150a3eee30444ce2408e09895ec4dd958ec60a822f870fa1284b99,float64,polar1l_rotation_invariants_v1,7beb8d4d9a8231a484c0bb6ff44b6b2e450eee2ca8a447370f350ed8678929cb,"{""density_coefficients"":[13,4],""dipole"":[1,3],""electron_energy"":[1],""electrostatic_energy"":[1],""energy"":[1],""node_feats"":[13,13824],""spin_charge_density"":[13,2,4],""spin_density"":[13,4]}"
M027_QP1_M2,S024,2d52a19f6c4bf0e228884acd682de8875e3cfead15e4d194dcc9c93426395fcd,1,2,cca65090ff35656f7d960e9ad9d1b7b57d31f666568de9dda13c4a724a0509f9,artifacts/base_features/cc/cca65090ff35656f7d960e9ad9d1b7b57d31f666568de9dda13c4a724a0509f9.npz,1c24537869a5eefe19085a44a7178ea4129c662c89a7b814058e68e539c7242f,3095,-6780.22554305151,polar-1-l,9f65f8dc6ddaff1d631e299cb531376a7da5e68d1bef04f34a2d5073d5ef114b,0.3.16,4d2da09413ac1407f37cdbb6b81fa28e4c15655e,e552c116b7d2c653f98b01f5c4fd599997f19f669a32bc6bf16396dd9f79365b,0.4.0,0e21d5546c482d08388a08eb4d948e833227ce47,079b233934150a3eee30444ce2408e09895ec4dd958ec60a822f870fa1284b99,float64,polar1l_rotation_invariants_v1,7beb8d4d9a8231a484c0bb6ff44b6b2e450eee2ca8a447370f350ed8678929cb,"{""density_coefficients"":[13,4],""dipole"":[1,3],""electron_energy"":[1],""electrostatic_energy"":[1],""energy"":[1],""node_feats"":[13,13824],""spin_charge_density"":[13,2,4],""spin_density"":[13,4]}"
M027_QP1_M2,S025,7117702b48ee306a679912fc3f45cc2d58ca04f8a9d187dc2797c7b73bbf9f77,1,2,7e9854cfa5282708d18cfadabdee8cc8dd373fd5259b8834178eb012bae96ed5,artifacts/base_features/7e/7e9854cfa5282708d18cfadabdee8cc8dd373fd5259b8834178eb012bae96ed5.npz,11b17188bbc846ff655e44a245f0c8cd8bec4873e9632a5f357311faf9acad1f,3095,-6780.22216798063,polar-1-l,9f65f8dc6ddaff1d631e299cb531376a7da5e68d1bef04f34a2d5073d5ef114b,0.3.16,4d2da09413ac1407f37cdbb6b81fa28e4c15655e,e552c116b7d2c653f98b01f5c4fd599997f19f669a32bc6bf16396dd9f79365b,0.4.0,0e21d5546c482d08388a08eb4d948e833227ce47,079b233934150a3eee30444ce2408e09895ec4dd958ec60a822f870fa1284b99,float64,polar1l_rotation_invariants_v1,7beb8d4d9a8231a484c0bb6ff44b6b2e450eee2ca8a447370f350ed8678929cb,"{""density_coefficients"":[13,4],""dipole"":[1,3],""electron_energy"":[1],""electrostatic_energy"":[1],""energy"":[1],""node_feats"":[13,13824],""spin_charge_density"":[13,2,4],""spin_density"":[13,4]}"
M031_Q0_M1,S003,961a452bdfe2be406827fe18e46c247907d237aec8d51df7d5e453ac366f305c,0,1,fc4526f3adfa5fea79561a523d8d1bb1b4ef2682312dbfa74b3da26d85e99fe3,artifacts/base_features/fc/fc4526f3adfa5fea79561a523d8d1bb1b4ef2682312dbfa74b3da26d85e99fe3.npz,6f254570855522d83aad763eafd53c77d8c590f125837046fd0af611979157cd,3095,-14274.929954642,polar-1-l,9f65f8dc6ddaff1d631e299cb531376a7da5e68d1bef04f34a2d5073d5ef114b,0.3.16,4d2da09413ac1407f37cdbb6b81fa28e4c15655e,e552c116b7d2c653f98b01f5c4fd599997f19f669a32bc6bf16396dd9f79365b,0.4.0,0e21d5546c482d08388a08eb4d948e833227ce47,079b233934150a3eee30444ce2408e09895ec4dd958ec60a822f870fa1284b99,float64,polar1l_rotation_invariants_v1,7beb8d4d9a8231a484c0bb6ff44b6b2e450eee2ca8a447370f350ed8678929cb,"{""density_coefficients"":[34,4],""dipole"":[1,3],""electron_energy"":[1],""electrostatic_energy"":[1],""energy"":[1],""node_feats"":[34,13824],""spin_charge_density"":[34,2,4],""spin_density"":[34,4]}"
M031_Q0_M1,S013,d0f9e698cb7b224cc65ca3dae6de75bf074074d13fbf315d8d5040c4cb650f7c,0,1,b1da48a2c11e0df8af6ef3bd17b9669c55cf6a8daf0fd81eaf3039f42e7ebad0,artifacts/base_features/b1/b1da48a2c11e0df8af6ef3bd17b9669c55cf6a8daf0fd81eaf3039f42e7ebad0.npz,92895627b397fd522e0db2718cc3841b754afee911bdf0b81c6fdcf270256130,3095,-14274.9300088663,polar-1-l,9f65f8dc6ddaff1d631e299cb531376a7da5e68d1bef04f34a2d5073d5ef114b,0.3.16,4d2da09413ac1407f37cdbb6b81fa28e4c15655e,e552c116b7d2c653f98b01f5c4fd599997f19f669a32bc6bf16396dd9f79365b,0.4.0,0e21d5546c482d08388a08eb4d948e833227ce47,079b233934150a3eee30444ce2408e09895ec4dd958ec60a822f870fa1284b99,float64,polar1l_rotation_invariants_v1,7beb8d4d9a8231a484c0bb6ff44b6b2e450eee2ca8a447370f350ed8678929cb,"{""density_coefficients"":[34,4],""dipole"":[1,3],""electron_energy"":[1],""electrostatic_energy"":[1],""energy"":[1],""node_feats"":[34,13824],""spin_charge_density"":[34,2,4],""spin_density"":[34,4]}"
M031_Q0_M1,S014,57200625b3732d9e2fe6f8d1674b6ad02a5bec7b6293a3e2d972a7c0e96888de,0,1,0dfea8546913350bf64ffe56c205f41f2840c5abd19ec4ab47d813012cb94c59,artifacts/base_features/0d/0dfea8546913350bf64ffe56c205f41f2840c5abd19ec4ab47d813012cb94c59.npz,27baa973822fa03adb6b9f97a1ff1767cd3bf97d2f249185b1bdb46c14509f95,3095,-14274.9305955194,polar-1-l,9f65f8dc6ddaff1d631e299cb531376a7da5e68d1bef04f34a2d5073d5ef114b,0.3.16,4d2da09413ac1407f37cdbb6b81fa28e4c15655e,e552c116b7d2c653f98b01f5c4fd599997f19f669a32bc6bf16396dd9f79365b,0.4.0,0e21d5546c482d08388a08eb4d948e833227ce47,079b233934150a3eee30444ce2408e09895ec4dd958ec60a822f870fa1284b99,float64,polar1l_rotation_invariants_v1,7beb8d4d9a8231a484c0bb6ff44b6b2e450eee2ca8a447370f350ed8678929cb,"{""density_coefficients"":[34,4],""dipole"":[1,3],""electron_energy"":[1],""electrostatic_energy"":[1],""energy"":[1],""node_feats"":[34,13824],""spin_charge_density"":[34,2,4],""spin_density"":[34,4]}"
M031_Q0_M1,S020,2ff190a0084e0fec8286daa29c6dd13bf5d3175952e1c1a15c393edb3ff1c5d8,0,1,c3645bd40e5d77edeecd46b8984b1f3458b860c85979a370ed82bc3c7eebefd6,artifacts/base_features/c3/c3645bd40e5d77edeecd46b8984b1f3458b860c85979a370ed82bc3c7eebefd6.npz,537ce7a95f0507a09d3af7d08bf51183ee0b2dfea1a414e81f266e1c5afb45d9,3095,-14274.9302286513,polar-1-l,9f65f8dc6ddaff1d631e299cb531376a7da5e68d1bef04f34a2d5073d5ef114b,0.3.16,4d2da09413ac1407f37cdbb6b81fa28e4c15655e,e552c116b7d2c653f98b01f5c4fd599997f19f669a32bc6bf16396dd9f79365b,0.4.0,0e21d5546c482d08388a08eb4d948e833227ce47,079b233934150a3eee30444ce2408e09895ec4dd958ec60a822f870fa1284b99,float64,polar1l_rotation_invariants_v1,7beb8d4d9a8231a484c0bb6ff44b6b2e450eee2ca8a447370f350ed8678929cb,"{""density_coefficients"":[34,4],""dipole"":[1,3],""electron_energy"":[1],""electrostatic_energy"":[1],""energy"":[1],""node_feats"":[34,13824],""spin_charge_density"":[34,2,4],""spin_density"":[34,4]}"
M031_QP1_M2,S003,f69e8569ada2abcb0dd50dfbd9868d30885a748f051c0f2c9649b57ff9a54f75,1,2,5b6c8f6871c5ddcab207380fca4e412f527784f33e548d280e6eb2faad8d2ec7,artifacts/base_features/5b/5b6c8f6871c5ddcab207380fca4e412f527784f33e548d280e6eb2faad8d2ec7.npz,77e4bfafd55fd2b36408c6d090c2a70510908bf7f2bebb5252680c2356acbfe4,3095,-14267.1428945185,polar-1-l,9f65f8dc6ddaff1d631e299cb531376a7da5e68d1bef04f34a2d5073d5ef114b,0.3.16,4d2da09413ac1407f37cdbb6b81fa28e4c15655e,e552c116b7d2c653f98b01f5c4fd599997f19f669a32bc6bf16396dd9f79365b,0.4.0,0e21d5546c482d08388a08eb4d948e833227ce47,079b233934150a3eee30444ce2408e09895ec4dd958ec60a822f870fa1284b99,float64,polar1l_rotation_invariants_v1,7beb8d4d9a8231a484c0bb6ff44b6b2e450eee2ca8a447370f350ed8678929cb,"{""density_coefficients"":[34,4],""dipole"":[1,3],""electron_energy"":[1],""electrostatic_energy"":[1],""energy"":[1],""node_feats"":[34,13824],""spin_charge_density"":[34,2,4],""spin_density"":[34,4]}"
M031_QP1_M2,S013,c93396321c5907ebfae923741ef05defcf37a401be087b25e696fbbc42f22369,1,2,9bfa4796a208dc11a5dcfafe74e2d1a3bebb07b0b88b42326eacf33763a144b1,artifacts/base_features/9b/9bfa4796a208dc11a5dcfafe74e2d1a3bebb07b0b88b42326eacf33763a144b1.npz,1611a3e04345cdb3ba3c7148a5293597bf31fe430534554fe6dcb7c055ff3d34,3095,-14267.1426670127,polar-1-l,9f65f8dc6ddaff1d631e299cb531376a7da5e68d1bef04f34a2d5073d5ef114b,0.3.16,4d2da09413ac1407f37cdbb6b81fa28e4c15655e,e552c116b7d2c653f98b01f5c4fd599997f19f669a32bc6bf16396dd9f79365b,0.4.0,0e21d5546c482d08388a08eb4d948e833227ce47,079b233934150a3eee30444ce2408e09895ec4dd958ec60a822f870fa1284b99,float64,polar1l_rotation_invariants_v1,7beb8d4d9a8231a484c0bb6ff44b6b2e450eee2ca8a447370f350ed8678929cb,"{""density_coefficients"":[34,4],""dipole"":[1,3],""electron_energy"":[1],""electrostatic_energy"":[1],""energy"":[1],""node_feats"":[34,13824],""spin_charge_density"":[34,2,4],""spin_density"":[34,4]}"
M031_QP1_M2,S014,0541bbec7c4451872ed4e6ec66bd7f8d7a061de7a18d03c80713a8ea0527f0ee,1,2,bf836f8e3b9877f8378adca4ad3471b25b66be8ef22be9929d5930f508d2cb5f,artifacts/base_features/bf/bf836f8e3b9877f8378adca4ad3471b25b66be8ef22be9929d5930f508d2cb5f.npz,f467b492b5148007c85af40615bb59973d3f1a1574523d9f4d8e4019126ada7a,3095,-14267.138003219,polar-1-l,9f65f8dc6ddaff1d631e299cb531376a7da5e68d1bef04f34a2d5073d5ef114b,0.3.16,4d2da09413ac1407f37cdbb6b81fa28e4c15655e,e552c116b7d2c653f98b01f5c4fd599997f19f669a32bc6bf16396dd9f79365b,0.4.0,0e21d5546c482d08388a08eb4d948e833227ce47,079b233934150a3eee30444ce2408e09895ec4dd958ec60a822f870fa1284b99,float64,polar1l_rotation_invariants_v1,7beb8d4d9a8231a484c0bb6ff44b6b2e450eee2ca8a447370f350ed8678929cb,"{""density_coefficients"":[34,4],""dipole"":[1,3],""electron_energy"":[1],""electrostatic_energy"":[1],""energy"":[1],""node_feats"":[34,13824],""spin_charge_density"":[34,2,4],""spin_density"":[34,4]}"
M031_QP1_M2,S020,3e3e4bdd9a6c3ddf136221e51a79731eccae1475300091dbc77e3eb5facfe981,1,2,e197c8896c06414652714ae81026cf707f24a86e64f0952f0130b0010ff19962,artifacts/base_features/e1/e197c8896c06414652714ae81026cf707f24a86e64f0952f0130b0010ff19962.npz,cb5309323fe0212f013b1698c568370e566b31628a0969511a9926400c891d54,3095,-14267.1413817648,polar-1-l,9f65f8dc6ddaff1d631e299cb531376a7da5e68d1bef04f34a2d5073d5ef114b,0.3.16,4d2da09413ac1407f37cdbb6b81fa28e4c15655e,e552c116b7d2c653f98b01f5c4fd599997f19f669a32bc6bf16396dd9f79365b,0.4.0,0e21d5546c482d08388a08eb4d948e833227ce47,079b233934150a3eee30444ce2408e09895ec4dd958ec60a822f870fa1284b99,float64,polar1l_rotation_invariants_v1,7beb8d4d9a8231a484c0bb6ff44b6b2e450eee2ca8a447370f350ed8678929cb,"{""density_coefficients"":[34,4],""dipole"":[1,3],""electron_energy"":[1],""electrostatic_energy"":[1],""energy"":[1],""node_feats"":[34,13824],""spin_charge_density"":[34,2,4],""spin_density"":[34,4]}"
M036_Q0_M1,S001,aafff0d237bcdb92bcdf3444ee7f5331e19112258744e266329368fb75365ed3,0,1,9d335ac8ccb3eddab893a44b130e2dba61c6b047cf9580875e5674bbd5a3787b,artifacts/base_features/9d/9d335ac8ccb3eddab893a44b130e2dba61c6b047cf9580875e5674bbd5a3787b.npz,dd439ed1e2fe8d75519d6e53c0bcc4e7302d3925ba7edb5375b6c091d8a1a5fa,3095,-11919.3529833805,polar-1-l,9f65f8dc6ddaff1d631e299cb531376a7da5e68d1bef04f34a2d5073d5ef114b,0.3.16,4d2da09413ac1407f37cdbb6b81fa28e4c15655e,e552c116b7d2c653f98b01f5c4fd599997f19f669a32bc6bf16396dd9f79365b,0.4.0,0e21d5546c482d08388a08eb4d948e833227ce47,079b233934150a3eee30444ce2408e09895ec4dd958ec60a822f870fa1284b99,float64,polar1l_rotation_invariants_v1,7beb8d4d9a8231a484c0bb6ff44b6b2e450eee2ca8a447370f350ed8678929cb,"{""density_coefficients"":[16,4],""dipole"":[1,3],""electron_energy"":[1],""electrostatic_energy"":[1],""energy"":[1],""node_feats"":[16,13824],""spin_charge_density"":[16,2,4],""spin_density"":[16,4]}"
M036_Q0_M1,S007,788d4a36805239a746a1332377583918d90dbd673df5c5e0228738b732c96565,0,1,6beab18b86c3d8077a659442a7fffd623728bdb813c02da1399b94a4e07ad46b,artifacts/base_features/6b/6beab18b86c3d8077a659442a7fffd623728bdb813c02da1399b94a4e07ad46b.npz,2a78c29d0b6cce298c2b34163d2f8d96f6e354da7384d0006d0db0f9d225cf6b,3095,-11919.3528696334,polar-1-l,9f65f8dc6ddaff1d631e299cb531376a7da5e68d1bef04f34a2d5073d5ef114b,0.3.16,4d2da09413ac1407f37cdbb6b81fa28e4c15655e,e552c116b7d2c653f98b01f5c4fd599997f19f669a32bc6bf16396dd9f79365b,0.4.0,0e21d5546c482d08388a08eb4d948e833227ce47,079b233934150a3eee30444ce2408e09895ec4dd958ec60a822f870fa1284b99,float64,polar1l_rotation_invariants_v1,7beb8d4d9a8231a484c0bb6ff44b6b2e450eee2ca8a447370f350ed8678929cb,"{""density_coefficients"":[16,4],""dipole"":[1,3],""electron_energy"":[1],""electrostatic_energy"":[1],""energy"":[1],""node_feats"":[16,13824],""spin_charge_density"":[16,2,4],""spin_density"":[16,4]}"
M036_Q0_M1,S017,fc5febb2883cfbbf1394315ef2292349a493f731b724445c7781c363e45094c2,0,1,82ae87a42d12435a0c528c5f01cbba1ddd88c7eaa5005127990920f72fc90e51,artifacts/base_features/82/82ae87a42d12435a0c528c5f01cbba1ddd88c7eaa5005127990920f72fc90e51.npz,1e3a4af8d70c96319f5a4ac1a86811f9f7c0553d9f410d14c562b80d19ccabcd,3095,-11919.3537023107,polar-1-l,9f65f8dc6ddaff1d631e299cb531376a7da5e68d1bef04f34a2d5073d5ef114b,0.3.16,4d2da09413ac1407f37cdbb6b81fa28e4c15655e,e552c116b7d2c653f98b01f5c4fd599997f19f669a32bc6bf16396dd9f79365b,0.4.0,0e21d5546c482d08388a08eb4d948e833227ce47,079b233934150a3eee30444ce2408e09895ec4dd958ec60a822f870fa1284b99,float64,polar1l_rotation_invariants_v1,7beb8d4d9a8231a484c0bb6ff44b6b2e450eee2ca8a447370f350ed8678929cb,"{""density_coefficients"":[16,4],""dipole"":[1,3],""electron_energy"":[1],""electrostatic_energy"":[1],""energy"":[1],""node_feats"":[16,13824],""spin_charge_density"":[16,2,4],""spin_density"":[16,4]}"
M036_Q0_M1,S022,de3087d8bce00ceb248b753564ce5f0614633940e8d6f6de67f86e0ca7436042,0,1,3abc92771294166f2a9f76d03d24a72284cc94754f4fc4503484a4850fe02273,artifacts/base_features/3a/3abc92771294166f2a9f76d03d24a72284cc94754f4fc4503484a4850fe02273.npz,30871be99b6da1259c8e91673ff39590e7171d3b6011fcb45bf61e4c213b7f57,3095,-11919.3526935268,polar-1-l,9f65f8dc6ddaff1d631e299cb531376a7da5e68d1bef04f34a2d5073d5ef114b,0.3.16,4d2da09413ac1407f37cdbb6b81fa28e4c15655e,e552c116b7d2c653f98b01f5c4fd599997f19f669a32bc6bf16396dd9f79365b,0.4.0,0e21d5546c482d08388a08eb4d948e833227ce47,079b233934150a3eee30444ce2408e09895ec4dd958ec60a822f870fa1284b99,float64,polar1l_rotation_invariants_v1,7beb8d4d9a8231a484c0bb6ff44b6b2e450eee2ca8a447370f350ed8678929cb,"{""density_coefficients"":[16,4],""dipole"":[1,3],""electron_energy"":[1],""electrostatic_energy"":[1],""energy"":[1],""node_feats"":[16,13824],""spin_charge_density"":[16,2,4],""spin_density"":[16,4]}"
M036_QP1_M2,S001,cc5b05667792c5d47e8d9dbdd184eafdd2361cecfce1caa78e19704627fa6afd,1,2,b12681d1470a6a513ccad171a23e4280906f72263f72a52ab165816663db8b0f,artifacts/base_features/b1/b12681d1470a6a513ccad171a23e4280906f72263f72a52ab165816663db8b0f.npz,52e865ea68f498189bf880e8e19dc4788ef832c99f3b6a501e71b676da67594b,3095,-11911.8284236592,polar-1-l,9f65f8dc6ddaff1d631e299cb531376a7da5e68d1bef04f34a2d5073d5ef114b,0.3.16,4d2da09413ac1407f37cdbb6b81fa28e4c15655e,e552c116b7d2c653f98b01f5c4fd599997f19f669a32bc6bf16396dd9f79365b,0.4.0,0e21d5546c482d08388a08eb4d948e833227ce47,079b233934150a3eee30444ce2408e09895ec4dd958ec60a822f870fa1284b99,float64,polar1l_rotation_invariants_v1,7beb8d4d9a8231a484c0bb6ff44b6b2e450eee2ca8a447370f350ed8678929cb,"{""density_coefficients"":[16,4],""dipole"":[1,3],""electron_energy"":[1],""electrostatic_energy"":[1],""energy"":[1],""node_feats"":[16,13824],""spin_charge_density"":[16,2,4],""spin_density"":[16,4]}"
M036_QP1_M2,S007,c24eb32062cf0930415d0cb8ed8a83bb062bb6f2b5cb258f14b67f79bab357c2,1,2,ab9133c4bc8ac212d060de2087b50970ea7bbc9b5e350dd156d042bbe0c51940,artifacts/base_features/ab/ab9133c4bc8ac212d060de2087b50970ea7bbc9b5e350dd156d042bbe0c51940.npz,5ea5b787b942b1ccaefb96383f4b246046bf3da88a49f0e668cd2fd10937c425,3095,-11911.8284434362,polar-1-l,9f65f8dc6ddaff1d631e299cb531376a7da5e68d1bef04f34a2d5073d5ef114b,0.3.16,4d2da09413ac1407f37cdbb6b81fa28e4c15655e,e552c116b7d2c653f98b01f5c4fd599997f19f669a32bc6bf16396dd9f79365b,0.4.0,0e21d5546c482d08388a08eb4d948e833227ce47,079b233934150a3eee30444ce2408e09895ec4dd958ec60a822f870fa1284b99,float64,polar1l_rotation_invariants_v1,7beb8d4d9a8231a484c0bb6ff44b6b2e450eee2ca8a447370f350ed8678929cb,"{""density_coefficients"":[16,4],""dipole"":[1,3],""electron_energy"":[1],""electrostatic_energy"":[1],""energy"":[1],""node_feats"":[16,13824],""spin_charge_density"":[16,2,4],""spin_density"":[16,4]}"
M036_QP1_M2,S017,428ae8b09382ac89ffc77cf70ba73a30c1c094271e5ff0d1729faedfc933e7c2,1,2,71bfba7c37a026a1429a1b41aa9ac8a833acba467e7fdc70a4e52f1299a68583,artifacts/base_features/71/71bfba7c37a026a1429a1b41aa9ac8a833acba467e7fdc70a4e52f1299a68583.npz,d6267cb97f9453fc94eb0ac46e880dbdc53186a57c6913065f01653130e76b98,3095,-11911.8282808978,polar-1-l,9f65f8dc6ddaff1d631e299cb531376a7da5e68d1bef04f34a2d5073d5ef114b,0.3.16,4d2da09413ac1407f37cdbb6b81fa28e4c15655e,e552c116b7d2c653f98b01f5c4fd599997f19f669a32bc6bf16396dd9f79365b,0.4.0,0e21d5546c482d08388a08eb4d948e833227ce47,079b233934150a3eee30444ce2408e09895ec4dd958ec60a822f870fa1284b99,float64,polar1l_rotation_invariants_v1,7beb8d4d9a8231a484c0bb6ff44b6b2e450eee2ca8a447370f350ed8678929cb,"{""density_coefficients"":[16,4],""dipole"":[1,3],""electron_energy"":[1],""electrostatic_energy"":[1],""energy"":[1],""node_feats"":[16,13824],""spin_charge_density"":[16,2,4],""spin_density"":[16,4]}"
M036_QP1_M2,S022,283d06716acd278cd87a65e77c65de76ccc1d1bdadb7cba9270af404d98c9848,1,2,0cc2908399306eb2e9bb18af5a0ff7d7c162d71124136c2347a84d225a153908,artifacts/base_features/0c/0cc2908399306eb2e9bb18af5a0ff7d7c162d71124136c2347a84d225a153908.npz,9aa6845600f4eae5ae4aa8a5b1aa40d14ab1cfe0ab42ca021281b1d4c5d7cc4c,3095,-11911.8284727084,polar-1-l,9f65f8dc6ddaff1d631e299cb531376a7da5e68d1bef04f34a2d5073d5ef114b,0.3.16,4d2da09413ac1407f37cdbb6b81fa28e4c15655e,e552c116b7d2c653f98b01f5c4fd599997f19f669a32bc6bf16396dd9f79365b,0.4.0,0e21d5546c482d08388a08eb4d948e833227ce47,079b233934150a3eee30444ce2408e09895ec4dd958ec60a822f870fa1284b99,float64,polar1l_rotation_invariants_v1,7beb8d4d9a8231a484c0bb6ff44b6b2e450eee2ca8a447370f350ed8678929cb,"{""density_coefficients"":[16,4],""dipole"":[1,3],""electron_energy"":[1],""electrostatic_energy"":[1],""energy"":[1],""node_feats"":[16,13824],""spin_charge_density"":[16,2,4],""spin_density"":[16,4]}"
M038_Q0_M1,S004,b0aed992e513df7fa147e83e9bb44a2c50853e3de240177d37ca9b3523f327a9,0,1,e53b91fd2144c674b776c770ee05b5382aad22f0817c1fe256d4b3aefca84d6f,artifacts/base_features/e5/e53b91fd2144c674b776c770ee05b5382aad22f0817c1fe256d4b3aefca84d6f.npz,04262ea55ab487aedd49949e9337471c1f56090e05d025a94e67798a406a2625,3095,-6259.37876997423,polar-1-l,9f65f8dc6ddaff1d631e299cb531376a7da5e68d1bef04f34a2d5073d5ef114b,0.3.16,4d2da09413ac1407f37cdbb6b81fa28e4c15655e,e552c116b7d2c653f98b01f5c4fd599997f19f669a32bc6bf16396dd9f79365b,0.4.0,0e21d5546c482d08388a08eb4d948e833227ce47,079b233934150a3eee30444ce2408e09895ec4dd958ec60a822f870fa1284b99,float64,polar1l_rotation_invariants_v1,7beb8d4d9a8231a484c0bb6ff44b6b2e450eee2ca8a447370f350ed8678929cb,"{""density_coefficients"":[9,4],""dipole"":[1,3],""electron_energy"":[1],""electrostatic_energy"":[1],""energy"":[1],""node_feats"":[9,13824],""spin_charge_density"":[9,2,4],""spin_density"":[9,4]}"
M038_Q0_M1,S011,de203e7b9db4c75b9a8e65138869787b3afef8fec9f56ffeb99d55324bac4553,0,1,b828d8dd52b54c8f9570b44a0947a0e52e9f35c23bfc17ac0ef0602b7c2806cd,artifacts/base_features/b8/b828d8dd52b54c8f9570b44a0947a0e52e9f35c23bfc17ac0ef0602b7c2806cd.npz,d1f2086b3f3ab13c8ae0c1467b18d74fba44d185b9e4574e84ad4a88a84a3edc,3095,-6259.37879635508,polar-1-l,9f65f8dc6ddaff1d631e299cb531376a7da5e68d1bef04f34a2d5073d5ef114b,0.3.16,4d2da09413ac1407f37cdbb6b81fa28e4c15655e,e552c116b7d2c653f98b01f5c4fd599997f19f669a32bc6bf16396dd9f79365b,0.4.0,0e21d5546c482d08388a08eb4d948e833227ce47,079b233934150a3eee30444ce2408e09895ec4dd958ec60a822f870fa1284b99,float64,polar1l_rotation_invariants_v1,7beb8d4d9a8231a484c0bb6ff44b6b2e450eee2ca8a447370f350ed8678929cb,"{""density_coefficients"":[9,4],""dipole"":[1,3],""electron_energy"":[1],""electrostatic_energy"":[1],""energy"":[1],""node_feats"":[9,13824],""spin_charge_density"":[9,2,4],""spin_density"":[9,4]}"
M038_Q0_M1,S018,902c35eb59c9f1b4779d18362c4f5aba5985d233a229bc783839a082d1b74e5e,0,1,2dbfdd121c3d0233a5bb985369d600b48d8b0a7f85d61e8dddcecbeb24a822aa,artifacts/base_features/2d/2dbfdd121c3d0233a5bb985369d600b48d8b0a7f85d61e8dddcecbeb24a822aa.npz,208ce9d6b3038c8b11a2628af5f9bcf7f42f3a2972dbb6faef64fe348cb350e4,3095,-6259.3783665662,polar-1-l,9f65f8dc6ddaff1d631e299cb531376a7da5e68d1bef04f34a2d5073d5ef114b,0.3.16,4d2da09413ac1407f37cdbb6b81fa28e4c15655e,e552c116b7d2c653f98b01f5c4fd599997f19f669a32bc6bf16396dd9f79365b,0.4.0,0e21d5546c482d08388a08eb4d948e833227ce47,079b233934150a3eee30444ce2408e09895ec4dd958ec60a822f870fa1284b99,float64,polar1l_rotation_invariants_v1,7beb8d4d9a8231a484c0bb6ff44b6b2e450eee2ca8a447370f350ed8678929cb,"{""density_coefficients"":[9,4],""dipole"":[1,3],""electron_energy"":[1],""electrostatic_energy"":[1],""energy"":[1],""node_feats"":[9,13824],""spin_charge_density"":[9,2,4],""spin_density"":[9,4]}"
M038_Q0_M1,S025,1b88dc107da281a3c5b4f41d517fb9707723b6af017b19452869aa5dce5b6cd2,0,1,0696b4d2ede9dc17375c669d7af1ebae98836ddafb0f22f34fe5f0deb3938ae6,artifacts/base_features/06/0696b4d2ede9dc17375c669d7af1ebae98836ddafb0f22f34fe5f0deb3938ae6.npz,20e03db72a2d320fcd00fb8bdc7a0a3dd302feff56e44a09ce090d0432806cb0,3095,-6259.37817688251,polar-1-l,9f65f8dc6ddaff1d631e299cb531376a7da5e68d1bef04f34a2d5073d5ef114b,0.3.16,4d2da09413ac1407f37cdbb6b81fa28e4c15655e,e552c116b7d2c653f98b01f5c4fd599997f19f669a32bc6bf16396dd9f79365b,0.4.0,0e21d5546c482d08388a08eb4d948e833227ce47,079b233934150a3eee30444ce2408e09895ec4dd958ec60a822f870fa1284b99,float64,polar1l_rotation_invariants_v1,7beb8d4d9a8231a484c0bb6ff44b6b2e450eee2ca8a447370f350ed8678929cb,"{""density_coefficients"":[9,4],""dipole"":[1,3],""electron_energy"":[1],""electrostatic_energy"":[1],""energy"":[1],""node_feats"":[9,13824],""spin_charge_density"":[9,2,4],""spin_density"":[9,4]}"
M038_QP1_M2,S004,eaebfdb1e8d3628abf0d0bfb164d3a544d991ecbb2af13c4595a76b22c5e0c53,1,2,d8a94658e68c19002ededd7aef9dda5c0cd0eb12dce813c26280ed0efce57c7b,artifacts/base_features/d8/d8a94658e68c19002ededd7aef9dda5c0cd0eb12dce813c26280ed0efce57c7b.npz,e7323fc56c454acc4cff89a1a4062dc33ac1792fb7a6032a043fb9faaf7711eb,3095,-6250.69694640194,polar-1-l,9f65f8dc6ddaff1d631e299cb531376a7da5e68d1bef04f34a2d5073d5ef114b,0.3.16,4d2da09413ac1407f37cdbb6b81fa28e4c15655e,e552c116b7d2c653f98b01f5c4fd599997f19f669a32bc6bf16396dd9f79365b,0.4.0,0e21d5546c482d08388a08eb4d948e833227ce47,079b233934150a3eee30444ce2408e09895ec4dd958ec60a822f870fa1284b99,float64,polar1l_rotation_invariants_v1,7beb8d4d9a8231a484c0bb6ff44b6b2e450eee2ca8a447370f350ed8678929cb,"{""density_coefficients"":[9,4],""dipole"":[1,3],""electron_energy"":[1],""electrostatic_energy"":[1],""energy"":[1],""node_feats"":[9,13824],""spin_charge_density"":[9,2,4],""spin_density"":[9,4]}"
M038_QP1_M2,S011,7496917fb33be17492a22d8a41468dede62e45b4e344e8ec6fe30b7a4916322f,1,2,d81531ff7d47eefe6ca03703d12a909415415d729cbb9082062be824953eed62,artifacts/base_features/d8/d81531ff7d47eefe6ca03703d12a909415415d729cbb9082062be824953eed62.npz,dfcb54ec3b0c01a9e71ff4140f0b280c01b84e520a0ea358bf2c6762eff6da60,3095,-6250.69694750665,polar-1-l,9f65f8dc6ddaff1d631e299cb531376a7da5e68d1bef04f34a2d5073d5ef114b,0.3.16,4d2da09413ac1407f37cdbb6b81fa28e4c15655e,e552c116b7d2c653f98b01f5c4fd599997f19f669a32bc6bf16396dd9f79365b,0.4.0,0e21d5546c482d08388a08eb4d948e833227ce47,079b233934150a3eee30444ce2408e09895ec4dd958ec60a822f870fa1284b99,float64,polar1l_rotation_invariants_v1,7beb8d4d9a8231a484c0bb6ff44b6b2e450eee2ca8a447370f350ed8678929cb,"{""density_coefficients"":[9,4],""dipole"":[1,3],""electron_energy"":[1],""electrostatic_energy"":[1],""energy"":[1],""node_feats"":[9,13824],""spin_charge_density"":[9,2,4],""spin_density"":[9,4]}"
M038_QP1_M2,S018,95d320584b98ab89c343f2e3d7625fe1c3dfd8a052118164c4a12357f6fdde48,1,2,5a5213f5eb3d70e7b9c041f1394c9113b1f0b4c1c4afd3fea2be1eea116eb0f9,artifacts/base_features/5a/5a5213f5eb3d70e7b9c041f1394c9113b1f0b4c1c4afd3fea2be1eea116eb0f9.npz,cc76ade40179c4c5acb2f6f978fa542a95d8a6adfa16d43e2365d81cf49e51ed,3095,-6250.69692453759,polar-1-l,9f65f8dc6ddaff1d631e299cb531376a7da5e68d1bef04f34a2d5073d5ef114b,0.3.16,4d2da09413ac1407f37cdbb6b81fa28e4c15655e,e552c116b7d2c653f98b01f5c4fd599997f19f669a32bc6bf16396dd9f79365b,0.4.0,0e21d5546c482d08388a08eb4d948e833227ce47,079b233934150a3eee30444ce2408e09895ec4dd958ec60a822f870fa1284b99,float64,polar1l_rotation_invariants_v1,7beb8d4d9a8231a484c0bb6ff44b6b2e450eee2ca8a447370f350ed8678929cb,"{""density_coefficients"":[9,4],""dipole"":[1,3],""electron_energy"":[1],""electrostatic_energy"":[1],""energy"":[1],""node_feats"":[9,13824],""spin_charge_density"":[9,2,4],""spin_density"":[9,4]}"
M038_QP1_M2,S025,1ec8ed0378b8bce32246750f373d098b2b43e5be707e9d604fba0cd3d3b47b6a,1,2,14028d6acc32ab172932956880cfc03c95ce931f9bd18171c75dbbf12760f309,artifacts/base_features/14/14028d6acc32ab172932956880cfc03c95ce931f9bd18171c75dbbf12760f309.npz,f1ccd23cf7c0a2e3f6c87109552b6f3ca12baf946669d21e31d6edc8376bf781,3095,-6250.69691090441,polar-1-l,9f65f8dc6ddaff1d631e299cb531376a7da5e68d1bef04f34a2d5073d5ef114b,0.3.16,4d2da09413ac1407f37cdbb6b81fa28e4c15655e,e552c116b7d2c653f98b01f5c4fd599997f19f669a32bc6bf16396dd9f79365b,0.4.0,0e21d5546c482d08388a08eb4d948e833227ce47,079b233934150a3eee30444ce2408e09895ec4dd958ec60a822f870fa1284b99,float64,polar1l_rotation_invariants_v1,7beb8d4d9a8231a484c0bb6ff44b6b2e450eee2ca8a447370f350ed8678929cb,"{""density_coefficients"":[9,4],""dipole"":[1,3],""electron_energy"":[1],""electrostatic_energy"":[1],""energy"":[1],""node_feats"":[9,13824],""spin_charge_density"":[9,2,4],""spin_density"":[9,4]}"
M042_Q0_M1,S005,31ccdb3a8634848cac51836a011f5af9e242d9640a6db31ee01b74ac30ea0bdd,0,1,1ebb52ba0287d3770e2303dc6f30ff6f9b63020f94cb52da9444a516d0ec3268,artifacts/base_features/1e/1ebb52ba0287d3770e2303dc6f30ff6f9b63020f94cb52da9444a516d0ec3268.npz,63936b1c3c87774abbafa1a35cbe5c216edb27dd3203612a6e1e6019da474f76,3095,-14815.6659839684,polar-1-l,9f65f8dc6ddaff1d631e299cb531376a7da5e68d1bef04f34a2d5073d5ef114b,0.3.16,4d2da09413ac1407f37cdbb6b81fa28e4c15655e,e552c116b7d2c653f98b01f5c4fd599997f19f669a32bc6bf16396dd9f79365b,0.4.0,0e21d5546c482d08388a08eb4d948e833227ce47,079b233934150a3eee30444ce2408e09895ec4dd958ec60a822f870fa1284b99,float64,polar1l_rotation_invariants_v1,7beb8d4d9a8231a484c0bb6ff44b6b2e450eee2ca8a447370f350ed8678929cb,"{""density_coefficients"":[33,4],""dipole"":[1,3],""electron_energy"":[1],""electrostatic_energy"":[1],""energy"":[1],""node_feats"":[33,13824],""spin_charge_density"":[33,2,4],""spin_density"":[33,4]}"
M042_Q0_M1,S012,882ba25cb87a4b4ddac47b2f6802f6b533233ed8166c7d94c2ca36204a103f4f,0,1,7a1bc783a3e509245c9e2d75d77a200e3efd0f5fe58c5a458dd45a5f8de7c5b8,artifacts/base_features/7a/7a1bc783a3e509245c9e2d75d77a200e3efd0f5fe58c5a458dd45a5f8de7c5b8.npz,103250e6393dfccf11e827be731e27f4deca184ff54bb6d7060a60b3a789729d,3095,-14815.6660716105,polar-1-l,9f65f8dc6ddaff1d631e299cb531376a7da5e68d1bef04f34a2d5073d5ef114b,0.3.16,4d2da09413ac1407f37cdbb6b81fa28e4c15655e,e552c116b7d2c653f98b01f5c4fd599997f19f669a32bc6bf16396dd9f79365b,0.4.0,0e21d5546c482d08388a08eb4d948e833227ce47,079b233934150a3eee30444ce2408e09895ec4dd958ec60a822f870fa1284b99,float64,polar1l_rotation_invariants_v1,7beb8d4d9a8231a484c0bb6ff44b6b2e450eee2ca8a447370f350ed8678929cb,"{""density_coefficients"":[33,4],""dipole"":[1,3],""electron_energy"":[1],""electrostatic_energy"":[1],""energy"":[1],""node_feats"":[33,13824],""spin_charge_density"":[33,2,4],""spin_density"":[33,4]}"
M042_Q0_M1,S015,8ee55f3b6e08097822ca64c91ab58a54298170f4ea858ffd4bd3c879f8b8b88e,0,1,d03c2b6f68e3b1840c87f38deddca5c668b83aca908657834a60194a46f9daab,artifacts/base_features/d0/d03c2b6f68e3b1840c87f38deddca5c668b83aca908657834a60194a46f9daab.npz,c87ac0da4659f19e6215f3c1c02a19af3154d7f52bac329c83c79cf7d0eebbf9,3095,-14815.6657124556,polar-1-l,9f65f8dc6ddaff1d631e299cb531376a7da5e68d1bef04f34a2d5073d5ef114b,0.3.16,4d2da09413ac1407f37cdbb6b81fa28e4c15655e,e552c116b7d2c653f98b01f5c4fd599997f19f669a32bc6bf16396dd9f79365b,0.4.0,0e21d5546c482d08388a08eb4d948e833227ce47,079b233934150a3eee30444ce2408e09895ec4dd958ec60a822f870fa1284b99,float64,polar1l_rotation_invariants_v1,7beb8d4d9a8231a484c0bb6ff44b6b2e450eee2ca8a447370f350ed8678929cb,"{""density_coefficients"":[33,4],""dipole"":[1,3],""electron_energy"":[1],""electrostatic_energy"":[1],""energy"":[1],""node_feats"":[33,13824],""spin_charge_density"":[33,2,4],""spin_density"":[33,4]}"
M042_Q0_M1,S023,58b73d70df1cf5b892e06dca6d643e9582110b562dc975c6d63711f17b65c8cb,0,1,e98f3e92ac45fabf92acaae239e0fe9aee15917a48963f6cd81e00ef166c1e15,artifacts/base_features/e9/e98f3e92ac45fabf92acaae239e0fe9aee15917a48963f6cd81e00ef166c1e15.npz,bfee40e2ef2001f0b733c58f4b9499e5f48a7c7c2fc5d778c4126cfc3a23a4fc,3095,-14815.6644237274,polar-1-l,9f65f8dc6ddaff1d631e299cb531376a7da5e68d1bef04f34a2d5073d5ef114b,0.3.16,4d2da09413ac1407f37cdbb6b81fa28e4c15655e,e552c116b7d2c653f98b01f5c4fd599997f19f669a32bc6bf16396dd9f79365b,0.4.0,0e21d5546c482d08388a08eb4d948e833227ce47,079b233934150a3eee30444ce2408e09895ec4dd958ec60a822f870fa1284b99,float64,polar1l_rotation_invariants_v1,7beb8d4d9a8231a484c0bb6ff44b6b2e450eee2ca8a447370f350ed8678929cb,"{""density_coefficients"":[33,4],""dipole"":[1,3],""electron_energy"":[1],""electrostatic_energy"":[1],""energy"":[1],""node_feats"":[33,13824],""spin_charge_density"":[33,2,4],""spin_density"":[33,4]}"
M042_QP1_M2,S005,b172f9a657bd89413d3694988e19402b0e78a47c225c43142fd98e8cc62245de,1,2,efa6d6911f16f04e6f763db81db2805eef9704055c47947d3c6e29bddb94acdb,artifacts/base_features/ef/efa6d6911f16f04e6f763db81db2805eef9704055c47947d3c6e29bddb94acdb.npz,c19d1e9277cd67b90510ed4731522a21badad6743821c2a375063b85deb69660,3095,-14807.3398788539,polar-1-l,9f65f8dc6ddaff1d631e299cb531376a7da5e68d1bef04f34a2d5073d5ef114b,0.3.16,4d2da09413ac1407f37cdbb6b81fa28e4c15655e,e552c116b7d2c653f98b01f5c4fd599997f19f669a32bc6bf16396dd9f79365b,0.4.0,0e21d5546c482d08388a08eb4d948e833227ce47,079b233934150a3eee30444ce2408e09895ec4dd958ec60a822f870fa1284b99,float64,polar1l_rotation_invariants_v1,7beb8d4d9a8231a484c0bb6ff44b6b2e450eee2ca8a447370f350ed8678929cb,"{""density_coefficients"":[33,4],""dipole"":[1,3],""electron_energy"":[1],""electrostatic_energy"":[1],""energy"":[1],""node_feats"":[33,13824],""spin_charge_density"":[33,2,4],""spin_density"":[33,4]}"
M042_QP1_M2,S012,c9c8db4675983f7fd80a0d21e9c14999d0b81e2d2187d40288511d5880dc1891,1,2,da778e04befffd78bca2b80be6a8182403b545c740d81d285f9c41d5def746c9,artifacts/base_features/da/da778e04befffd78bca2b80be6a8182403b545c740d81d285f9c41d5def746c9.npz,88e46c5ea14d280f57f7a2febfa859317eefc6d5446794693d105cfde0fa35ae,3095,-14807.3401684403,polar-1-l,9f65f8dc6ddaff1d631e299cb531376a7da5e68d1bef04f34a2d5073d5ef114b,0.3.16,4d2da09413ac1407f37cdbb6b81fa28e4c15655e,e552c116b7d2c653f98b01f5c4fd599997f19f669a32bc6bf16396dd9f79365b,0.4.0,0e21d5546c482d08388a08eb4d948e833227ce47,079b233934150a3eee30444ce2408e09895ec4dd958ec60a822f870fa1284b99,float64,polar1l_rotation_invariants_v1,7beb8d4d9a8231a484c0bb6ff44b6b2e450eee2ca8a447370f350ed8678929cb,"{""density_coefficients"":[33,4],""dipole"":[1,3],""electron_energy"":[1],""electrostatic_energy"":[1],""energy"":[1],""node_feats"":[33,13824],""spin_charge_density"":[33,2,4],""spin_density"":[33,4]}"
M042_QP1_M2,S015,bfe3ab5a849b7dacdb33c6e93d0f963ceb3042388e50d3913b0207c79bcc8e5e,1,2,bf36e70a87be915a51e7a38f9e23e8522206710f781fb835a39b2a87465bd015,artifacts/base_features/bf/bf36e70a87be915a51e7a38f9e23e8522206710f781fb835a39b2a87465bd015.npz,0a5fee6e13a861efe2b1e703ca0bf5fc63f68ec6b05327753c0928890888e0a2,3095,-14807.3397540341,polar-1-l,9f65f8dc6ddaff1d631e299cb531376a7da5e68d1bef04f34a2d5073d5ef114b,0.3.16,4d2da09413ac1407f37cdbb6b81fa28e4c15655e,e552c116b7d2c653f98b01f5c4fd599997f19f669a32bc6bf16396dd9f79365b,0.4.0,0e21d5546c482d08388a08eb4d948e833227ce47,079b233934150a3eee30444ce2408e09895ec4dd958ec60a822f870fa1284b99,float64,polar1l_rotation_invariants_v1,7beb8d4d9a8231a484c0bb6ff44b6b2e450eee2ca8a447370f350ed8678929cb,"{""density_coefficients"":[33,4],""dipole"":[1,3],""electron_energy"":[1],""electrostatic_energy"":[1],""energy"":[1],""node_feats"":[33,13824],""spin_charge_density"":[33,2,4],""spin_density"":[33,4]}"
M042_QP1_M2,S023,f7b6586616e99c378455de1694dbe7cf3ac201f5192dbed6d70d39b4f32d7779,1,2,4f22aaa370f4adaad894c26f448714b077097a109621cfde7155584e92f27a20,artifacts/base_features/4f/4f22aaa370f4adaad894c26f448714b077097a109621cfde7155584e92f27a20.npz,2dcb815f04ae1a9ecbce1e73e673d78039b0e5b6fc6b46d77ec9fd14c03b08f7,3095,-14807.3472436221,polar-1-l,9f65f8dc6ddaff1d631e299cb531376a7da5e68d1bef04f34a2d5073d5ef114b,0.3.16,4d2da09413ac1407f37cdbb6b81fa28e4c15655e,e552c116b7d2c653f98b01f5c4fd599997f19f669a32bc6bf16396dd9f79365b,0.4.0,0e21d5546c482d08388a08eb4d948e833227ce47,079b233934150a3eee30444ce2408e09895ec4dd958ec60a822f870fa1284b99,float64,polar1l_rotation_invariants_v1,7beb8d4d9a8231a484c0bb6ff44b6b2e450eee2ca8a447370f350ed8678929cb,"{""density_coefficients"":[33,4],""dipole"":[1,3],""electron_energy"":[1],""electrostatic_energy"":[1],""energy"":[1],""node_feats"":[33,13824],""spin_charge_density"":[33,2,4],""spin_density"":[33,4]}"
M047_Q0_M1,S002,703778e3055761c44efbf2ac356d9028a238d2838f2349a49f2d0d9ab5673b66,0,1,901538f41ed4b5bd7967b999198c6284e59e636ef4ce447297d99facf23c970e,artifacts/base_features/90/901538f41ed4b5bd7967b999198c6284e59e636ef4ce447297d99facf23c970e.npz,966045b6319d457511dfadd2d44b29d2c42572c9790e0e737959c46fc59d0ec0,3095,-12492.11440911,polar-1-l,9f65f8dc6ddaff1d631e299cb531376a7da5e68d1bef04f34a2d5073d5ef114b,0.3.16,4d2da09413ac1407f37cdbb6b81fa28e4c15655e,e552c116b7d2c653f98b01f5c4fd599997f19f669a32bc6bf16396dd9f79365b,0.4.0,0e21d5546c482d08388a08eb4d948e833227ce47,079b233934150a3eee30444ce2408e09895ec4dd958ec60a822f870fa1284b99,float64,polar1l_rotation_invariants_v1,7beb8d4d9a8231a484c0bb6ff44b6b2e450eee2ca8a447370f350ed8678929cb,"{""density_coefficients"":[17,4],""dipole"":[1,3],""electron_energy"":[1],""electrostatic_energy"":[1],""energy"":[1],""node_feats"":[17,13824],""spin_charge_density"":[17,2,4],""spin_density"":[17,4]}"
M047_Q0_M1,S006,771e9ad196852b8261d6d52bc09f49d79d4896130169b5082c108e4edec3fce3,0,1,b59087ea3ad9d8478eebc192c914e6eeaf1e6ead22570ba8c1193cebd8c86be8,artifacts/base_features/b5/b59087ea3ad9d8478eebc192c914e6eeaf1e6ead22570ba8c1193cebd8c86be8.npz,72f2b018b77e6531b0cd208f1b054f95e94f0ea626a04451f153085df2835431,3095,-12492.1143385321,polar-1-l,9f65f8dc6ddaff1d631e299cb531376a7da5e68d1bef04f34a2d5073d5ef114b,0.3.16,4d2da09413ac1407f37cdbb6b81fa28e4c15655e,e552c116b7d2c653f98b01f5c4fd599997f19f669a32bc6bf16396dd9f79365b,0.4.0,0e21d5546c482d08388a08eb4d948e833227ce47,079b233934150a3eee30444ce2408e09895ec4dd958ec60a822f870fa1284b99,float64,polar1l_rotation_invariants_v1,7beb8d4d9a8231a484c0bb6ff44b6b2e450eee2ca8a447370f350ed8678929cb,"{""density_coefficients"":[17,4],""dipole"":[1,3],""electron_energy"":[1],""electrostatic_energy"":[1],""energy"":[1],""node_feats"":[17,13824],""spin_charge_density"":[17,2,4],""spin_density"":[17,4]}"
M047_Q0_M1,S016,2f228a8657a7999ac8e6d40c615079b545657c611a37a92f7e4398b7f18c5bd4,0,1,30f28769d714302bcf4dca89d5cdcf9a4ff39b07984e2b3867e643a8e2b4236b,artifacts/base_features/30/30f28769d714302bcf4dca89d5cdcf9a4ff39b07984e2b3867e643a8e2b4236b.npz,28f5321222277f5521c7603f2d455c21f076a13552c81904af93eb9892fe2bf6,3095,-12492.1144070537,polar-1-l,9f65f8dc6ddaff1d631e299cb531376a7da5e68d1bef04f34a2d5073d5ef114b,0.3.16,4d2da09413ac1407f37cdbb6b81fa28e4c15655e,e552c116b7d2c653f98b01f5c4fd599997f19f669a32bc6bf16396dd9f79365b,0.4.0,0e21d5546c482d08388a08eb4d948e833227ce47,079b233934150a3eee30444ce2408e09895ec4dd958ec60a822f870fa1284b99,float64,polar1l_rotation_invariants_v1,7beb8d4d9a8231a484c0bb6ff44b6b2e450eee2ca8a447370f350ed8678929cb,"{""density_coefficients"":[17,4],""dipole"":[1,3],""electron_energy"":[1],""electrostatic_energy"":[1],""energy"":[1],""node_feats"":[17,13824],""spin_charge_density"":[17,2,4],""spin_density"":[17,4]}"
M047_Q0_M1,S024,fabfa66d132b0472a045814b8befe8d5ed262429924b8e58dd9a6ae738789718,0,1,3fd7fc793ce5349e73acfd1e1862fe406caf504039369ede5ea067c42b4e5dfd,artifacts/base_features/3f/3fd7fc793ce5349e73acfd1e1862fe406caf504039369ede5ea067c42b4e5dfd.npz,8536a63de2b537f49f57e5c032d11b406e2dcdff77d981a24b517a8eea4dbedb,3095,-12492.113638131,polar-1-l,9f65f8dc6ddaff1d631e299cb531376a7da5e68d1bef04f34a2d5073d5ef114b,0.3.16,4d2da09413ac1407f37cdbb6b81fa28e4c15655e,e552c116b7d2c653f98b01f5c4fd599997f19f669a32bc6bf16396dd9f79365b,0.4.0,0e21d5546c482d08388a08eb4d948e833227ce47,079b233934150a3eee30444ce2408e09895ec4dd958ec60a822f870fa1284b99,float64,polar1l_rotation_invariants_v1,7beb8d4d9a8231a484c0bb6ff44b6b2e450eee2ca8a447370f350ed8678929cb,"{""density_coefficients"":[17,4],""dipole"":[1,3],""electron_energy"":[1],""electrostatic_energy"":[1],""energy"":[1],""node_feats"":[17,13824],""spin_charge_density"":[17,2,4],""spin_density"":[17,4]}"
M047_QP1_M2,S002,109b7f81baa140120bc3bee75193ff427e18e02df4d7f3b5223d438352a3cff9,1,2,32851041dc98a062253371f3192aaa01a8a7fc5f31e1471cab2cf3571676c745,artifacts/base_features/32/32851041dc98a062253371f3192aaa01a8a7fc5f31e1471cab2cf3571676c745.npz,b31c0327fc60b5435a4f4617f0fabdae78f3943b0ad7cd33cbb5c125ec9c54e4,3095,-12484.1457835448,polar-1-l,9f65f8dc6ddaff1d631e299cb531376a7da5e68d1bef04f34a2d5073d5ef114b,0.3.16,4d2da09413ac1407f37cdbb6b81fa28e4c15655e,e552c116b7d2c653f98b01f5c4fd599997f19f669a32bc6bf16396dd9f79365b,0.4.0,0e21d5546c482d08388a08eb4d948e833227ce47,079b233934150a3eee30444ce2408e09895ec4dd958ec60a822f870fa1284b99,float64,polar1l_rotation_invariants_v1,7beb8d4d9a8231a484c0bb6ff44b6b2e450eee2ca8a447370f350ed8678929cb,"{""density_coefficients"":[17,4],""dipole"":[1,3],""electron_energy"":[1],""electrostatic_energy"":[1],""energy"":[1],""node_feats"":[17,13824],""spin_charge_density"":[17,2,4],""spin_density"":[17,4]}"
M047_QP1_M2,S006,71c55797aeb8c2e71aef71e05c73bf108b2ada3addc78cefccbe388422e78333,1,2,f9ce7e709af078ceaaf29dc12945dae96ad4816813dcbede823ebad10f1241ea,artifacts/base_features/f9/f9ce7e709af078ceaaf29dc12945dae96ad4816813dcbede823ebad10f1241ea.npz,e52c919596d345e6fd179166815a96ac8e615eb01e373bee737764dc3e0e6dc5,3095,-12484.1467687568,polar-1-l,9f65f8dc6ddaff1d631e299cb531376a7da5e68d1bef04f34a2d5073d5ef114b,0.3.16,4d2da09413ac1407f37cdbb6b81fa28e4c15655e,e552c116b7d2c653f98b01f5c4fd599997f19f669a32bc6bf16396dd9f79365b,0.4.0,0e21d5546c482d08388a08eb4d948e833227ce47,079b233934150a3eee30444ce2408e09895ec4dd958ec60a822f870fa1284b99,float64,polar1l_rotation_invariants_v1,7beb8d4d9a8231a484c0bb6ff44b6b2e450eee2ca8a447370f350ed8678929cb,"{""density_coefficients"":[17,4],""dipole"":[1,3],""electron_energy"":[1],""electrostatic_energy"":[1],""energy"":[1],""node_feats"":[17,13824],""spin_charge_density"":[17,2,4],""spin_density"":[17,4]}"
M047_QP1_M2,S016,e262837280b0706e7e5bd1fa68d07a9fc8fe29f23826624a643ebf67ba0669ce,1,2,e83299767585367c0f788d1577bfa33b054a923b99002c95350ad7132abba3a4,artifacts/base_features/e8/e83299767585367c0f788d1577bfa33b054a923b99002c95350ad7132abba3a4.npz,59c840b0c93ee7b52a927569ec2b5a217909e54245b952259b918d013fcecadc,3095,-12484.1458885398,polar-1-l,9f65f8dc6ddaff1d631e299cb531376a7da5e68d1bef04f34a2d5073d5ef114b,0.3.16,4d2da09413ac1407f37cdbb6b81fa28e4c15655e,e552c116b7d2c653f98b01f5c4fd599997f19f669a32bc6bf16396dd9f79365b,0.4.0,0e21d5546c482d08388a08eb4d948e833227ce47,079b233934150a3eee30444ce2408e09895ec4dd958ec60a822f870fa1284b99,float64,polar1l_rotation_invariants_v1,7beb8d4d9a8231a484c0bb6ff44b6b2e450eee2ca8a447370f350ed8678929cb,"{""density_coefficients"":[17,4],""dipole"":[1,3],""electron_energy"":[1],""electrostatic_energy"":[1],""energy"":[1],""node_feats"":[17,13824],""spin_charge_density"":[17,2,4],""spin_density"":[17,4]}"
M047_QP1_M2,S024,4c4cc96559b746d741cb8979fb1d14287cbb2634a6c4fca7728d71a8cfd01dfd,1,2,f8e2f382e13d6c090e22cb228b1f2a4119f042240313a69b7b6d3394c0e3ef8d,artifacts/base_features/f8/f8e2f382e13d6c090e22cb228b1f2a4119f042240313a69b7b6d3394c0e3ef8d.npz,25c35ba7fed3323c8b0b47700aa9c29918be36fd5c64bef038598d67a5464827,3095,-12484.1411462302,polar-1-l,9f65f8dc6ddaff1d631e299cb531376a7da5e68d1bef04f34a2d5073d5ef114b,0.3.16,4d2da09413ac1407f37cdbb6b81fa28e4c15655e,e552c116b7d2c653f98b01f5c4fd599997f19f669a32bc6bf16396dd9f79365b,0.4.0,0e21d5546c482d08388a08eb4d948e833227ce47,079b233934150a3eee30444ce2408e09895ec4dd958ec60a822f870fa1284b99,float64,polar1l_rotation_invariants_v1,7beb8d4d9a8231a484c0bb6ff44b6b2e450eee2ca8a447370f350ed8678929cb,"{""density_coefficients"":[17,4],""dipole"":[1,3],""electron_energy"":[1],""electrostatic_energy"":[1],""energy"":[1],""node_feats"":[17,13824],""spin_charge_density"":[17,2,4],""spin_density"":[17,4]}"
M048_Q0_M1,S003,3f6c9928e9260bfcde014ab8c3feed3f34c58c3b949185b4deb778401850813e,0,1,023211015dda887f646d289aaba2700414bafbcd8235f876b012b1669b745b3c,artifacts/base_features/02/023211015dda887f646d289aaba2700414bafbcd8235f876b012b1669b745b3c.npz,b26ec5a683d9ff9c06089d8065f0e05cac0bbd898749e7cbf29bd4870ad677c6,3095,-12486.9147204286,polar-1-l,9f65f8dc6ddaff1d631e299cb531376a7da5e68d1bef04f34a2d5073d5ef114b,0.3.16,4d2da09413ac1407f37cdbb6b81fa28e4c15655e,e552c116b7d2c653f98b01f5c4fd599997f19f669a32bc6bf16396dd9f79365b,0.4.0,0e21d5546c482d08388a08eb4d948e833227ce47,079b233934150a3eee30444ce2408e09895ec4dd958ec60a822f870fa1284b99,float64,polar1l_rotation_invariants_v1,7beb8d4d9a8231a484c0bb6ff44b6b2e450eee2ca8a447370f350ed8678929cb,"{""density_coefficients"":[16,4],""dipole"":[1,3],""electron_energy"":[1],""electrostatic_energy"":[1],""energy"":[1],""node_feats"":[16,13824],""spin_charge_density"":[16,2,4],""spin_density"":[16,4]}"
M048_Q0_M1,S013,bc266319647aa1aa82224b6c363faab72400cda9caf0288ea9545f16eeb38230,0,1,73af2dbe709da0f5ff9d5c5ceffe6d84c290ba5f4ede90551b68819a64364924,artifacts/base_features/73/73af2dbe709da0f5ff9d5c5ceffe6d84c290ba5f4ede90551b68819a64364924.npz,4ae4d972c7d1aaa91ed1b3594114f514dfc8861751dec490240966a5a1513a93,3095,-12486.9146042319,polar-1-l,9f65f8dc6ddaff1d631e299cb531376a7da5e68d1bef04f34a2d5073d5ef114b,0.3.16,4d2da09413ac1407f37cdbb6b81fa28e4c15655e,e552c116b7d2c653f98b01f5c4fd599997f19f669a32bc6bf16396dd9f79365b,0.4.0,0e21d5546c482d08388a08eb4d948e833227ce47,079b233934150a3eee30444ce2408e09895ec4dd958ec60a822f870fa1284b99,float64,polar1l_rotation_invariants_v1,7beb8d4d9a8231a484c0bb6ff44b6b2e450eee2ca8a447370f350ed8678929cb,"{""density_coefficients"":[16,4],""dipole"":[1,3],""electron_energy"":[1],""electrostatic_energy"":[1],""energy"":[1],""node_feats"":[16,13824],""spin_charge_density"":[16,2,4],""spin_density"":[16,4]}"
M048_Q0_M1,S020,d09a9214134518dbade02943e2aa45bccb486204df70c0792e9e87e3bc1298b8,0,1,66ff662b0c8e574ddc3a151fb9cfeeda6255d3e50639b459e1e49acf0862a401,artifacts/base_features/66/66ff662b0c8e574ddc3a151fb9cfeeda6255d3e50639b459e1e49acf0862a401.npz,feabe4f39ec8c929bd5a584858dd5f3b58df75f415097d95e2ba0007de62a93d,3095,-12486.9141066572,polar-1-l,9f65f8dc6ddaff1d631e299cb531376a7da5e68d1bef04f34a2d5073d5ef114b,0.3.16,4d2da09413ac1407f37cdbb6b81fa28e4c15655e,e552c116b7d2c653f98b01f5c4fd599997f19f669a32bc6bf16396dd9f79365b,0.4.0,0e21d5546c482d08388a08eb4d948e833227ce47,079b233934150a3eee30444ce2408e09895ec4dd958ec60a822f870fa1284b99,float64,polar1l_rotation_invariants_v1,7beb8d4d9a8231a484c0bb6ff44b6b2e450eee2ca8a447370f350ed8678929cb,"{""density_coefficients"":[16,4],""dipole"":[1,3],""electron_energy"":[1],""electrostatic_energy"":[1],""energy"":[1],""node_feats"":[16,13824],""spin_charge_density"":[16,2,4],""spin_density"":[16,4]}"
M048_Q0_M1,S021,febe64824bf2ba8f57a818f8641ed346f27b842d4f3d23f42df385fa54997d20,0,1,79b4f91d5d86b3b2b2245d1c3d9c18f4e1022b43e7279e14c0ae53655a4d0dd9,artifacts/base_features/79/79b4f91d5d86b3b2b2245d1c3d9c18f4e1022b43e7279e14c0ae53655a4d0dd9.npz,8410a4d1c0abf7f9209e502e5e972de4609eba90c38b538403b2039c7d2139e4,3095,-12486.9132911354,polar-1-l,9f65f8dc6ddaff1d631e299cb531376a7da5e68d1bef04f34a2d5073d5ef114b,0.3.16,4d2da09413ac1407f37cdbb6b81fa28e4c15655e,e552c116b7d2c653f98b01f5c4fd599997f19f669a32bc6bf16396dd9f79365b,0.4.0,0e21d5546c482d08388a08eb4d948e833227ce47,079b233934150a3eee30444ce2408e09895ec4dd958ec60a822f870fa1284b99,float64,polar1l_rotation_invariants_v1,7beb8d4d9a8231a484c0bb6ff44b6b2e450eee2ca8a447370f350ed8678929cb,"{""density_coefficients"":[16,4],""dipole"":[1,3],""electron_energy"":[1],""electrostatic_energy"":[1],""energy"":[1],""node_feats"":[16,13824],""spin_charge_density"":[16,2,4],""spin_density"":[16,4]}"
M048_QP1_M2,S003,1bb940e20f2b0f1d303fb7ec2c5f5f88329f59d1970b2188b3b71fdfd84aae9c,1,2,828fdaf4ea3c17d9996899cfce057822605517ef729bc6be350b1a728845065f,artifacts/base_features/82/828fdaf4ea3c17d9996899cfce057822605517ef729bc6be350b1a728845065f.npz,ba53b8cabf7250bdc099af3e7a6c85705ee1278047ceaefd23dc634e4e6653b1,3095,-12479.456618568,polar-1-l,9f65f8dc6ddaff1d631e299cb531376a7da5e68d1bef04f34a2d5073d5ef114b,0.3.16,4d2da09413ac1407f37cdbb6b81fa28e4c15655e,e552c116b7d2c653f98b01f5c4fd599997f19f669a32bc6bf16396dd9f79365b,0.4.0,0e21d5546c482d08388a08eb4d948e833227ce47,079b233934150a3eee30444ce2408e09895ec4dd958ec60a822f870fa1284b99,float64,polar1l_rotation_invariants_v1,7beb8d4d9a8231a484c0bb6ff44b6b2e450eee2ca8a447370f350ed8678929cb,"{""density_coefficients"":[16,4],""dipole"":[1,3],""electron_energy"":[1],""electrostatic_energy"":[1],""energy"":[1],""node_feats"":[16,13824],""spin_charge_density"":[16,2,4],""spin_density"":[16,4]}"
M048_QP1_M2,S013,7f8d218e2523ca187d5890cbd93ad0b49c1cebc4630cb0a4ac295bf3fcaa8fa4,1,2,d5e91d273b365554caa1be4f59782cd06924192cc36b001893fb9019807fb1a8,artifacts/base_features/d5/d5e91d273b365554caa1be4f59782cd06924192cc36b001893fb9019807fb1a8.npz,ba966f907e20755ed3f9462b4e3b7acd4933f65134fc77114fd06429c16c0ebd,3095,-12479.4566569549,polar-1-l,9f65f8dc6ddaff1d631e299cb531376a7da5e68d1bef04f34a2d5073d5ef114b,0.3.16,4d2da09413ac1407f37cdbb6b81fa28e4c15655e,e552c116b7d2c653f98b01f5c4fd599997f19f669a32bc6bf16396dd9f79365b,0.4.0,0e21d5546c482d08388a08eb4d948e833227ce47,079b233934150a3eee30444ce2408e09895ec4dd958ec60a822f870fa1284b99,float64,polar1l_rotation_invariants_v1,7beb8d4d9a8231a484c0bb6ff44b6b2e450eee2ca8a447370f350ed8678929cb,"{""density_coefficients"":[16,4],""dipole"":[1,3],""electron_energy"":[1],""electrostatic_energy"":[1],""energy"":[1],""node_feats"":[16,13824],""spin_charge_density"":[16,2,4],""spin_density"":[16,4]}"
M048_QP1_M2,S020,bdce8e693e7e074b96a665ef18d801a4178558902d3f7335c836cfb4fb84e4b5,1,2,6f0fae0c8ca5f9eeae423eeac9a3e62449ffcfd5a1401e216a1fb555676b4577,artifacts/base_features/6f/6f0fae0c8ca5f9eeae423eeac9a3e62449ffcfd5a1401e216a1fb555676b4577.npz,4db8a89bfa1219ffdf87440a8b37836579f81db65db7c8271a9b66bd1a004200,3095,-12479.4568133531,polar-1-l,9f65f8dc6ddaff1d631e299cb531376a7da5e68d1bef04f34a2d5073d5ef114b,0.3.16,4d2da09413ac1407f37cdbb6b81fa28e4c15655e,e552c116b7d2c653f98b01f5c4fd599997f19f669a32bc6bf16396dd9f79365b,0.4.0,0e21d5546c482d08388a08eb4d948e833227ce47,079b233934150a3eee30444ce2408e09895ec4dd958ec60a822f870fa1284b99,float64,polar1l_rotation_invariants_v1,7beb8d4d9a8231a484c0bb6ff44b6b2e450eee2ca8a447370f350ed8678929cb,"{""density_coefficients"":[16,4],""dipole"":[1,3],""electron_energy"":[1],""electrostatic_energy"":[1],""energy"":[1],""node_feats"":[16,13824],""spin_charge_density"":[16,2,4],""spin_density"":[16,4]}"
M048_QP1_M2,S021,8338ebd20ceb055842891b648c16f6a2f2559ba8c21fa2f401a59da9c153f8ea,1,2,1681e60a0f689f194415120626dbe276526d2bd45fca9cbdbe1ff83525ea398b,artifacts/base_features/16/1681e60a0f689f194415120626dbe276526d2bd45fca9cbdbe1ff83525ea398b.npz,a72732f1df12b04772ca6416e95abacf4aedc8e028e33f9da0a5d6d65f8552c5,3095,-12479.4570421801,polar-1-l,9f65f8dc6ddaff1d631e299cb531376a7da5e68d1bef04f34a2d5073d5ef114b,0.3.16,4d2da09413ac1407f37cdbb6b81fa28e4c15655e,e552c116b7d2c653f98b01f5c4fd599997f19f669a32bc6bf16396dd9f79365b,0.4.0,0e21d5546c482d08388a08eb4d948e833227ce47,079b233934150a3eee30444ce2408e09895ec4dd958ec60a822f870fa1284b99,float64,polar1l_rotation_invariants_v1,7beb8d4d9a8231a484c0bb6ff44b6b2e450eee2ca8a447370f350ed8678929cb,"{""density_coefficients"":[16,4],""dipole"":[1,3],""electron_energy"":[1],""electrostatic_energy"":[1],""energy"":[1],""node_feats"":[16,13824],""spin_charge_density"":[16,2,4],""spin_density"":[16,4]}"
M050_Q0_M1,S001,5af7e687813063e60d11f1f6a4f00e796d0a718ca18d87a4bbe6d79e7efd94a0,0,1,523b94afb12503892805771953e804d649ccd045f28946f201b018fcb39f21d8,artifacts/base_features/52/523b94afb12503892805771953e804d649ccd045f28946f201b018fcb39f21d8.npz,147f518e669c7ceb8ba2d87464bea87c5e98838584d336ac36d827c67e476470,3095,-69558.2898212705,polar-1-l,9f65f8dc6ddaff1d631e299cb531376a7da5e68d1bef04f34a2d5073d5ef114b,0.3.16,4d2da09413ac1407f37cdbb6b81fa28e4c15655e,e552c116b7d2c653f98b01f5c4fd599997f19f669a32bc6bf16396dd9f79365b,0.4.0,0e21d5546c482d08388a08eb4d948e833227ce47,079b233934150a3eee30444ce2408e09895ec4dd958ec60a822f870fa1284b99,float64,polar1l_rotation_invariants_v1,7beb8d4d9a8231a484c0bb6ff44b6b2e450eee2ca8a447370f350ed8678929cb,"{""density_coefficients"":[9,4],""dipole"":[1,3],""electron_energy"":[1],""electrostatic_energy"":[1],""energy"":[1],""node_feats"":[9,13824],""spin_charge_density"":[9,2,4],""spin_density"":[9,4]}"
M050_Q0_M1,S007,f4c5485f85d833cb653ff1f4ea11ae6a148980d711422dfd4a88652a6c51c807,0,1,6564c5f8651d764683324e439386b3f1a0ccd981d9c68befde7a1eb129f2016f,artifacts/base_features/65/6564c5f8651d764683324e439386b3f1a0ccd981d9c68befde7a1eb129f2016f.npz,61a733ab4802f478f9ccd3af96bbbee54d37d2c4aeb59f773649c7ea2d0ecb9f,3095,-69558.2898151308,polar-1-l,9f65f8dc6ddaff1d631e299cb531376a7da5e68d1bef04f34a2d5073d5ef114b,0.3.16,4d2da09413ac1407f37cdbb6b81fa28e4c15655e,e552c116b7d2c653f98b01f5c4fd599997f19f669a32bc6bf16396dd9f79365b,0.4.0,0e21d5546c482d08388a08eb4d948e833227ce47,079b233934150a3eee30444ce2408e09895ec4dd958ec60a822f870fa1284b99,float64,polar1l_rotation_invariants_v1,7beb8d4d9a8231a484c0bb6ff44b6b2e450eee2ca8a447370f350ed8678929cb,"{""density_coefficients"":[9,4],""dipole"":[1,3],""electron_energy"":[1],""electrostatic_energy"":[1],""energy"":[1],""node_feats"":[9,13824],""spin_charge_density"":[9,2,4],""spin_density"":[9,4]}"
M050_Q0_M1,S018,d425f6dc21645b3b27151b5f4e25df002df676ba381973c293cb05e37ae43559,0,1,02b61e8a6f3c0d06b7ede8649a265f8951b61060061bda7f49d51edc1ef4b35b,artifacts/base_features/02/02b61e8a6f3c0d06b7ede8649a265f8951b61060061bda7f49d51edc1ef4b35b.npz,6065df3e8adefdc2f2b6e8c811ee7238c08ef6b6408cb338d3b52b23c8279374,3095,-69558.2898810371,polar-1-l,9f65f8dc6ddaff1d631e299cb531376a7da5e68d1bef04f34a2d5073d5ef114b,0.3.16,4d2da09413ac1407f37cdbb6b81fa28e4c15655e,e552c116b7d2c653f98b01f5c4fd599997f19f669a32bc6bf16396dd9f79365b,0.4.0,0e21d5546c482d08388a08eb4d948e833227ce47,079b233934150a3eee30444ce2408e09895ec4dd958ec60a822f870fa1284b99,float64,polar1l_rotation_invariants_v1,7beb8d4d9a8231a484c0bb6ff44b6b2e450eee2ca8a447370f350ed8678929cb,"{""density_coefficients"":[9,4],""dipole"":[1,3],""electron_energy"":[1],""electrostatic_energy"":[1],""energy"":[1],""node_feats"":[9,13824],""spin_charge_density"":[9,2,4],""spin_density"":[9,4]}"
M050_Q0_M1,S022,e30bb564c387bcfa3ecd491e6438fc10f91cdcdfb7ecc57b730435fe0412c986,0,1,80c30e11823d977c54028efe1d70e1824a70b434a6997a672a5771f183b199a7,artifacts/base_features/80/80c30e11823d977c54028efe1d70e1824a70b434a6997a672a5771f183b199a7.npz,6cca6c2d6a391db47411179e582697dc18382bb3f3c4da73d755fc7c30a7c6a2,3095,-69558.2898053179,polar-1-l,9f65f8dc6ddaff1d631e299cb531376a7da5e68d1bef04f34a2d5073d5ef114b,0.3.16,4d2da09413ac1407f37cdbb6b81fa28e4c15655e,e552c116b7d2c653f98b01f5c4fd599997f19f669a32bc6bf16396dd9f79365b,0.4.0,0e21d5546c482d08388a08eb4d948e833227ce47,079b233934150a3eee30444ce2408e09895ec4dd958ec60a822f870fa1284b99,float64,polar1l_rotation_invariants_v1,7beb8d4d9a8231a484c0bb6ff44b6b2e450eee2ca8a447370f350ed8678929cb,"{""density_coefficients"":[9,4],""dipole"":[1,3],""electron_energy"":[1],""electrostatic_energy"":[1],""energy"":[1],""node_feats"":[9,13824],""spin_charge_density"":[9,2,4],""spin_density"":[9,4]}"
M050_QP1_M2,S001,7c8c6db2eecf3d86551028246c344b4aa6a51246e6820f6c2963750240356520,1,2,2c858557ba21ac350d667cfc3a121bb62aeaeb5bca9d661731fe8f7453c5fff2,artifacts/base_features/2c/2c858557ba21ac350d667cfc3a121bb62aeaeb5bca9d661731fe8f7453c5fff2.npz,1ab05288b90f02ea5c7ed047e232074f96c1e5af0c0ec194afbcdbd84b2ed747,3095,-69549.5666092304,polar-1-l,9f65f8dc6ddaff1d631e299cb531376a7da5e68d1bef04f34a2d5073d5ef114b,0.3.16,4d2da09413ac1407f37cdbb6b81fa28e4c15655e,e552c116b7d2c653f98b01f5c4fd599997f19f669a32bc6bf16396dd9f79365b,0.4.0,0e21d5546c482d08388a08eb4d948e833227ce47,079b233934150a3eee30444ce2408e09895ec4dd958ec60a822f870fa1284b99,float64,polar1l_rotation_invariants_v1,7beb8d4d9a8231a484c0bb6ff44b6b2e450eee2ca8a447370f350ed8678929cb,"{""density_coefficients"":[9,4],""dipole"":[1,3],""electron_energy"":[1],""electrostatic_energy"":[1],""energy"":[1],""node_feats"":[9,13824],""spin_charge_density"":[9,2,4],""spin_density"":[9,4]}"
M050_QP1_M2,S007,b4bc0b31f8b179307242745d37438c031cd107da9bb929e2ad7b6b7591648afd,1,2,3b39cf9fccd0fb779bc73248a62036eebef33be33fc95d8e76b2b32d07c4c33f,artifacts/base_features/3b/3b39cf9fccd0fb779bc73248a62036eebef33be33fc95d8e76b2b32d07c4c33f.npz,00fe0b3fe6de18c326c952b5761a8c1d383d1955524465c9b42093b8e1c07602,3095,-69549.5664384189,polar-1-l,9f65f8dc6ddaff1d631e299cb531376a7da5e68d1bef04f34a2d5073d5ef114b,0.3.16,4d2da09413ac1407f37cdbb6b81fa28e4c15655e,e552c116b7d2c653f98b01f5c4fd599997f19f669a32bc6bf16396dd9f79365b,0.4.0,0e21d5546c482d08388a08eb4d948e833227ce47,079b233934150a3eee30444ce2408e09895ec4dd958ec60a822f870fa1284b99,float64,polar1l_rotation_invariants_v1,7beb8d4d9a8231a484c0bb6ff44b6b2e450eee2ca8a447370f350ed8678929cb,"{""density_coefficients"":[9,4],""dipole"":[1,3],""electron_energy"":[1],""electrostatic_energy"":[1],""energy"":[1],""node_feats"":[9,13824],""spin_charge_density"":[9,2,4],""spin_density"":[9,4]}"
M050_QP1_M2,S018,be13f3fb6931515ce453e037b2dba2c54c410e5f4cef04599d4b54f919a82f98,1,2,7c2133fa51dc2a23d5f89c66d30d32a8bb740887f5967fb0033b5ea0e3b4c58a,artifacts/base_features/7c/7c2133fa51dc2a23d5f89c66d30d32a8bb740887f5967fb0033b5ea0e3b4c58a.npz,dd9f9d83d35483f102a8d0683c487cd81130d4d799627d05193f59afa45390fd,3095,-69549.568315353,polar-1-l,9f65f8dc6ddaff1d631e299cb531376a7da5e68d1bef04f34a2d5073d5ef114b,0.3.16,4d2da09413ac1407f37cdbb6b81fa28e4c15655e,e552c116b7d2c653f98b01f5c4fd599997f19f669a32bc6bf16396dd9f79365b,0.4.0,0e21d5546c482d08388a08eb4d948e833227ce47,079b233934150a3eee30444ce2408e09895ec4dd958ec60a822f870fa1284b99,float64,polar1l_rotation_invariants_v1,7beb8d4d9a8231a484c0bb6ff44b6b2e450eee2ca8a447370f350ed8678929cb,"{""density_coefficients"":[9,4],""dipole"":[1,3],""electron_energy"":[1],""electrostatic_energy"":[1],""energy"":[1],""node_feats"":[9,13824],""spin_charge_density"":[9,2,4],""spin_density"":[9,4]}"
M050_QP1_M2,S022,9ea2a3802724bf28ab707cd12cd9f5da8a59cddfe895003f2ebf94b02630dc1b,1,2,facc48185660f59c9167ff9076ab95c9bb62128d932509ca82eb170a589f2b5d,artifacts/base_features/fa/facc48185660f59c9167ff9076ab95c9bb62128d932509ca82eb170a589f2b5d.npz,0b0f72e8e274cdb818a469013f99f7c524e4f9db74e7da194cbba74605c45eee,3095,-69549.5661712755,polar-1-l,9f65f8dc6ddaff1d631e299cb531376a7da5e68d1bef04f34a2d5073d5ef114b,0.3.16,4d2da09413ac1407f37cdbb6b81fa28e4c15655e,e552c116b7d2c653f98b01f5c4fd599997f19f669a32bc6bf16396dd9f79365b,0.4.0,0e21d5546c482d08388a08eb4d948e833227ce47,079b233934150a3eee30444ce2408e09895ec4dd958ec60a822f870fa1284b99,float64,polar1l_rotation_invariants_v1,7beb8d4d9a8231a484c0bb6ff44b6b2e450eee2ca8a447370f350ed8678929cb,"{""density_coefficients"":[9,4],""dipole"":[1,3],""electron_energy"":[1],""electrostatic_energy"":[1],""energy"":[1],""node_feats"":[9,13824],""spin_charge_density"":[9,2,4],""spin_density"":[9,4]}"
M055_Q0_M1,S004,1dc38a32f1df3b11ce3f53eb325cc26acedecf3e532edc91e2cd7f34354d2053,0,1,f5106435aba62e5f0a1a180a450fdf0f9aae025470a14b280a012456e5119c00,artifacts/base_features/f5/f5106435aba62e5f0a1a180a450fdf0f9aae025470a14b280a012456e5119c00.npz,a81f9f877a425f4e6cbbe1778e43efa91b7122694fb2c26c838e1a385d22b040,3095,-78114.5441823496,polar-1-l,9f65f8dc6ddaff1d631e299cb531376a7da5e68d1bef04f34a2d5073d5ef114b,0.3.16,4d2da09413ac1407f37cdbb6b81fa28e4c15655e,e552c116b7d2c653f98b01f5c4fd599997f19f669a32bc6bf16396dd9f79365b,0.4.0,0e21d5546c482d08388a08eb4d948e833227ce47,079b233934150a3eee30444ce2408e09895ec4dd958ec60a822f870fa1284b99,float64,polar1l_rotation_invariants_v1,7beb8d4d9a8231a484c0bb6ff44b6b2e450eee2ca8a447370f350ed8678929cb,"{""density_coefficients"":[33,4],""dipole"":[1,3],""electron_energy"":[1],""electrostatic_energy"":[1],""energy"":[1],""node_feats"":[33,13824],""spin_charge_density"":[33,2,4],""spin_density"":[33,4]}"
M055_Q0_M1,S008,ea5f4d36dd0c3a97ecb89b9539bca4ad5fa2900a2ca47820ce8494ba6211afff,0,1,b28ece80333604201ab1a9c665e7ebfe769a5bd8a2873c23e0fa66c497d0fcf6,artifacts/base_features/b2/b28ece80333604201ab1a9c665e7ebfe769a5bd8a2873c23e0fa66c497d0fcf6.npz,6cb04c28ac75ecf8241d4ff3c83486d2758ad13c1cce8b59345002cc599b15a2,3095,-78114.5446137347,polar-1-l,9f65f8dc6ddaff1d631e299cb531376a7da5e68d1bef04f34a2d5073d5ef114b,0.3.16,4d2da09413ac1407f37cdbb6b81fa28e4c15655e,e552c116b7d2c653f98b01f5c4fd599997f19f669a32bc6bf16396dd9f79365b,0.4.0,0e21d5546c482d08388a08eb4d948e833227ce47,079b233934150a3eee30444ce2408e09895ec4dd958ec60a822f870fa1284b99,float64,polar1l_rotation_invariants_v1,7beb8d4d9a8231a484c0bb6ff44b6b2e450eee2ca8a447370f350ed8678929cb,"{""density_coefficients"":[33,4],""dipole"":[1,3],""electron_energy"":[1],""electrostatic_energy"":[1],""energy"":[1],""node_feats"":[33,13824],""spin_charge_density"":[33,2,4],""spin_density"":[33,4]}"
M055_Q0_M1,S011,9708274bed8c49938ce24bccf1345f2bb0d2a26e2711792dbba708b8b9af65d4,0,1,d06d45fea471be25f1fda11125c4b306631d81027bab36d2a06a5f42b829b2a1,artifacts/base_features/d0/d06d45fea471be25f1fda11125c4b306631d81027bab36d2a06a5f42b829b2a1.npz,bb87108f0a6f96027f369e3164f8bb10daa89c836866e87aebc552252af61ce8,3095,-78114.544170986,polar-1-l,9f65f8dc6ddaff1d631e299cb531376a7da5e68d1bef04f34a2d5073d5ef114b,0.3.16,4d2da09413ac1407f37cdbb6b81fa28e4c15655e,e552c116b7d2c653f98b01f5c4fd599997f19f669a32bc6bf16396dd9f79365b,0.4.0,0e21d5546c482d08388a08eb4d948e833227ce47,079b233934150a3eee30444ce2408e09895ec4dd958ec60a822f870fa1284b99,float64,polar1l_rotation_invariants_v1,7beb8d4d9a8231a484c0bb6ff44b6b2e450eee2ca8a447370f350ed8678929cb,"{""density_coefficients"":[33,4],""dipole"":[1,3],""electron_energy"":[1],""electrostatic_energy"":[1],""energy"":[1],""node_feats"":[33,13824],""spin_charge_density"":[33,2,4],""spin_density"":[33,4]}"
M055_Q0_M1,S015,fbb3f7d3fa35eb9872f1aec6fbb8515971e451c27de47c12d9e3cacefaedf212,0,1,0cb39350e959f6ab1fc6381b5eb06a5331457b16c844591200dae8fd93f6a3b9,artifacts/base_features/0c/0cb39350e959f6ab1fc6381b5eb06a5331457b16c844591200dae8fd93f6a3b9.npz,8a4aea03550db1e1de13a5c936fc00d9b3b0d5e181f2e5df12521de15758a166,3095,-78114.5445104285,polar-1-l,9f65f8dc6ddaff1d631e299cb531376a7da5e68d1bef04f34a2d5073d5ef114b,0.3.16,4d2da09413ac1407f37cdbb6b81fa28e4c15655e,e552c116b7d2c653f98b01f5c4fd599997f19f669a32bc6bf16396dd9f79365b,0.4.0,0e21d5546c482d08388a08eb4d948e833227ce47,079b233934150a3eee30444ce2408e09895ec4dd958ec60a822f870fa1284b99,float64,polar1l_rotation_invariants_v1,7beb8d4d9a8231a484c0bb6ff44b6b2e450eee2ca8a447370f350ed8678929cb,"{""density_coefficients"":[33,4],""dipole"":[1,3],""electron_energy"":[1],""electrostatic_energy"":[1],""energy"":[1],""node_feats"":[33,13824],""spin_charge_density"":[33,2,4],""spin_density"":[33,4]}"
M055_QP1_M2,S004,b6a4ed04950d898897510ac980dd88718f52e348e6dd6378cc618832d6c4d560,1,2,03e6c68b807aaaa180634893574759d89ce3de71f30113ab07deac80cc254854,artifacts/base_features/03/03e6c68b807aaaa180634893574759d89ce3de71f30113ab07deac80cc254854.npz,b9aeaca69c8d4121bd4d74a1a4b5421a1cb9fe4c445df4b2c173722b7854d9de,3095,-78106.4525446916,polar-1-l,9f65f8dc6ddaff1d631e299cb531376a7da5e68d1bef04f34a2d5073d5ef114b,0.3.16,4d2da09413ac1407f37cdbb6b81fa28e4c15655e,e552c116b7d2c653f98b01f5c4fd599997f19f669a32bc6bf16396dd9f79365b,0.4.0,0e21d5546c482d08388a08eb4d948e833227ce47,079b233934150a3eee30444ce2408e09895ec4dd958ec60a822f870fa1284b99,float64,polar1l_rotation_invariants_v1,7beb8d4d9a8231a484c0bb6ff44b6b2e450eee2ca8a447370f350ed8678929cb,"{""density_coefficients"":[33,4],""dipole"":[1,3],""electron_energy"":[1],""electrostatic_energy"":[1],""energy"":[1],""node_feats"":[33,13824],""spin_charge_density"":[33,2,4],""spin_density"":[33,4]}"
M055_QP1_M2,S008,02680670f5d65d042552eb1721308856596718e4f7f445431fc438cb5796d281,1,2,7bef3bff9ff18b79bf512a07db7eb0a3055fc4bb31fd5db90490bd05e06eb7c1,artifacts/base_features/7b/7bef3bff9ff18b79bf512a07db7eb0a3055fc4bb31fd5db90490bd05e06eb7c1.npz,cef33121c4e855041bd340c19178dc3783e0d29cfde51eeee881337df731d537,3095,-78106.4462658561,polar-1-l,9f65f8dc6ddaff1d631e299cb531376a7da5e68d1bef04f34a2d5073d5ef114b,0.3.16,4d2da09413ac1407f37cdbb6b81fa28e4c15655e,e552c116b7d2c653f98b01f5c4fd599997f19f669a32bc6bf16396dd9f79365b,0.4.0,0e21d5546c482d08388a08eb4d948e833227ce47,079b233934150a3eee30444ce2408e09895ec4dd958ec60a822f870fa1284b99,float64,polar1l_rotation_invariants_v1,7beb8d4d9a8231a484c0bb6ff44b6b2e450eee2ca8a447370f350ed8678929cb,"{""density_coefficients"":[33,4],""dipole"":[1,3],""electron_energy"":[1],""electrostatic_energy"":[1],""energy"":[1],""node_feats"":[33,13824],""spin_charge_density"":[33,2,4],""spin_density"":[33,4]}"
M055_QP1_M2,S011,ee0fa151707816146c3e61dc22c26ec5d9401d0d6c0d0c5c8f6578d24446c652,1,2,ff16ae0290e9b7eab5ceffdea3d4f20f2731f3cf85b0019e540e529df0c9f549,artifacts/base_features/ff/ff16ae0290e9b7eab5ceffdea3d4f20f2731f3cf85b0019e540e529df0c9f549.npz,d100db2ee0c948e42ceaf544e8184798d43edffa6b6b06538d858e3afefa86e1,3095,-78106.4527849683,polar-1-l,9f65f8dc6ddaff1d631e299cb531376a7da5e68d1bef04f34a2d5073d5ef114b,0.3.16,4d2da09413ac1407f37cdbb6b81fa28e4c15655e,e552c116b7d2c653f98b01f5c4fd599997f19f669a32bc6bf16396dd9f79365b,0.4.0,0e21d5546c482d08388a08eb4d948e833227ce47,079b233934150a3eee30444ce2408e09895ec4dd958ec60a822f870fa1284b99,float64,polar1l_rotation_invariants_v1,7beb8d4d9a8231a484c0bb6ff44b6b2e450eee2ca8a447370f350ed8678929cb,"{""density_coefficients"":[33,4],""dipole"":[1,3],""electron_energy"":[1],""electrostatic_energy"":[1],""energy"":[1],""node_feats"":[33,13824],""spin_charge_density"":[33,2,4],""spin_density"":[33,4]}"
M055_QP1_M2,S015,e569ea20fc1d5f7c28ccee774958b1eddae4c98da87a41cb4b88b975fb3dff1b,1,2,c3cd4597583ef2af717f4ede970d5adfa29b105c1d5dea21e036a6c0c130ece4,artifacts/base_features/c3/c3cd4597583ef2af717f4ede970d5adfa29b105c1d5dea21e036a6c0c130ece4.npz,38be646b59462a269f8004d72e80303cb15acff37480f27d6fada00cacd6ba80,3095,-78106.4490749457,polar-1-l,9f65f8dc6ddaff1d631e299cb531376a7da5e68d1bef04f34a2d5073d5ef114b,0.3.16,4d2da09413ac1407f37cdbb6b81fa28e4c15655e,e552c116b7d2c653f98b01f5c4fd599997f19f669a32bc6bf16396dd9f79365b,0.4.0,0e21d5546c482d08388a08eb4d948e833227ce47,079b233934150a3eee30444ce2408e09895ec4dd958ec60a822f870fa1284b99,float64,polar1l_rotation_invariants_v1,7beb8d4d9a8231a484c0bb6ff44b6b2e450eee2ca8a447370f350ed8678929cb,"{""density_coefficients"":[33,4],""dipole"":[1,3],""electron_energy"":[1],""electrostatic_energy"":[1],""energy"":[1],""node_feats"":[33,13824],""spin_charge_density"":[33,2,4],""spin_density"":[33,4]}"
M058_Q0_M1,S005,9717e2b6fbb947eb41231005de2daa6efa21249973176b9b9f71d695992cfd05,0,1,0aa01eceb5d3e48389a5ea7ee3a9ad3a57f13c48c720db37c8421074d0e582c0,artifacts/base_features/0a/0aa01eceb5d3e48389a5ea7ee3a9ad3a57f13c48c720db37c8421074d0e582c0.npz,e9ce046cefaca1a115528dada1b0191eae10e6ce09acca53574f41695a706758,3095,-75759.041496908,polar-1-l,9f65f8dc6ddaff1d631e299cb531376a7da5e68d1bef04f34a2d5073d5ef114b,0.3.16,4d2da09413ac1407f37cdbb6b81fa28e4c15655e,e552c116b7d2c653f98b01f5c4fd599997f19f669a32bc6bf16396dd9f79365b,0.4.0,0e21d5546c482d08388a08eb4d948e833227ce47,079b233934150a3eee30444ce2408e09895ec4dd958ec60a822f870fa1284b99,float64,polar1l_rotation_invariants_v1,7beb8d4d9a8231a484c0bb6ff44b6b2e450eee2ca8a447370f350ed8678929cb,"{""density_coefficients"":[15,4],""dipole"":[1,3],""electron_energy"":[1],""electrostatic_energy"":[1],""energy"":[1],""node_feats"":[15,13824],""spin_charge_density"":[15,2,4],""spin_density"":[15,4]}"
M058_Q0_M1,S012,8467d94f16cbad95501a081b716a39fb1a7116334468e3f7510b2bfc53315251,0,1,150be4df6fcd1040d023edcb66ff0336739b68bf72ccfee211ab00b2838c6134,artifacts/base_features/15/150be4df6fcd1040d023edcb66ff0336739b68bf72ccfee211ab00b2838c6134.npz,90dc5c9caa8d64e1907ad894d40ef2920c9a7d04532e86768574f11102d9c179,3095,-75759.0411935747,polar-1-l,9f65f8dc6ddaff1d631e299cb531376a7da5e68d1bef04f34a2d5073d5ef114b,0.3.16,4d2da09413ac1407f37cdbb6b81fa28e4c15655e,e552c116b7d2c653f98b01f5c4fd599997f19f669a32bc6bf16396dd9f79365b,0.4.0,0e21d5546c482d08388a08eb4d948e833227ce47,079b233934150a3eee30444ce2408e09895ec4dd958ec60a822f870fa1284b99,float64,polar1l_rotation_invariants_v1,7beb8d4d9a8231a484c0bb6ff44b6b2e450eee2ca8a447370f350ed8678929cb,"{""density_coefficients"":[15,4],""dipole"":[1,3],""electron_energy"":[1],""electrostatic_energy"":[1],""energy"":[1],""node_feats"":[15,13824],""spin_charge_density"":[15,2,4],""spin_density"":[15,4]}"
M058_Q0_M1,S016,bc47bf497d0aa0b0fef80a2c1ef409cc75bedf8598d3ad08969b54705be3dd49,0,1,f5c31c254b6b87b3e1516c1a7cde40c9ad85915366fcc6b90168d33729219764,artifacts/base_features/f5/f5c31c254b6b87b3e1516c1a7cde40c9ad85915366fcc6b90168d33729219764.npz,4e84b031d939cc66c4e76ac7f648b0775594ebd6041487ef6f221f7cb5a68d82,3095,-75759.0410611978,polar-1-l,9f65f8dc6ddaff1d631e299cb531376a7da5e68d1bef04f34a2d5073d5ef114b,0.3.16,4d2da09413ac1407f37cdbb6b81fa28e4c15655e,e552c116b7d2c653f98b01f5c4fd599997f19f669a32bc6bf16396dd9f79365b,0.4.0,0e21d5546c482d08388a08eb4d948e833227ce47,079b233934150a3eee30444ce2408e09895ec4dd958ec60a822f870fa1284b99,float64,polar1l_rotation_invariants_v1,7beb8d4d9a8231a484c0bb6ff44b6b2e450eee2ca8a447370f350ed8678929cb,"{""density_coefficients"":[15,4],""dipole"":[1,3],""electron_energy"":[1],""electrostatic_energy"":[1],""energy"":[1],""node_feats"":[15,13824],""spin_charge_density"":[15,2,4],""spin_density"":[15,4]}"
M058_Q0_M1,S025,28fd5cfe8eb019148a1dd63acb31a8af7dc4bc3ad09ffc7c5a772a1ed9b0e1cc,0,1,059d71e011ec7ec69f4eec8af068b005e92458d8c081739d32d65ce780027172,artifacts/base_features/05/059d71e011ec7ec69f4eec8af068b005e92458d8c081739d32d65ce780027172.npz,ee89074bfa9bd95822e47fed9e645d8d65ce8f9d2d515eca30efefa587820c9e,3095,-75759.0411035833,polar-1-l,9f65f8dc6ddaff1d631e299cb531376a7da5e68d1bef04f34a2d5073d5ef114b,0.3.16,4d2da09413ac1407f37cdbb6b81fa28e4c15655e,e552c116b7d2c653f98b01f5c4fd599997f19f669a32bc6bf16396dd9f79365b,0.4.0,0e21d5546c482d08388a08eb4d948e833227ce47,079b233934150a3eee30444ce2408e09895ec4dd958ec60a822f870fa1284b99,float64,polar1l_rotation_invariants_v1,7beb8d4d9a8231a484c0bb6ff44b6b2e450eee2ca8a447370f350ed8678929cb,"{""density_coefficients"":[15,4],""dipole"":[1,3],""electron_energy"":[1],""electrostatic_energy"":[1],""energy"":[1],""node_feats"":[15,13824],""spin_charge_density"":[15,2,4],""spin_density"":[15,4]}"
M058_QP1_M2,S005,afe9f54d804544b9d74d38728d5e9f9d49b6779fa2b6c4bbe5522fca0d95d005,1,2,f8170f1b3ad1d26cd2c06628114ea74f1e67b6c8a5d9441b9dff5c7424640361,artifacts/base_features/f8/f8170f1b3ad1d26cd2c06628114ea74f1e67b6c8a5d9441b9dff5c7424640361.npz,9736b849d4deb6c40ffb9389ece54078d7fceedce4314c6887ff1725f6d2b01a,3095,-75751.2792364226,polar-1-l,9f65f8dc6ddaff1d631e299cb531376a7da5e68d1bef04f34a2d5073d5ef114b,0.3.16,4d2da09413ac1407f37cdbb6b81fa28e4c15655e,e552c116b7d2c653f98b01f5c4fd599997f19f669a32bc6bf16396dd9f79365b,0.4.0,0e21d5546c482d08388a08eb4d948e833227ce47,079b233934150a3eee30444ce2408e09895ec4dd958ec60a822f870fa1284b99,float64,polar1l_rotation_invariants_v1,7beb8d4d9a8231a484c0bb6ff44b6b2e450eee2ca8a447370f350ed8678929cb,"{""density_coefficients"":[15,4],""dipole"":[1,3],""electron_energy"":[1],""electrostatic_energy"":[1],""energy"":[1],""node_feats"":[15,13824],""spin_charge_density"":[15,2,4],""spin_density"":[15,4]}"
M058_QP1_M2,S012,f28f164f3da979fcee87708e75754b0cd95d4e5cfacef65b88ce4d679eb62266,1,2,d7c93b1cc63f7620ded86a8365bff9551b1dee20d7bba9903d72efd9442416d6,artifacts/base_features/d7/d7c93b1cc63f7620ded86a8365bff9551b1dee20d7bba9903d72efd9442416d6.npz,7e06473e5d1242b90fad3e3b8b7cb9933ce36a90f96e252422de008db87b180c,3095,-75751.2791560317,polar-1-l,9f65f8dc6ddaff1d631e299cb531376a7da5e68d1bef04f34a2d5073d5ef114b,0.3.16,4d2da09413ac1407f37cdbb6b81fa28e4c15655e,e552c116b7d2c653f98b01f5c4fd599997f19f669a32bc6bf16396dd9f79365b,0.4.0,0e21d5546c482d08388a08eb4d948e833227ce47,079b233934150a3eee30444ce2408e09895ec4dd958ec60a822f870fa1284b99,float64,polar1l_rotation_invariants_v1,7beb8d4d9a8231a484c0bb6ff44b6b2e450eee2ca8a447370f350ed8678929cb,"{""density_coefficients"":[15,4],""dipole"":[1,3],""electron_energy"":[1],""electrostatic_energy"":[1],""energy"":[1],""node_feats"":[15,13824],""spin_charge_density"":[15,2,4],""spin_density"":[15,4]}"
M058_QP1_M2,S016,0a519950653f8771eecfd578f01fe54259cc80055a08d84def85ae76053b239c,1,2,f8b0c7d149a31debe3828591ed501b8da87bf1ca7180266e66c17487dbbb9b17,artifacts/base_features/f8/f8b0c7d149a31debe3828591ed501b8da87bf1ca7180266e66c17487dbbb9b17.npz,f3307e7a53018057820df42de9f7ebf86d6dfc6b9c528654ae9817b4096a4c21,3095,-75751.2794394419,polar-1-l,9f65f8dc6ddaff1d631e299cb531376a7da5e68d1bef04f34a2d5073d5ef114b,0.3.16,4d2da09413ac1407f37cdbb6b81fa28e4c15655e,e552c116b7d2c653f98b01f5c4fd599997f19f669a32bc6bf16396dd9f79365b,0.4.0,0e21d5546c482d08388a08eb4d948e833227ce47,079b233934150a3eee30444ce2408e09895ec4dd958ec60a822f870fa1284b99,float64,polar1l_rotation_invariants_v1,7beb8d4d9a8231a484c0bb6ff44b6b2e450eee2ca8a447370f350ed8678929cb,"{""density_coefficients"":[15,4],""dipole"":[1,3],""electron_energy"":[1],""electrostatic_energy"":[1],""energy"":[1],""node_feats"":[15,13824],""spin_charge_density"":[15,2,4],""spin_density"":[15,4]}"
M058_QP1_M2,S025,f887787dfef77e80af8d8fb3024cf2e31c5494305e8e30598e9e5a7996fdb647,1,2,5164bc3cc87db8d4174677244fe5379aa48111eeac1819763da7d0fae79882af,artifacts/base_features/51/5164bc3cc87db8d4174677244fe5379aa48111eeac1819763da7d0fae79882af.npz,83baeee162245a51b568e52b99e6e0cde06cade391f2f9125f284f41cc177723,3095,-75751.2796347574,polar-1-l,9f65f8dc6ddaff1d631e299cb531376a7da5e68d1bef04f34a2d5073d5ef114b,0.3.16,4d2da09413ac1407f37cdbb6b81fa28e4c15655e,e552c116b7d2c653f98b01f5c4fd599997f19f669a32bc6bf16396dd9f79365b,0.4.0,0e21d5546c482d08388a08eb4d948e833227ce47,079b233934150a3eee30444ce2408e09895ec4dd958ec60a822f870fa1284b99,float64,polar1l_rotation_invariants_v1,7beb8d4d9a8231a484c0bb6ff44b6b2e450eee2ca8a447370f350ed8678929cb,"{""density_coefficients"":[15,4],""dipole"":[1,3],""electron_energy"":[1],""electrostatic_energy"":[1],""energy"":[1],""node_feats"":[15,13824],""spin_charge_density"":[15,2,4],""spin_density"":[15,4]}"
M060_Q0_M1,S002,6ea1cbd1735b4a3b8cd1e5485cfccbb7c5c63f1cd640b1497e6f568a3a89052e,0,1,bdee6d6cd747855c8b7abe75691902755ff19ac8c22ccd01145a57d6387528eb,artifacts/base_features/bd/bdee6d6cd747855c8b7abe75691902755ff19ac8c22ccd01145a57d6387528eb.npz,ba34d11a527c354aed89ac0419193e98dfe4cac1035440657e1f65fc3bfb1ebe,3095,-7825.77676990234,polar-1-l,9f65f8dc6ddaff1d631e299cb531376a7da5e68d1bef04f34a2d5073d5ef114b,0.3.16,4d2da09413ac1407f37cdbb6b81fa28e4c15655e,e552c116b7d2c653f98b01f5c4fd599997f19f669a32bc6bf16396dd9f79365b,0.4.0,0e21d5546c482d08388a08eb4d948e833227ce47,079b233934150a3eee30444ce2408e09895ec4dd958ec60a822f870fa1284b99,float64,polar1l_rotation_invariants_v1,7beb8d4d9a8231a484c0bb6ff44b6b2e450eee2ca8a447370f350ed8678929cb,"{""density_coefficients"":[14,4],""dipole"":[1,3],""electron_energy"":[1],""electrostatic_energy"":[1],""energy"":[1],""node_feats"":[14,13824],""spin_charge_density"":[14,2,4],""spin_density"":[14,4]}"
M060_Q0_M1,S006,876a8c5ec257491ba94ee6b04b3c35618ea03a20a509e4c819d76cfac061bdcf,0,1,53bc8225db24ef46e35a491e501de1bfee8becce956140c62a6f149de952d390,artifacts/base_features/53/53bc8225db24ef46e35a491e501de1bfee8becce956140c62a6f149de952d390.npz,8b5b280bdc9dacd29eebf32a5c0e2a34958d384e239bd02b2a36e63274164dc6,3095,-7825.77555041702,polar-1-l,9f65f8dc6ddaff1d631e299cb531376a7da5e68d1bef04f34a2d5073d5ef114b,0.3.16,4d2da09413ac1407f37cdbb6b81fa28e4c15655e,e552c116b7d2c653f98b01f5c4fd599997f19f669a32bc6bf16396dd9f79365b,0.4.0,0e21d5546c482d08388a08eb4d948e833227ce47,079b233934150a3eee30444ce2408e09895ec4dd958ec60a822f870fa1284b99,float64,polar1l_rotation_invariants_v1,7beb8d4d9a8231a484c0bb6ff44b6b2e450eee2ca8a447370f350ed8678929cb,"{""density_coefficients"":[14,4],""dipole"":[1,3],""electron_energy"":[1],""electrostatic_energy"":[1],""energy"":[1],""node_feats"":[14,13824],""spin_charge_density"":[14,2,4],""spin_density"":[14,4]}"
M060_Q0_M1,S017,6a92ac4d5f4763a8ff7a0398e877e6f5847c09f40ec31a860a0442da43df1cff,0,1,13308047c75473cbfb910ddef98d431c43f159a20cca2c8f61e8e59ba07aaa50,artifacts/base_features/13/13308047c75473cbfb910ddef98d431c43f159a20cca2c8f61e8e59ba07aaa50.npz,f64eb8aa29f287f582bf824a2b12040c81b8ccaf0d693fade32a7a6eff03c7ef,3095,-7825.77623160535,polar-1-l,9f65f8dc6ddaff1d631e299cb531376a7da5e68d1bef04f34a2d5073d5ef114b,0.3.16,4d2da09413ac1407f37cdbb6b81fa28e4c15655e,e552c116b7d2c653f98b01f5c4fd599997f19f669a32bc6bf16396dd9f79365b,0.4.0,0e21d5546c482d08388a08eb4d948e833227ce47,079b233934150a3eee30444ce2408e09895ec4dd958ec60a822f870fa1284b99,float64,polar1l_rotation_invariants_v1,7beb8d4d9a8231a484c0bb6ff44b6b2e450eee2ca8a447370f350ed8678929cb,"{""density_coefficients"":[14,4],""dipole"":[1,3],""electron_energy"":[1],""electrostatic_energy"":[1],""energy"":[1],""node_feats"":[14,13824],""spin_charge_density"":[14,2,4],""spin_density"":[14,4]}"
M060_Q0_M1,S023,b2924197452fc404cbe5797af85cb06f12068737fd9a4d28804369d18ad38ef4,0,1,c6372a903520d99c08cabff97d5f2c32a733e486998949850e589c8a1720319c,artifacts/base_features/c6/c6372a903520d99c08cabff97d5f2c32a733e486998949850e589c8a1720319c.npz,ba88e0179fc9c99612af8adb1972ce7795811beddd342c3ee853d25c4d41b78d,3095,-7825.77902366414,polar-1-l,9f65f8dc6ddaff1d631e299cb531376a7da5e68d1bef04f34a2d5073d5ef114b,0.3.16,4d2da09413ac1407f37cdbb6b81fa28e4c15655e,e552c116b7d2c653f98b01f5c4fd599997f19f669a32bc6bf16396dd9f79365b,0.4.0,0e21d5546c482d08388a08eb4d948e833227ce47,079b233934150a3eee30444ce2408e09895ec4dd958ec60a822f870fa1284b99,float64,polar1l_rotation_invariants_v1,7beb8d4d9a8231a484c0bb6ff44b6b2e450eee2ca8a447370f350ed8678929cb,"{""density_coefficients"":[14,4],""dipole"":[1,3],""electron_energy"":[1],""electrostatic_energy"":[1],""energy"":[1],""node_feats"":[14,13824],""spin_charge_density"":[14,2,4],""spin_density"":[14,4]}"
M060_QP1_M2,S002,810f8a9658db69377139ec50285d710c03b039fe87125798636bfaa0950a8e76,1,2,18bf5ee16a8ee63d1e57a189646e59a23e0cb2b1a44ecffcd6fd60eb24fbdd34,artifacts/base_features/18/18bf5ee16a8ee63d1e57a189646e59a23e0cb2b1a44ecffcd6fd60eb24fbdd34.npz,987bf02e6d4eef0d50a9d73b19565ac59963a4f903e788a39385611d443ecf39,3095,-7818.15585389462,polar-1-l,9f65f8dc6ddaff1d631e299cb531376a7da5e68d1bef04f34a2d5073d5ef114b,0.3.16,4d2da09413ac1407f37cdbb6b81fa28e4c15655e,e552c116b7d2c653f98b01f5c4fd599997f19f669a32bc6bf16396dd9f79365b,0.4.0,0e21d5546c482d08388a08eb4d948e833227ce47,079b233934150a3eee30444ce2408e09895ec4dd958ec60a822f870fa1284b99,float64,polar1l_rotation_invariants_v1,7beb8d4d9a8231a484c0bb6ff44b6b2e450eee2ca8a447370f350ed8678929cb,"{""density_coefficients"":[14,4],""dipole"":[1,3],""electron_energy"":[1],""electrostatic_energy"":[1],""energy"":[1],""node_feats"":[14,13824],""spin_charge_density"":[14,2,4],""spin_density"":[14,4]}"
M060_QP1_M2,S006,bac67348d2b8c3e979d3736aa972c21c23e78442ba552984154ea5dbdea28450,1,2,c538f1713e603c802d50e428cb5afc7c1cb49c1b2f7cb073aa5631b2aab8eaf1,artifacts/base_features/c5/c538f1713e603c802d50e428cb5afc7c1cb49c1b2f7cb073aa5631b2aab8eaf1.npz,6e42b78cfe5ff3ff65c435daf2b840d433eaf95f5d0f07ce4f3bead9b8583fe2,3095,-7818.15515150132,polar-1-l,9f65f8dc6ddaff1d631e299cb531376a7da5e68d1bef04f34a2d5073d5ef114b,0.3.16,4d2da09413ac1407f37cdbb6b81fa28e4c15655e,e552c116b7d2c653f98b01f5c4fd599997f19f669a32bc6bf16396dd9f79365b,0.4.0,0e21d5546c482d08388a08eb4d948e833227ce47,079b233934150a3eee30444ce2408e09895ec4dd958ec60a822f870fa1284b99,float64,polar1l_rotation_invariants_v1,7beb8d4d9a8231a484c0bb6ff44b6b2e450eee2ca8a447370f350ed8678929cb,"{""density_coefficients"":[14,4],""dipole"":[1,3],""electron_energy"":[1],""electrostatic_energy"":[1],""energy"":[1],""node_feats"":[14,13824],""spin_charge_density"":[14,2,4],""spin_density"":[14,4]}"
M060_QP1_M2,S017,966e1e0abd2e6e8b63f35f02db3dde5b2ddc26b2f595154ed2d27e568b141555,1,2,a9d721e26299a87343266538b50c4cd7292683712510344f264ef22b25a23ec8,artifacts/base_features/a9/a9d721e26299a87343266538b50c4cd7292683712510344f264ef22b25a23ec8.npz,10a8b2402270ecc5d5413fcd191b47a18401f751290c28e48bdfc5c8307fd686,3095,-7818.15557832534,polar-1-l,9f65f8dc6ddaff1d631e299cb531376a7da5e68d1bef04f34a2d5073d5ef114b,0.3.16,4d2da09413ac1407f37cdbb6b81fa28e4c15655e,e552c116b7d2c653f98b01f5c4fd599997f19f669a32bc6bf16396dd9f79365b,0.4.0,0e21d5546c482d08388a08eb4d948e833227ce47,079b233934150a3eee30444ce2408e09895ec4dd958ec60a822f870fa1284b99,float64,polar1l_rotation_invariants_v1,7beb8d4d9a8231a484c0bb6ff44b6b2e450eee2ca8a447370f350ed8678929cb,"{""density_coefficients"":[14,4],""dipole"":[1,3],""electron_energy"":[1],""electrostatic_energy"":[1],""energy"":[1],""node_feats"":[14,13824],""spin_charge_density"":[14,2,4],""spin_density"":[14,4]}"
M060_QP1_M2,S023,c8c374b8ee2c2e17c0771430af64ff38217c22cd0b48922057a81878180a4976,1,2,a37b350c62ae4b07db2d81c0907a9aeb209621f010aaeaf9d88b63f36d07984f,artifacts/base_features/a3/a37b350c62ae4b07db2d81c0907a9aeb209621f010aaeaf9d88b63f36d07984f.npz,7d8eb7f8c0a0cc57c1ed136648d6d558a104eade2d961566b864ea78ce6b6ee0,3095,-7818.15694537383,polar-1-l,9f65f8dc6ddaff1d631e299cb531376a7da5e68d1bef04f34a2d5073d5ef114b,0.3.16,4d2da09413ac1407f37cdbb6b81fa28e4c15655e,e552c116b7d2c653f98b01f5c4fd599997f19f669a32bc6bf16396dd9f79365b,0.4.0,0e21d5546c482d08388a08eb4d948e833227ce47,079b233934150a3eee30444ce2408e09895ec4dd958ec60a822f870fa1284b99,float64,polar1l_rotation_invariants_v1,7beb8d4d9a8231a484c0bb6ff44b6b2e450eee2ca8a447370f350ed8678929cb,"{""density_coefficients"":[14,4],""dipole"":[1,3],""electron_energy"":[1],""electrostatic_energy"":[1],""energy"":[1],""node_feats"":[14,13824],""spin_charge_density"":[14,2,4],""spin_density"":[14,4]}"
M068_Q0_M1,S003,cc6015b792872fef049f70cf95b8d07745ae6875e16cc5e95f62608e502ca1d6,0,1,107c44bd53c2d66ee8326dcee9da344b187bc16596291fc4af99628c30d9355d,artifacts/base_features/10/107c44bd53c2d66ee8326dcee9da344b187bc16596291fc4af99628c30d9355d.npz,50061465f6c03e6ea810c5431d37233dac3fe397c6a336e26b5e08f81208288b,3095,-9965.04306386088,polar-1-l,9f65f8dc6ddaff1d631e299cb531376a7da5e68d1bef04f34a2d5073d5ef114b,0.3.16,4d2da09413ac1407f37cdbb6b81fa28e4c15655e,e552c116b7d2c653f98b01f5c4fd599997f19f669a32bc6bf16396dd9f79365b,0.4.0,0e21d5546c482d08388a08eb4d948e833227ce47,079b233934150a3eee30444ce2408e09895ec4dd958ec60a822f870fa1284b99,float64,polar1l_rotation_invariants_v1,7beb8d4d9a8231a484c0bb6ff44b6b2e450eee2ca8a447370f350ed8678929cb,"{""density_coefficients"":[20,4],""dipole"":[1,3],""electron_energy"":[1],""electrostatic_energy"":[1],""energy"":[1],""node_feats"":[20,13824],""spin_charge_density"":[20,2,4],""spin_density"":[20,4]}"
M068_Q0_M1,S013,0a35370d9f57898ade8184c97945839e701323a3397f7b5420cb9d5b105c94f2,0,1,6ed961d904d28cb9bb0ef72c333ebf96586c59dd62e56f76abab11fbc44f396d,artifacts/base_features/6e/6ed961d904d28cb9bb0ef72c333ebf96586c59dd62e56f76abab11fbc44f396d.npz,07c6b24077bd9c31984a9fcae6b7768625e7366c2772374cdd8e2c95f0957cd9,3095,-9965.04328958502,polar-1-l,9f65f8dc6ddaff1d631e299cb531376a7da5e68d1bef04f34a2d5073d5ef114b,0.3.16,4d2da09413ac1407f37cdbb6b81fa28e4c15655e,e552c116b7d2c653f98b01f5c4fd599997f19f669a32bc6bf16396dd9f79365b,0.4.0,0e21d5546c482d08388a08eb4d948e833227ce47,079b233934150a3eee30444ce2408e09895ec4dd958ec60a822f870fa1284b99,float64,polar1l_rotation_invariants_v1,7beb8d4d9a8231a484c0bb6ff44b6b2e450eee2ca8a447370f350ed8678929cb,"{""density_coefficients"":[20,4],""dipole"":[1,3],""electron_energy"":[1],""electrostatic_energy"":[1],""energy"":[1],""node_feats"":[20,13824],""spin_charge_density"":[20,2,4],""spin_density"":[20,4]}"
M068_Q0_M1,S020,68543ce0a8f8bc02beb995028c20357057897108c7d9799cdf6daf321a830a4d,0,1,3f2b5c47525acd17aa0cb1192fca2a006ca482b02e19045f69e1ea9d4a968de2,artifacts/base_features/3f/3f2b5c47525acd17aa0cb1192fca2a006ca482b02e19045f69e1ea9d4a968de2.npz,d5dc757e95e475ded12bbc6599b574d2e68cc343073447d5f4e3e625416d312b,3095,-9965.04416997389,polar-1-l,9f65f8dc6ddaff1d631e299cb531376a7da5e68d1bef04f34a2d5073d5ef114b,0.3.16,4d2da09413ac1407f37cdbb6b81fa28e4c15655e,e552c116b7d2c653f98b01f5c4fd599997f19f669a32bc6bf16396dd9f79365b,0.4.0,0e21d5546c482d08388a08eb4d948e833227ce47,079b233934150a3eee30444ce2408e09895ec4dd958ec60a822f870fa1284b99,float64,polar1l_rotation_invariants_v1,7beb8d4d9a8231a484c0bb6ff44b6b2e450eee2ca8a447370f350ed8678929cb,"{""density_coefficients"":[20,4],""dipole"":[1,3],""electron_energy"":[1],""electrostatic_energy"":[1],""energy"":[1],""node_feats"":[20,13824],""spin_charge_density"":[20,2,4],""spin_density"":[20,4]}"
M068_Q0_M1,S024,c04e40de29a7b5bb86b24247edcffe084bd80e51844cdd80da4efa1babfc5831,0,1,d12894300f619e21c4706e2f8b8b6dd4489f468979ddca51c1c6ba386cba65a5,artifacts/base_features/d1/d12894300f619e21c4706e2f8b8b6dd4489f468979ddca51c1c6ba386cba65a5.npz,ccf14d1f9c57a58df12af14d8d579f26a9d83aba71c9b9b3eaeefb483591acd9,3095,-9965.04713486874,polar-1-l,9f65f8dc6ddaff1d631e299cb531376a7da5e68d1bef04f34a2d5073d5ef114b,0.3.16,4d2da09413ac1407f37cdbb6b81fa28e4c15655e,e552c116b7d2c653f98b01f5c4fd599997f19f669a32bc6bf16396dd9f79365b,0.4.0,0e21d5546c482d08388a08eb4d948e833227ce47,079b233934150a3eee30444ce2408e09895ec4dd958ec60a822f870fa1284b99,float64,polar1l_rotation_invariants_v1,7beb8d4d9a8231a484c0bb6ff44b6b2e450eee2ca8a447370f350ed8678929cb,"{""density_coefficients"":[20,4],""dipole"":[1,3],""electron_energy"":[1],""electrostatic_energy"":[1],""energy"":[1],""node_feats"":[20,13824],""spin_charge_density"":[20,2,4],""spin_density"":[20,4]}"
M068_QP1_M2,S003,a2d111f67e5f22b5425641947ce6ceeb72353cc530e47e09de199318c0663655,1,2,8efe757354cceaad5834f4b500f0c2884f52431bec4ef740650e83fa187c7638,artifacts/base_features/8e/8efe757354cceaad5834f4b500f0c2884f52431bec4ef740650e83fa187c7638.npz,e34de73b6006e1699144e86b237a77796295f1b51ed41a44a19c969d9a07a59d,3095,-9957.72842012495,polar-1-l,9f65f8dc6ddaff1d631e299cb531376a7da5e68d1bef04f34a2d5073d5ef114b,0.3.16,4d2da09413ac1407f37cdbb6b81fa28e4c15655e,e552c116b7d2c653f98b01f5c4fd599997f19f669a32bc6bf16396dd9f79365b,0.4.0,0e21d5546c482d08388a08eb4d948e833227ce47,079b233934150a3eee30444ce2408e09895ec4dd958ec60a822f870fa1284b99,float64,polar1l_rotation_invariants_v1,7beb8d4d9a8231a484c0bb6ff44b6b2e450eee2ca8a447370f350ed8678929cb,"{""density_coefficients"":[20,4],""dipole"":[1,3],""electron_energy"":[1],""electrostatic_energy"":[1],""energy"":[1],""node_feats"":[20,13824],""spin_charge_density"":[20,2,4],""spin_density"":[20,4]}"
M068_QP1_M2,S013,efba66b042f6fd5f7b0ed3f84e77454231ec1c1ddfd4de292e73822bd30d51b5,1,2,f370326eecf60487c228a3afd8712f6b994210e9b37d1638de6c8d411fe68c0f,artifacts/base_features/f3/f370326eecf60487c228a3afd8712f6b994210e9b37d1638de6c8d411fe68c0f.npz,4aa4ca7d8a7feec49243b53a0a7fa625db307cb845fd6bc166166e91b89db313,3095,-9957.72868020685,polar-1-l,9f65f8dc6ddaff1d631e299cb531376a7da5e68d1bef04f34a2d5073d5ef114b,0.3.16,4d2da09413ac1407f37cdbb6b81fa28e4c15655e,e552c116b7d2c653f98b01f5c4fd599997f19f669a32bc6bf16396dd9f79365b,0.4.0,0e21d5546c482d08388a08eb4d948e833227ce47,079b233934150a3eee30444ce2408e09895ec4dd958ec60a822f870fa1284b99,float64,polar1l_rotation_invariants_v1,7beb8d4d9a8231a484c0bb6ff44b6b2e450eee2ca8a447370f350ed8678929cb,"{""density_coefficients"":[20,4],""dipole"":[1,3],""electron_energy"":[1],""electrostatic_energy"":[1],""energy"":[1],""node_feats"":[20,13824],""spin_charge_density"":[20,2,4],""spin_density"":[20,4]}"
M068_QP1_M2,S020,01fcea3ac8584561bdda7cc9739de25bc3e12ea8d50d6e1dfd33b0665303a132,1,2,24086aa3416f70071fd10738083992459edd09e07a283d95168948d073dfba8b,artifacts/base_features/24/24086aa3416f70071fd10738083992459edd09e07a283d95168948d073dfba8b.npz,2b0b67e29dc8f4e15f94b9001150ad6672f829f69164e678104eb2f3246a48af,3095,-9957.7298945084,polar-1-l,9f65f8dc6ddaff1d631e299cb531376a7da5e68d1bef04f34a2d5073d5ef114b,0.3.16,4d2da09413ac1407f37cdbb6b81fa28e4c15655e,e552c116b7d2c653f98b01f5c4fd599997f19f669a32bc6bf16396dd9f79365b,0.4.0,0e21d5546c482d08388a08eb4d948e833227ce47,079b233934150a3eee30444ce2408e09895ec4dd958ec60a822f870fa1284b99,float64,polar1l_rotation_invariants_v1,7beb8d4d9a8231a484c0bb6ff44b6b2e450eee2ca8a447370f350ed8678929cb,"{""density_coefficients"":[20,4],""dipole"":[1,3],""electron_energy"":[1],""electrostatic_energy"":[1],""energy"":[1],""node_feats"":[20,13824],""spin_charge_density"":[20,2,4],""spin_density"":[20,4]}"
M068_QP1_M2,S024,5785baf1a9d86fcd4a95cc2579a661ef3600866d3bd7283d0367ecfec8ed2aae,1,2,e4904c403d991c6c081bb28139058e21ae13b57bdbaa8395f7a37b896d7fd2a1,artifacts/base_features/e4/e4904c403d991c6c081bb28139058e21ae13b57bdbaa8395f7a37b896d7fd2a1.npz,4049553eead0250ff1b6d59f6c2371364ef7ff177c1083051833920eb7c0c9fb,3095,-9957.73338045503,polar-1-l,9f65f8dc6ddaff1d631e299cb531376a7da5e68d1bef04f34a2d5073d5ef114b,0.3.16,4d2da09413ac1407f37cdbb6b81fa28e4c15655e,e552c116b7d2c653f98b01f5c4fd599997f19f669a32bc6bf16396dd9f79365b,0.4.0,0e21d5546c482d08388a08eb4d948e833227ce47,079b233934150a3eee30444ce2408e09895ec4dd958ec60a822f870fa1284b99,float64,polar1l_rotation_invariants_v1,7beb8d4d9a8231a484c0bb6ff44b6b2e450eee2ca8a447370f350ed8678929cb,"{""density_coefficients"":[20,4],""dipole"":[1,3],""electron_energy"":[1],""electrostatic_energy"":[1],""energy"":[1],""node_feats"":[20,13824],""spin_charge_density"":[20,2,4],""spin_density"":[20,4]}"
M069_Q0_M1,S001,11b904503a92335c31b1c9db19f1d60bab06d5bf705e12bdee3a8909dd36a70e,0,1,f5d322e22ba17216f27ed1d0afa7bd5c3600fc9c472ae6f41d8715df0bbb8678,artifacts/base_features/f5/f5d322e22ba17216f27ed1d0afa7bd5c3600fc9c472ae6f41d8715df0bbb8678.npz,2bee561dc6b5107e5a20713a78944d66cc23847f3f1fb33457fdfa2a959078d8,3095,-14112.712024215,polar-1-l,9f65f8dc6ddaff1d631e299cb531376a7da5e68d1bef04f34a2d5073d5ef114b,0.3.16,4d2da09413ac1407f37cdbb6b81fa28e4c15655e,e552c116b7d2c653f98b01f5c4fd599997f19f669a32bc6bf16396dd9f79365b,0.4.0,0e21d5546c482d08388a08eb4d948e833227ce47,079b233934150a3eee30444ce2408e09895ec4dd958ec60a822f870fa1284b99,float64,polar1l_rotation_invariants_v1,7beb8d4d9a8231a484c0bb6ff44b6b2e450eee2ca8a447370f350ed8678929cb,"{""density_coefficients"":[24,4],""dipole"":[1,3],""electron_energy"":[1],""electrostatic_energy"":[1],""energy"":[1],""node_feats"":[24,13824],""spin_charge_density"":[24,2,4],""spin_density"":[24,4]}"
M069_Q0_M1,S007,37286d64e995d51a792ec493d676c3be99988fbfc92ecf452e7a223ae517173d,0,1,02476b9c1f593a58f2c718ea143977535c4a115688b58ab9dd25a5b05ed8bb8c,artifacts/base_features/02/02476b9c1f593a58f2c718ea143977535c4a115688b58ab9dd25a5b05ed8bb8c.npz,58b7ea0ad55af19fd91f72434657f77963759114de4dd6a8acda8da068e7d80f,3095,-14112.7119828571,polar-1-l,9f65f8dc6ddaff1d631e299cb531376a7da5e68d1bef04f34a2d5073d5ef114b,0.3.16,4d2da09413ac1407f37cdbb6b81fa28e4c15655e,e552c116b7d2c653f98b01f5c4fd599997f19f669a32bc6bf16396dd9f79365b,0.4.0,0e21d5546c482d08388a08eb4d948e833227ce47,079b233934150a3eee30444ce2408e09895ec4dd958ec60a822f870fa1284b99,float64,polar1l_rotation_invariants_v1,7beb8d4d9a8231a484c0bb6ff44b6b2e450eee2ca8a447370f350ed8678929cb,"{""density_coefficients"":[24,4],""dipole"":[1,3],""electron_energy"":[1],""electrostatic_energy"":[1],""energy"":[1],""node_feats"":[24,13824],""spin_charge_density"":[24,2,4],""spin_density"":[24,4]}"
M069_Q0_M1,S015,1f48b8f7962206684ce63f5617137e9f7f19054de8e7b9fbabb53d19ee27cf6e,0,1,8a70f8a7c8161d24b48d67a89616aea504a4d8a6ecc4509f90cbbfe4fe29213b,artifacts/base_features/8a/8a70f8a7c8161d24b48d67a89616aea504a4d8a6ecc4509f90cbbfe4fe29213b.npz,5aedb5056da6ff99509aaf9aa039c27cca065ce0aa21732ff67430cd03d9ba41,3095,-14112.7123760376,polar-1-l,9f65f8dc6ddaff1d631e299cb531376a7da5e68d1bef04f34a2d5073d5ef114b,0.3.16,4d2da09413ac1407f37cdbb6b81fa28e4c15655e,e552c116b7d2c653f98b01f5c4fd599997f19f669a32bc6bf16396dd9f79365b,0.4.0,0e21d5546c482d08388a08eb4d948e833227ce47,079b233934150a3eee30444ce2408e09895ec4dd958ec60a822f870fa1284b99,float64,polar1l_rotation_invariants_v1,7beb8d4d9a8231a484c0bb6ff44b6b2e450eee2ca8a447370f350ed8678929cb,"{""density_coefficients"":[24,4],""dipole"":[1,3],""electron_energy"":[1],""electrostatic_energy"":[1],""energy"":[1],""node_feats"":[24,13824],""spin_charge_density"":[24,2,4],""spin_density"":[24,4]}"
M069_Q0_M1,S022,9adc44db7ef61c92746be4fbf419b0282018de9d248a2b6673bd6e0924873d24,0,1,6c19e71efe2c56cfa5bb0e4919ee11a07ee94be2a18a4a8d3a98ef5d63211a52,artifacts/base_features/6c/6c19e71efe2c56cfa5bb0e4919ee11a07ee94be2a18a4a8d3a98ef5d63211a52.npz,dd665468f10ea2f9d63249ef27f6a3976d703fa02d234e99e6a52e2eb397f067,3095,-14112.7119184467,polar-1-l,9f65f8dc6ddaff1d631e299cb531376a7da5e68d1bef04f34a2d5073d5ef114b,0.3.16,4d2da09413ac1407f37cdbb6b81fa28e4c15655e,e552c116b7d2c653f98b01f5c4fd599997f19f669a32bc6bf16396dd9f79365b,0.4.0,0e21d5546c482d08388a08eb4d948e833227ce47,079b233934150a3eee30444ce2408e09895ec4dd958ec60a822f870fa1284b99,float64,polar1l_rotation_invariants_v1,7beb8d4d9a8231a484c0bb6ff44b6b2e450eee2ca8a447370f350ed8678929cb,"{""density_coefficients"":[24,4],""dipole"":[1,3],""electron_energy"":[1],""electrostatic_energy"":[1],""energy"":[1],""node_feats"":[24,13824],""spin_charge_density"":[24,2,4],""spin_density"":[24,4]}"
M069_QP1_M2,S001,6c40284b429b667310167ed13c1a71a547d5b23c09c8e8d9bb4f96c822ece44f,1,2,80b85436737bb624ab6eee978dfc44b453da57a577c63d2af35706fddc6f5a4e,artifacts/base_features/80/80b85436737bb624ab6eee978dfc44b453da57a577c63d2af35706fddc6f5a4e.npz,481d8800ba167f836576aaf59f085256f22049159d35d52db93a524e515648da,3095,-14105.4421476039,polar-1-l,9f65f8dc6ddaff1d631e299cb531376a7da5e68d1bef04f34a2d5073d5ef114b,0.3.16,4d2da09413ac1407f37cdbb6b81fa28e4c15655e,e552c116b7d2c653f98b01f5c4fd599997f19f669a32bc6bf16396dd9f79365b,0.4.0,0e21d5546c482d08388a08eb4d948e833227ce47,079b233934150a3eee30444ce2408e09895ec4dd958ec60a822f870fa1284b99,float64,polar1l_rotation_invariants_v1,7beb8d4d9a8231a484c0bb6ff44b6b2e450eee2ca8a447370f350ed8678929cb,"{""density_coefficients"":[24,4],""dipole"":[1,3],""electron_energy"":[1],""electrostatic_energy"":[1],""energy"":[1],""node_feats"":[24,13824],""spin_charge_density"":[24,2,4],""spin_density"":[24,4]}"
M069_QP1_M2,S007,a14efe17feced5b1f3745a3f614f9904b33fd887765bc6a97a2600f196529847,1,2,00ce6111dcb0fcc5e22b9540ff642a3dcd6001bf6e1c1d9036e74b5d00318905,artifacts/base_features/00/00ce6111dcb0fcc5e22b9540ff642a3dcd6001bf6e1c1d9036e74b5d00318905.npz,f62b4cac1f63b2c83cb8583218406c706e195172d9e46eb34c3880a26c8572be,3095,-14105.442065048,polar-1-l,9f65f8dc6ddaff1d631e299cb531376a7da5e68d1bef04f34a2d5073d5ef114b,0.3.16,4d2da09413ac1407f37cdbb6b81fa28e4c15655e,e552c116b7d2c653f98b01f5c4fd599997f19f669a32bc6bf16396dd9f79365b,0.4.0,0e21d5546c482d08388a08eb4d948e833227ce47,079b233934150a3eee30444ce2408e09895ec4dd958ec60a822f870fa1284b99,float64,polar1l_rotation_invariants_v1,7beb8d4d9a8231a484c0bb6ff44b6b2e450eee2ca8a447370f350ed8678929cb,"{""density_coefficients"":[24,4],""dipole"":[1,3],""electron_energy"":[1],""electrostatic_energy"":[1],""energy"":[1],""node_feats"":[24,13824],""spin_charge_density"":[24,2,4],""spin_density"":[24,4]}"
M069_QP1_M2,S015,d78d874a34c71864c68dcc0ae246e06b4a643a876c50864ffda86f8d3c0397cc,1,2,88b7a54eeabc83cd54fbc2fae554a94c7964445c159fdaa030151a04b161b606,artifacts/base_features/88/88b7a54eeabc83cd54fbc2fae554a94c7964445c159fdaa030151a04b161b606.npz,2bebfb00ade48cfe54745d27136197e8ab21cd0545c5c887beac1fa378467d29,3095,-14105.4428506373,polar-1-l,9f65f8dc6ddaff1d631e299cb531376a7da5e68d1bef04f34a2d5073d5ef114b,0.3.16,4d2da09413ac1407f37cdbb6b81fa28e4c15655e,e552c116b7d2c653f98b01f5c4fd599997f19f669a32bc6bf16396dd9f79365b,0.4.0,0e21d5546c482d08388a08eb4d948e833227ce47,079b233934150a3eee30444ce2408e09895ec4dd958ec60a822f870fa1284b99,float64,polar1l_rotation_invariants_v1,7beb8d4d9a8231a484c0bb6ff44b6b2e450eee2ca8a447370f350ed8678929cb,"{""density_coefficients"":[24,4],""dipole"":[1,3],""electron_energy"":[1],""electrostatic_energy"":[1],""energy"":[1],""node_feats"":[24,13824],""spin_charge_density"":[24,2,4],""spin_density"":[24,4]}"
M069_QP1_M2,S022,42ff6d44d12b5dd26f92fe5104e5d8f25ee4291714f4c5df2999f9cafa8be084,1,2,aad1e6e36d1170d0a3d0422dc6d56aae969fa76a77029c5c9b1623589e364d6a,artifacts/base_features/aa/aad1e6e36d1170d0a3d0422dc6d56aae969fa76a77029c5c9b1623589e364d6a.npz,1adb6d7e690a4eb91703b258caa4b63a7be5cf6f8b6ea651fedd9a4aab1a5200,3095,-14105.4419365219,polar-1-l,9f65f8dc6ddaff1d631e299cb531376a7da5e68d1bef04f34a2d5073d5ef114b,0.3.16,4d2da09413ac1407f37cdbb6b81fa28e4c15655e,e552c116b7d2c653f98b01f5c4fd599997f19f669a32bc6bf16396dd9f79365b,0.4.0,0e21d5546c482d08388a08eb4d948e833227ce47,079b233934150a3eee30444ce2408e09895ec4dd958ec60a822f870fa1284b99,float64,polar1l_rotation_invariants_v1,7beb8d4d9a8231a484c0bb6ff44b6b2e450eee2ca8a447370f350ed8678929cb,"{""density_coefficients"":[24,4],""dipole"":[1,3],""electron_energy"":[1],""electrostatic_energy"":[1],""energy"":[1],""node_feats"":[24,13824],""spin_charge_density"":[24,2,4],""spin_density"":[24,4]}"
M070_Q0_M1,S004,3e84cf5ece6c546b863824e05260dd06d1f25ce588d3656ddc0cf816041a60ff,0,1,fb6a4796da2335158ee19e8bb4f18eff1738d48ae98843ec3736525c4cf8e359,artifacts/base_features/fb/fb6a4796da2335158ee19e8bb4f18eff1738d48ae98843ec3736525c4cf8e359.npz,67b0798f66b6369f95025283cb328f7e50ecb4b8e08f0baacd79b6dbe29dd806,3095,-14080.8894512318,polar-1-l,9f65f8dc6ddaff1d631e299cb531376a7da5e68d1bef04f34a2d5073d5ef114b,0.3.16,4d2da09413ac1407f37cdbb6b81fa28e4c15655e,e552c116b7d2c653f98b01f5c4fd599997f19f669a32bc6bf16396dd9f79365b,0.4.0,0e21d5546c482d08388a08eb4d948e833227ce47,079b233934150a3eee30444ce2408e09895ec4dd958ec60a822f870fa1284b99,float64,polar1l_rotation_invariants_v1,7beb8d4d9a8231a484c0bb6ff44b6b2e450eee2ca8a447370f350ed8678929cb,"{""density_coefficients"":[22,4],""dipole"":[1,3],""electron_energy"":[1],""electrostatic_energy"":[1],""energy"":[1],""node_feats"":[22,13824],""spin_charge_density"":[22,2,4],""spin_density"":[22,4]}"
M070_Q0_M1,S011,f9ae7fce8532e5a8e7550560f36b46c83520e42fad28cd81e31bbeeb5c6841b4,0,1,b090c95c9054d8a506b057ff57e69741abad4b3805e1a7157e1db499e3eefd1f,artifacts/base_features/b0/b090c95c9054d8a506b057ff57e69741abad4b3805e1a7157e1db499e3eefd1f.npz,8c470c19653f99cd27dbb177dee93276d73d7dbd3e5ae88de4e94c0031550461,3095,-14080.8894132297,polar-1-l,9f65f8dc6ddaff1d631e299cb531376a7da5e68d1bef04f34a2d5073d5ef114b,0.3.16,4d2da09413ac1407f37cdbb6b81fa28e4c15655e,e552c116b7d2c653f98b01f5c4fd599997f19f669a32bc6bf16396dd9f79365b,0.4.0,0e21d5546c482d08388a08eb4d948e833227ce47,079b233934150a3eee30444ce2408e09895ec4dd958ec60a822f870fa1284b99,float64,polar1l_rotation_invariants_v1,7beb8d4d9a8231a484c0bb6ff44b6b2e450eee2ca8a447370f350ed8678929cb,"{""density_coefficients"":[22,4],""dipole"":[1,3],""electron_energy"":[1],""electrostatic_energy"":[1],""energy"":[1],""node_feats"":[22,13824],""spin_charge_density"":[22,2,4],""spin_density"":[22,4]}"
M070_Q0_M1,S014,663b8c9b2fd1f900f83007ac00ada950dc304a637c513dc7d764e29897582bc8,0,1,e8187767926c23881813974e4952f9348585b60c087650e9c22d5298d03b755f,artifacts/base_features/e8/e8187767926c23881813974e4952f9348585b60c087650e9c22d5298d03b755f.npz,b517caf40d0f71151706375abd8a730e93965d34d8ca209534b8e8a45a1be4cc,3095,-14080.8908215895,polar-1-l,9f65f8dc6ddaff1d631e299cb531376a7da5e68d1bef04f34a2d5073d5ef114b,0.3.16,4d2da09413ac1407f37cdbb6b81fa28e4c15655e,e552c116b7d2c653f98b01f5c4fd599997f19f669a32bc6bf16396dd9f79365b,0.4.0,0e21d5546c482d08388a08eb4d948e833227ce47,079b233934150a3eee30444ce2408e09895ec4dd958ec60a822f870fa1284b99,float64,polar1l_rotation_invariants_v1,7beb8d4d9a8231a484c0bb6ff44b6b2e450eee2ca8a447370f350ed8678929cb,"{""density_coefficients"":[22,4],""dipole"":[1,3],""electron_energy"":[1],""electrostatic_energy"":[1],""energy"":[1],""node_feats"":[22,13824],""spin_charge_density"":[22,2,4],""spin_density"":[22,4]}"
M070_Q0_M1,S016,7b2f6c8b4ebbe6e40bd38378be01ec4a1e5a1da1c2125e60c076481f73c75c6e,0,1,2ea5341a32d55b579a9be360146604c8d652e513bb4381bf8a587f4a601927ab,artifacts/base_features/2e/2ea5341a32d55b579a9be360146604c8d652e513bb4381bf8a587f4a601927ab.npz,a6ccba25ede68e79e5d86a83073722555918243dea0ecc2b0a737d0bc225b99e,3095,-14080.8900082117,polar-1-l,9f65f8dc6ddaff1d631e299cb531376a7da5e68d1bef04f34a2d5073d5ef114b,0.3.16,4d2da09413ac1407f37cdbb6b81fa28e4c15655e,e552c116b7d2c653f98b01f5c4fd599997f19f669a32bc6bf16396dd9f79365b,0.4.0,0e21d5546c482d08388a08eb4d948e833227ce47,079b233934150a3eee30444ce2408e09895ec4dd958ec60a822f870fa1284b99,float64,polar1l_rotation_invariants_v1,7beb8d4d9a8231a484c0bb6ff44b6b2e450eee2ca8a447370f350ed8678929cb,"{""density_coefficients"":[22,4],""dipole"":[1,3],""electron_energy"":[1],""electrostatic_energy"":[1],""energy"":[1],""node_feats"":[22,13824],""spin_charge_density"":[22,2,4],""spin_density"":[22,4]}"
M070_QP1_M2,S004,0567888c3502f740e7ec872264388784ffafdf476c116814966ff290881032e9,1,2,032c2c32aab24f35b5542dc3fd847293c97209389cd76380b68412f8ad70c147,artifacts/base_features/03/032c2c32aab24f35b5542dc3fd847293c97209389cd76380b68412f8ad70c147.npz,262a561e5cd11a30516551f4891db9ea71951b4a1c7a50c71a48389b1e2844be,3095,-14073.2307634928,polar-1-l,9f65f8dc6ddaff1d631e299cb531376a7da5e68d1bef04f34a2d5073d5ef114b,0.3.16,4d2da09413ac1407f37cdbb6b81fa28e4c15655e,e552c116b7d2c653f98b01f5c4fd599997f19f669a32bc6bf16396dd9f79365b,0.4.0,0e21d5546c482d08388a08eb4d948e833227ce47,079b233934150a3eee30444ce2408e09895ec4dd958ec60a822f870fa1284b99,float64,polar1l_rotation_invariants_v1,7beb8d4d9a8231a484c0bb6ff44b6b2e450eee2ca8a447370f350ed8678929cb,"{""density_coefficients"":[22,4],""dipole"":[1,3],""electron_energy"":[1],""electrostatic_energy"":[1],""energy"":[1],""node_feats"":[22,13824],""spin_charge_density"":[22,2,4],""spin_density"":[22,4]}"
M070_QP1_M2,S011,a97b8732d6c3ce45bad431c19b4a3a86e2eaff7b719ca4e0c58bec4b3ed41a22,1,2,39afe730e2ffa14e4469716d46b29d1a42e7e15473d69021196f4897b49582da,artifacts/base_features/39/39afe730e2ffa14e4469716d46b29d1a42e7e15473d69021196f4897b49582da.npz,d5dd7c717117b63cadc332d427c15565f6f16df60ce71b66345eb25112371d2f,3095,-14073.2307067764,polar-1-l,9f65f8dc6ddaff1d631e299cb531376a7da5e68d1bef04f34a2d5073d5ef114b,0.3.16,4d2da09413ac1407f37cdbb6b81fa28e4c15655e,e552c116b7d2c653f98b01f5c4fd599997f19f669a32bc6bf16396dd9f79365b,0.4.0,0e21d5546c482d08388a08eb4d948e833227ce47,079b233934150a3eee30444ce2408e09895ec4dd958ec60a822f870fa1284b99,float64,polar1l_rotation_invariants_v1,7beb8d4d9a8231a484c0bb6ff44b6b2e450eee2ca8a447370f350ed8678929cb,"{""density_coefficients"":[22,4],""dipole"":[1,3],""electron_energy"":[1],""electrostatic_energy"":[1],""energy"":[1],""node_feats"":[22,13824],""spin_charge_density"":[22,2,4],""spin_density"":[22,4]}"
M070_QP1_M2,S014,a41d3ee7f340b5230f55140262ec1b799479963dc25739b3c930f42ab02fe114,1,2,12a7f489672dfda01b1c549b42e7a780d65219d93c3934c9e5b7eea7a5b2020a,artifacts/base_features/12/12a7f489672dfda01b1c549b42e7a780d65219d93c3934c9e5b7eea7a5b2020a.npz,d6a02ca7c13f0f56c055501a9db3b1ebb1f8fd108ab9f0c9f5e0958716f12dde,3095,-14073.2328338664,polar-1-l,9f65f8dc6ddaff1d631e299cb531376a7da5e68d1bef04f34a2d5073d5ef114b,0.3.16,4d2da09413ac1407f37cdbb6b81fa28e4c15655e,e552c116b7d2c653f98b01f5c4fd599997f19f669a32bc6bf16396dd9f79365b,0.4.0,0e21d5546c482d08388a08eb4d948e833227ce47,079b233934150a3eee30444ce2408e09895ec4dd958ec60a822f870fa1284b99,float64,polar1l_rotation_invariants_v1,7beb8d4d9a8231a484c0bb6ff44b6b2e450eee2ca8a447370f350ed8678929cb,"{""density_coefficients"":[22,4],""dipole"":[1,3],""electron_energy"":[1],""electrostatic_energy"":[1],""energy"":[1],""node_feats"":[22,13824],""spin_charge_density"":[22,2,4],""spin_density"":[22,4]}"
M070_QP1_M2,S016,fb7b316df9b84d0ae22a1b22c14ad7a469d14b4482fbcac774ee3dc61f115073,1,2,d1f9ef26d91bfa046118ea26e2126301bcef967a15a702f69d2b8fafb6c840b2,artifacts/base_features/d1/d1f9ef26d91bfa046118ea26e2126301bcef967a15a702f69d2b8fafb6c840b2.npz,d8c0517b735269becace40df7d75fa194701b2b3b0a72db7dd386645151603dc,3095,-14073.2315988734,polar-1-l,9f65f8dc6ddaff1d631e299cb531376a7da5e68d1bef04f34a2d5073d5ef114b,0.3.16,4d2da09413ac1407f37cdbb6b81fa28e4c15655e,e552c116b7d2c653f98b01f5c4fd599997f19f669a32bc6bf16396dd9f79365b,0.4.0,0e21d5546c482d08388a08eb4d948e833227ce47,079b233934150a3eee30444ce2408e09895ec4dd958ec60a822f870fa1284b99,float64,polar1l_rotation_invariants_v1,7beb8d4d9a8231a484c0bb6ff44b6b2e450eee2ca8a447370f350ed8678929cb,"{""density_coefficients"":[22,4],""dipole"":[1,3],""electron_energy"":[1],""electrostatic_energy"":[1],""energy"":[1],""node_feats"":[22,13824],""spin_charge_density"":[22,2,4],""spin_density"":[22,4]}"
M074_Q0_M1,S005,4e2523e72073dff5951b6fcc2f9a5add97568ed54c20ca5df04ae481b1f06a8f,0,1,b5bbe6dc6ffff5e5ea508995d92f147fe58e1195ad387b981cfd329be854669c,artifacts/base_features/b5/b5bbe6dc6ffff5e5ea508995d92f147fe58e1195ad387b981cfd329be854669c.npz,94cc323427f95c4681cb8e7d9001ba24e821780f4d92604fb7d323c5389276c6,3095,-22637.0086096757,polar-1-l,9f65f8dc6ddaff1d631e299cb531376a7da5e68d1bef04f34a2d5073d5ef114b,0.3.16,4d2da09413ac1407f37cdbb6b81fa28e4c15655e,e552c116b7d2c653f98b01f5c4fd599997f19f669a32bc6bf16396dd9f79365b,0.4.0,0e21d5546c482d08388a08eb4d948e833227ce47,079b233934150a3eee30444ce2408e09895ec4dd958ec60a822f870fa1284b99,float64,polar1l_rotation_invariants_v1,7beb8d4d9a8231a484c0bb6ff44b6b2e450eee2ca8a447370f350ed8678929cb,"{""density_coefficients"":[46,4],""dipole"":[1,3],""electron_energy"":[1],""electrostatic_energy"":[1],""energy"":[1],""node_feats"":[46,13824],""spin_charge_density"":[46,2,4],""spin_density"":[46,4]}"
M074_Q0_M1,S008,b2aceba40289122dc80c4a193b31e621bd4ae39453caf4b68727b649b4e415ce,0,1,cf8c40db8f0c25bb0ab686ceb33a4bb5473a76474f915bf161564fe0c8bafe28,artifacts/base_features/cf/cf8c40db8f0c25bb0ab686ceb33a4bb5473a76474f915bf161564fe0c8bafe28.npz,380f2dedb9655a00a97946e4dc6f54b803dff5cbdfe599ee5e526eb7e996a00d,3095,-22637.0090137543,polar-1-l,9f65f8dc6ddaff1d631e299cb531376a7da5e68d1bef04f34a2d5073d5ef114b,0.3.16,4d2da09413ac1407f37cdbb6b81fa28e4c15655e,e552c116b7d2c653f98b01f5c4fd599997f19f669a32bc6bf16396dd9f79365b,0.4.0,0e21d5546c482d08388a08eb4d948e833227ce47,079b233934150a3eee30444ce2408e09895ec4dd958ec60a822f870fa1284b99,float64,polar1l_rotation_invariants_v1,7beb8d4d9a8231a484c0bb6ff44b6b2e450eee2ca8a447370f350ed8678929cb,"{""density_coefficients"":[46,4],""dipole"":[1,3],""electron_energy"":[1],""electrostatic_energy"":[1],""energy"":[1],""node_feats"":[46,13824],""spin_charge_density"":[46,2,4],""spin_density"":[46,4]}"
M074_Q0_M1,S012,3da041d51d5c57f7ac0b363286fc9254a5bbc8d325a01c80bdacf1d82ef6b7ea,0,1,2bb32c6919dcd69f7539983d1fecca55e1ca7413d43cd57f0889c2bcb91e8fc9,artifacts/base_features/2b/2bb32c6919dcd69f7539983d1fecca55e1ca7413d43cd57f0889c2bcb91e8fc9.npz,0fd68b0621f3b79368040bdee73812285d11305ee507c9ed9521cf2ef79e1e15,3095,-22637.0085352668,polar-1-l,9f65f8dc6ddaff1d631e299cb531376a7da5e68d1bef04f34a2d5073d5ef114b,0.3.16,4d2da09413ac1407f37cdbb6b81fa28e4c15655e,e552c116b7d2c653f98b01f5c4fd599997f19f669a32bc6bf16396dd9f79365b,0.4.0,0e21d5546c482d08388a08eb4d948e833227ce47,079b233934150a3eee30444ce2408e09895ec4dd958ec60a822f870fa1284b99,float64,polar1l_rotation_invariants_v1,7beb8d4d9a8231a484c0bb6ff44b6b2e450eee2ca8a447370f350ed8678929cb,"{""density_coefficients"":[46,4],""dipole"":[1,3],""electron_energy"":[1],""electrostatic_energy"":[1],""energy"":[1],""node_feats"":[46,13824],""spin_charge_density"":[46,2,4],""spin_density"":[46,4]}"
M074_Q0_M1,S017,318f531d3a1b7d42e1186fb9b726a8f68dc766e20b0899eac7ce3accfde0a9ed,0,1,7e1b7f0516e280d6ddb8ffe23e878f7b54a8c8bdcb895664362d9081bba190d4,artifacts/base_features/7e/7e1b7f0516e280d6ddb8ffe23e878f7b54a8c8bdcb895664362d9081bba190d4.npz,a61d50353ec54414bc98b90b980b8c9e3f6b8229b9aeaf78d5189684cfdc2475,3095,-22637.0087585364,polar-1-l,9f65f8dc6ddaff1d631e299cb531376a7da5e68d1bef04f34a2d5073d5ef114b,0.3.16,4d2da09413ac1407f37cdbb6b81fa28e4c15655e,e552c116b7d2c653f98b01f5c4fd599997f19f669a32bc6bf16396dd9f79365b,0.4.0,0e21d5546c482d08388a08eb4d948e833227ce47,079b233934150a3eee30444ce2408e09895ec4dd958ec60a822f870fa1284b99,float64,polar1l_rotation_invariants_v1,7beb8d4d9a8231a484c0bb6ff44b6b2e450eee2ca8a447370f350ed8678929cb,"{""density_coefficients"":[46,4],""dipole"":[1,3],""electron_energy"":[1],""electrostatic_energy"":[1],""energy"":[1],""node_feats"":[46,13824],""spin_charge_density"":[46,2,4],""spin_density"":[46,4]}"
M074_QP1_M2,S005,af9ee50e224485e26b667f046ae0bf013a46b42a07d710ce5bdeb23fdec0854a,1,2,dd7cdb800c7a87e5ae34e40f8012f9100c6a679bf5268009082efdcde3bf98ee,artifacts/base_features/dd/dd7cdb800c7a87e5ae34e40f8012f9100c6a679bf5268009082efdcde3bf98ee.npz,613006f4a34cdfc26944aae41feed2948e07f32c8e524a600a770368aa9c7997,3095,-22629.7335817091,polar-1-l,9f65f8dc6ddaff1d631e299cb531376a7da5e68d1bef04f34a2d5073d5ef114b,0.3.16,4d2da09413ac1407f37cdbb6b81fa28e4c15655e,e552c116b7d2c653f98b01f5c4fd599997f19f669a32bc6bf16396dd9f79365b,0.4.0,0e21d5546c482d08388a08eb4d948e833227ce47,079b233934150a3eee30444ce2408e09895ec4dd958ec60a822f870fa1284b99,float64,polar1l_rotation_invariants_v1,7beb8d4d9a8231a484c0bb6ff44b6b2e450eee2ca8a447370f350ed8678929cb,"{""density_coefficients"":[46,4],""dipole"":[1,3],""electron_energy"":[1],""electrostatic_energy"":[1],""energy"":[1],""node_feats"":[46,13824],""spin_charge_density"":[46,2,4],""spin_density"":[46,4]}"
M074_QP1_M2,S008,dbad914acaf041ade73bc1ff37ad82999fee37dfe180ecbad9c5f9cad51148d2,1,2,186875dda19c54a9064e526dc132d54bc0aa921d54a25b36bbcef6fd544198c6,artifacts/base_features/18/186875dda19c54a9064e526dc132d54bc0aa921d54a25b36bbcef6fd544198c6.npz,bae58cd767227c8f970d4f134283667850a9189398bc1f4e0413fff1173f643b,3095,-22629.734756155,polar-1-l,9f65f8dc6ddaff1d631e299cb531376a7da5e68d1bef04f34a2d5073d5ef114b,0.3.16,4d2da09413ac1407f37cdbb6b81fa28e4c15655e,e552c116b7d2c653f98b01f5c4fd599997f19f669a32bc6bf16396dd9f79365b,0.4.0,0e21d5546c482d08388a08eb4d948e833227ce47,079b233934150a3eee30444ce2408e09895ec4dd958ec60a822f870fa1284b99,float64,polar1l_rotation_invariants_v1,7beb8d4d9a8231a484c0bb6ff44b6b2e450eee2ca8a447370f350ed8678929cb,"{""density_coefficients"":[46,4],""dipole"":[1,3],""electron_energy"":[1],""electrostatic_energy"":[1],""energy"":[1],""node_feats"":[46,13824],""spin_charge_density"":[46,2,4],""spin_density"":[46,4]}"
M074_QP1_M2,S012,4196427c93543a59d97eb73297581cf7ac4e7d9413dbba7f949432ceb7a3225c,1,2,3dc85df79a85aa4a43d7274f9f4fca709bca77662d98ea5544d455068d66a2fc,artifacts/base_features/3d/3dc85df79a85aa4a43d7274f9f4fca709bca77662d98ea5544d455068d66a2fc.npz,ea2deef9cc973c3f205056dd2c0a9d3890b05c8ad45ee371b7915c3ee30ba69d,3095,-22629.7333614199,polar-1-l,9f65f8dc6ddaff1d631e299cb531376a7da5e68d1bef04f34a2d5073d5ef114b,0.3.16,4d2da09413ac1407f37cdbb6b81fa28e4c15655e,e552c116b7d2c653f98b01f5c4fd599997f19f669a32bc6bf16396dd9f79365b,0.4.0,0e21d5546c482d08388a08eb4d948e833227ce47,079b233934150a3eee30444ce2408e09895ec4dd958ec60a822f870fa1284b99,float64,polar1l_rotation_invariants_v1,7beb8d4d9a8231a484c0bb6ff44b6b2e450eee2ca8a447370f350ed8678929cb,"{""density_coefficients"":[46,4],""dipole"":[1,3],""electron_energy"":[1],""electrostatic_energy"":[1],""energy"":[1],""node_feats"":[46,13824],""spin_charge_density"":[46,2,4],""spin_density"":[46,4]}"
M074_QP1_M2,S017,a5ceb5231274de822e4ffcd6ad474720209db7888d22d22964b450a232c2dd98,1,2,e3c4f90c3b598ce1eb6d3526f202e222828c61064eac05d04511531941e6697b,artifacts/base_features/e3/e3c4f90c3b598ce1eb6d3526f202e222828c61064eac05d04511531941e6697b.npz,567582d1803beb3516f6e463488bcac7c09aecd2c34899ce787537cfd8cf24fc,3095,-22629.7343931814,polar-1-l,9f65f8dc6ddaff1d631e299cb531376a7da5e68d1bef04f34a2d5073d5ef114b,0.3.16,4d2da09413ac1407f37cdbb6b81fa28e4c15655e,e552c116b7d2c653f98b01f5c4fd599997f19f669a32bc6bf16396dd9f79365b,0.4.0,0e21d5546c482d08388a08eb4d948e833227ce47,079b233934150a3eee30444ce2408e09895ec4dd958ec60a822f870fa1284b99,float64,polar1l_rotation_invariants_v1,7beb8d4d9a8231a484c0bb6ff44b6b2e450eee2ca8a447370f350ed8678929cb,"{""density_coefficients"":[46,4],""dipole"":[1,3],""electron_energy"":[1],""electrostatic_energy"":[1],""energy"":[1],""node_feats"":[46,13824],""spin_charge_density"":[46,2,4],""spin_density"":[46,4]}"
M077_Q0_M1,S002,e48c0cd00c5bad78f6be5258ee258143389cc58ae5372df37e0819ab2ce0c7e9,0,1,5308d178c83ee129cf464e1c7657043ce934a68455ecc6c740cd250d4d7531e4,artifacts/base_features/53/5308d178c83ee129cf464e1c7657043ce934a68455ecc6c740cd250d4d7531e4.npz,dad57c646053b45d8ee906efc4aab4e278cb209e095184d2624f6149d7892063,3095,-57583.1787974043,polar-1-l,9f65f8dc6ddaff1d631e299cb531376a7da5e68d1bef04f34a2d5073d5ef114b,0.3.16,4d2da09413ac1407f37cdbb6b81fa28e4c15655e,e552c116b7d2c653f98b01f5c4fd599997f19f669a32bc6bf16396dd9f79365b,0.4.0,0e21d5546c482d08388a08eb4d948e833227ce47,079b233934150a3eee30444ce2408e09895ec4dd958ec60a822f870fa1284b99,float64,polar1l_rotation_invariants_v1,7beb8d4d9a8231a484c0bb6ff44b6b2e450eee2ca8a447370f350ed8678929cb,"{""density_coefficients"":[51,4],""dipole"":[1,3],""electron_energy"":[1],""electrostatic_energy"":[1],""energy"":[1],""node_feats"":[51,13824],""spin_charge_density"":[51,2,4],""spin_density"":[51,4]}"
M077_Q0_M1,S006,c4989cbfa1e707fe0fd2c8fc781982db2732c805d632571a01364a595442f88c,0,1,307f021b4b854d684487c71ee7482ef7c5058c17ff1d198c9581213f43649aad,artifacts/base_features/30/307f021b4b854d684487c71ee7482ef7c5058c17ff1d198c9581213f43649aad.npz,cec7c9001b28c55b2f4e3f6d1fd08508722e75d736414f5fd063115ccc8e1d45,3095,-57583.1781623606,polar-1-l,9f65f8dc6ddaff1d631e299cb531376a7da5e68d1bef04f34a2d5073d5ef114b,0.3.16,4d2da09413ac1407f37cdbb6b81fa28e4c15655e,e552c116b7d2c653f98b01f5c4fd599997f19f669a32bc6bf16396dd9f79365b,0.4.0,0e21d5546c482d08388a08eb4d948e833227ce47,079b233934150a3eee30444ce2408e09895ec4dd958ec60a822f870fa1284b99,float64,polar1l_rotation_invariants_v1,7beb8d4d9a8231a484c0bb6ff44b6b2e450eee2ca8a447370f350ed8678929cb,"{""density_coefficients"":[51,4],""dipole"":[1,3],""electron_energy"":[1],""electrostatic_energy"":[1],""energy"":[1],""node_feats"":[51,13824],""spin_charge_density"":[51,2,4],""spin_density"":[51,4]}"
M077_Q0_M1,S018,2ad6b178fd631b2f78662d2622015c6cdd5a6f7b38039efbe0e4f8ee652aa8d2,0,1,bbcfe89a632b73afce44f1859871f0900f9013e83f6d8ebe739be8998ceaf09b,artifacts/base_features/bb/bbcfe89a632b73afce44f1859871f0900f9013e83f6d8ebe739be8998ceaf09b.npz,e8bd080035edf655e9bdb356ec48a5224c8a37dcc9d15b68045724d13452a535,3095,-57583.1784170938,polar-1-l,9f65f8dc6ddaff1d631e299cb531376a7da5e68d1bef04f34a2d5073d5ef114b,0.3.16,4d2da09413ac1407f37cdbb6b81fa28e4c15655e,e552c116b7d2c653f98b01f5c4fd599997f19f669a32bc6bf16396dd9f79365b,0.4.0,0e21d5546c482d08388a08eb4d948e833227ce47,079b233934150a3eee30444ce2408e09895ec4dd958ec60a822f870fa1284b99,float64,polar1l_rotation_invariants_v1,7beb8d4d9a8231a484c0bb6ff44b6b2e450eee2ca8a447370f350ed8678929cb,"{""density_coefficients"":[51,4],""dipole"":[1,3],""electron_energy"":[1],""electrostatic_energy"":[1],""energy"":[1],""node_feats"":[51,13824],""spin_charge_density"":[51,2,4],""spin_density"":[51,4]}"
M077_Q0_M1,S025,8821f62899b6ee9c687c68b2d09d238bd0c96e191b0830306141e3f7123b5c12,0,1,1712efbe9a1500009d0257700342306ea27067a53880ddaf0dc4b1c94ea09129,artifacts/base_features/17/1712efbe9a1500009d0257700342306ea27067a53880ddaf0dc4b1c94ea09129.npz,05a712f3ea2e9d870bae27f25f796f3fed321990eec4d561bac0b1da92548c61,3095,-57583.1789083465,polar-1-l,9f65f8dc6ddaff1d631e299cb531376a7da5e68d1bef04f34a2d5073d5ef114b,0.3.16,4d2da09413ac1407f37cdbb6b81fa28e4c15655e,e552c116b7d2c653f98b01f5c4fd599997f19f669a32bc6bf16396dd9f79365b,0.4.0,0e21d5546c482d08388a08eb4d948e833227ce47,079b233934150a3eee30444ce2408e09895ec4dd958ec60a822f870fa1284b99,float64,polar1l_rotation_invariants_v1,7beb8d4d9a8231a484c0bb6ff44b6b2e450eee2ca8a447370f350ed8678929cb,"{""density_coefficients"":[51,4],""dipole"":[1,3],""electron_energy"":[1],""electrostatic_energy"":[1],""energy"":[1],""node_feats"":[51,13824],""spin_charge_density"":[51,2,4],""spin_density"":[51,4]}"
M077_QP1_M2,S002,183562f173b55cc5ee38348e76527f24ad85a1548d1feb7ed001af060f78ea70,1,2,d12a5d67211adc730e244d97308511830149beb84559270d0fd5266eb45a5b8f,artifacts/base_features/d1/d12a5d67211adc730e244d97308511830149beb84559270d0fd5266eb45a5b8f.npz,2bb5ea6444a2fdb88d04c5e330144d039347a594521b5609f153d3a57db9442a,3095,-57576.7172252366,polar-1-l,9f65f8dc6ddaff1d631e299cb531376a7da5e68d1bef04f34a2d5073d5ef114b,0.3.16,4d2da09413ac1407f37cdbb6b81fa28e4c15655e,e552c116b7d2c653f98b01f5c4fd599997f19f669a32bc6bf16396dd9f79365b,0.4.0,0e21d5546c482d08388a08eb4d948e833227ce47,079b233934150a3eee30444ce2408e09895ec4dd958ec60a822f870fa1284b99,float64,polar1l_rotation_invariants_v1,7beb8d4d9a8231a484c0bb6ff44b6b2e450eee2ca8a447370f350ed8678929cb,"{""density_coefficients"":[51,4],""dipole"":[1,3],""electron_energy"":[1],""electrostatic_energy"":[1],""energy"":[1],""node_feats"":[51,13824],""spin_charge_density"":[51,2,4],""spin_density"":[51,4]}"
M077_QP1_M2,S006,553cfbbdad97ebe595ecae3639b385361ed7e295058e1df3039a933670140358,1,2,b8dc4c5ce86c98294d465fcf2d7844a662eee862c7ca1e3ab40d078c35b5de90,artifacts/base_features/b8/b8dc4c5ce86c98294d465fcf2d7844a662eee862c7ca1e3ab40d078c35b5de90.npz,b15665cb4f2f047bc1f5ac964a9e5cebb5a708cdd1ea6d7842e806cc0ad6ca40,3095,-57576.7159708934,polar-1-l,9f65f8dc6ddaff1d631e299cb531376a7da5e68d1bef04f34a2d5073d5ef114b,0.3.16,4d2da09413ac1407f37cdbb6b81fa28e4c15655e,e552c116b7d2c653f98b01f5c4fd599997f19f669a32bc6bf16396dd9f79365b,0.4.0,0e21d5546c482d08388a08eb4d948e833227ce47,079b233934150a3eee30444ce2408e09895ec4dd958ec60a822f870fa1284b99,float64,polar1l_rotation_invariants_v1,7beb8d4d9a8231a484c0bb6ff44b6b2e450eee2ca8a447370f350ed8678929cb,"{""density_coefficients"":[51,4],""dipole"":[1,3],""electron_energy"":[1],""electrostatic_energy"":[1],""energy"":[1],""node_feats"":[51,13824],""spin_charge_density"":[51,2,4],""spin_density"":[51,4]}"
M077_QP1_M2,S018,e1ed24bbc9176ffccf58c2fd36662a77873c89b630b2caf9e1055a01a51d84b4,1,2,385ee9ab36e88f312866a5bb0bbb2e060429889a357d87335cfcef02463b94b4,artifacts/base_features/38/385ee9ab36e88f312866a5bb0bbb2e060429889a357d87335cfcef02463b94b4.npz,4c0ab819b6d00a133d3c2ae8ec195325ab83f1528b9261aeb036bd2e42c064a1,3095,-57576.7171303528,polar-1-l,9f65f8dc6ddaff1d631e299cb531376a7da5e68d1bef04f34a2d5073d5ef114b,0.3.16,4d2da09413ac1407f37cdbb6b81fa28e4c15655e,e552c116b7d2c653f98b01f5c4fd599997f19f669a32bc6bf16396dd9f79365b,0.4.0,0e21d5546c482d08388a08eb4d948e833227ce47,079b233934150a3eee30444ce2408e09895ec4dd958ec60a822f870fa1284b99,float64,polar1l_rotation_invariants_v1,7beb8d4d9a8231a484c0bb6ff44b6b2e450eee2ca8a447370f350ed8678929cb,"{""density_coefficients"":[51,4],""dipole"":[1,3],""electron_energy"":[1],""electrostatic_energy"":[1],""energy"":[1],""node_feats"":[51,13824],""spin_charge_density"":[51,2,4],""spin_density"":[51,4]}"
M077_QP1_M2,S025,c205532874edad78811a0cd2dc58267303d54de061189a0e9cc9473b5a7b43b8,1,2,eae25b0586a25552dfa38e05185c8ebab42fa73d0ce7d3ae900c5572cc565836,artifacts/base_features/ea/eae25b0586a25552dfa38e05185c8ebab42fa73d0ce7d3ae900c5572cc565836.npz,bba66ccb2809a50824a185b4ad9627a2b423e7cf240e485b6bda3062b2b68cf6,3095,-57576.7183551545,polar-1-l,9f65f8dc6ddaff1d631e299cb531376a7da5e68d1bef04f34a2d5073d5ef114b,0.3.16,4d2da09413ac1407f37cdbb6b81fa28e4c15655e,e552c116b7d2c653f98b01f5c4fd599997f19f669a32bc6bf16396dd9f79365b,0.4.0,0e21d5546c482d08388a08eb4d948e833227ce47,079b233934150a3eee30444ce2408e09895ec4dd958ec60a822f870fa1284b99,float64,polar1l_rotation_invariants_v1,7beb8d4d9a8231a484c0bb6ff44b6b2e450eee2ca8a447370f350ed8678929cb,"{""density_coefficients"":[51,4],""dipole"":[1,3],""electron_energy"":[1],""electrostatic_energy"":[1],""energy"":[1],""node_feats"":[51,13824],""spin_charge_density"":[51,2,4],""spin_density"":[51,4]}"
M078_Q0_M1,S003,69d08422ddedc4d86e0c080d3f6b0d65ff14eb9e879632db832a4cc85d4f955b,0,1,c5194dc07bec3e503f973d9bcf918372653f93f1c3139a3b14db48318c951328,artifacts/base_features/c5/c5194dc07bec3e503f973d9bcf918372653f93f1c3139a3b14db48318c951328.npz,458b0f951c611ecf3b75af957a4273db642264cf2c70acbff844d2f29e4f9d8a,3095,-15782.9967072114,polar-1-l,9f65f8dc6ddaff1d631e299cb531376a7da5e68d1bef04f34a2d5073d5ef114b,0.3.16,4d2da09413ac1407f37cdbb6b81fa28e4c15655e,e552c116b7d2c653f98b01f5c4fd599997f19f669a32bc6bf16396dd9f79365b,0.4.0,0e21d5546c482d08388a08eb4d948e833227ce47,079b233934150a3eee30444ce2408e09895ec4dd958ec60a822f870fa1284b99,float64,polar1l_rotation_invariants_v1,7beb8d4d9a8231a484c0bb6ff44b6b2e450eee2ca8a447370f350ed8678929cb,"{""density_coefficients"":[29,4],""dipole"":[1,3],""electron_energy"":[1],""electrostatic_energy"":[1],""energy"":[1],""node_feats"":[29,13824],""spin_charge_density"":[29,2,4],""spin_density"":[29,4]}"
M078_Q0_M1,S013,c13be356d798efc4f56b6932d46b291383dd62bb7e70f7117384a5ad18ce27cf,0,1,09f92cb7f8915cbdebb0f2b14328af8a43089106220faed106e174004be710d2,artifacts/base_features/09/09f92cb7f8915cbdebb0f2b14328af8a43089106220faed106e174004be710d2.npz,707e5c5f3e27c284c875550e1c9421caa22f74ffd9ae7d7955c46d96f0da3e1c,3095,-15782.996723923,polar-1-l,9f65f8dc6ddaff1d631e299cb531376a7da5e68d1bef04f34a2d5073d5ef114b,0.3.16,4d2da09413ac1407f37cdbb6b81fa28e4c15655e,e552c116b7d2c653f98b01f5c4fd599997f19f669a32bc6bf16396dd9f79365b,0.4.0,0e21d5546c482d08388a08eb4d948e833227ce47,079b233934150a3eee30444ce2408e09895ec4dd958ec60a822f870fa1284b99,float64,polar1l_rotation_invariants_v1,7beb8d4d9a8231a484c0bb6ff44b6b2e450eee2ca8a447370f350ed8678929cb,"{""density_coefficients"":[29,4],""dipole"":[1,3],""electron_energy"":[1],""electrostatic_energy"":[1],""energy"":[1],""node_feats"":[29,13824],""spin_charge_density"":[29,2,4],""spin_density"":[29,4]}"
M078_Q0_M1,S020,abe66703f369ce9cd13263c96baa34b60aaf65f65c2384000bdbe6108fd07d9d,0,1,c3998f08470b170e696f4a304ba0cc4dda5d4e02e74a182265590cff210b6fff,artifacts/base_features/c3/c3998f08470b170e696f4a304ba0cc4dda5d4e02e74a182265590cff210b6fff.npz,c1afa67a5e23b329f3004c41ffebd90f94b105ab8f32858df7570584d5816ef6,3095,-15782.9967926121,polar-1-l,9f65f8dc6ddaff1d631e299cb531376a7da5e68d1bef04f34a2d5073d5ef114b,0.3.16,4d2da09413ac1407f37cdbb6b81fa28e4c15655e,e552c116b7d2c653f98b01f5c4fd599997f19f669a32bc6bf16396dd9f79365b,0.4.0,0e21d5546c482d08388a08eb4d948e833227ce47,079b233934150a3eee30444ce2408e09895ec4dd958ec60a822f870fa1284b99,float64,polar1l_rotation_invariants_v1,7beb8d4d9a8231a484c0bb6ff44b6b2e450eee2ca8a447370f350ed8678929cb,"{""density_coefficients"":[29,4],""dipole"":[1,3],""electron_energy"":[1],""electrostatic_energy"":[1],""energy"":[1],""node_feats"":[29,13824],""spin_charge_density"":[29,2,4],""spin_density"":[29,4]}"
M078_Q0_M1,S023,147fa562dc468bf441436293c6f50b94e3d5fb648aa526bb3302862da64a2a51,0,1,a96fed8c1c9e9f9049e64f752fec5c94e4879a0e22330cdb972daf665b0bc1c8,artifacts/base_features/a9/a96fed8c1c9e9f9049e64f752fec5c94e4879a0e22330cdb972daf665b0bc1c8.npz,5aee2773bf4e95da3ad541cd0f00ff6ecb072be0acad6be95347701561247ef6,3095,-15782.9969870804,polar-1-l,9f65f8dc6ddaff1d631e299cb531376a7da5e68d1bef04f34a2d5073d5ef114b,0.3.16,4d2da09413ac1407f37cdbb6b81fa28e4c15655e,e552c116b7d2c653f98b01f5c4fd599997f19f669a32bc6bf16396dd9f79365b,0.4.0,0e21d5546c482d08388a08eb4d948e833227ce47,079b233934150a3eee30444ce2408e09895ec4dd958ec60a822f870fa1284b99,float64,polar1l_rotation_invariants_v1,7beb8d4d9a8231a484c0bb6ff44b6b2e450eee2ca8a447370f350ed8678929cb,"{""density_coefficients"":[29,4],""dipole"":[1,3],""electron_energy"":[1],""electrostatic_energy"":[1],""energy"":[1],""node_feats"":[29,13824],""spin_charge_density"":[29,2,4],""spin_density"":[29,4]}"
M078_QP1_M2,S003,f8790586ab4ab2a1d91526f4c248f319a6f459e4b5f7460068116d327276adab,1,2,9eaade649c475d26fbe9c46292ba3a1545a04b9fdf0762386f7f0f4e1e754ba5,artifacts/base_features/9e/9eaade649c475d26fbe9c46292ba3a1545a04b9fdf0762386f7f0f4e1e754ba5.npz,a82d8f08a4fd392e1cb278c91d7cb28ef7d6863aa144df56caf264da31148233,3095,-15775.2019080986,polar-1-l,9f65f8dc6ddaff1d631e299cb531376a7da5e68d1bef04f34a2d5073d5ef114b,0.3.16,4d2da09413ac1407f37cdbb6b81fa28e4c15655e,e552c116b7d2c653f98b01f5c4fd599997f19f669a32bc6bf16396dd9f79365b,0.4.0,0e21d5546c482d08388a08eb4d948e833227ce47,079b233934150a3eee30444ce2408e09895ec4dd958ec60a822f870fa1284b99,float64,polar1l_rotation_invariants_v1,7beb8d4d9a8231a484c0bb6ff44b6b2e450eee2ca8a447370f350ed8678929cb,"{""density_coefficients"":[29,4],""dipole"":[1,3],""electron_energy"":[1],""electrostatic_energy"":[1],""energy"":[1],""node_feats"":[29,13824],""spin_charge_density"":[29,2,4],""spin_density"":[29,4]}"
M078_QP1_M2,S013,51c5af7ec3a8cb1c232d95261fc909ec961fd2d3fe2e11b64f8be361816228f6,1,2,7b87c9512e0295dcda7b1491d57a5e1a2a7f3150113b716fc2c20494d53a2d94,artifacts/base_features/7b/7b87c9512e0295dcda7b1491d57a5e1a2a7f3150113b716fc2c20494d53a2d94.npz,3a1faea962b6b059ed7fb9eb9c6c11e43e92c6d6690ff3ccad3714849eb99061,3095,-15775.2019182651,polar-1-l,9f65f8dc6ddaff1d631e299cb531376a7da5e68d1bef04f34a2d5073d5ef114b,0.3.16,4d2da09413ac1407f37cdbb6b81fa28e4c15655e,e552c116b7d2c653f98b01f5c4fd599997f19f669a32bc6bf16396dd9f79365b,0.4.0,0e21d5546c482d08388a08eb4d948e833227ce47,079b233934150a3eee30444ce2408e09895ec4dd958ec60a822f870fa1284b99,float64,polar1l_rotation_invariants_v1,7beb8d4d9a8231a484c0bb6ff44b6b2e450eee2ca8a447370f350ed8678929cb,"{""density_coefficients"":[29,4],""dipole"":[1,3],""electron_energy"":[1],""electrostatic_energy"":[1],""energy"":[1],""node_feats"":[29,13824],""spin_charge_density"":[29,2,4],""spin_density"":[29,4]}"
M078_QP1_M2,S020,a051236336c7e2ff3eb5f61aea6e414049bf73ca8d2a516d6b9822e08f807830,1,2,83d9fb09c1a00a6f5d3ee5458e0558349e484f57abdade3fa1152c8dc37a8439,artifacts/base_features/83/83d9fb09c1a00a6f5d3ee5458e0558349e484f57abdade3fa1152c8dc37a8439.npz,2c974d4c6ced650b3a94b0687d3d3cb249c514954e866a18c04a4261238525b0,3095,-15775.2019617121,polar-1-l,9f65f8dc6ddaff1d631e299cb531376a7da5e68d1bef04f34a2d5073d5ef114b,0.3.16,4d2da09413ac1407f37cdbb6b81fa28e4c15655e,e552c116b7d2c653f98b01f5c4fd599997f19f669a32bc6bf16396dd9f79365b,0.4.0,0e21d5546c482d08388a08eb4d948e833227ce47,079b233934150a3eee30444ce2408e09895ec4dd958ec60a822f870fa1284b99,float64,polar1l_rotation_invariants_v1,7beb8d4d9a8231a484c0bb6ff44b6b2e450eee2ca8a447370f350ed8678929cb,"{""density_coefficients"":[29,4],""dipole"":[1,3],""electron_energy"":[1],""electrostatic_energy"":[1],""energy"":[1],""node_feats"":[29,13824],""spin_charge_density"":[29,2,4],""spin_density"":[29,4]}"
M078_QP1_M2,S023,759128976766f57e840467c4b8df199018eb306710e9d34f48fd4d2cdfcf9274,1,2,2f502ae4daa5207ab13a578e3bc62ad9cf40bbfecfa20fc115d6a91521e64a1c,artifacts/base_features/2f/2f502ae4daa5207ab13a578e3bc62ad9cf40bbfecfa20fc115d6a91521e64a1c.npz,2072332e263fdbf55d6b59946b2a62f05e239691ce3dc2c429f810d6b6e0574a,3095,-15775.2021024151,polar-1-l,9f65f8dc6ddaff1d631e299cb531376a7da5e68d1bef04f34a2d5073d5ef114b,0.3.16,4d2da09413ac1407f37cdbb6b81fa28e4c15655e,e552c116b7d2c653f98b01f5c4fd599997f19f669a32bc6bf16396dd9f79365b,0.4.0,0e21d5546c482d08388a08eb4d948e833227ce47,079b233934150a3eee30444ce2408e09895ec4dd958ec60a822f870fa1284b99,float64,polar1l_rotation_invariants_v1,7beb8d4d9a8231a484c0bb6ff44b6b2e450eee2ca8a447370f350ed8678929cb,"{""density_coefficients"":[29,4],""dipole"":[1,3],""electron_energy"":[1],""electrostatic_energy"":[1],""energy"":[1],""node_feats"":[29,13824],""spin_charge_density"":[29,2,4],""spin_density"":[29,4]}"
M083_Q0_M1,S001,e4c52fdc46c4c562ac709d2a6bb6c0d7ad24409eb9be2c44f72f73276707109a,0,1,58045fc3b116e6f6904365b2ae22e3703146cd58ff28f485ce4014d36d41b729,artifacts/base_features/58/58045fc3b116e6f6904365b2ae22e3703146cd58ff28f485ce4014d36d41b729.npz,d3536cca74f217c51a408872b2e77ff96e984b56db23e2cd921acc3bf28fa2a2,3095,-30756.2827904239,polar-1-l,9f65f8dc6ddaff1d631e299cb531376a7da5e68d1bef04f34a2d5073d5ef114b,0.3.16,4d2da09413ac1407f37cdbb6b81fa28e4c15655e,e552c116b7d2c653f98b01f5c4fd599997f19f669a32bc6bf16396dd9f79365b,0.4.0,0e21d5546c482d08388a08eb4d948e833227ce47,079b233934150a3eee30444ce2408e09895ec4dd958ec60a822f870fa1284b99,float64,polar1l_rotation_invariants_v1,7beb8d4d9a8231a484c0bb6ff44b6b2e450eee2ca8a447370f350ed8678929cb,"{""density_coefficients"":[71,4],""dipole"":[1,3],""electron_energy"":[1],""electrostatic_energy"":[1],""energy"":[1],""node_feats"":[71,13824],""spin_charge_density"":[71,2,4],""spin_density"":[71,4]}"
M083_Q0_M1,S007,fde8dc0ef70a15d3055ec4f4998112c45d77386c9cff0a3e1411105eac4cb87f,0,1,38353de6214d7eea0d10661be5c710c34715dcaedc89a76379ed305a4c41ab49,artifacts/base_features/38/38353de6214d7eea0d10661be5c710c34715dcaedc89a76379ed305a4c41ab49.npz,f3c657e6e10198091969a90c9dff189311c0ba093b72077674f5fe1e289b1593,3095,-30756.2827796842,polar-1-l,9f65f8dc6ddaff1d631e299cb531376a7da5e68d1bef04f34a2d5073d5ef114b,0.3.16,4d2da09413ac1407f37cdbb6b81fa28e4c15655e,e552c116b7d2c653f98b01f5c4fd599997f19f669a32bc6bf16396dd9f79365b,0.4.0,0e21d5546c482d08388a08eb4d948e833227ce47,079b233934150a3eee30444ce2408e09895ec4dd958ec60a822f870fa1284b99,float64,polar1l_rotation_invariants_v1,7beb8d4d9a8231a484c0bb6ff44b6b2e450eee2ca8a447370f350ed8678929cb,"{""density_coefficients"":[71,4],""dipole"":[1,3],""electron_energy"":[1],""electrostatic_energy"":[1],""energy"":[1],""node_feats"":[71,13824],""spin_charge_density"":[71,2,4],""spin_density"":[71,4]}"
M083_Q0_M1,S016,b6a9fdd67c415037c201494aae8ba050b0ab15e1b806c0d2908010eb6565e23b,0,1,8e8b3a9a685ef7341e0fc12e3b51d17f4ea7458667178259d27c33a9d7f20df6,artifacts/base_features/8e/8e8b3a9a685ef7341e0fc12e3b51d17f4ea7458667178259d27c33a9d7f20df6.npz,ffa8eac1f98d7d3a5fd80ef86f86c5bece8399de4d72dcad2ebcc5f22e16f94e,3095,-30756.28290091,polar-1-l,9f65f8dc6ddaff1d631e299cb531376a7da5e68d1bef04f34a2d5073d5ef114b,0.3.16,4d2da09413ac1407f37cdbb6b81fa28e4c15655e,e552c116b7d2c653f98b01f5c4fd599997f19f669a32bc6bf16396dd9f79365b,0.4.0,0e21d5546c482d08388a08eb4d948e833227ce47,079b233934150a3eee30444ce2408e09895ec4dd958ec60a822f870fa1284b99,float64,polar1l_rotation_invariants_v1,7beb8d4d9a8231a484c0bb6ff44b6b2e450eee2ca8a447370f350ed8678929cb,"{""density_coefficients"":[71,4],""dipole"":[1,3],""electron_energy"":[1],""electrostatic_energy"":[1],""energy"":[1],""node_feats"":[71,13824],""spin_charge_density"":[71,2,4],""spin_density"":[71,4]}"
M083_Q0_M1,S022,0708f210e8f4bac3407f7ef17547f168e625b8140d82f74b0c41e839697c4145,0,1,5b8988f96cc95799c054e8dc07d15fb85afd2dc58a07bc85eec935b753a4afbf,artifacts/base_features/5b/5b8988f96cc95799c054e8dc07d15fb85afd2dc58a07bc85eec935b753a4afbf.npz,d6097bd9882d81ef7df3794221b3f7fd1f93821e1f2fc6bc1ff56d5acf9f01e6,3095,-30756.2827592362,polar-1-l,9f65f8dc6ddaff1d631e299cb531376a7da5e68d1bef04f34a2d5073d5ef114b,0.3.16,4d2da09413ac1407f37cdbb6b81fa28e4c15655e,e552c116b7d2c653f98b01f5c4fd599997f19f669a32bc6bf16396dd9f79365b,0.4.0,0e21d5546c482d08388a08eb4d948e833227ce47,079b233934150a3eee30444ce2408e09895ec4dd958ec60a822f870fa1284b99,float64,polar1l_rotation_invariants_v1,7beb8d4d9a8231a484c0bb6ff44b6b2e450eee2ca8a447370f350ed8678929cb,"{""density_coefficients"":[71,4],""dipole"":[1,3],""electron_energy"":[1],""electrostatic_energy"":[1],""energy"":[1],""node_feats"":[71,13824],""spin_charge_density"":[71,2,4],""spin_density"":[71,4]}"
M083_QP1_M2,S001,f4635a12a8db65c067a979ab2e0f27610f1a37a2a63fd27c8a225b9858d6e72c,1,2,d9611d6eaf41afde04632c3d2d30b1efdb3f61d105244f9bd3fbfaa2737aeb33,artifacts/base_features/d9/d9611d6eaf41afde04632c3d2d30b1efdb3f61d105244f9bd3fbfaa2737aeb33.npz,4d788757b0716497e0c286ae65a4e669a7fa6b5cca2b2225624295d9bb7b8842,3095,-30748.659193741,polar-1-l,9f65f8dc6ddaff1d631e299cb531376a7da5e68d1bef04f34a2d5073d5ef114b,0.3.16,4d2da09413ac1407f37cdbb6b81fa28e4c15655e,e552c116b7d2c653f98b01f5c4fd599997f19f669a32bc6bf16396dd9f79365b,0.4.0,0e21d5546c482d08388a08eb4d948e833227ce47,079b233934150a3eee30444ce2408e09895ec4dd958ec60a822f870fa1284b99,float64,polar1l_rotation_invariants_v1,7beb8d4d9a8231a484c0bb6ff44b6b2e450eee2ca8a447370f350ed8678929cb,"{""density_coefficients"":[71,4],""dipole"":[1,3],""electron_energy"":[1],""electrostatic_energy"":[1],""energy"":[1],""node_feats"":[71,13824],""spin_charge_density"":[71,2,4],""spin_density"":[71,4]}"
M083_QP1_M2,S007,8e4c685c3a72293d22fd59597f497558697c75cd1dc555ff04a449d8e4589d93,1,2,7c1ce7d77de4c05960a4566bb7a3d8ad25cef088a0b0e26ed08d97ab08e98e34,artifacts/base_features/7c/7c1ce7d77de4c05960a4566bb7a3d8ad25cef088a0b0e26ed08d97ab08e98e34.npz,a44cbf2c215577ae9f226138168fa8007bef1fbbc8fd31d710a49e78fd1a8f54,3095,-30748.6603393266,polar-1-l,9f65f8dc6ddaff1d631e299cb531376a7da5e68d1bef04f34a2d5073d5ef114b,0.3.16,4d2da09413ac1407f37cdbb6b81fa28e4c15655e,e552c116b7d2c653f98b01f5c4fd599997f19f669a32bc6bf16396dd9f79365b,0.4.0,0e21d5546c482d08388a08eb4d948e833227ce47,079b233934150a3eee30444ce2408e09895ec4dd958ec60a822f870fa1284b99,float64,polar1l_rotation_invariants_v1,7beb8d4d9a8231a484c0bb6ff44b6b2e450eee2ca8a447370f350ed8678929cb,"{""density_coefficients"":[71,4],""dipole"":[1,3],""electron_energy"":[1],""electrostatic_energy"":[1],""energy"":[1],""node_feats"":[71,13824],""spin_charge_density"":[71,2,4],""spin_density"":[71,4]}"
M083_QP1_M2,S016,09b21abbf6e118e68510ed26aefb82f53ea907ae66d6709ba5fd998ffe9b8ef2,1,2,8264d5681e2157f323d26428ca91ff643e3f3f90503e00950877c6b3ed63d049,artifacts/base_features/82/8264d5681e2157f323d26428ca91ff643e3f3f90503e00950877c6b3ed63d049.npz,63653da683b182c37d51144a8de8b4bc406040265d80380ca912e00a35e5864f,3095,-30748.6551020535,polar-1-l,9f65f8dc6ddaff1d631e299cb531376a7da5e68d1bef04f34a2d5073d5ef114b,0.3.16,4d2da09413ac1407f37cdbb6b81fa28e4c15655e,e552c116b7d2c653f98b01f5c4fd599997f19f669a32bc6bf16396dd9f79365b,0.4.0,0e21d5546c482d08388a08eb4d948e833227ce47,079b233934150a3eee30444ce2408e09895ec4dd958ec60a822f870fa1284b99,float64,polar1l_rotation_invariants_v1,7beb8d4d9a8231a484c0bb6ff44b6b2e450eee2ca8a447370f350ed8678929cb,"{""density_coefficients"":[71,4],""dipole"":[1,3],""electron_energy"":[1],""electrostatic_energy"":[1],""energy"":[1],""node_feats"":[71,13824],""spin_charge_density"":[71,2,4],""spin_density"":[71,4]}"
M083_QP1_M2,S022,17c034da8e980e3f0dc8f735f1c81f8618bf7e19941944d552bb39562782a6ef,1,2,8369fa80acc320b36340634a85db3917c5c252090a2c7fb681a91449c98410cd,artifacts/base_features/83/8369fa80acc320b36340634a85db3917c5c252090a2c7fb681a91449c98410cd.npz,9453b10fc086a25f314336df0a50a936663cb05f93a232a963f012ba482730d4,3095,-30748.6606866361,polar-1-l,9f65f8dc6ddaff1d631e299cb531376a7da5e68d1bef04f34a2d5073d5ef114b,0.3.16,4d2da09413ac1407f37cdbb6b81fa28e4c15655e,e552c116b7d2c653f98b01f5c4fd599997f19f669a32bc6bf16396dd9f79365b,0.4.0,0e21d5546c482d08388a08eb4d948e833227ce47,079b233934150a3eee30444ce2408e09895ec4dd958ec60a822f870fa1284b99,float64,polar1l_rotation_invariants_v1,7beb8d4d9a8231a484c0bb6ff44b6b2e450eee2ca8a447370f350ed8678929cb,"{""density_coefficients"":[71,4],""dipole"":[1,3],""electron_energy"":[1],""electrostatic_energy"":[1],""energy"":[1],""node_feats"":[71,13824],""spin_charge_density"":[71,2,4],""spin_density"":[71,4]}"
M084_Q0_M1,S001,e40aa6fa3000026be958659fcff130de3ff9cfa7281a2140647b2aebd77ed662,0,1,a3c244ef6e8a0f686b31f33747fde37dcf005c8c9d6f7a7e602031357d6d1de0,artifacts/base_features/a3/a3c244ef6e8a0f686b31f33747fde37dcf005c8c9d6f7a7e602031357d6d1de0.npz,efb3ee3d17e26522df00d87aefae8b137ca687f2fad9d771dc108c259d3ac9bc,3095,-50133.3895869646,polar-1-l,9f65f8dc6ddaff1d631e299cb531376a7da5e68d1bef04f34a2d5073d5ef114b,0.3.16,4d2da09413ac1407f37cdbb6b81fa28e4c15655e,e552c116b7d2c653f98b01f5c4fd599997f19f669a32bc6bf16396dd9f79365b,0.4.0,0e21d5546c482d08388a08eb4d948e833227ce47,079b233934150a3eee30444ce2408e09895ec4dd958ec60a822f870fa1284b99,float64,polar1l_rotation_invariants_v1,7beb8d4d9a8231a484c0bb6ff44b6b2e450eee2ca8a447370f350ed8678929cb,"{""density_coefficients"":[27,4],""dipole"":[1,3],""electron_energy"":[1],""electrostatic_energy"":[1],""energy"":[1],""node_feats"":[27,13824],""spin_charge_density"":[27,2,4],""spin_density"":[27,4]}"
M084_Q0_M1,S002,b6efa0d5ace6872fdf802cbdd69a882726389a8de1303490d48beb2c03c7a90b,0,1,2786d03935d9abae237a9c9f16c52fe466b5d95399cbea5e3ab244891feae796,artifacts/base_features/27/2786d03935d9abae237a9c9f16c52fe466b5d95399cbea5e3ab244891feae796.npz,78ebe194086ba81d955744c839ede5ec72c8a362e9d26663860f40f307311aec,3095,-50133.3890430609,polar-1-l,9f65f8dc6ddaff1d631e299cb531376a7da5e68d1bef04f34a2d5073d5ef114b,0.3.16,4d2da09413ac1407f37cdbb6b81fa28e4c15655e,e552c116b7d2c653f98b01f5c4fd599997f19f669a32bc6bf16396dd9f79365b,0.4.0,0e21d5546c482d08388a08eb4d948e833227ce47,079b233934150a3eee30444ce2408e09895ec4dd958ec60a822f870fa1284b99,float64,polar1l_rotation_invariants_v1,7beb8d4d9a8231a484c0bb6ff44b6b2e450eee2ca8a447370f350ed8678929cb,"{""density_coefficients"":[27,4],""dipole"":[1,3],""electron_energy"":[1],""electrostatic_energy"":[1],""energy"":[1],""node_feats"":[27,13824],""spin_charge_density"":[27,2,4],""spin_density"":[27,4]}"
M084_Q0_M1,S003,b12a9000363eb3948b927f1a6d572105e3988f17e8ccc6c7eeefd8ac28b44a80,0,1,ab39efb31449d2c83eefdc3d45e8d423c3e15bf6894bc9d2daea582fbed749d5,artifacts/base_features/ab/ab39efb31449d2c83eefdc3d45e8d423c3e15bf6894bc9d2daea582fbed749d5.npz,5a0c582e04d9b5d6ee65b4985eba851780996137204ae0a706393d6959f769ce,3095,-50133.3896198057,polar-1-l,9f65f8dc6ddaff1d631e299cb531376a7da5e68d1bef04f34a2d5073d5ef114b,0.3.16,4d2da09413ac1407f37cdbb6b81fa28e4c15655e,e552c116b7d2c653f98b01f5c4fd599997f19f669a32bc6bf16396dd9f79365b,0.4.0,0e21d5546c482d08388a08eb4d948e833227ce47,079b233934150a3eee30444ce2408e09895ec4dd958ec60a822f870fa1284b99,float64,polar1l_rotation_invariants_v1,7beb8d4d9a8231a484c0bb6ff44b6b2e450eee2ca8a447370f350ed8678929cb,"{""density_coefficients"":[27,4],""dipole"":[1,3],""electron_energy"":[1],""electrostatic_energy"":[1],""energy"":[1],""node_feats"":[27,13824],""spin_charge_density"":[27,2,4],""spin_density"":[27,4]}"
M084_Q0_M1,S004,c7ed16765b350b749e56028058f25692badbfb73d2adeb55ff7aa06939bd09f7,0,1,3c9e1a6db7a4799b42027e1be6ef5c2bf67992d9e8552168c5154c5c1c3a4e03,artifacts/base_features/3c/3c9e1a6db7a4799b42027e1be6ef5c2bf67992d9e8552168c5154c5c1c3a4e03.npz,815a1ba35411c32ce60c7f09ca22bf9c06cc807b431f46f7e841d28bad697fbb,3095,-50133.3895848386,polar-1-l,9f65f8dc6ddaff1d631e299cb531376a7da5e68d1bef04f34a2d5073d5ef114b,0.3.16,4d2da09413ac1407f37cdbb6b81fa28e4c15655e,e552c116b7d2c653f98b01f5c4fd599997f19f669a32bc6bf16396dd9f79365b,0.4.0,0e21d5546c482d08388a08eb4d948e833227ce47,079b233934150a3eee30444ce2408e09895ec4dd958ec60a822f870fa1284b99,float64,polar1l_rotation_invariants_v1,7beb8d4d9a8231a484c0bb6ff44b6b2e450eee2ca8a447370f350ed8678929cb,"{""density_coefficients"":[27,4],""dipole"":[1,3],""electron_energy"":[1],""electrostatic_energy"":[1],""energy"":[1],""node_feats"":[27,13824],""spin_charge_density"":[27,2,4],""spin_density"":[27,4]}"
M084_Q0_M1,S005,9c24ee72ef08f20ddfefe01d8fe66c7114840be6d1f6cbaed3d4e1298daba555,0,1,b3c30b02e2ce811e6ef6917cc08b058ef599c14add0843b620558ec29bb7e268,artifacts/base_features/b3/b3c30b02e2ce811e6ef6917cc08b058ef599c14add0843b620558ec29bb7e268.npz,e8f479205cb6747bc24fe4cc2a3040dfe34749e75cc7dd92c4db430025d89482,3095,-50133.3892666447,polar-1-l,9f65f8dc6ddaff1d631e299cb531376a7da5e68d1bef04f34a2d5073d5ef114b,0.3.16,4d2da09413ac1407f37cdbb6b81fa28e4c15655e,e552c116b7d2c653f98b01f5c4fd599997f19f669a32bc6bf16396dd9f79365b,0.4.0,0e21d5546c482d08388a08eb4d948e833227ce47,079b233934150a3eee30444ce2408e09895ec4dd958ec60a822f870fa1284b99,float64,polar1l_rotation_invariants_v1,7beb8d4d9a8231a484c0bb6ff44b6b2e450eee2ca8a447370f350ed8678929cb,"{""density_coefficients"":[27,4],""dipole"":[1,3],""electron_energy"":[1],""electrostatic_energy"":[1],""energy"":[1],""node_feats"":[27,13824],""spin_charge_density"":[27,2,4],""spin_density"":[27,4]}"
M084_Q0_M1,S006,fe491499ca6076b32f733dc5fcfecbfbd57f71ff1c5470c123b1a13b25615f23,0,1,16a3a5b445edf66bbbf9227f7bf98317389670e426ae6b2a9ca6dfb0d2459f11,artifacts/base_features/16/16a3a5b445edf66bbbf9227f7bf98317389670e426ae6b2a9ca6dfb0d2459f11.npz,9680e3e5d14d62722694caedcdab7ce5517cefb60b2910ac16c23ed435f778fa,3095,-50133.3895860649,polar-1-l,9f65f8dc6ddaff1d631e299cb531376a7da5e68d1bef04f34a2d5073d5ef114b,0.3.16,4d2da09413ac1407f37cdbb6b81fa28e4c15655e,e552c116b7d2c653f98b01f5c4fd599997f19f669a32bc6bf16396dd9f79365b,0.4.0,0e21d5546c482d08388a08eb4d948e833227ce47,079b233934150a3eee30444ce2408e09895ec4dd958ec60a822f870fa1284b99,float64,polar1l_rotation_invariants_v1,7beb8d4d9a8231a484c0bb6ff44b6b2e450eee2ca8a447370f350ed8678929cb,"{""density_coefficients"":[27,4],""dipole"":[1,3],""electron_energy"":[1],""electrostatic_energy"":[1],""energy"":[1],""node_feats"":[27,13824],""spin_charge_density"":[27,2,4],""spin_density"":[27,4]}"
M084_Q0_M1,S007,f0fa9049c202397975ca18ff6213839e0fb68bfcc383c7fb3f81ac538c88dd75,0,1,7dceb2d537fdcc8f2b18289108fb7e5057b22ab8a9c4d7f4af40e74f007e76f9,artifacts/base_features/7d/7dceb2d537fdcc8f2b18289108fb7e5057b22ab8a9c4d7f4af40e74f007e76f9.npz,92e0eb679fd46d54e89d2ad3f1b679edc4fdba341a6b7130b0ad0148abe8e030,3095,-50133.3896023508,polar-1-l,9f65f8dc6ddaff1d631e299cb531376a7da5e68d1bef04f34a2d5073d5ef114b,0.3.16,4d2da09413ac1407f37cdbb6b81fa28e4c15655e,e552c116b7d2c653f98b01f5c4fd599997f19f669a32bc6bf16396dd9f79365b,0.4.0,0e21d5546c482d08388a08eb4d948e833227ce47,079b233934150a3eee30444ce2408e09895ec4dd958ec60a822f870fa1284b99,float64,polar1l_rotation_invariants_v1,7beb8d4d9a8231a484c0bb6ff44b6b2e450eee2ca8a447370f350ed8678929cb,"{""density_coefficients"":[27,4],""dipole"":[1,3],""electron_energy"":[1],""electrostatic_energy"":[1],""energy"":[1],""node_feats"":[27,13824],""spin_charge_density"":[27,2,4],""spin_density"":[27,4]}"
M084_Q0_M1,S008,ff363d39f7606d791c0b725aeb53efbca0ef16760cd38b0175338a06e03cfe71,0,1,a1d7c71b8fd46dd2106feab1c804057b51ad06cc8bbe5756247515077e4c023a,artifacts/base_features/a1/a1d7c71b8fd46dd2106feab1c804057b51ad06cc8bbe5756247515077e4c023a.npz,24bbb89642cc4262d11ed937a762d744c962b7c390ad07281d9aff52b878c4b1,3095,-50133.3889827119,polar-1-l,9f65f8dc6ddaff1d631e299cb531376a7da5e68d1bef04f34a2d5073d5ef114b,0.3.16,4d2da09413ac1407f37cdbb6b81fa28e4c15655e,e552c116b7d2c653f98b01f5c4fd599997f19f669a32bc6bf16396dd9f79365b,0.4.0,0e21d5546c482d08388a08eb4d948e833227ce47,079b233934150a3eee30444ce2408e09895ec4dd958ec60a822f870fa1284b99,float64,polar1l_rotation_invariants_v1,7beb8d4d9a8231a484c0bb6ff44b6b2e450eee2ca8a447370f350ed8678929cb,"{""density_coefficients"":[27,4],""dipole"":[1,3],""electron_energy"":[1],""electrostatic_energy"":[1],""energy"":[1],""node_feats"":[27,13824],""spin_charge_density"":[27,2,4],""spin_density"":[27,4]}"
M084_Q0_M1,S009,959d65742fe9027b453a97968b290e64d072dcc33fd60d808dac2776736311bd,0,1,80637f2f6cbdf60f82def507cb6f2f9f1e9732fe050b7d9d733e5d5458e45055,artifacts/base_features/80/80637f2f6cbdf60f82def507cb6f2f9f1e9732fe050b7d9d733e5d5458e45055.npz,ec3038fd3cced939167ce317f9a1ab0849989f0c312d152e82b5e827f2bb9b83,3095,-50133.3895846076,polar-1-l,9f65f8dc6ddaff1d631e299cb531376a7da5e68d1bef04f34a2d5073d5ef114b,0.3.16,4d2da09413ac1407f37cdbb6b81fa28e4c15655e,e552c116b7d2c653f98b01f5c4fd599997f19f669a32bc6bf16396dd9f79365b,0.4.0,0e21d5546c482d08388a08eb4d948e833227ce47,079b233934150a3eee30444ce2408e09895ec4dd958ec60a822f870fa1284b99,float64,polar1l_rotation_invariants_v1,7beb8d4d9a8231a484c0bb6ff44b6b2e450eee2ca8a447370f350ed8678929cb,"{""density_coefficients"":[27,4],""dipole"":[1,3],""electron_energy"":[1],""electrostatic_energy"":[1],""energy"":[1],""node_feats"":[27,13824],""spin_charge_density"":[27,2,4],""spin_density"":[27,4]}"
M084_Q0_M1,S010,1af41ca13546420952c94f140275dfbee2ff07468a405560910400ab2292b8a1,0,1,1d7eaf705f01b25b3445338739b02c832382cdc84133d640a348cb32fff84da7,artifacts/base_features/1d/1d7eaf705f01b25b3445338739b02c832382cdc84133d640a348cb32fff84da7.npz,8a0118f42eb5f90076d75dcc8426c53855ff5ffea0820319b1449806695ab820,3095,-50133.3896297154,polar-1-l,9f65f8dc6ddaff1d631e299cb531376a7da5e68d1bef04f34a2d5073d5ef114b,0.3.16,4d2da09413ac1407f37cdbb6b81fa28e4c15655e,e552c116b7d2c653f98b01f5c4fd599997f19f669a32bc6bf16396dd9f79365b,0.4.0,0e21d5546c482d08388a08eb4d948e833227ce47,079b233934150a3eee30444ce2408e09895ec4dd958ec60a822f870fa1284b99,float64,polar1l_rotation_invariants_v1,7beb8d4d9a8231a484c0bb6ff44b6b2e450eee2ca8a447370f350ed8678929cb,"{""density_coefficients"":[27,4],""dipole"":[1,3],""electron_energy"":[1],""electrostatic_energy"":[1],""energy"":[1],""node_feats"":[27,13824],""spin_charge_density"":[27,2,4],""spin_density"":[27,4]}"
M084_Q0_M1,S011,4d7cbd1d83f600bf3178752ab6bd5ae40d9b9744af9c0002edfdaeacf0bbab1d,0,1,71ebe0aca75688754165840ae5c4b99f6426fb5549a2fbd0808911184fb16347,artifacts/base_features/71/71ebe0aca75688754165840ae5c4b99f6426fb5549a2fbd0808911184fb16347.npz,2efcb1a8b02d837cfce8e1e6223269387c86eaf5ab2bee672ea11b41428d8895,3095,-50133.3895946525,polar-1-l,9f65f8dc6ddaff1d631e299cb531376a7da5e68d1bef04f34a2d5073d5ef114b,0.3.16,4d2da09413ac1407f37cdbb6b81fa28e4c15655e,e552c116b7d2c653f98b01f5c4fd599997f19f669a32bc6bf16396dd9f79365b,0.4.0,0e21d5546c482d08388a08eb4d948e833227ce47,079b233934150a3eee30444ce2408e09895ec4dd958ec60a822f870fa1284b99,float64,polar1l_rotation_invariants_v1,7beb8d4d9a8231a484c0bb6ff44b6b2e450eee2ca8a447370f350ed8678929cb,"{""density_coefficients"":[27,4],""dipole"":[1,3],""electron_energy"":[1],""electrostatic_energy"":[1],""energy"":[1],""node_feats"":[27,13824],""spin_charge_density"":[27,2,4],""spin_density"":[27,4]}"
M084_Q0_M1,S012,ab802b0d0144d25c509ba3347f0fe7dccf393a5e6bc57531398362a5ceaafe28,0,1,ce9be16d44c6d64afbb01a769612a074e2dc7a778de94a4f0126ea7168400e3f,artifacts/base_features/ce/ce9be16d44c6d64afbb01a769612a074e2dc7a778de94a4f0126ea7168400e3f.npz,956bf568814f9a0b369e751ac52abd03442662e83d2400b42289dc96b977822b,3095,-50133.3895971542,polar-1-l,9f65f8dc6ddaff1d631e299cb531376a7da5e68d1bef04f34a2d5073d5ef114b,0.3.16,4d2da09413ac1407f37cdbb6b81fa28e4c15655e,e552c116b7d2c653f98b01f5c4fd599997f19f669a32bc6bf16396dd9f79365b,0.4.0,0e21d5546c482d08388a08eb4d948e833227ce47,079b233934150a3eee30444ce2408e09895ec4dd958ec60a822f870fa1284b99,float64,polar1l_rotation_invariants_v1,7beb8d4d9a8231a484c0bb6ff44b6b2e450eee2ca8a447370f350ed8678929cb,"{""density_coefficients"":[27,4],""dipole"":[1,3],""electron_energy"":[1],""electrostatic_energy"":[1],""energy"":[1],""node_feats"":[27,13824],""spin_charge_density"":[27,2,4],""spin_density"":[27,4]}"
M084_Q0_M1,S013,49ef7f3b4ad58340913a2599e7bbe368f8b1b5957532712ba262a8b749392df4,0,1,6346e22f807736956b9488ff35fe29f4be7a3904e27f7bda860cac4996c7c0d6,artifacts/base_features/63/6346e22f807736956b9488ff35fe29f4be7a3904e27f7bda860cac4996c7c0d6.npz,daabcd4ebbd4d8b817e5996fb965a7f7359179967b34e32a4dc3cb9638874d71,3095,-50133.3895734859,polar-1-l,9f65f8dc6ddaff1d631e299cb531376a7da5e68d1bef04f34a2d5073d5ef114b,0.3.16,4d2da09413ac1407f37cdbb6b81fa28e4c15655e,e552c116b7d2c653f98b01f5c4fd599997f19f669a32bc6bf16396dd9f79365b,0.4.0,0e21d5546c482d08388a08eb4d948e833227ce47,079b233934150a3eee30444ce2408e09895ec4dd958ec60a822f870fa1284b99,float64,polar1l_rotation_invariants_v1,7beb8d4d9a8231a484c0bb6ff44b6b2e450eee2ca8a447370f350ed8678929cb,"{""density_coefficients"":[27,4],""dipole"":[1,3],""electron_energy"":[1],""electrostatic_energy"":[1],""energy"":[1],""node_feats"":[27,13824],""spin_charge_density"":[27,2,4],""spin_density"":[27,4]}"
M084_Q0_M1,S014,0aab9b8a2134291e502be20bf61f4f3bc635027ed04bc4aa32dea1cc05b14ac9,0,1,a32cc517d02a932e23505f363c9fef1dd14e635767af50904888766ea394f7e7,artifacts/base_features/a3/a32cc517d02a932e23505f363c9fef1dd14e635767af50904888766ea394f7e7.npz,b4d6dd20ac16a290bc7b5606a80f04f9db701215d3d114a23d95b312904b3016,3095,-50133.3884377381,polar-1-l,9f65f8dc6ddaff1d631e299cb531376a7da5e68d1bef04f34a2d5073d5ef114b,0.3.16,4d2da09413ac1407f37cdbb6b81fa28e4c15655e,e552c116b7d2c653f98b01f5c4fd599997f19f669a32bc6bf16396dd9f79365b,0.4.0,0e21d5546c482d08388a08eb4d948e833227ce47,079b233934150a3eee30444ce2408e09895ec4dd958ec60a822f870fa1284b99,float64,polar1l_rotation_invariants_v1,7beb8d4d9a8231a484c0bb6ff44b6b2e450eee2ca8a447370f350ed8678929cb,"{""density_coefficients"":[27,4],""dipole"":[1,3],""electron_energy"":[1],""electrostatic_energy"":[1],""energy"":[1],""node_feats"":[27,13824],""spin_charge_density"":[27,2,4],""spin_density"":[27,4]}"
M084_Q0_M1,S015,9995f640eb3bcff6081d8a02fefd3aa620005e89e97498f706fe11f614748621,0,1,d6a18104f7c93308f569ca18abad1df025a8b090a5480fc25d4ca9a2524b5be3,artifacts/base_features/d6/d6a18104f7c93308f569ca18abad1df025a8b090a5480fc25d4ca9a2524b5be3.npz,cd735732a950ecbac8db50d03221909b8a89790eaa1e78a158c5bdbec5ac6bf9,3095,-50133.3891536308,polar-1-l,9f65f8dc6ddaff1d631e299cb531376a7da5e68d1bef04f34a2d5073d5ef114b,0.3.16,4d2da09413ac1407f37cdbb6b81fa28e4c15655e,e552c116b7d2c653f98b01f5c4fd599997f19f669a32bc6bf16396dd9f79365b,0.4.0,0e21d5546c482d08388a08eb4d948e833227ce47,079b233934150a3eee30444ce2408e09895ec4dd958ec60a822f870fa1284b99,float64,polar1l_rotation_invariants_v1,7beb8d4d9a8231a484c0bb6ff44b6b2e450eee2ca8a447370f350ed8678929cb,"{""density_coefficients"":[27,4],""dipole"":[1,3],""electron_energy"":[1],""electrostatic_energy"":[1],""energy"":[1],""node_feats"":[27,13824],""spin_charge_density"":[27,2,4],""spin_density"":[27,4]}"
M084_Q0_M1,S016,a8e5ba0a8b45c17e6fbab79dd330ecad4c7d1e2bdb8d7b8ea5f5f8a905a81d8d,0,1,1e01605e21c5c96093b5b2b01e2e2083ed8be057d81dc50ef07261b9f61ae239,artifacts/base_features/1e/1e01605e21c5c96093b5b2b01e2e2083ed8be057d81dc50ef07261b9f61ae239.npz,fcf9b72889ef2c21aff631779ce9fc4b0472ca2ca24db4961dd538a7a3769945,3095,-50133.3891079056,polar-1-l,9f65f8dc6ddaff1d631e299cb531376a7da5e68d1bef04f34a2d5073d5ef114b,0.3.16,4d2da09413ac1407f37cdbb6b81fa28e4c15655e,e552c116b7d2c653f98b01f5c4fd599997f19f669a32bc6bf16396dd9f79365b,0.4.0,0e21d5546c482d08388a08eb4d948e833227ce47,079b233934150a3eee30444ce2408e09895ec4dd958ec60a822f870fa1284b99,float64,polar1l_rotation_invariants_v1,7beb8d4d9a8231a484c0bb6ff44b6b2e450eee2ca8a447370f350ed8678929cb,"{""density_coefficients"":[27,4],""dipole"":[1,3],""electron_energy"":[1],""electrostatic_energy"":[1],""energy"":[1],""node_feats"":[27,13824],""spin_charge_density"":[27,2,4],""spin_density"":[27,4]}"
M084_Q0_M1,S017,ef95aa9f0528a6cfe71314b6624b013be771cedb8171df994ec330244e728827,0,1,7e384a79779979d4dff008a2182b59230cf0fe1b4b9c6e1cf524b56583a22d31,artifacts/base_features/7e/7e384a79779979d4dff008a2182b59230cf0fe1b4b9c6e1cf524b56583a22d31.npz,5b2388392d3eae8bc4dfe9e29ed2227ee83d9fe21b0649f0e0ea0a6afac9fa9d,3095,-50133.3891921643,polar-1-l,9f65f8dc6ddaff1d631e299cb531376a7da5e68d1bef04f34a2d5073d5ef114b,0.3.16,4d2da09413ac1407f37cdbb6b81fa28e4c15655e,e552c116b7d2c653f98b01f5c4fd599997f19f669a32bc6bf16396dd9f79365b,0.4.0,0e21d5546c482d08388a08eb4d948e833227ce47,079b233934150a3eee30444ce2408e09895ec4dd958ec60a822f870fa1284b99,float64,polar1l_rotation_invariants_v1,7beb8d4d9a8231a484c0bb6ff44b6b2e450eee2ca8a447370f350ed8678929cb,"{""density_coefficients"":[27,4],""dipole"":[1,3],""electron_energy"":[1],""electrostatic_energy"":[1],""energy"":[1],""node_feats"":[27,13824],""spin_charge_density"":[27,2,4],""spin_density"":[27,4]}"
M084_Q0_M1,S018,11f62de7fe3e3b280c9f3367ed0db3aff423d038aec8faee51900d32b786906e,0,1,62f5acf5919472a2d3cc696d746159513f3e3966c6c283f458350f2f90b1d9bb,artifacts/base_features/62/62f5acf5919472a2d3cc696d746159513f3e3966c6c283f458350f2f90b1d9bb.npz,66780a9f2d69279f58698d2dca91533522d3c04cdc391932e730ffdde6f6e1df,3095,-50133.3891106435,polar-1-l,9f65f8dc6ddaff1d631e299cb531376a7da5e68d1bef04f34a2d5073d5ef114b,0.3.16,4d2da09413ac1407f37cdbb6b81fa28e4c15655e,e552c116b7d2c653f98b01f5c4fd599997f19f669a32bc6bf16396dd9f79365b,0.4.0,0e21d5546c482d08388a08eb4d948e833227ce47,079b233934150a3eee30444ce2408e09895ec4dd958ec60a822f870fa1284b99,float64,polar1l_rotation_invariants_v1,7beb8d4d9a8231a484c0bb6ff44b6b2e450eee2ca8a447370f350ed8678929cb,"{""density_coefficients"":[27,4],""dipole"":[1,3],""electron_energy"":[1],""electrostatic_energy"":[1],""energy"":[1],""node_feats"":[27,13824],""spin_charge_density"":[27,2,4],""spin_density"":[27,4]}"
M084_Q0_M1,S019,353a0d6ee401265527dc410605c64832ef6563916dec277bd59ae60b77f07a7a,0,1,00b0f76133ed2c7956f8c1e6d669e4f09f796b8ed20362332e75ef3e0075e006,artifacts/base_features/00/00b0f76133ed2c7956f8c1e6d669e4f09f796b8ed20362332e75ef3e0075e006.npz,ee38020e4d03a0d9c0921a0d1121ff0c74c8762c5a46579fba11c83f3ba97eb0,3095,-50133.3895644061,polar-1-l,9f65f8dc6ddaff1d631e299cb531376a7da5e68d1bef04f34a2d5073d5ef114b,0.3.16,4d2da09413ac1407f37cdbb6b81fa28e4c15655e,e552c116b7d2c653f98b01f5c4fd599997f19f669a32bc6bf16396dd9f79365b,0.4.0,0e21d5546c482d08388a08eb4d948e833227ce47,079b233934150a3eee30444ce2408e09895ec4dd958ec60a822f870fa1284b99,float64,polar1l_rotation_invariants_v1,7beb8d4d9a8231a484c0bb6ff44b6b2e450eee2ca8a447370f350ed8678929cb,"{""density_coefficients"":[27,4],""dipole"":[1,3],""electron_energy"":[1],""electrostatic_energy"":[1],""energy"":[1],""node_feats"":[27,13824],""spin_charge_density"":[27,2,4],""spin_density"":[27,4]}"
M084_Q0_M1,S020,a6efe63efb5894fda87fa1efd14be790ff3f6c796b31971cc6c2a0a2f6f12cc5,0,1,414d89b9b27179e274087cefd85bcf907632d674d40dc878f90c5a4d8c95abef,artifacts/base_features/41/414d89b9b27179e274087cefd85bcf907632d674d40dc878f90c5a4d8c95abef.npz,d5c5bdb870af712dc30bbef0756ba19d49ef484c0655d94b4970268cce47fbe2,3095,-50133.3891220435,polar-1-l,9f65f8dc6ddaff1d631e299cb531376a7da5e68d1bef04f34a2d5073d5ef114b,0.3.16,4d2da09413ac1407f37cdbb6b81fa28e4c15655e,e552c116b7d2c653f98b01f5c4fd599997f19f669a32bc6bf16396dd9f79365b,0.4.0,0e21d5546c482d08388a08eb4d948e833227ce47,079b233934150a3eee30444ce2408e09895ec4dd958ec60a822f870fa1284b99,float64,polar1l_rotation_invariants_v1,7beb8d4d9a8231a484c0bb6ff44b6b2e450eee2ca8a447370f350ed8678929cb,"{""density_coefficients"":[27,4],""dipole"":[1,3],""electron_energy"":[1],""electrostatic_energy"":[1],""energy"":[1],""node_feats"":[27,13824],""spin_charge_density"":[27,2,4],""spin_density"":[27,4]}"
M084_Q0_M1,S021,879b40297fd66ca98c3feb115fe670a9bea0bf72a5cdd01e79160cd2aad23cc6,0,1,c754bfc6c889aefee289bdc8e00026ec848a51220e938a7d54b1aa58df143548,artifacts/base_features/c7/c754bfc6c889aefee289bdc8e00026ec848a51220e938a7d54b1aa58df143548.npz,98c7a0455688ced20bb63964992290b39b6fcf09981e1ee86fd503575ce73d1d,3095,-50133.3884699154,polar-1-l,9f65f8dc6ddaff1d631e299cb531376a7da5e68d1bef04f34a2d5073d5ef114b,0.3.16,4d2da09413ac1407f37cdbb6b81fa28e4c15655e,e552c116b7d2c653f98b01f5c4fd599997f19f669a32bc6bf16396dd9f79365b,0.4.0,0e21d5546c482d08388a08eb4d948e833227ce47,079b233934150a3eee30444ce2408e09895ec4dd958ec60a822f870fa1284b99,float64,polar1l_rotation_invariants_v1,7beb8d4d9a8231a484c0bb6ff44b6b2e450eee2ca8a447370f350ed8678929cb,"{""density_coefficients"":[27,4],""dipole"":[1,3],""electron_energy"":[1],""electrostatic_energy"":[1],""energy"":[1],""node_feats"":[27,13824],""spin_charge_density"":[27,2,4],""spin_density"":[27,4]}"
M084_Q0_M1,S022,7283887bc23247c9878bf1c80fea2e1db9e46c23c49c8b3660f9f04ece649173,0,1,b6fb66fdb252d2a9edfed679fd09c9d23c03cba001c38f05cfc7f5141df92b1b,artifacts/base_features/b6/b6fb66fdb252d2a9edfed679fd09c9d23c03cba001c38f05cfc7f5141df92b1b.npz,0562ca84ef4d8c43e230f2bf4df360cdcb87b448e92774c24e6e829ba30ab291,3095,-50133.3896344648,polar-1-l,9f65f8dc6ddaff1d631e299cb531376a7da5e68d1bef04f34a2d5073d5ef114b,0.3.16,4d2da09413ac1407f37cdbb6b81fa28e4c15655e,e552c116b7d2c653f98b01f5c4fd599997f19f669a32bc6bf16396dd9f79365b,0.4.0,0e21d5546c482d08388a08eb4d948e833227ce47,079b233934150a3eee30444ce2408e09895ec4dd958ec60a822f870fa1284b99,float64,polar1l_rotation_invariants_v1,7beb8d4d9a8231a484c0bb6ff44b6b2e450eee2ca8a447370f350ed8678929cb,"{""density_coefficients"":[27,4],""dipole"":[1,3],""electron_energy"":[1],""electrostatic_energy"":[1],""energy"":[1],""node_feats"":[27,13824],""spin_charge_density"":[27,2,4],""spin_density"":[27,4]}"
M084_Q0_M1,S023,68856619beabcaf2352ad7191ab9e5fa0050b8a0114561d6e5ef41e6c43d6ca5,0,1,3a98eb605681192649a27b5b17e29f4e4615c003382be83dc6230bda807ec4d1,artifacts/base_features/3a/3a98eb605681192649a27b5b17e29f4e4615c003382be83dc6230bda807ec4d1.npz,75e301530374397c406e9741818d1bd28877031d751db71c38b7b1231249b2cb,3095,-50133.3882575023,polar-1-l,9f65f8dc6ddaff1d631e299cb531376a7da5e68d1bef04f34a2d5073d5ef114b,0.3.16,4d2da09413ac1407f37cdbb6b81fa28e4c15655e,e552c116b7d2c653f98b01f5c4fd599997f19f669a32bc6bf16396dd9f79365b,0.4.0,0e21d5546c482d08388a08eb4d948e833227ce47,079b233934150a3eee30444ce2408e09895ec4dd958ec60a822f870fa1284b99,float64,polar1l_rotation_invariants_v1,7beb8d4d9a8231a484c0bb6ff44b6b2e450eee2ca8a447370f350ed8678929cb,"{""density_coefficients"":[27,4],""dipole"":[1,3],""electron_energy"":[1],""electrostatic_energy"":[1],""energy"":[1],""node_feats"":[27,13824],""spin_charge_density"":[27,2,4],""spin_density"":[27,4]}"
M084_Q0_M1,S024,bc787c5dd64da1cad7879ba01cd6ca01cfe2f1f750fc2a9511697fc0868ab3b2,0,1,441db614f282e6a89b8557924021de1bf2f502dd032859b9708f5bd6d784d30f,artifacts/base_features/44/441db614f282e6a89b8557924021de1bf2f502dd032859b9708f5bd6d784d30f.npz,fab3b8ed1338693cdb01e1f54e1ece4c1e7d1b43f0012e5deb79aa4eecd62373,3095,-50133.3868932344,polar-1-l,9f65f8dc6ddaff1d631e299cb531376a7da5e68d1bef04f34a2d5073d5ef114b,0.3.16,4d2da09413ac1407f37cdbb6b81fa28e4c15655e,e552c116b7d2c653f98b01f5c4fd599997f19f669a32bc6bf16396dd9f79365b,0.4.0,0e21d5546c482d08388a08eb4d948e833227ce47,079b233934150a3eee30444ce2408e09895ec4dd958ec60a822f870fa1284b99,float64,polar1l_rotation_invariants_v1,7beb8d4d9a8231a484c0bb6ff44b6b2e450eee2ca8a447370f350ed8678929cb,"{""density_coefficients"":[27,4],""dipole"":[1,3],""electron_energy"":[1],""electrostatic_energy"":[1],""energy"":[1],""node_feats"":[27,13824],""spin_charge_density"":[27,2,4],""spin_density"":[27,4]}"
M084_Q0_M1,S025,28faf7f94e03b29789e073c4ab88beb7983e8cb38c4de765945a61c4b3f28a0f,0,1,a383ef9f2641ee9f6ee7b8f16c7718f79957ead2e37a202ecdc9d4eb59008032,artifacts/base_features/a3/a383ef9f2641ee9f6ee7b8f16c7718f79957ead2e37a202ecdc9d4eb59008032.npz,f804ea9a55b4f416e58f3c6a4bd88e5232738c21d71b02e302464d9f47001566,3095,-50133.3889764875,polar-1-l,9f65f8dc6ddaff1d631e299cb531376a7da5e68d1bef04f34a2d5073d5ef114b,0.3.16,4d2da09413ac1407f37cdbb6b81fa28e4c15655e,e552c116b7d2c653f98b01f5c4fd599997f19f669a32bc6bf16396dd9f79365b,0.4.0,0e21d5546c482d08388a08eb4d948e833227ce47,079b233934150a3eee30444ce2408e09895ec4dd958ec60a822f870fa1284b99,float64,polar1l_rotation_invariants_v1,7beb8d4d9a8231a484c0bb6ff44b6b2e450eee2ca8a447370f350ed8678929cb,"{""density_coefficients"":[27,4],""dipole"":[1,3],""electron_energy"":[1],""electrostatic_energy"":[1],""energy"":[1],""node_feats"":[27,13824],""spin_charge_density"":[27,2,4],""spin_density"":[27,4]}"
M084_QP1_M2,S001,82c01c1aa9b8e39fd2620de52b1f2d21ebfcc725dd264c9cc7f2ec2cc9adf777,1,2,cd5a34d997a6ec7effe6e9991dc2301854c8e42c0dae4f6c5843d45ecf2872af,artifacts/base_features/cd/cd5a34d997a6ec7effe6e9991dc2301854c8e42c0dae4f6c5843d45ecf2872af.npz,35646f833ff00a6281719bc468b6dbfa6c8fb4186cd2c931a8ceb8fd5ce563ea,3095,-50125.9662485515,polar-1-l,9f65f8dc6ddaff1d631e299cb531376a7da5e68d1bef04f34a2d5073d5ef114b,0.3.16,4d2da09413ac1407f37cdbb6b81fa28e4c15655e,e552c116b7d2c653f98b01f5c4fd599997f19f669a32bc6bf16396dd9f79365b,0.4.0,0e21d5546c482d08388a08eb4d948e833227ce47,079b233934150a3eee30444ce2408e09895ec4dd958ec60a822f870fa1284b99,float64,polar1l_rotation_invariants_v1,7beb8d4d9a8231a484c0bb6ff44b6b2e450eee2ca8a447370f350ed8678929cb,"{""density_coefficients"":[27,4],""dipole"":[1,3],""electron_energy"":[1],""electrostatic_energy"":[1],""energy"":[1],""node_feats"":[27,13824],""spin_charge_density"":[27,2,4],""spin_density"":[27,4]}"
M084_QP1_M2,S002,c786ec7ad787777c3b73229d0df131d26331fd2df28c5d6663dbdf0a945f6810,1,2,562e723b9c2742c6a7a7e50bec827319ebd72f0d234232d8f6ed0bb24bc63758,artifacts/base_features/56/562e723b9c2742c6a7a7e50bec827319ebd72f0d234232d8f6ed0bb24bc63758.npz,002720c42b6dbd556b285b0f1ed65f327507ecf0579f556f6b6f40d33bc0434d,3095,-50125.9650366975,polar-1-l,9f65f8dc6ddaff1d631e299cb531376a7da5e68d1bef04f34a2d5073d5ef114b,0.3.16,4d2da09413ac1407f37cdbb6b81fa28e4c15655e,e552c116b7d2c653f98b01f5c4fd599997f19f669a32bc6bf16396dd9f79365b,0.4.0,0e21d5546c482d08388a08eb4d948e833227ce47,079b233934150a3eee30444ce2408e09895ec4dd958ec60a822f870fa1284b99,float64,polar1l_rotation_invariants_v1,7beb8d4d9a8231a484c0bb6ff44b6b2e450eee2ca8a447370f350ed8678929cb,"{""density_coefficients"":[27,4],""dipole"":[1,3],""electron_energy"":[1],""electrostatic_energy"":[1],""energy"":[1],""node_feats"":[27,13824],""spin_charge_density"":[27,2,4],""spin_density"":[27,4]}"
M084_QP1_M2,S003,4125cd61bc3482e9432bf31e592e4d9786d1369b883f5f02c8c3eecedc7ee003,1,2,757db910aef972808726a90a3eff38a0e46595087b35f1dc36e3b7cace0188d0,artifacts/base_features/75/757db910aef972808726a90a3eff38a0e46595087b35f1dc36e3b7cace0188d0.npz,165d677454254b481c736c8554615411da9dd24b2c132618eb66c3cff9a0897f,3095,-50125.9663995347,polar-1-l,9f65f8dc6ddaff1d631e299cb531376a7da5e68d1bef04f34a2d5073d5ef114b,0.3.16,4d2da09413ac1407f37cdbb6b81fa28e4c15655e,e552c116b7d2c653f98b01f5c4fd599997f19f669a32bc6bf16396dd9f79365b,0.4.0,0e21d5546c482d08388a08eb4d948e833227ce47,079b233934150a3eee30444ce2408e09895ec4dd958ec60a822f870fa1284b99,float64,polar1l_rotation_invariants_v1,7beb8d4d9a8231a484c0bb6ff44b6b2e450eee2ca8a447370f350ed8678929cb,"{""density_coefficients"":[27,4],""dipole"":[1,3],""electron_energy"":[1],""electrostatic_energy"":[1],""energy"":[1],""node_feats"":[27,13824],""spin_charge_density"":[27,2,4],""spin_density"":[27,4]}"
M084_QP1_M2,S004,61876802d2b8f06d6e16de1fe45ebcbdc60fce391bd7de6bc830812479113988,1,2,72a57bcae6fd3499fed18ad977f6e256a2e31f91e1995889b6cc16ea165b18d6,artifacts/base_features/72/72a57bcae6fd3499fed18ad977f6e256a2e31f91e1995889b6cc16ea165b18d6.npz,15e3392b7835ea88372953edc6897b5a899fc88b886f3014bdffa7461db20b15,3095,-50125.9662398708,polar-1-l,9f65f8dc6ddaff1d631e299cb531376a7da5e68d1bef04f34a2d5073d5ef114b,0.3.16,4d2da09413ac1407f37cdbb6b81fa28e4c15655e,e552c116b7d2c653f98b01f5c4fd599997f19f669a32bc6bf16396dd9f79365b,0.4.0,0e21d5546c482d08388a08eb4d948e833227ce47,079b233934150a3eee30444ce2408e09895ec4dd958ec60a822f870fa1284b99,float64,polar1l_rotation_invariants_v1,7beb8d4d9a8231a484c0bb6ff44b6b2e450eee2ca8a447370f350ed8678929cb,"{""density_coefficients"":[27,4],""dipole"":[1,3],""electron_energy"":[1],""electrostatic_energy"":[1],""energy"":[1],""node_feats"":[27,13824],""spin_charge_density"":[27,2,4],""spin_density"":[27,4]}"
M084_QP1_M2,S005,221f8a2676c143aff3d4ed045a0eea8d6eddfc80c2da5cbea1f63d814e011ffe,1,2,4e0ce520449522a4697ee505ae7354d4af5a2fcb04995a35dde8934679e48b26,artifacts/base_features/4e/4e0ce520449522a4697ee505ae7354d4af5a2fcb04995a35dde8934679e48b26.npz,3cc9d76877f6c5d703447b360f36ca68f14c2034f8fe35c2c0a0805ac1f35d9a,3095,-50125.9660719466,polar-1-l,9f65f8dc6ddaff1d631e299cb531376a7da5e68d1bef04f34a2d5073d5ef114b,0.3.16,4d2da09413ac1407f37cdbb6b81fa28e4c15655e,e552c116b7d2c653f98b01f5c4fd599997f19f669a32bc6bf16396dd9f79365b,0.4.0,0e21d5546c482d08388a08eb4d948e833227ce47,079b233934150a3eee30444ce2408e09895ec4dd958ec60a822f870fa1284b99,float64,polar1l_rotation_invariants_v1,7beb8d4d9a8231a484c0bb6ff44b6b2e450eee2ca8a447370f350ed8678929cb,"{""density_coefficients"":[27,4],""dipole"":[1,3],""electron_energy"":[1],""electrostatic_energy"":[1],""energy"":[1],""node_feats"":[27,13824],""spin_charge_density"":[27,2,4],""spin_density"":[27,4]}"
M084_QP1_M2,S006,25233447be534f651494baaa8b706061b407774885e9a500ad4424f759d3daaa,1,2,e66b206f3a5846cb6dddfc4aef860655e071e6a12a0f299219c709e928730f47,artifacts/base_features/e6/e66b206f3a5846cb6dddfc4aef860655e071e6a12a0f299219c709e928730f47.npz,7c0498b4d3707363ab66d980012405c63310b84851fba611c7a6f5e207efdf3b,3095,-50125.9662631135,polar-1-l,9f65f8dc6ddaff1d631e299cb531376a7da5e68d1bef04f34a2d5073d5ef114b,0.3.16,4d2da09413ac1407f37cdbb6b81fa28e4c15655e,e552c116b7d2c653f98b01f5c4fd599997f19f669a32bc6bf16396dd9f79365b,0.4.0,0e21d5546c482d08388a08eb4d948e833227ce47,079b233934150a3eee30444ce2408e09895ec4dd958ec60a822f870fa1284b99,float64,polar1l_rotation_invariants_v1,7beb8d4d9a8231a484c0bb6ff44b6b2e450eee2ca8a447370f350ed8678929cb,"{""density_coefficients"":[27,4],""dipole"":[1,3],""electron_energy"":[1],""electrostatic_energy"":[1],""energy"":[1],""node_feats"":[27,13824],""spin_charge_density"":[27,2,4],""spin_density"":[27,4]}"
M084_QP1_M2,S007,a757d4a0c8c90be8a38a00504803d99ebc352935ccad090c949e8e762bca86f2,1,2,2a46a2d722b85f9d883f6b354daf159d04be87e7536e9164a6254bc439927fcc,artifacts/base_features/2a/2a46a2d722b85f9d883f6b354daf159d04be87e7536e9164a6254bc439927fcc.npz,3077c2cc865ced11d007322cfa23a46b6b9c1d9582a21ebf53167760251988d8,3095,-50125.9663319839,polar-1-l,9f65f8dc6ddaff1d631e299cb531376a7da5e68d1bef04f34a2d5073d5ef114b,0.3.16,4d2da09413ac1407f37cdbb6b81fa28e4c15655e,e552c116b7d2c653f98b01f5c4fd599997f19f669a32bc6bf16396dd9f79365b,0.4.0,0e21d5546c482d08388a08eb4d948e833227ce47,079b233934150a3eee30444ce2408e09895ec4dd958ec60a822f870fa1284b99,float64,polar1l_rotation_invariants_v1,7beb8d4d9a8231a484c0bb6ff44b6b2e450eee2ca8a447370f350ed8678929cb,"{""density_coefficients"":[27,4],""dipole"":[1,3],""electron_energy"":[1],""electrostatic_energy"":[1],""energy"":[1],""node_feats"":[27,13824],""spin_charge_density"":[27,2,4],""spin_density"":[27,4]}"
M084_QP1_M2,S008,1b46f55503cd82b6f52f278eac039b22e202e7e45a9bb2b1b7b395217871f63e,1,2,67f2515bb13305f12b75fa7718dd68faa564155be1ee97f01c00386f14030639,artifacts/base_features/67/67f2515bb13305f12b75fa7718dd68faa564155be1ee97f01c00386f14030639.npz,26ff6ee622894ba574f0193c3c7c52ce5034670714896beff5e3421f17fb66a9,3095,-50125.9647808722,polar-1-l,9f65f8dc6ddaff1d631e299cb531376a7da5e68d1bef04f34a2d5073d5ef114b,0.3.16,4d2da09413ac1407f37cdbb6b81fa28e4c15655e,e552c116b7d2c653f98b01f5c4fd599997f19f669a32bc6bf16396dd9f79365b,0.4.0,0e21d5546c482d08388a08eb4d948e833227ce47,079b233934150a3eee30444ce2408e09895ec4dd958ec60a822f870fa1284b99,float64,polar1l_rotation_invariants_v1,7beb8d4d9a8231a484c0bb6ff44b6b2e450eee2ca8a447370f350ed8678929cb,"{""density_coefficients"":[27,4],""dipole"":[1,3],""electron_energy"":[1],""electrostatic_energy"":[1],""energy"":[1],""node_feats"":[27,13824],""spin_charge_density"":[27,2,4],""spin_density"":[27,4]}"
M084_QP1_M2,S009,53017bbba873f737c893717f5e6e8631ae2f569731436fa13c0802d881fa6153,1,2,4529cfc743c98cb5e908b0db21ead0a2b1e0875447143de43f1f4b4e6b622d67,artifacts/base_features/45/4529cfc743c98cb5e908b0db21ead0a2b1e0875447143de43f1f4b4e6b622d67.npz,b953026747db321977f956a86d645f6d2bcc835ed7809604d8dba269c69a6d07,3095,-50125.9662569224,polar-1-l,9f65f8dc6ddaff1d631e299cb531376a7da5e68d1bef04f34a2d5073d5ef114b,0.3.16,4d2da09413ac1407f37cdbb6b81fa28e4c15655e,e552c116b7d2c653f98b01f5c4fd599997f19f669a32bc6bf16396dd9f79365b,0.4.0,0e21d5546c482d08388a08eb4d948e833227ce47,079b233934150a3eee30444ce2408e09895ec4dd958ec60a822f870fa1284b99,float64,polar1l_rotation_invariants_v1,7beb8d4d9a8231a484c0bb6ff44b6b2e450eee2ca8a447370f350ed8678929cb,"{""density_coefficients"":[27,4],""dipole"":[1,3],""electron_energy"":[1],""electrostatic_energy"":[1],""energy"":[1],""node_feats"":[27,13824],""spin_charge_density"":[27,2,4],""spin_density"":[27,4]}"
M084_QP1_M2,S010,d584e9304f60cfd54f613de8bc459283bbf1294cc51819a85ee4ecafe40a6dfd,1,2,b36d3d7249d6a7dac5578530915f73d40d873b1b0ba1faf5f74e340e4a78ce8e,artifacts/base_features/b3/b36d3d7249d6a7dac5578530915f73d40d873b1b0ba1faf5f74e340e4a78ce8e.npz,2973bd65006238cc2f8dae88bd1c4f1bae2557303ecceffa0fa8670f212734ca,3095,-50125.9664320302,polar-1-l,9f65f8dc6ddaff1d631e299cb531376a7da5e68d1bef04f34a2d5073d5ef114b,0.3.16,4d2da09413ac1407f37cdbb6b81fa28e4c15655e,e552c116b7d2c653f98b01f5c4fd599997f19f669a32bc6bf16396dd9f79365b,0.4.0,0e21d5546c482d08388a08eb4d948e833227ce47,079b233934150a3eee30444ce2408e09895ec4dd958ec60a822f870fa1284b99,float64,polar1l_rotation_invariants_v1,7beb8d4d9a8231a484c0bb6ff44b6b2e450eee2ca8a447370f350ed8678929cb,"{""density_coefficients"":[27,4],""dipole"":[1,3],""electron_energy"":[1],""electrostatic_energy"":[1],""energy"":[1],""node_feats"":[27,13824],""spin_charge_density"":[27,2,4],""spin_density"":[27,4]}"
M084_QP1_M2,S011,55d72742710269920eab979659c8e8fa06772fe4626ce6a73dffb9eabb72c5dc,1,2,53a1f305ecb61e5978ed14751ee867cec8583ea6eb141d8b5d5b4aadf070dde2,artifacts/base_features/53/53a1f305ecb61e5978ed14751ee867cec8583ea6eb141d8b5d5b4aadf070dde2.npz,e94a0c5948ffefab00d956ec6164e9bdb71fb2da34cc2e6adc740cfcd8f7cdab,3095,-50125.9662994508,polar-1-l,9f65f8dc6ddaff1d631e299cb531376a7da5e68d1bef04f34a2d5073d5ef114b,0.3.16,4d2da09413ac1407f37cdbb6b81fa28e4c15655e,e552c116b7d2c653f98b01f5c4fd599997f19f669a32bc6bf16396dd9f79365b,0.4.0,0e21d5546c482d08388a08eb4d948e833227ce47,079b233934150a3eee30444ce2408e09895ec4dd958ec60a822f870fa1284b99,float64,polar1l_rotation_invariants_v1,7beb8d4d9a8231a484c0bb6ff44b6b2e450eee2ca8a447370f350ed8678929cb,"{""density_coefficients"":[27,4],""dipole"":[1,3],""electron_energy"":[1],""electrostatic_energy"":[1],""energy"":[1],""node_feats"":[27,13824],""spin_charge_density"":[27,2,4],""spin_density"":[27,4]}"
M084_QP1_M2,S012,597b4bac12fd75a57b7c87526c3b77f789e5df009aa6c601d5c8b97a28cf9bdd,1,2,0e416f4a6e1f0d44e79a03ef78eb6e47f7ba3a1380e39b9e77cd53374eab47cc,artifacts/base_features/0e/0e416f4a6e1f0d44e79a03ef78eb6e47f7ba3a1380e39b9e77cd53374eab47cc.npz,74bc6330342107c8a1add57454a0eb79412f425c6be75691ea95cba6afa161cc,3095,-50125.9663104429,polar-1-l,9f65f8dc6ddaff1d631e299cb531376a7da5e68d1bef04f34a2d5073d5ef114b,0.3.16,4d2da09413ac1407f37cdbb6b81fa28e4c15655e,e552c116b7d2c653f98b01f5c4fd599997f19f669a32bc6bf16396dd9f79365b,0.4.0,0e21d5546c482d08388a08eb4d948e833227ce47,079b233934150a3eee30444ce2408e09895ec4dd958ec60a822f870fa1284b99,float64,polar1l_rotation_invariants_v1,7beb8d4d9a8231a484c0bb6ff44b6b2e450eee2ca8a447370f350ed8678929cb,"{""density_coefficients"":[27,4],""dipole"":[1,3],""electron_energy"":[1],""electrostatic_energy"":[1],""energy"":[1],""node_feats"":[27,13824],""spin_charge_density"":[27,2,4],""spin_density"":[27,4]}"
M084_QP1_M2,S013,883fda12e42ab8e324ae9123196e7bf3ae30c1be8fded36f85cee8b571d09d69,1,2,0d44a5e2eed71915ed5a4eff93fa94c390344b5db5a05434c2289899a40d71c2,artifacts/base_features/0d/0d44a5e2eed71915ed5a4eff93fa94c390344b5db5a05434c2289899a40d71c2.npz,9e08d69e449096e78586b0780c14887928a2aa5e0308d079857c481754899c4d,3095,-50125.9662113958,polar-1-l,9f65f8dc6ddaff1d631e299cb531376a7da5e68d1bef04f34a2d5073d5ef114b,0.3.16,4d2da09413ac1407f37cdbb6b81fa28e4c15655e,e552c116b7d2c653f98b01f5c4fd599997f19f669a32bc6bf16396dd9f79365b,0.4.0,0e21d5546c482d08388a08eb4d948e833227ce47,079b233934150a3eee30444ce2408e09895ec4dd958ec60a822f870fa1284b99,float64,polar1l_rotation_invariants_v1,7beb8d4d9a8231a484c0bb6ff44b6b2e450eee2ca8a447370f350ed8678929cb,"{""density_coefficients"":[27,4],""dipole"":[1,3],""electron_energy"":[1],""electrostatic_energy"":[1],""energy"":[1],""node_feats"":[27,13824],""spin_charge_density"":[27,2,4],""spin_density"":[27,4]}"
M084_QP1_M2,S014,f90bcf855b5923e2b6f1987931caf1cfd69b3627fc2e210cf04818ece483ed7d,1,2,4182d1e6bf237534bad594b96b383e3370b2b0740ee1116857c25eb6b75a7a8a,artifacts/base_features/41/4182d1e6bf237534bad594b96b383e3370b2b0740ee1116857c25eb6b75a7a8a.npz,441e2c1912a59e29414662dc15ce33b320522a6b9ebc4e01f5e4669835409bc4,3095,-50125.9637323603,polar-1-l,9f65f8dc6ddaff1d631e299cb531376a7da5e68d1bef04f34a2d5073d5ef114b,0.3.16,4d2da09413ac1407f37cdbb6b81fa28e4c15655e,e552c116b7d2c653f98b01f5c4fd599997f19f669a32bc6bf16396dd9f79365b,0.4.0,0e21d5546c482d08388a08eb4d948e833227ce47,079b233934150a3eee30444ce2408e09895ec4dd958ec60a822f870fa1284b99,float64,polar1l_rotation_invariants_v1,7beb8d4d9a8231a484c0bb6ff44b6b2e450eee2ca8a447370f350ed8678929cb,"{""density_coefficients"":[27,4],""dipole"":[1,3],""electron_energy"":[1],""electrostatic_energy"":[1],""energy"":[1],""node_feats"":[27,13824],""spin_charge_density"":[27,2,4],""spin_density"":[27,4]}"
M084_QP1_M2,S015,2771ab2738da20a791a15b9e9a9dc35670d3c635a7dfae1d46f31ce001d6c1bc,1,2,a11bccf93a4810f086735650de6e2834d111711efb9f3bb4e9cfd0406cbada5f,artifacts/base_features/a1/a11bccf93a4810f086735650de6e2834d111711efb9f3bb4e9cfd0406cbada5f.npz,31b735ea48bb388de6255c905368308d74de37c17b6cfdf949d021eb7aa6da81,3095,-50125.9653137022,polar-1-l,9f65f8dc6ddaff1d631e299cb531376a7da5e68d1bef04f34a2d5073d5ef114b,0.3.16,4d2da09413ac1407f37cdbb6b81fa28e4c15655e,e552c116b7d2c653f98b01f5c4fd599997f19f669a32bc6bf16396dd9f79365b,0.4.0,0e21d5546c482d08388a08eb4d948e833227ce47,079b233934150a3eee30444ce2408e09895ec4dd958ec60a822f870fa1284b99,float64,polar1l_rotation_invariants_v1,7beb8d4d9a8231a484c0bb6ff44b6b2e450eee2ca8a447370f350ed8678929cb,"{""density_coefficients"":[27,4],""dipole"":[1,3],""electron_energy"":[1],""electrostatic_energy"":[1],""energy"":[1],""node_feats"":[27,13824],""spin_charge_density"":[27,2,4],""spin_density"":[27,4]}"
M084_QP1_M2,S016,bbd6fb827694cd18bda2e741a56261339147c824be54fce0e0b5d18280a14fa0,1,2,65f850f5e0691136eff1997a7c8a1968a3f13329d83ab098477a0b4c80efeb2d,artifacts/base_features/65/65f850f5e0691136eff1997a7c8a1968a3f13329d83ab098477a0b4c80efeb2d.npz,f3b7de7eedf427b60a9adfec8265832562cb5d5a17c600b85673fba3075fac8a,3095,-50125.9651358479,polar-1-l,9f65f8dc6ddaff1d631e299cb531376a7da5e68d1bef04f34a2d5073d5ef114b,0.3.16,4d2da09413ac1407f37cdbb6b81fa28e4c15655e,e552c116b7d2c653f98b01f5c4fd599997f19f669a32bc6bf16396dd9f79365b,0.4.0,0e21d5546c482d08388a08eb4d948e833227ce47,079b233934150a3eee30444ce2408e09895ec4dd958ec60a822f870fa1284b99,float64,polar1l_rotation_invariants_v1,7beb8d4d9a8231a484c0bb6ff44b6b2e450eee2ca8a447370f350ed8678929cb,"{""density_coefficients"":[27,4],""dipole"":[1,3],""electron_energy"":[1],""electrostatic_energy"":[1],""energy"":[1],""node_feats"":[27,13824],""spin_charge_density"":[27,2,4],""spin_density"":[27,4]}"
M084_QP1_M2,S017,a6a0adb6d446cc04757b971d760718688ce7a37365a6c881b16fcfbc967c8507,1,2,a3127d4a764dac5ebcc58eb3c018907b6af37e83180cf05f01ddab4ce060c0cc,artifacts/base_features/a3/a3127d4a764dac5ebcc58eb3c018907b6af37e83180cf05f01ddab4ce060c0cc.npz,260da24b354d42001d45424a11693d89109ceacb985426337d40a0abdb46c99c,3095,-50125.9655026509,polar-1-l,9f65f8dc6ddaff1d631e299cb531376a7da5e68d1bef04f34a2d5073d5ef114b,0.3.16,4d2da09413ac1407f37cdbb6b81fa28e4c15655e,e552c116b7d2c653f98b01f5c4fd599997f19f669a32bc6bf16396dd9f79365b,0.4.0,0e21d5546c482d08388a08eb4d948e833227ce47,079b233934150a3eee30444ce2408e09895ec4dd958ec60a822f870fa1284b99,float64,polar1l_rotation_invariants_v1,7beb8d4d9a8231a484c0bb6ff44b6b2e450eee2ca8a447370f350ed8678929cb,"{""density_coefficients"":[27,4],""dipole"":[1,3],""electron_energy"":[1],""electrostatic_energy"":[1],""energy"":[1],""node_feats"":[27,13824],""spin_charge_density"":[27,2,4],""spin_density"":[27,4]}"
M084_QP1_M2,S018,1e98bc1279e69060626344ec114fe851e49d0fca87d2ea8a736d4b658635c2b4,1,2,9b76a8218903fc8ecffba8e8944fb597ebea7b0580d3b5004facfc669ed7dd9f,artifacts/base_features/9b/9b76a8218903fc8ecffba8e8944fb597ebea7b0580d3b5004facfc669ed7dd9f.npz,7d5f10d5fe7130781abd40e4340bae2bf7dbbaf87944b7afe4b0b3597c7d4f7c,3095,-50125.9651476778,polar-1-l,9f65f8dc6ddaff1d631e299cb531376a7da5e68d1bef04f34a2d5073d5ef114b,0.3.16,4d2da09413ac1407f37cdbb6b81fa28e4c15655e,e552c116b7d2c653f98b01f5c4fd599997f19f669a32bc6bf16396dd9f79365b,0.4.0,0e21d5546c482d08388a08eb4d948e833227ce47,079b233934150a3eee30444ce2408e09895ec4dd958ec60a822f870fa1284b99,float64,polar1l_rotation_invariants_v1,7beb8d4d9a8231a484c0bb6ff44b6b2e450eee2ca8a447370f350ed8678929cb,"{""density_coefficients"":[27,4],""dipole"":[1,3],""electron_energy"":[1],""electrostatic_energy"":[1],""energy"":[1],""node_feats"":[27,13824],""spin_charge_density"":[27,2,4],""spin_density"":[27,4]}"
M084_QP1_M2,S019,3ceb615af272f6aa2065fd06b629607a2061f29f8c8fcecea7985d84b97af8a3,1,2,e384caa73fb57480e74fdcf6d467624d679656cbb096ff5bb0db02655640a9e3,artifacts/base_features/e3/e384caa73fb57480e74fdcf6d467624d679656cbb096ff5bb0db02655640a9e3.npz,f877a17f06fde1e88d9d2529170f4e43515b0a5d832544047a932837efd81491,3095,-50125.9661744584,polar-1-l,9f65f8dc6ddaff1d631e299cb531376a7da5e68d1bef04f34a2d5073d5ef114b,0.3.16,4d2da09413ac1407f37cdbb6b81fa28e4c15655e,e552c116b7d2c653f98b01f5c4fd599997f19f669a32bc6bf16396dd9f79365b,0.4.0,0e21d5546c482d08388a08eb4d948e833227ce47,079b233934150a3eee30444ce2408e09895ec4dd958ec60a822f870fa1284b99,float64,polar1l_rotation_invariants_v1,7beb8d4d9a8231a484c0bb6ff44b6b2e450eee2ca8a447370f350ed8678929cb,"{""density_coefficients"":[27,4],""dipole"":[1,3],""electron_energy"":[1],""electrostatic_energy"":[1],""energy"":[1],""node_feats"":[27,13824],""spin_charge_density"":[27,2,4],""spin_density"":[27,4]}"
M084_QP1_M2,S020,7019ceea44f09fe1cc28238ac2d3df047be54d6e8386972311e642730a8da542,1,2,f6f17bfb5fc272e28d481b87b4dfccc661ff0d70a339220948dad9a88fc5128b,artifacts/base_features/f6/f6f17bfb5fc272e28d481b87b4dfccc661ff0d70a339220948dad9a88fc5128b.npz,c0e54404e8e374a451934978d7845d40a745bfc0149f1b497e12ed9c843535c2,3095,-50125.9651848312,polar-1-l,9f65f8dc6ddaff1d631e299cb531376a7da5e68d1bef04f34a2d5073d5ef114b,0.3.16,4d2da09413ac1407f37cdbb6b81fa28e4c15655e,e552c116b7d2c653f98b01f5c4fd599997f19f669a32bc6bf16396dd9f79365b,0.4.0,0e21d5546c482d08388a08eb4d948e833227ce47,079b233934150a3eee30444ce2408e09895ec4dd958ec60a822f870fa1284b99,float64,polar1l_rotation_invariants_v1,7beb8d4d9a8231a484c0bb6ff44b6b2e450eee2ca8a447370f350ed8678929cb,"{""density_coefficients"":[27,4],""dipole"":[1,3],""electron_energy"":[1],""electrostatic_energy"":[1],""energy"":[1],""node_feats"":[27,13824],""spin_charge_density"":[27,2,4],""spin_density"":[27,4]}"
M084_QP1_M2,S021,dc3dd9afae098b3212710accdadba37b375a05af5aa8004db35c46ea6b6aad93,1,2,ccae7e497b4dee67b00622b4fcb79a00292dc33058c2c6edca4c8fcec9aad4cf,artifacts/base_features/cc/ccae7e497b4dee67b00622b4fcb79a00292dc33058c2c6edca4c8fcec9aad4cf.npz,7383fa06a0d792189f17c452b7a245f541135340385e1d5a37023f506ccfce96,3095,-50125.963902403,polar-1-l,9f65f8dc6ddaff1d631e299cb531376a7da5e68d1bef04f34a2d5073d5ef114b,0.3.16,4d2da09413ac1407f37cdbb6b81fa28e4c15655e,e552c116b7d2c653f98b01f5c4fd599997f19f669a32bc6bf16396dd9f79365b,0.4.0,0e21d5546c482d08388a08eb4d948e833227ce47,079b233934150a3eee30444ce2408e09895ec4dd958ec60a822f870fa1284b99,float64,polar1l_rotation_invariants_v1,7beb8d4d9a8231a484c0bb6ff44b6b2e450eee2ca8a447370f350ed8678929cb,"{""density_coefficients"":[27,4],""dipole"":[1,3],""electron_energy"":[1],""electrostatic_energy"":[1],""energy"":[1],""node_feats"":[27,13824],""spin_charge_density"":[27,2,4],""spin_density"":[27,4]}"
M084_QP1_M2,S022,a3f15c0134bef1d60d91c3c033e8788f202ab3cf55eeb268fd63df1e31af7475,1,2,d808031737f6dfc8ae726c98c15328c25788daa322f5d3ecf192fdbce679522d,artifacts/base_features/d8/d808031737f6dfc8ae726c98c15328c25788daa322f5d3ecf192fdbce679522d.npz,04165ce0bfcc49c66016746d33e2b2935b19b15750943224bcf8e34ff6a47150,3095,-50125.9664490796,polar-1-l,9f65f8dc6ddaff1d631e299cb531376a7da5e68d1bef04f34a2d5073d5ef114b,0.3.16,4d2da09413ac1407f37cdbb6b81fa28e4c15655e,e552c116b7d2c653f98b01f5c4fd599997f19f669a32bc6bf16396dd9f79365b,0.4.0,0e21d5546c482d08388a08eb4d948e833227ce47,079b233934150a3eee30444ce2408e09895ec4dd958ec60a822f870fa1284b99,float64,polar1l_rotation_invariants_v1,7beb8d4d9a8231a484c0bb6ff44b6b2e450eee2ca8a447370f350ed8678929cb,"{""density_coefficients"":[27,4],""dipole"":[1,3],""electron_energy"":[1],""electrostatic_energy"":[1],""energy"":[1],""node_feats"":[27,13824],""spin_charge_density"":[27,2,4],""spin_density"":[27,4]}"
M084_QP1_M2,S023,32c8ca55001b9c116134982ccdfca4d4c79a36fe06cfe7b3d0d31e4075dfab80,1,2,f217774b6f44c1180287c533e021d64c8a01fbd3d3fd6fb774e7c777dba55e31,artifacts/base_features/f2/f217774b6f44c1180287c533e021d64c8a01fbd3d3fd6fb774e7c777dba55e31.npz,1db6c57b1f83d30b95e06c5e2143c976358302de4e670fa53039d65458ff09a8,3095,-50125.9627847639,polar-1-l,9f65f8dc6ddaff1d631e299cb531376a7da5e68d1bef04f34a2d5073d5ef114b,0.3.16,4d2da09413ac1407f37cdbb6b81fa28e4c15655e,e552c116b7d2c653f98b01f5c4fd599997f19f669a32bc6bf16396dd9f79365b,0.4.0,0e21d5546c482d08388a08eb4d948e833227ce47,079b233934150a3eee30444ce2408e09895ec4dd958ec60a822f870fa1284b99,float64,polar1l_rotation_invariants_v1,7beb8d4d9a8231a484c0bb6ff44b6b2e450eee2ca8a447370f350ed8678929cb,"{""density_coefficients"":[27,4],""dipole"":[1,3],""electron_energy"":[1],""electrostatic_energy"":[1],""energy"":[1],""node_feats"":[27,13824],""spin_charge_density"":[27,2,4],""spin_density"":[27,4]}"
M084_QP1_M2,S024,b9d8f5d4c6ec90ca4b1bdd87b933ebd010ecd64dce88d9ede1369eefeb372a04,1,2,617a19f95fbf3fa521a089613d14d62c7ffecc22c3187447929001ac74030ed8,artifacts/base_features/61/617a19f95fbf3fa521a089613d14d62c7ffecc22c3187447929001ac74030ed8.npz,55fb28f4de4e97cf647ec5e240219acd0af5fea1d459fe7c7802b55a94d72691,3095,-50125.9617030326,polar-1-l,9f65f8dc6ddaff1d631e299cb531376a7da5e68d1bef04f34a2d5073d5ef114b,0.3.16,4d2da09413ac1407f37cdbb6b81fa28e4c15655e,e552c116b7d2c653f98b01f5c4fd599997f19f669a32bc6bf16396dd9f79365b,0.4.0,0e21d5546c482d08388a08eb4d948e833227ce47,079b233934150a3eee30444ce2408e09895ec4dd958ec60a822f870fa1284b99,float64,polar1l_rotation_invariants_v1,7beb8d4d9a8231a484c0bb6ff44b6b2e450eee2ca8a447370f350ed8678929cb,"{""density_coefficients"":[27,4],""dipole"":[1,3],""electron_energy"":[1],""electrostatic_energy"":[1],""energy"":[1],""node_feats"":[27,13824],""spin_charge_density"":[27,2,4],""spin_density"":[27,4]}"
M084_QP1_M2,S025,2eba426ef3f0c88bc3eb2b922bebcb267afd9e98edd39283142df3399c48aa3f,1,2,b66a0c1511926312486568eb1c9bc726840005f5ad2079b01e8d819647b951cb,artifacts/base_features/b6/b66a0c1511926312486568eb1c9bc726840005f5ad2079b01e8d819647b951cb.npz,fcdde910851c60cef5145f15ae4453f52c62c8a11cd16acb1e210e68e2021f29,3095,-50125.9647556641,polar-1-l,9f65f8dc6ddaff1d631e299cb531376a7da5e68d1bef04f34a2d5073d5ef114b,0.3.16,4d2da09413ac1407f37cdbb6b81fa28e4c15655e,e552c116b7d2c653f98b01f5c4fd599997f19f669a32bc6bf16396dd9f79365b,0.4.0,0e21d5546c482d08388a08eb4d948e833227ce47,079b233934150a3eee30444ce2408e09895ec4dd958ec60a822f870fa1284b99,float64,polar1l_rotation_invariants_v1,7beb8d4d9a8231a484c0bb6ff44b6b2e450eee2ca8a447370f350ed8678929cb,"{""density_coefficients"":[27,4],""dipole"":[1,3],""electron_energy"":[1],""electrostatic_energy"":[1],""energy"":[1],""node_feats"":[27,13824],""spin_charge_density"":[27,2,4],""spin_density"":[27,4]}"
M086_Q0_M1,S005,9e574e98aeda79cfdac23882148c1b85855ec0f9b95af4c40c4eae48515fe65b,0,1,3aeb65e67adb2339ffd663a51364b396ea95839f614bae0d997bc2dfeb9ea144,artifacts/base_features/3a/3aeb65e67adb2339ffd663a51364b396ea95839f614bae0d997bc2dfeb9ea144.npz,20423107de36f3b8dfb78e3b970e1d141cf382457513981345922bf51380104f,3095,-20101.5831847522,polar-1-l,9f65f8dc6ddaff1d631e299cb531376a7da5e68d1bef04f34a2d5073d5ef114b,0.3.16,4d2da09413ac1407f37cdbb6b81fa28e4c15655e,e552c116b7d2c653f98b01f5c4fd599997f19f669a32bc6bf16396dd9f79365b,0.4.0,0e21d5546c482d08388a08eb4d948e833227ce47,079b233934150a3eee30444ce2408e09895ec4dd958ec60a822f870fa1284b99,float64,polar1l_rotation_invariants_v1,7beb8d4d9a8231a484c0bb6ff44b6b2e450eee2ca8a447370f350ed8678929cb,"{""density_coefficients"":[13,4],""dipole"":[1,3],""electron_energy"":[1],""electrostatic_energy"":[1],""energy"":[1],""node_feats"":[13,13824],""spin_charge_density"":[13,2,4],""spin_density"":[13,4]}"
M086_Q0_M1,S012,014d952fad4994c53a5f8872bc98e55b7f3200769e7275595f8aa6bb06026ffd,0,1,3a852c2197c025f962bcc1cefe4fbd916fcafe8ef80e66cda153812b97e1d083,artifacts/base_features/3a/3a852c2197c025f962bcc1cefe4fbd916fcafe8ef80e66cda153812b97e1d083.npz,9e773fc3367328f08cf7c2b1eca572bc6796f8ab764267fda993fb0fc0c994d1,3095,-20101.5831833468,polar-1-l,9f65f8dc6ddaff1d631e299cb531376a7da5e68d1bef04f34a2d5073d5ef114b,0.3.16,4d2da09413ac1407f37cdbb6b81fa28e4c15655e,e552c116b7d2c653f98b01f5c4fd599997f19f669a32bc6bf16396dd9f79365b,0.4.0,0e21d5546c482d08388a08eb4d948e833227ce47,079b233934150a3eee30444ce2408e09895ec4dd958ec60a822f870fa1284b99,float64,polar1l_rotation_invariants_v1,7beb8d4d9a8231a484c0bb6ff44b6b2e450eee2ca8a447370f350ed8678929cb,"{""density_coefficients"":[13,4],""dipole"":[1,3],""electron_energy"":[1],""electrostatic_energy"":[1],""energy"":[1],""node_feats"":[13,13824],""spin_charge_density"":[13,2,4],""spin_density"":[13,4]}"
M086_Q0_M1,S014,bcb5b07b2223d6ea9afea06fc11ef4a5dba58a4451303265d86485f04e52c1fc,0,1,02df71a975652517a5c50fe352f6078c4ca9aa841a803ffb5291d66a8c97833b,artifacts/base_features/02/02df71a975652517a5c50fe352f6078c4ca9aa841a803ffb5291d66a8c97833b.npz,e7910dc4778735a828bfbef998b03416308491e420eba6f7468dff954ddf1ca6,3095,-20101.5831319824,polar-1-l,9f65f8dc6ddaff1d631e299cb531376a7da5e68d1bef04f34a2d5073d5ef114b,0.3.16,4d2da09413ac1407f37cdbb6b81fa28e4c15655e,e552c116b7d2c653f98b01f5c4fd599997f19f669a32bc6bf16396dd9f79365b,0.4.0,0e21d5546c482d08388a08eb4d948e833227ce47,079b233934150a3eee30444ce2408e09895ec4dd958ec60a822f870fa1284b99,float64,polar1l_rotation_invariants_v1,7beb8d4d9a8231a484c0bb6ff44b6b2e450eee2ca8a447370f350ed8678929cb,"{""density_coefficients"":[13,4],""dipole"":[1,3],""electron_energy"":[1],""electrostatic_energy"":[1],""energy"":[1],""node_feats"":[13,13824],""spin_charge_density"":[13,2,4],""spin_density"":[13,4]}"
M086_Q0_M1,S018,54edacb821487e1e8004fd0172ff43698b576bc2a960b55703b1bc3d1272bb66,0,1,4d04f63000e5f00197c7f593ce807960f0be656626904532484f5d0a8b456da8,artifacts/base_features/4d/4d04f63000e5f00197c7f593ce807960f0be656626904532484f5d0a8b456da8.npz,a40f54dd4d159a4dc0b8031493991642d6fafe9a3a28a0e1aaab6eb5cc4c2481,3095,-20101.5831802438,polar-1-l,9f65f8dc6ddaff1d631e299cb531376a7da5e68d1bef04f34a2d5073d5ef114b,0.3.16,4d2da09413ac1407f37cdbb6b81fa28e4c15655e,e552c116b7d2c653f98b01f5c4fd599997f19f669a32bc6bf16396dd9f79365b,0.4.0,0e21d5546c482d08388a08eb4d948e833227ce47,079b233934150a3eee30444ce2408e09895ec4dd958ec60a822f870fa1284b99,float64,polar1l_rotation_invariants_v1,7beb8d4d9a8231a484c0bb6ff44b6b2e450eee2ca8a447370f350ed8678929cb,"{""density_coefficients"":[13,4],""dipole"":[1,3],""electron_energy"":[1],""electrostatic_energy"":[1],""energy"":[1],""node_feats"":[13,13824],""spin_charge_density"":[13,2,4],""spin_density"":[13,4]}"
M086_QP1_M2,S005,b5a69db70b17fc9968b4d43d25019b38277ecece74d5beb1085457b74e536e0b,1,2,f75e83e6079be47a3e930b591fc0f8041b629b13f41309183fdb3d9a4547b25e,artifacts/base_features/f7/f75e83e6079be47a3e930b591fc0f8041b629b13f41309183fdb3d9a4547b25e.npz,9d59a136efbce5413f0241404bf89063f0eb99749347f73fabbdcdc836d1b824,3095,-20092.7369639517,polar-1-l,9f65f8dc6ddaff1d631e299cb531376a7da5e68d1bef04f34a2d5073d5ef114b,0.3.16,4d2da09413ac1407f37cdbb6b81fa28e4c15655e,e552c116b7d2c653f98b01f5c4fd599997f19f669a32bc6bf16396dd9f79365b,0.4.0,0e21d5546c482d08388a08eb4d948e833227ce47,079b233934150a3eee30444ce2408e09895ec4dd958ec60a822f870fa1284b99,float64,polar1l_rotation_invariants_v1,7beb8d4d9a8231a484c0bb6ff44b6b2e450eee2ca8a447370f350ed8678929cb,"{""density_coefficients"":[13,4],""dipole"":[1,3],""electron_energy"":[1],""electrostatic_energy"":[1],""energy"":[1],""node_feats"":[13,13824],""spin_charge_density"":[13,2,4],""spin_density"":[13,4]}"
M086_QP1_M2,S012,eeeb0c38c3d61def6325dd02e16cc0a44e776a056ef384a0da43fb77e420cd39,1,2,c0ab304e3c9f2be7f62917bb3cc5baeb2bda369bf43e198f7450dd00cf0b6ed7,artifacts/base_features/c0/c0ab304e3c9f2be7f62917bb3cc5baeb2bda369bf43e198f7450dd00cf0b6ed7.npz,5a291b3a53d92d30e168404f61ebde1c3b7724b4abac34ca59863fd081510220,3095,-20092.7370173545,polar-1-l,9f65f8dc6ddaff1d631e299cb531376a7da5e68d1bef04f34a2d5073d5ef114b,0.3.16,4d2da09413ac1407f37cdbb6b81fa28e4c15655e,e552c116b7d2c653f98b01f5c4fd599997f19f669a32bc6bf16396dd9f79365b,0.4.0,0e21d5546c482d08388a08eb4d948e833227ce47,079b233934150a3eee30444ce2408e09895ec4dd958ec60a822f870fa1284b99,float64,polar1l_rotation_invariants_v1,7beb8d4d9a8231a484c0bb6ff44b6b2e450eee2ca8a447370f350ed8678929cb,"{""density_coefficients"":[13,4],""dipole"":[1,3],""electron_energy"":[1],""electrostatic_energy"":[1],""energy"":[1],""node_feats"":[13,13824],""spin_charge_density"":[13,2,4],""spin_density"":[13,4]}"
M086_QP1_M2,S014,304a4c82a804ae499a4eab77d92b3ea4793c0f624d33dbe01484a553687c1929,1,2,2699e4426623bd5c4b628fffde1b5752f1b293b060eb9e04fdf33d142022332c,artifacts/base_features/26/2699e4426623bd5c4b628fffde1b5752f1b293b060eb9e04fdf33d142022332c.npz,85c4d2a0a550b812f457e0df86badf8194783b98ddec6884d13bd1f57b0b9923,3095,-20092.7363867082,polar-1-l,9f65f8dc6ddaff1d631e299cb531376a7da5e68d1bef04f34a2d5073d5ef114b,0.3.16,4d2da09413ac1407f37cdbb6b81fa28e4c15655e,e552c116b7d2c653f98b01f5c4fd599997f19f669a32bc6bf16396dd9f79365b,0.4.0,0e21d5546c482d08388a08eb4d948e833227ce47,079b233934150a3eee30444ce2408e09895ec4dd958ec60a822f870fa1284b99,float64,polar1l_rotation_invariants_v1,7beb8d4d9a8231a484c0bb6ff44b6b2e450eee2ca8a447370f350ed8678929cb,"{""density_coefficients"":[13,4],""dipole"":[1,3],""electron_energy"":[1],""electrostatic_energy"":[1],""energy"":[1],""node_feats"":[13,13824],""spin_charge_density"":[13,2,4],""spin_density"":[13,4]}"
M086_QP1_M2,S018,ed3aef906dca6bf18d8839ddb9dd71ab40dc120f98df6dc273b876f524398321,1,2,362fc0be91cf15e9c2e307cddecb6be3677f7f090984f9edd82202d318558e6e,artifacts/base_features/36/362fc0be91cf15e9c2e307cddecb6be3677f7f090984f9edd82202d318558e6e.npz,76509664f993ee92dc11c40a9000bb7718d8fe53252f87911cf9bdfc0b7670ff,3095,-20092.736762471,polar-1-l,9f65f8dc6ddaff1d631e299cb531376a7da5e68d1bef04f34a2d5073d5ef114b,0.3.16,4d2da09413ac1407f37cdbb6b81fa28e4c15655e,e552c116b7d2c653f98b01f5c4fd599997f19f669a32bc6bf16396dd9f79365b,0.4.0,0e21d5546c482d08388a08eb4d948e833227ce47,079b233934150a3eee30444ce2408e09895ec4dd958ec60a822f870fa1284b99,float64,polar1l_rotation_invariants_v1,7beb8d4d9a8231a484c0bb6ff44b6b2e450eee2ca8a447370f350ed8678929cb,"{""density_coefficients"":[13,4],""dipole"":[1,3],""electron_energy"":[1],""electrostatic_energy"":[1],""energy"":[1],""node_feats"":[13,13824],""spin_charge_density"":[13,2,4],""spin_density"":[13,4]}"
M089_Q0_M1,S002,3f906a6da11ef343808ad062c6d282e2f300507e23fa9bbe891c81122998622d,0,1,23c6cf3ff9ef31cd85e19d94b7a4e8722ef948280aa18afcb2884be40c718cf1,artifacts/base_features/23/23c6cf3ff9ef31cd85e19d94b7a4e8722ef948280aa18afcb2884be40c718cf1.npz,23546f0778cb324c156e701f8179655fe7b9f9bcc1b39ea4a6187738273a0515,3095,-45532.4591904913,polar-1-l,9f65f8dc6ddaff1d631e299cb531376a7da5e68d1bef04f34a2d5073d5ef114b,0.3.16,4d2da09413ac1407f37cdbb6b81fa28e4c15655e,e552c116b7d2c653f98b01f5c4fd599997f19f669a32bc6bf16396dd9f79365b,0.4.0,0e21d5546c482d08388a08eb4d948e833227ce47,079b233934150a3eee30444ce2408e09895ec4dd958ec60a822f870fa1284b99,float64,polar1l_rotation_invariants_v1,7beb8d4d9a8231a484c0bb6ff44b6b2e450eee2ca8a447370f350ed8678929cb,"{""density_coefficients"":[34,4],""dipole"":[1,3],""electron_energy"":[1],""electrostatic_energy"":[1],""energy"":[1],""node_feats"":[34,13824],""spin_charge_density"":[34,2,4],""spin_density"":[34,4]}"
M089_Q0_M1,S006,6365e30d99cfdb5d547fbc486c1b181c60b86b607cdc79044f35068e11d269b2,0,1,f6ae83cce424d26a1a2d0a737371764d8c1f8a2f32c0587c8280eb961acb9a76,artifacts/base_features/f6/f6ae83cce424d26a1a2d0a737371764d8c1f8a2f32c0587c8280eb961acb9a76.npz,0104a38d3339e4996e112209f11a95502f7fb000d05cd642cad6be004e210cf8,3095,-45532.4524667213,polar-1-l,9f65f8dc6ddaff1d631e299cb531376a7da5e68d1bef04f34a2d5073d5ef114b,0.3.16,4d2da09413ac1407f37cdbb6b81fa28e4c15655e,e552c116b7d2c653f98b01f5c4fd599997f19f669a32bc6bf16396dd9f79365b,0.4.0,0e21d5546c482d08388a08eb4d948e833227ce47,079b233934150a3eee30444ce2408e09895ec4dd958ec60a822f870fa1284b99,float64,polar1l_rotation_invariants_v1,7beb8d4d9a8231a484c0bb6ff44b6b2e450eee2ca8a447370f350ed8678929cb,"{""density_coefficients"":[34,4],""dipole"":[1,3],""electron_energy"":[1],""electrostatic_energy"":[1],""energy"":[1],""node_feats"":[34,13824],""spin_charge_density"":[34,2,4],""spin_density"":[34,4]}"
M089_Q0_M1,S008,f53366a65543f48ad9ce74b56332d07b7e526ca059533280099794597314e56c,0,1,d15ee0ba72f1fb65f92a21f2c12c9ac3f07ee2f55138061dbec2d7b5815b9777,artifacts/base_features/d1/d15ee0ba72f1fb65f92a21f2c12c9ac3f07ee2f55138061dbec2d7b5815b9777.npz,465ded4a5347f9536b14b889a2512e823cbdad1aebc7edbe5289edd0585c7770,3095,-45532.4607512431,polar-1-l,9f65f8dc6ddaff1d631e299cb531376a7da5e68d1bef04f34a2d5073d5ef114b,0.3.16,4d2da09413ac1407f37cdbb6b81fa28e4c15655e,e552c116b7d2c653f98b01f5c4fd599997f19f669a32bc6bf16396dd9f79365b,0.4.0,0e21d5546c482d08388a08eb4d948e833227ce47,079b233934150a3eee30444ce2408e09895ec4dd958ec60a822f870fa1284b99,float64,polar1l_rotation_invariants_v1,7beb8d4d9a8231a484c0bb6ff44b6b2e450eee2ca8a447370f350ed8678929cb,"{""density_coefficients"":[34,4],""dipole"":[1,3],""electron_energy"":[1],""electrostatic_energy"":[1],""energy"":[1],""node_feats"":[34,13824],""spin_charge_density"":[34,2,4],""spin_density"":[34,4]}"
M089_Q0_M1,S015,321400931aab7638369a5f283f67db29bf81ad1eca1c06242a2a5b048653a9fb,0,1,65d24cbfab765d258bea4e4042e5e2570d45e6e5c32b0dc51cfc469210fb5a5d,artifacts/base_features/65/65d24cbfab765d258bea4e4042e5e2570d45e6e5c32b0dc51cfc469210fb5a5d.npz,e4de6fb4a5df52fcd51a6bd351aedb105e11ff6818b1461dad0489e83795e8d1,3095,-45532.4574233999,polar-1-l,9f65f8dc6ddaff1d631e299cb531376a7da5e68d1bef04f34a2d5073d5ef114b,0.3.16,4d2da09413ac1407f37cdbb6b81fa28e4c15655e,e552c116b7d2c653f98b01f5c4fd599997f19f669a32bc6bf16396dd9f79365b,0.4.0,0e21d5546c482d08388a08eb4d948e833227ce47,079b233934150a3eee30444ce2408e09895ec4dd958ec60a822f870fa1284b99,float64,polar1l_rotation_invariants_v1,7beb8d4d9a8231a484c0bb6ff44b6b2e450eee2ca8a447370f350ed8678929cb,"{""density_coefficients"":[34,4],""dipole"":[1,3],""electron_energy"":[1],""electrostatic_energy"":[1],""energy"":[1],""node_feats"":[34,13824],""spin_charge_density"":[34,2,4],""spin_density"":[34,4]}"
M089_QP1_M2,S002,122cac4d53ebc1344b27a8daf693a8e086e3420e5fb5129f8168aef7bda2493d,1,2,5716955c89f1c87c3ccdb8a4b3d54a8b83eed94f405f2371254c91d45d40c781,artifacts/base_features/57/5716955c89f1c87c3ccdb8a4b3d54a8b83eed94f405f2371254c91d45d40c781.npz,cfd727570e899b60c3e7c6ee8218cb111cea84eaefe9a4494d97c45997baf686,3095,-45525.7764970015,polar-1-l,9f65f8dc6ddaff1d631e299cb531376a7da5e68d1bef04f34a2d5073d5ef114b,0.3.16,4d2da09413ac1407f37cdbb6b81fa28e4c15655e,e552c116b7d2c653f98b01f5c4fd599997f19f669a32bc6bf16396dd9f79365b,0.4.0,0e21d5546c482d08388a08eb4d948e833227ce47,079b233934150a3eee30444ce2408e09895ec4dd958ec60a822f870fa1284b99,float64,polar1l_rotation_invariants_v1,7beb8d4d9a8231a484c0bb6ff44b6b2e450eee2ca8a447370f350ed8678929cb,"{""density_coefficients"":[34,4],""dipole"":[1,3],""electron_energy"":[1],""electrostatic_energy"":[1],""energy"":[1],""node_feats"":[34,13824],""spin_charge_density"":[34,2,4],""spin_density"":[34,4]}"
M089_QP1_M2,S006,c463ee9d244a88acc6daebc0681eef67ee9a058df8ca507e46af66fdc3881b56,1,2,1fdc8cf1e32267ee476897445ebe87c61f4f6782ca378cd6b9786bb3b35cdd40,artifacts/base_features/1f/1fdc8cf1e32267ee476897445ebe87c61f4f6782ca378cd6b9786bb3b35cdd40.npz,febec80e8de8a4a3e39406c0768973a06d94a1770afebcc8ee7b106f3c00c191,3095,-45525.7717754728,polar-1-l,9f65f8dc6ddaff1d631e299cb531376a7da5e68d1bef04f34a2d5073d5ef114b,0.3.16,4d2da09413ac1407f37cdbb6b81fa28e4c15655e,e552c116b7d2c653f98b01f5c4fd599997f19f669a32bc6bf16396dd9f79365b,0.4.0,0e21d5546c482d08388a08eb4d948e833227ce47,079b233934150a3eee30444ce2408e09895ec4dd958ec60a822f870fa1284b99,float64,polar1l_rotation_invariants_v1,7beb8d4d9a8231a484c0bb6ff44b6b2e450eee2ca8a447370f350ed8678929cb,"{""density_coefficients"":[34,4],""dipole"":[1,3],""electron_energy"":[1],""electrostatic_energy"":[1],""energy"":[1],""node_feats"":[34,13824],""spin_charge_density"":[34,2,4],""spin_density"":[34,4]}"
M089_QP1_M2,S008,3680b8641453534b18be89a6d86394e50db5235d8f10bc8c3f195745ed7eee11,1,2,302d1000c2ad781abc47d97cc3343cd4c0f138f50a1d2254604eee3ec3de5b00,artifacts/base_features/30/302d1000c2ad781abc47d97cc3343cd4c0f138f50a1d2254604eee3ec3de5b00.npz,b128543e732ba98f57ad8b3d0e098cfb0a1e65604ced488bfc6669066f566fc3,3095,-45525.7777434149,polar-1-l,9f65f8dc6ddaff1d631e299cb531376a7da5e68d1bef04f34a2d5073d5ef114b,0.3.16,4d2da09413ac1407f37cdbb6b81fa28e4c15655e,e552c116b7d2c653f98b01f5c4fd599997f19f669a32bc6bf16396dd9f79365b,0.4.0,0e21d5546c482d08388a08eb4d948e833227ce47,079b233934150a3eee30444ce2408e09895ec4dd958ec60a822f870fa1284b99,float64,polar1l_rotation_invariants_v1,7beb8d4d9a8231a484c0bb6ff44b6b2e450eee2ca8a447370f350ed8678929cb,"{""density_coefficients"":[34,4],""dipole"":[1,3],""electron_energy"":[1],""electrostatic_energy"":[1],""energy"":[1],""node_feats"":[34,13824],""spin_charge_density"":[34,2,4],""spin_density"":[34,4]}"
M089_QP1_M2,S015,132685828c099d3f0a47e8ffa1875ccdca93a7da8feefcf0646e3650706fb589,1,2,e3664de500a708b289046198661a44972a73cad536ca075cdbb25fb22bdec0da,artifacts/base_features/e3/e3664de500a708b289046198661a44972a73cad536ca075cdbb25fb22bdec0da.npz,c6dbdec1c0a33fd224f609fbbfb21f781f675ec1416e925751b241b11e270e99,3095,-45525.7751269843,polar-1-l,9f65f8dc6ddaff1d631e299cb531376a7da5e68d1bef04f34a2d5073d5ef114b,0.3.16,4d2da09413ac1407f37cdbb6b81fa28e4c15655e,e552c116b7d2c653f98b01f5c4fd599997f19f669a32bc6bf16396dd9f79365b,0.4.0,0e21d5546c482d08388a08eb4d948e833227ce47,079b233934150a3eee30444ce2408e09895ec4dd958ec60a822f870fa1284b99,float64,polar1l_rotation_invariants_v1,7beb8d4d9a8231a484c0bb6ff44b6b2e450eee2ca8a447370f350ed8678929cb,"{""density_coefficients"":[34,4],""dipole"":[1,3],""electron_energy"":[1],""electrostatic_energy"":[1],""energy"":[1],""node_feats"":[34,13824],""spin_charge_density"":[34,2,4],""spin_density"":[34,4]}"
M094_Q0_M1,S003,74abc0c2cc89b1650c3b21d26b7a76d67a9849838482795dc1e014fa94fd4a0a,0,1,b621ea51bff0110afbea1cb9a377b032ef30e0a70e3f4e5c689a1daa6491b8a6,artifacts/base_features/b6/b621ea51bff0110afbea1cb9a377b032ef30e0a70e3f4e5c689a1daa6491b8a6.npz,aa27aeb2f9b4dac7a7e06a90201f9c03c3db2abe24a8b10ffefa0579d44a7da7,3095,-31100.2883039817,polar-1-l,9f65f8dc6ddaff1d631e299cb531376a7da5e68d1bef04f34a2d5073d5ef114b,0.3.16,4d2da09413ac1407f37cdbb6b81fa28e4c15655e,e552c116b7d2c653f98b01f5c4fd599997f19f669a32bc6bf16396dd9f79365b,0.4.0,0e21d5546c482d08388a08eb4d948e833227ce47,079b233934150a3eee30444ce2408e09895ec4dd958ec60a822f870fa1284b99,float64,polar1l_rotation_invariants_v1,7beb8d4d9a8231a484c0bb6ff44b6b2e450eee2ca8a447370f350ed8678929cb,"{""density_coefficients"":[17,4],""dipole"":[1,3],""electron_energy"":[1],""electrostatic_energy"":[1],""energy"":[1],""node_feats"":[17,13824],""spin_charge_density"":[17,2,4],""spin_density"":[17,4]}"
M094_Q0_M1,S013,17a174977317f84dfdce0e078cc94eb78f59f8795ec95d61643ea460f24a3091,0,1,e41fbe762e5aeda7355cd9ba4f8adc81a0619fce3abe9ddbda9238a86e362e89,artifacts/base_features/e4/e41fbe762e5aeda7355cd9ba4f8adc81a0619fce3abe9ddbda9238a86e362e89.npz,90480b098b0a276a134bb9db68bd5925cd94a1d45f0ba2d3effc5d1bded1d84d,3095,-31100.288496363,polar-1-l,9f65f8dc6ddaff1d631e299cb531376a7da5e68d1bef04f34a2d5073d5ef114b,0.3.16,4d2da09413ac1407f37cdbb6b81fa28e4c15655e,e552c116b7d2c653f98b01f5c4fd599997f19f669a32bc6bf16396dd9f79365b,0.4.0,0e21d5546c482d08388a08eb4d948e833227ce47,079b233934150a3eee30444ce2408e09895ec4dd958ec60a822f870fa1284b99,float64,polar1l_rotation_invariants_v1,7beb8d4d9a8231a484c0bb6ff44b6b2e450eee2ca8a447370f350ed8678929cb,"{""density_coefficients"":[17,4],""dipole"":[1,3],""electron_energy"":[1],""electrostatic_energy"":[1],""energy"":[1],""node_feats"":[17,13824],""spin_charge_density"":[17,2,4],""spin_density"":[17,4]}"
M094_Q0_M1,S020,f05e9b51b6b10a390286cf97364a4a6623c17a89970bb7b521cc1add682ac8e6,0,1,c4460a42da9f6b971e342dcea29d4f5b14908c8ad6d3ef36f45594f1efff6812,artifacts/base_features/c4/c4460a42da9f6b971e342dcea29d4f5b14908c8ad6d3ef36f45594f1efff6812.npz,ad02dd425ac1d97c9b19447ff07726fcde56b365df4839f13f7f43fd6be8c6fc,3095,-31100.2892553244,polar-1-l,9f65f8dc6ddaff1d631e299cb531376a7da5e68d1bef04f34a2d5073d5ef114b,0.3.16,4d2da09413ac1407f37cdbb6b81fa28e4c15655e,e552c116b7d2c653f98b01f5c4fd599997f19f669a32bc6bf16396dd9f79365b,0.4.0,0e21d5546c482d08388a08eb4d948e833227ce47,079b233934150a3eee30444ce2408e09895ec4dd958ec60a822f870fa1284b99,float64,polar1l_rotation_invariants_v1,7beb8d4d9a8231a484c0bb6ff44b6b2e450eee2ca8a447370f350ed8678929cb,"{""density_coefficients"":[17,4],""dipole"":[1,3],""electron_energy"":[1],""electrostatic_energy"":[1],""energy"":[1],""node_feats"":[17,13824],""spin_charge_density"":[17,2,4],""spin_density"":[17,4]}"
M094_Q0_M1,S025,22fe9de87313c4cc4a97fba1b0f6f1b6953ef05bd79d0a51bc58efb4d8558c05,0,1,226b7e7a4077ca13a330512046e268114a4730321bac369b3e530fe42699f738,artifacts/base_features/22/226b7e7a4077ca13a330512046e268114a4730321bac369b3e530fe42699f738.npz,005c6c622e4961bdcf440e23664b4967eb329bf92419ba03a43a704acaddea0f,3095,-31100.289637588,polar-1-l,9f65f8dc6ddaff1d631e299cb531376a7da5e68d1bef04f34a2d5073d5ef114b,0.3.16,4d2da09413ac1407f37cdbb6b81fa28e4c15655e,e552c116b7d2c653f98b01f5c4fd599997f19f669a32bc6bf16396dd9f79365b,0.4.0,0e21d5546c482d08388a08eb4d948e833227ce47,079b233934150a3eee30444ce2408e09895ec4dd958ec60a822f870fa1284b99,float64,polar1l_rotation_invariants_v1,7beb8d4d9a8231a484c0bb6ff44b6b2e450eee2ca8a447370f350ed8678929cb,"{""density_coefficients"":[17,4],""dipole"":[1,3],""electron_energy"":[1],""electrostatic_energy"":[1],""energy"":[1],""node_feats"":[17,13824],""spin_charge_density"":[17,2,4],""spin_density"":[17,4]}"
M094_QP1_M2,S003,9741726d208e356e24029b5abe307d047bbcb36a78e68ba5dfe8d35b858a8e7b,1,2,fd8c157ba5cab61649646108d4a1d260f3278ebd6c0d8e8981d7cd98bba323f2,artifacts/base_features/fd/fd8c157ba5cab61649646108d4a1d260f3278ebd6c0d8e8981d7cd98bba323f2.npz,d4690f3c688307b71b00c4c7dcd671684f95778ad3b65b8d11136f80f19d3dc9,3095,-31093.0748821002,polar-1-l,9f65f8dc6ddaff1d631e299cb531376a7da5e68d1bef04f34a2d5073d5ef114b,0.3.16,4d2da09413ac1407f37cdbb6b81fa28e4c15655e,e552c116b7d2c653f98b01f5c4fd599997f19f669a32bc6bf16396dd9f79365b,0.4.0,0e21d5546c482d08388a08eb4d948e833227ce47,079b233934150a3eee30444ce2408e09895ec4dd958ec60a822f870fa1284b99,float64,polar1l_rotation_invariants_v1,7beb8d4d9a8231a484c0bb6ff44b6b2e450eee2ca8a447370f350ed8678929cb,"{""density_coefficients"":[17,4],""dipole"":[1,3],""electron_energy"":[1],""electrostatic_energy"":[1],""energy"":[1],""node_feats"":[17,13824],""spin_charge_density"":[17,2,4],""spin_density"":[17,4]}"
M094_QP1_M2,S013,c4658ae1851098a29807a4f411963bfe523778c97534854ecce23c424af598ea,1,2,453dca71b07feee1449f439a7b237fc390c496a6ecc15fc29dfa08b19f4894ee,artifacts/base_features/45/453dca71b07feee1449f439a7b237fc390c496a6ecc15fc29dfa08b19f4894ee.npz,669407dbbac160acf1b67a2da569fe4560fec5fcc1320a8626e730441fcf8a2d,3095,-31093.074938638,polar-1-l,9f65f8dc6ddaff1d631e299cb531376a7da5e68d1bef04f34a2d5073d5ef114b,0.3.16,4d2da09413ac1407f37cdbb6b81fa28e4c15655e,e552c116b7d2c653f98b01f5c4fd599997f19f669a32bc6bf16396dd9f79365b,0.4.0,0e21d5546c482d08388a08eb4d948e833227ce47,079b233934150a3eee30444ce2408e09895ec4dd958ec60a822f870fa1284b99,float64,polar1l_rotation_invariants_v1,7beb8d4d9a8231a484c0bb6ff44b6b2e450eee2ca8a447370f350ed8678929cb,"{""density_coefficients"":[17,4],""dipole"":[1,3],""electron_energy"":[1],""electrostatic_energy"":[1],""energy"":[1],""node_feats"":[17,13824],""spin_charge_density"":[17,2,4],""spin_density"":[17,4]}"
M094_QP1_M2,S020,b95664c0839e8e8338e1a1103a4d49572c1e800f4cb6e39b5ac911b1734da6f7,1,2,9b4c582d34351e026486b1371aa0f2a0ef19a9dfef022ed75087548bb8febe2e,artifacts/base_features/9b/9b4c582d34351e026486b1371aa0f2a0ef19a9dfef022ed75087548bb8febe2e.npz,a10bacf988d9120b1e8e4c1a9366ceb9ee922e2bd5e2f6e4f40c7a4342fc9bfd,3095,-31093.0751611102,polar-1-l,9f65f8dc6ddaff1d631e299cb531376a7da5e68d1bef04f34a2d5073d5ef114b,0.3.16,4d2da09413ac1407f37cdbb6b81fa28e4c15655e,e552c116b7d2c653f98b01f5c4fd599997f19f669a32bc6bf16396dd9f79365b,0.4.0,0e21d5546c482d08388a08eb4d948e833227ce47,079b233934150a3eee30444ce2408e09895ec4dd958ec60a822f870fa1284b99,float64,polar1l_rotation_invariants_v1,7beb8d4d9a8231a484c0bb6ff44b6b2e450eee2ca8a447370f350ed8678929cb,"{""density_coefficients"":[17,4],""dipole"":[1,3],""electron_energy"":[1],""electrostatic_energy"":[1],""energy"":[1],""node_feats"":[17,13824],""spin_charge_density"":[17,2,4],""spin_density"":[17,4]}"
M094_QP1_M2,S025,76945cd7be6b040d6cae6146df1393d5e85491d4e6a7359d25d8d7d6d6022cab,1,2,473c04ce42f8980ada8fc260205e974da9e5542685d5857febf778a444ef4cc9,artifacts/base_features/47/473c04ce42f8980ada8fc260205e974da9e5542685d5857febf778a444ef4cc9.npz,3a7c61f3b88f6e3785d26bd55bd46ecc36ca2c4f687699580bf04ef2aeb505d6,3095,-31093.0752713254,polar-1-l,9f65f8dc6ddaff1d631e299cb531376a7da5e68d1bef04f34a2d5073d5ef114b,0.3.16,4d2da09413ac1407f37cdbb6b81fa28e4c15655e,e552c116b7d2c653f98b01f5c4fd599997f19f669a32bc6bf16396dd9f79365b,0.4.0,0e21d5546c482d08388a08eb4d948e833227ce47,079b233934150a3eee30444ce2408e09895ec4dd958ec60a822f870fa1284b99,float64,polar1l_rotation_invariants_v1,7beb8d4d9a8231a484c0bb6ff44b6b2e450eee2ca8a447370f350ed8678929cb,"{""density_coefficients"":[17,4],""dipole"":[1,3],""electron_energy"":[1],""electrostatic_energy"":[1],""energy"":[1],""node_feats"":[17,13824],""spin_charge_density"":[17,2,4],""spin_density"":[17,4]}"
M096_Q0_M1,S001,9b48cf245b5601cda29a91d04c995e71fd88791a51cdbdb45c4a30a694c0aeab,0,1,3f2f42e8ab0d38b76118900e28bab0d8bab9ddd61a96bb39b456302513fc8dc8,artifacts/base_features/3f/3f2f42e8ab0d38b76118900e28bab0d8bab9ddd61a96bb39b456302513fc8dc8.npz,61de9134e840f5b41eae0182c4600b258f77c100deb955b383960759519f1ac8,3095,-43934.7113951258,polar-1-l,9f65f8dc6ddaff1d631e299cb531376a7da5e68d1bef04f34a2d5073d5ef114b,0.3.16,4d2da09413ac1407f37cdbb6b81fa28e4c15655e,e552c116b7d2c653f98b01f5c4fd599997f19f669a32bc6bf16396dd9f79365b,0.4.0,0e21d5546c482d08388a08eb4d948e833227ce47,079b233934150a3eee30444ce2408e09895ec4dd958ec60a822f870fa1284b99,float64,polar1l_rotation_invariants_v1,7beb8d4d9a8231a484c0bb6ff44b6b2e450eee2ca8a447370f350ed8678929cb,"{""density_coefficients"":[53,4],""dipole"":[1,3],""electron_energy"":[1],""electrostatic_energy"":[1],""energy"":[1],""node_feats"":[53,13824],""spin_charge_density"":[53,2,4],""spin_density"":[53,4]}"
M096_Q0_M1,S007,9c623be9377b887c70570a350fb7b39347dcbd9e7fbcba42e604bf26ab939b43,0,1,053e37ee981719f8e9fb486b8b131356d936cc1b2e3155f16629d30e6c7c9d73,artifacts/base_features/05/053e37ee981719f8e9fb486b8b131356d936cc1b2e3155f16629d30e6c7c9d73.npz,16dd49bad47cbf348fe83bed5837409ef61829134168a64d690facd6f3cabadc,3095,-43934.711314364,polar-1-l,9f65f8dc6ddaff1d631e299cb531376a7da5e68d1bef04f34a2d5073d5ef114b,0.3.16,4d2da09413ac1407f37cdbb6b81fa28e4c15655e,e552c116b7d2c653f98b01f5c4fd599997f19f669a32bc6bf16396dd9f79365b,0.4.0,0e21d5546c482d08388a08eb4d948e833227ce47,079b233934150a3eee30444ce2408e09895ec4dd958ec60a822f870fa1284b99,float64,polar1l_rotation_invariants_v1,7beb8d4d9a8231a484c0bb6ff44b6b2e450eee2ca8a447370f350ed8678929cb,"{""density_coefficients"":[53,4],""dipole"":[1,3],""electron_energy"":[1],""electrostatic_energy"":[1],""energy"":[1],""node_feats"":[53,13824],""spin_charge_density"":[53,2,4],""spin_density"":[53,4]}"
M096_Q0_M1,S017,f458dbe9dac8f22bae6e6c14849e04ed308bf360b92c68a348aedf543bb6bb30,0,1,83d03178a7fc1d1e63010608ec58df53884c708c648b1cde0e2722a6047a8dde,artifacts/base_features/83/83d03178a7fc1d1e63010608ec58df53884c708c648b1cde0e2722a6047a8dde.npz,a24a187fbcb02c0be61914d7c86770d237fbaea3bf5b2517c79b03d5f99e691b,3095,-43934.7119042024,polar-1-l,9f65f8dc6ddaff1d631e299cb531376a7da5e68d1bef04f34a2d5073d5ef114b,0.3.16,4d2da09413ac1407f37cdbb6b81fa28e4c15655e,e552c116b7d2c653f98b01f5c4fd599997f19f669a32bc6bf16396dd9f79365b,0.4.0,0e21d5546c482d08388a08eb4d948e833227ce47,079b233934150a3eee30444ce2408e09895ec4dd958ec60a822f870fa1284b99,float64,polar1l_rotation_invariants_v1,7beb8d4d9a8231a484c0bb6ff44b6b2e450eee2ca8a447370f350ed8678929cb,"{""density_coefficients"":[53,4],""dipole"":[1,3],""electron_energy"":[1],""electrostatic_energy"":[1],""energy"":[1],""node_feats"":[53,13824],""spin_charge_density"":[53,2,4],""spin_density"":[53,4]}"
M096_Q0_M1,S022,d6301a87ec5d79a27aa21ae2a82643abf019cb084209446e5f331a0dbe9c6d59,0,1,c1e95ecf25166b6f128d81fa5869694fcf2dc536b8d89dfce500d472cf13a698,artifacts/base_features/c1/c1e95ecf25166b6f128d81fa5869694fcf2dc536b8d89dfce500d472cf13a698.npz,08d5852847633d752bf9b6ef57d58eea4a861ba3f26c341dc5c649195d00aea6,3095,-43934.71118755,polar-1-l,9f65f8dc6ddaff1d631e299cb531376a7da5e68d1bef04f34a2d5073d5ef114b,0.3.16,4d2da09413ac1407f37cdbb6b81fa28e4c15655e,e552c116b7d2c653f98b01f5c4fd599997f19f669a32bc6bf16396dd9f79365b,0.4.0,0e21d5546c482d08388a08eb4d948e833227ce47,079b233934150a3eee30444ce2408e09895ec4dd958ec60a822f870fa1284b99,float64,polar1l_rotation_invariants_v1,7beb8d4d9a8231a484c0bb6ff44b6b2e450eee2ca8a447370f350ed8678929cb,"{""density_coefficients"":[53,4],""dipole"":[1,3],""electron_energy"":[1],""electrostatic_energy"":[1],""energy"":[1],""node_feats"":[53,13824],""spin_charge_density"":[53,2,4],""spin_density"":[53,4]}"
M096_QP1_M2,S001,339369115e06785fd9bfa7ff51f55dbd361478c7fc25ae93e92c0ce47938e1e2,1,2,1fb2e6134405b89c8c095743b1e36fe4e7e783bbfdc4fa822b50a2b115ede3d2,artifacts/base_features/1f/1fb2e6134405b89c8c095743b1e36fe4e7e783bbfdc4fa822b50a2b115ede3d2.npz,68daae1ae10e6052b0fd04691d05861df52abafad79a9ed949552f54cb2475c1,3095,-43927.7856318325,polar-1-l,9f65f8dc6ddaff1d631e299cb531376a7da5e68d1bef04f34a2d5073d5ef114b,0.3.16,4d2da09413ac1407f37cdbb6b81fa28e4c15655e,e552c116b7d2c653f98b01f5c4fd599997f19f669a32bc6bf16396dd9f79365b,0.4.0,0e21d5546c482d08388a08eb4d948e833227ce47,079b233934150a3eee30444ce2408e09895ec4dd958ec60a822f870fa1284b99,float64,polar1l_rotation_invariants_v1,7beb8d4d9a8231a484c0bb6ff44b6b2e450eee2ca8a447370f350ed8678929cb,"{""density_coefficients"":[53,4],""dipole"":[1,3],""electron_energy"":[1],""electrostatic_energy"":[1],""energy"":[1],""node_feats"":[53,13824],""spin_charge_density"":[53,2,4],""spin_density"":[53,4]}"
M096_QP1_M2,S007,1a00ebf0af022d308fef92354ee6969913144a8d7ffb79e2dd6c429ffc215046,1,2,49c62d10563b5049f3ae2e752076fae5f2e44be381ee8b8b6e77a812c80f3525,artifacts/base_features/49/49c62d10563b5049f3ae2e752076fae5f2e44be381ee8b8b6e77a812c80f3525.npz,91b8d72991d57f7cfc8b4b47bc754eb5f4e493efcecd88bd84f71f7b7b9120f5,3095,-43927.7856178551,polar-1-l,9f65f8dc6ddaff1d631e299cb531376a7da5e68d1bef04f34a2d5073d5ef114b,0.3.16,4d2da09413ac1407f37cdbb6b81fa28e4c15655e,e552c116b7d2c653f98b01f5c4fd599997f19f669a32bc6bf16396dd9f79365b,0.4.0,0e21d5546c482d08388a08eb4d948e833227ce47,079b233934150a3eee30444ce2408e09895ec4dd958ec60a822f870fa1284b99,float64,polar1l_rotation_invariants_v1,7beb8d4d9a8231a484c0bb6ff44b6b2e450eee2ca8a447370f350ed8678929cb,"{""density_coefficients"":[53,4],""dipole"":[1,3],""electron_energy"":[1],""electrostatic_energy"":[1],""energy"":[1],""node_feats"":[53,13824],""spin_charge_density"":[53,2,4],""spin_density"":[53,4]}"
M096_QP1_M2,S017,b45a5be364e8715f9307ddc6cffdbcccdfc859aa152d96b047c61395eff42334,1,2,21e3a4af70de01ecddba14c4a8b3c0f1c119b314a25ad4f6b23a9d21fa36934d,artifacts/base_features/21/21e3a4af70de01ecddba14c4a8b3c0f1c119b314a25ad4f6b23a9d21fa36934d.npz,0415f32c9937021ccb4c927cd7f570e6c293f81d1e2611c4b2476a9f349965f7,3095,-43927.7857092693,polar-1-l,9f65f8dc6ddaff1d631e299cb531376a7da5e68d1bef04f34a2d5073d5ef114b,0.3.16,4d2da09413ac1407f37cdbb6b81fa28e4c15655e,e552c116b7d2c653f98b01f5c4fd599997f19f669a32bc6bf16396dd9f79365b,0.4.0,0e21d5546c482d08388a08eb4d948e833227ce47,079b233934150a3eee30444ce2408e09895ec4dd958ec60a822f870fa1284b99,float64,polar1l_rotation_invariants_v1,7beb8d4d9a8231a484c0bb6ff44b6b2e450eee2ca8a447370f350ed8678929cb,"{""density_coefficients"":[53,4],""dipole"":[1,3],""electron_energy"":[1],""electrostatic_energy"":[1],""energy"":[1],""node_feats"":[53,13824],""spin_charge_density"":[53,2,4],""spin_density"":[53,4]}"
M096_QP1_M2,S022,71cfcf34498259b6779de503f64165ba8ae90ab2f97d27060c4aa017f35ba388,1,2,fcf30b1d6574d98079b0c51e0ca5c2e9383c06561c681620878569dc766c213a,artifacts/base_features/fc/fcf30b1d6574d98079b0c51e0ca5c2e9383c06561c681620878569dc766c213a.npz,3378120c6c1cc19bdbece1d8d7076f64d9e4f9f49afc82afcdfebc9dd21d8705,3095,-43927.7855961088,polar-1-l,9f65f8dc6ddaff1d631e299cb531376a7da5e68d1bef04f34a2d5073d5ef114b,0.3.16,4d2da09413ac1407f37cdbb6b81fa28e4c15655e,e552c116b7d2c653f98b01f5c4fd599997f19f669a32bc6bf16396dd9f79365b,0.4.0,0e21d5546c482d08388a08eb4d948e833227ce47,079b233934150a3eee30444ce2408e09895ec4dd958ec60a822f870fa1284b99,float64,polar1l_rotation_invariants_v1,7beb8d4d9a8231a484c0bb6ff44b6b2e450eee2ca8a447370f350ed8678929cb,"{""density_coefficients"":[53,4],""dipole"":[1,3],""electron_energy"":[1],""electrostatic_energy"":[1],""energy"":[1],""node_feats"":[53,13824],""spin_charge_density"":[53,2,4],""spin_density"":[53,4]}"
M097_Q0_M1,S004,1d4e5e837d0d98e6d000ec0d5918170f825bbe4123e6ed6973d00b0576480121,0,1,f720ed2e358da6f5ef3656e0a9268948015bd1ab1bdbd54d2df5a7ea67b75a78,artifacts/base_features/f7/f720ed2e358da6f5ef3656e0a9268948015bd1ab1bdbd54d2df5a7ea67b75a78.npz,632b8f7d98c3cb5d63cec44cc44fd31f9ad15bc00b8f8d37452df5e629d6dd5e,3095,-31537.2633865857,polar-1-l,9f65f8dc6ddaff1d631e299cb531376a7da5e68d1bef04f34a2d5073d5ef114b,0.3.16,4d2da09413ac1407f37cdbb6b81fa28e4c15655e,e552c116b7d2c653f98b01f5c4fd599997f19f669a32bc6bf16396dd9f79365b,0.4.0,0e21d5546c482d08388a08eb4d948e833227ce47,079b233934150a3eee30444ce2408e09895ec4dd958ec60a822f870fa1284b99,float64,polar1l_rotation_invariants_v1,7beb8d4d9a8231a484c0bb6ff44b6b2e450eee2ca8a447370f350ed8678929cb,"{""density_coefficients"":[16,4],""dipole"":[1,3],""electron_energy"":[1],""electrostatic_energy"":[1],""energy"":[1],""node_feats"":[16,13824],""spin_charge_density"":[16,2,4],""spin_density"":[16,4]}"
M097_Q0_M1,S011,73cd3b68eced0906d00f022cf0222847a8432b43929d9136afde5191298fa42c,0,1,34053c3e7c36df10f298d245ab4533f785b12809ec5810d6a78dff02a134a6f7,artifacts/base_features/34/34053c3e7c36df10f298d245ab4533f785b12809ec5810d6a78dff02a134a6f7.npz,b3dab4e429208ae99c4fcab1357a507855ede80246eb7c526ebcee8ae4727f5b,3095,-31537.2632457381,polar-1-l,9f65f8dc6ddaff1d631e299cb531376a7da5e68d1bef04f34a2d5073d5ef114b,0.3.16,4d2da09413ac1407f37cdbb6b81fa28e4c15655e,e552c116b7d2c653f98b01f5c4fd599997f19f669a32bc6bf16396dd9f79365b,0.4.0,0e21d5546c482d08388a08eb4d948e833227ce47,079b233934150a3eee30444ce2408e09895ec4dd958ec60a822f870fa1284b99,float64,polar1l_rotation_invariants_v1,7beb8d4d9a8231a484c0bb6ff44b6b2e450eee2ca8a447370f350ed8678929cb,"{""density_coefficients"":[16,4],""dipole"":[1,3],""electron_energy"":[1],""electrostatic_energy"":[1],""energy"":[1],""node_feats"":[16,13824],""spin_charge_density"":[16,2,4],""spin_density"":[16,4]}"
M097_Q0_M1,S018,725f7f4fb72c6ffe6a0f2c0d49ec170c16a4e954118b1f2134f082c07e9be539,0,1,6dc4b758b9ca980fa3cc009e58003d13269f4f4f2b7b9cd25f0284ac9a8d931a,artifacts/base_features/6d/6dc4b758b9ca980fa3cc009e58003d13269f4f4f2b7b9cd25f0284ac9a8d931a.npz,1f53d677263e77580dacca558ed8ab8174c24209d6d6e14d09a4ec2607971662,3095,-31537.265374929,polar-1-l,9f65f8dc6ddaff1d631e299cb531376a7da5e68d1bef04f34a2d5073d5ef114b,0.3.16,4d2da09413ac1407f37cdbb6b81fa28e4c15655e,e552c116b7d2c653f98b01f5c4fd599997f19f669a32bc6bf16396dd9f79365b,0.4.0,0e21d5546c482d08388a08eb4d948e833227ce47,079b233934150a3eee30444ce2408e09895ec4dd958ec60a822f870fa1284b99,float64,polar1l_rotation_invariants_v1,7beb8d4d9a8231a484c0bb6ff44b6b2e450eee2ca8a447370f350ed8678929cb,"{""density_coefficients"":[16,4],""dipole"":[1,3],""electron_energy"":[1],""electrostatic_energy"":[1],""energy"":[1],""node_feats"":[16,13824],""spin_charge_density"":[16,2,4],""spin_density"":[16,4]}"
M097_Q0_M1,S024,6b2c03798826097568854b2407b2a716defd781d418e4fbdc0fbe142f7cf4f5a,0,1,6108d9e284dc6a3be1e1f1ca6676f429e39da6531838ae507ebdde4fce533bd0,artifacts/base_features/61/6108d9e284dc6a3be1e1f1ca6676f429e39da6531838ae507ebdde4fce533bd0.npz,bf7f36c92b753510def13f88083fba7a972f0011facd13f2fc2076fa3611fe7a,3095,-31537.271631295,polar-1-l,9f65f8dc6ddaff1d631e299cb531376a7da5e68d1bef04f34a2d5073d5ef114b,0.3.16,4d2da09413ac1407f37cdbb6b81fa28e4c15655e,e552c116b7d2c653f98b01f5c4fd599997f19f669a32bc6bf16396dd9f79365b,0.4.0,0e21d5546c482d08388a08eb4d948e833227ce47,079b233934150a3eee30444ce2408e09895ec4dd958ec60a822f870fa1284b99,float64,polar1l_rotation_invariants_v1,7beb8d4d9a8231a484c0bb6ff44b6b2e450eee2ca8a447370f350ed8678929cb,"{""density_coefficients"":[16,4],""dipole"":[1,3],""electron_energy"":[1],""electrostatic_energy"":[1],""energy"":[1],""node_feats"":[16,13824],""spin_charge_density"":[16,2,4],""spin_density"":[16,4]}"
M097_QP1_M2,S004,5f087e6ead4762673eeecce9467231dd8690f1a7b2ae61a536db95f391ea0f5e,1,2,de92d5c8e30547413a55434ede98449cf73c1974f9f4b8d977da70505596d63f,artifacts/base_features/de/de92d5c8e30547413a55434ede98449cf73c1974f9f4b8d977da70505596d63f.npz,5f89ad56f1f2b9b4d0d3d51c5159edb1217f73ddee8f9c2a394c5b4eb14f8c22,3095,-31530.141581365,polar-1-l,9f65f8dc6ddaff1d631e299cb531376a7da5e68d1bef04f34a2d5073d5ef114b,0.3.16,4d2da09413ac1407f37cdbb6b81fa28e4c15655e,e552c116b7d2c653f98b01f5c4fd599997f19f669a32bc6bf16396dd9f79365b,0.4.0,0e21d5546c482d08388a08eb4d948e833227ce47,079b233934150a3eee30444ce2408e09895ec4dd958ec60a822f870fa1284b99,float64,polar1l_rotation_invariants_v1,7beb8d4d9a8231a484c0bb6ff44b6b2e450eee2ca8a447370f350ed8678929cb,"{""density_coefficients"":[16,4],""dipole"":[1,3],""electron_energy"":[1],""electrostatic_energy"":[1],""energy"":[1],""node_feats"":[16,13824],""spin_charge_density"":[16,2,4],""spin_density"":[16,4]}"
M097_QP1_M2,S011,33491dc54203f7ca7d79d4787f68cdecfea02d801a0bf822e8683272b74d0e92,1,2,406797d3917bc555009ad965eeb65903ea3970628f6be529278f032d0f6687e6,artifacts/base_features/40/406797d3917bc555009ad965eeb65903ea3970628f6be529278f032d0f6687e6.npz,f17ae3c4ac7e50ff1078d6c5c4053dd75e080c9432f4841b6f19355077268dab,3095,-31530.141548203,polar-1-l,9f65f8dc6ddaff1d631e299cb531376a7da5e68d1bef04f34a2d5073d5ef114b,0.3.16,4d2da09413ac1407f37cdbb6b81fa28e4c15655e,e552c116b7d2c653f98b01f5c4fd599997f19f669a32bc6bf16396dd9f79365b,0.4.0,0e21d5546c482d08388a08eb4d948e833227ce47,079b233934150a3eee30444ce2408e09895ec4dd958ec60a822f870fa1284b99,float64,polar1l_rotation_invariants_v1,7beb8d4d9a8231a484c0bb6ff44b6b2e450eee2ca8a447370f350ed8678929cb,"{""density_coefficients"":[16,4],""dipole"":[1,3],""electron_energy"":[1],""electrostatic_energy"":[1],""energy"":[1],""node_feats"":[16,13824],""spin_charge_density"":[16,2,4],""spin_density"":[16,4]}"
M097_QP1_M2,S018,afa7d633cf29b9a0270b83ad4df54b260ba8e6b2c107bc083e6418a94de6b31c,1,2,42b9c5cfc06daf82ea53a574efd6943f272f460e70f6b8dbdb80cd8885b2e809,artifacts/base_features/42/42b9c5cfc06daf82ea53a574efd6943f272f460e70f6b8dbdb80cd8885b2e809.npz,8a21efb901a6d717a02c4d634514789f77b95e7dddcff6c69dbee8dc54e31e47,3095,-31530.1420043146,polar-1-l,9f65f8dc6ddaff1d631e299cb531376a7da5e68d1bef04f34a2d5073d5ef114b,0.3.16,4d2da09413ac1407f37cdbb6b81fa28e4c15655e,e552c116b7d2c653f98b01f5c4fd599997f19f669a32bc6bf16396dd9f79365b,0.4.0,0e21d5546c482d08388a08eb4d948e833227ce47,079b233934150a3eee30444ce2408e09895ec4dd958ec60a822f870fa1284b99,float64,polar1l_rotation_invariants_v1,7beb8d4d9a8231a484c0bb6ff44b6b2e450eee2ca8a447370f350ed8678929cb,"{""density_coefficients"":[16,4],""dipole"":[1,3],""electron_energy"":[1],""electrostatic_energy"":[1],""energy"":[1],""node_feats"":[16,13824],""spin_charge_density"":[16,2,4],""spin_density"":[16,4]}"
M097_QP1_M2,S024,7ce3828a62d49e8098f12518b6db0dc85065fbe1579f88b92e3a95440fe29323,1,2,bd7a80b7d9a27fd0e41c6f563d3d93513fde827e19734575b34b1674b243d668,artifacts/base_features/bd/bd7a80b7d9a27fd0e41c6f563d3d93513fde827e19734575b34b1674b243d668.npz,dd7fb4377802110c3fff74df44f265c9ad505846c70e6fba6ed38101876f9591,3095,-31530.142811159,polar-1-l,9f65f8dc6ddaff1d631e299cb531376a7da5e68d1bef04f34a2d5073d5ef114b,0.3.16,4d2da09413ac1407f37cdbb6b81fa28e4c15655e,e552c116b7d2c653f98b01f5c4fd599997f19f669a32bc6bf16396dd9f79365b,0.4.0,0e21d5546c482d08388a08eb4d948e833227ce47,079b233934150a3eee30444ce2408e09895ec4dd958ec60a822f870fa1284b99,float64,polar1l_rotation_invariants_v1,7beb8d4d9a8231a484c0bb6ff44b6b2e450eee2ca8a447370f350ed8678929cb,"{""density_coefficients"":[16,4],""dipole"":[1,3],""electron_energy"":[1],""electrostatic_energy"":[1],""energy"":[1],""node_feats"":[16,13824],""spin_charge_density"":[16,2,4],""spin_density"":[16,4]}"
S001_Q0_M1,S001,2f126b3daee7595eac16f8c867eecec004eb2d795f3c805944c21e598e8b044a,0,1,c1d2f8582888d65019a795e85884e8cf31a32fece3a0e8e18ee31d2e7f5f06bd,artifacts/base_features/c1/c1d2f8582888d65019a795e85884e8cf31a32fece3a0e8e18ee31d2e7f5f06bd.npz,34b120c38f349c9c49a9e0a9cdc9b194de0fa0b1a3a5a269c93294febe495175,3095,-3612.3418277202,polar-1-l,9f65f8dc6ddaff1d631e299cb531376a7da5e68d1bef04f34a2d5073d5ef114b,0.3.16,4d2da09413ac1407f37cdbb6b81fa28e4c15655e,e552c116b7d2c653f98b01f5c4fd599997f19f669a32bc6bf16396dd9f79365b,0.4.0,0e21d5546c482d08388a08eb4d948e833227ce47,079b233934150a3eee30444ce2408e09895ec4dd958ec60a822f870fa1284b99,float64,polar1l_rotation_invariants_v1,7beb8d4d9a8231a484c0bb6ff44b6b2e450eee2ca8a447370f350ed8678929cb,"{""density_coefficients"":[6,4],""dipole"":[1,3],""electron_energy"":[1],""electrostatic_energy"":[1],""energy"":[1],""node_feats"":[6,13824],""spin_charge_density"":[6,2,4],""spin_density"":[6,4]}"
S001_QP1_M2,S001,70f9e8b996986d875f2a7db461a7a274881daf1b7dbc36c0569688b0d9adf796,1,2,4ed8b78e9a10f7907fbd1bfa5d563504523b901cddf609e76ef9dddae4e4d401,artifacts/base_features/4e/4ed8b78e9a10f7907fbd1bfa5d563504523b901cddf609e76ef9dddae4e4d401.npz,d900b490d19d72a0bc4452d6aa3109e646fb0a9623ba36c7dce575bb8f60a66d,3095,-3600.02918534266,polar-1-l,9f65f8dc6ddaff1d631e299cb531376a7da5e68d1bef04f34a2d5073d5ef114b,0.3.16,4d2da09413ac1407f37cdbb6b81fa28e4c15655e,e552c116b7d2c653f98b01f5c4fd599997f19f669a32bc6bf16396dd9f79365b,0.4.0,0e21d5546c482d08388a08eb4d948e833227ce47,079b233934150a3eee30444ce2408e09895ec4dd958ec60a822f870fa1284b99,float64,polar1l_rotation_invariants_v1,7beb8d4d9a8231a484c0bb6ff44b6b2e450eee2ca8a447370f350ed8678929cb,"{""density_coefficients"":[6,4],""dipole"":[1,3],""electron_energy"":[1],""electrostatic_energy"":[1],""energy"":[1],""node_feats"":[6,13824],""spin_charge_density"":[6,2,4],""spin_density"":[6,4]}"
S002_Q0_M1,S002,7db8876d824400a79dd93ce95b0b46e5a10b7a266ed3889747a122ff6ba63bcb,0,1,b14a8f0f57c725e293acf22158f6f2c2ac772b7c9f8986433a8866382b83412f,artifacts/base_features/b1/b14a8f0f57c725e293acf22158f6f2c2ac772b7c9f8986433a8866382b83412f.npz,2ea57626b33fde17456b76a8d226166074f10a9d5c8de8216769d6434375359d,3095,-26114.2421798317,polar-1-l,9f65f8dc6ddaff1d631e299cb531376a7da5e68d1bef04f34a2d5073d5ef114b,0.3.16,4d2da09413ac1407f37cdbb6b81fa28e4c15655e,e552c116b7d2c653f98b01f5c4fd599997f19f669a32bc6bf16396dd9f79365b,0.4.0,0e21d5546c482d08388a08eb4d948e833227ce47,079b233934150a3eee30444ce2408e09895ec4dd958ec60a822f870fa1284b99,float64,polar1l_rotation_invariants_v1,7beb8d4d9a8231a484c0bb6ff44b6b2e450eee2ca8a447370f350ed8678929cb,"{""density_coefficients"":[5,4],""dipole"":[1,3],""electron_energy"":[1],""electrostatic_energy"":[1],""energy"":[1],""node_feats"":[5,13824],""spin_charge_density"":[5,2,4],""spin_density"":[5,4]}"
S002_QP1_M2,S002,198d96e41c26ba3494d7514b533eda313bc7c74916464145bfb01d9df61afbf2,1,2,1ba0ce1586e8302477da3e54d4cc3e9c0acefd00758419947a42984251761515,artifacts/base_features/1b/1ba0ce1586e8302477da3e54d4cc3e9c0acefd00758419947a42984251761515.npz,2a4c209ca02b4915cdb11a6836165d970082344846cd942a9e66c9549ebff8ee,3095,-26102.9613934001,polar-1-l,9f65f8dc6ddaff1d631e299cb531376a7da5e68d1bef04f34a2d5073d5ef114b,0.3.16,4d2da09413ac1407f37cdbb6b81fa28e4c15655e,e552c116b7d2c653f98b01f5c4fd599997f19f669a32bc6bf16396dd9f79365b,0.4.0,0e21d5546c482d08388a08eb4d948e833227ce47,079b233934150a3eee30444ce2408e09895ec4dd958ec60a822f870fa1284b99,float64,polar1l_rotation_invariants_v1,7beb8d4d9a8231a484c0bb6ff44b6b2e450eee2ca8a447370f350ed8678929cb,"{""density_coefficients"":[5,4],""dipole"":[1,3],""electron_energy"":[1],""electrostatic_energy"":[1],""energy"":[1],""node_feats"":[5,13824],""spin_charge_density"":[5,2,4],""spin_density"":[5,4]}"
S003_Q0_M1,S003,3c5fe1ea4eda0ce2a9a31173364c910fb41cedc4d50d72f9fe540deeba6ebb8e,0,1,d73f305e49626cacc84454bba428437fcbd06c0077d07e1794403d6c9dbc614f,artifacts/base_features/d7/d73f305e49626cacc84454bba428437fcbd06c0077d07e1794403d6c9dbc614f.npz,bc5c89ae1e2f560189e38aa8080a88b4bcbe72792b7df55e205ea59e160287fb,3095,-10387.9997012735,polar-1-l,9f65f8dc6ddaff1d631e299cb531376a7da5e68d1bef04f34a2d5073d5ef114b,0.3.16,4d2da09413ac1407f37cdbb6b81fa28e4c15655e,e552c116b7d2c653f98b01f5c4fd599997f19f669a32bc6bf16396dd9f79365b,0.4.0,0e21d5546c482d08388a08eb4d948e833227ce47,079b233934150a3eee30444ce2408e09895ec4dd958ec60a822f870fa1284b99,float64,polar1l_rotation_invariants_v1,7beb8d4d9a8231a484c0bb6ff44b6b2e450eee2ca8a447370f350ed8678929cb,"{""density_coefficients"":[13,4],""dipole"":[1,3],""electron_energy"":[1],""electrostatic_energy"":[1],""energy"":[1],""node_feats"":[13,13824],""spin_charge_density"":[13,2,4],""spin_density"":[13,4]}"
S003_QP1_M2,S003,9af2d08bee6f95b12010ed54c007fcd7e0898518bb8928547b8909c576dcd720,1,2,f51d38678c1d9fce03ce8e1e86c8902bd3ff223b26cea367d354f85b10948f95,artifacts/base_features/f5/f51d38678c1d9fce03ce8e1e86c8902bd3ff223b26cea367d354f85b10948f95.npz,bf63aab59b6df9093c40803734e21f705bb88880a758e6112a45114080cd3295,3095,-10376.9153879257,polar-1-l,9f65f8dc6ddaff1d631e299cb531376a7da5e68d1bef04f34a2d5073d5ef114b,0.3.16,4d2da09413ac1407f37cdbb6b81fa28e4c15655e,e552c116b7d2c653f98b01f5c4fd599997f19f669a32bc6bf16396dd9f79365b,0.4.0,0e21d5546c482d08388a08eb4d948e833227ce47,079b233934150a3eee30444ce2408e09895ec4dd958ec60a822f870fa1284b99,float64,polar1l_rotation_invariants_v1,7beb8d4d9a8231a484c0bb6ff44b6b2e450eee2ca8a447370f350ed8678929cb,"{""density_coefficients"":[13,4],""dipole"":[1,3],""electron_energy"":[1],""electrostatic_energy"":[1],""energy"":[1],""node_feats"":[13,13824],""spin_charge_density"":[13,2,4],""spin_density"":[13,4]}"
S004_Q0_M1,S004,12ca1ebde9cf6f04518fc0c329275821e0f8e8d1f3d55d3e88ecaf803da5e0cf,0,1,792b74c169c396711c294085449c995a0f9aa2c26f9caad781191e9752bb5079,artifacts/base_features/79/792b74c169c396711c294085449c995a0f9aa2c26f9caad781191e9752bb5079.npz,51a8b847f33766c9c719e2fd63c31bbc392036bf7e1c9ffbcfea3aa05bfd7bc9,3095,-11885.3845044594,polar-1-l,9f65f8dc6ddaff1d631e299cb531376a7da5e68d1bef04f34a2d5073d5ef114b,0.3.16,4d2da09413ac1407f37cdbb6b81fa28e4c15655e,e552c116b7d2c653f98b01f5c4fd599997f19f669a32bc6bf16396dd9f79365b,0.4.0,0e21d5546c482d08388a08eb4d948e833227ce47,079b233934150a3eee30444ce2408e09895ec4dd958ec60a822f870fa1284b99,float64,polar1l_rotation_invariants_v1,7beb8d4d9a8231a484c0bb6ff44b6b2e450eee2ca8a447370f350ed8678929cb,"{""density_coefficients"":[14,4],""dipole"":[1,3],""electron_energy"":[1],""electrostatic_energy"":[1],""energy"":[1],""node_feats"":[14,13824],""spin_charge_density"":[14,2,4],""spin_density"":[14,4]}"
S004_QP1_M2,S004,7d68d1039c01ac2b7614ae1ea240e88fce47ed0dd81841b6f14f80cbfb616b12,1,2,1613091848ede606014a6e0517984c09d36ffef7ef72152d3dd87bd3851f4b6c,artifacts/base_features/16/1613091848ede606014a6e0517984c09d36ffef7ef72152d3dd87bd3851f4b6c.npz,1f77fcd4c5d89c19cb5f3f2f1850f3e831fe2c5cb853972272334d07beb29db6,3095,-11875.2906945281,polar-1-l,9f65f8dc6ddaff1d631e299cb531376a7da5e68d1bef04f34a2d5073d5ef114b,0.3.16,4d2da09413ac1407f37cdbb6b81fa28e4c15655e,e552c116b7d2c653f98b01f5c4fd599997f19f669a32bc6bf16396dd9f79365b,0.4.0,0e21d5546c482d08388a08eb4d948e833227ce47,079b233934150a3eee30444ce2408e09895ec4dd958ec60a822f870fa1284b99,float64,polar1l_rotation_invariants_v1,7beb8d4d9a8231a484c0bb6ff44b6b2e450eee2ca8a447370f350ed8678929cb,"{""density_coefficients"":[14,4],""dipole"":[1,3],""electron_energy"":[1],""electrostatic_energy"":[1],""energy"":[1],""node_feats"":[14,13824],""spin_charge_density"":[14,2,4],""spin_density"":[14,4]}"
S005_Q0_M1,S005,b6dac09cb4acdcc42e6cc67ad14b56145b28c487a1941cfe71f0cb362b3ecd3c,0,1,db1ef624e4479944512d066c001dbfdaafd5ab8d6aef77019afe1d40d244c60e,artifacts/base_features/db/db1ef624e4479944512d066c001dbfdaafd5ab8d6aef77019afe1d40d244c60e.npz,0f807f3e66c3c2a10e1d6988048824194b4fd51a58b3e1341b0f7a4c33021a69,3095,-8829.84975928335,polar-1-l,9f65f8dc6ddaff1d631e299cb531376a7da5e68d1bef04f34a2d5073d5ef114b,0.3.16,4d2da09413ac1407f37cdbb6b81fa28e4c15655e,e552c116b7d2c653f98b01f5c4fd599997f19f669a32bc6bf16396dd9f79365b,0.4.0,0e21d5546c482d08388a08eb4d948e833227ce47,079b233934150a3eee30444ce2408e09895ec4dd958ec60a822f870fa1284b99,float64,polar1l_rotation_invariants_v1,7beb8d4d9a8231a484c0bb6ff44b6b2e450eee2ca8a447370f350ed8678929cb,"{""density_coefficients"":[13,4],""dipole"":[1,3],""electron_energy"":[1],""electrostatic_energy"":[1],""energy"":[1],""node_feats"":[13,13824],""spin_charge_density"":[13,2,4],""spin_density"":[13,4]}"
S005_QP1_M2,S005,667e0f62859f42ee2182f1a862f95dd54e09ff96b4c92be5377ba654140c68f0,1,2,f05eafa9455b7eb44d4a79b25e6536a81f6a1015f5f0ddc6ec570a27cd2c6776,artifacts/base_features/f0/f05eafa9455b7eb44d4a79b25e6536a81f6a1015f5f0ddc6ec570a27cd2c6776.npz,7973b4bb9f64ae82b1613a31a3546c068e4359c85d77d65a36b7740306d96be3,3095,-8819.99437343724,polar-1-l,9f65f8dc6ddaff1d631e299cb531376a7da5e68d1bef04f34a2d5073d5ef114b,0.3.16,4d2da09413ac1407f37cdbb6b81fa28e4c15655e,e552c116b7d2c653f98b01f5c4fd599997f19f669a32bc6bf16396dd9f79365b,0.4.0,0e21d5546c482d08388a08eb4d948e833227ce47,079b233934150a3eee30444ce2408e09895ec4dd958ec60a822f870fa1284b99,float64,polar1l_rotation_invariants_v1,7beb8d4d9a8231a484c0bb6ff44b6b2e450eee2ca8a447370f350ed8678929cb,"{""density_coefficients"":[13,4],""dipole"":[1,3],""electron_energy"":[1],""electrostatic_energy"":[1],""energy"":[1],""node_feats"":[13,13824],""spin_charge_density"":[13,2,4],""spin_density"":[13,4]}"
S006_Q0_M1,S006,cc1f3e65c41358ec10fe003a5faf22bd26aff343ce13eff61a4737e2fb4aa423,0,1,17199ba7b7bb5885a93087ab36c5dca53cdd8b52af470248235c9b70cf3f2f4b,artifacts/base_features/17/17199ba7b7bb5885a93087ab36c5dca53cdd8b52af470248235c9b70cf3f2f4b.npz,22d5592c88cf3a8217e451fedb650aa5d2b2a6a0b6dfcf7f6b6d7d3e93024a9d,3095,-6762.06339919414,polar-1-l,9f65f8dc6ddaff1d631e299cb531376a7da5e68d1bef04f34a2d5073d5ef114b,0.3.16,4d2da09413ac1407f37cdbb6b81fa28e4c15655e,e552c116b7d2c653f98b01f5c4fd599997f19f669a32bc6bf16396dd9f79365b,0.4.0,0e21d5546c482d08388a08eb4d948e833227ce47,079b233934150a3eee30444ce2408e09895ec4dd958ec60a822f870fa1284b99,float64,polar1l_rotation_invariants_v1,7beb8d4d9a8231a484c0bb6ff44b6b2e450eee2ca8a447370f350ed8678929cb,"{""density_coefficients"":[12,4],""dipole"":[1,3],""electron_energy"":[1],""electrostatic_energy"":[1],""energy"":[1],""node_feats"":[12,13824],""spin_charge_density"":[12,2,4],""spin_density"":[12,4]}"
S006_QP1_M2,S006,7936c25c58e4f724701d80ecd841c9a1fa1e4458fca995358d3b5f60d3e71980,1,2,2275e4706558f3b669de4dc07bffc668a019359cef340bbb7df2fb1a445ff345,artifacts/base_features/22/2275e4706558f3b669de4dc07bffc668a019359cef340bbb7df2fb1a445ff345.npz,1aa463d362f87f1bc038479f35af313b99efa33087dbefaa5c27d3962741639d,3095,-6752.82700089833,polar-1-l,9f65f8dc6ddaff1d631e299cb531376a7da5e68d1bef04f34a2d5073d5ef114b,0.3.16,4d2da09413ac1407f37cdbb6b81fa28e4c15655e,e552c116b7d2c653f98b01f5c4fd599997f19f669a32bc6bf16396dd9f79365b,0.4.0,0e21d5546c482d08388a08eb4d948e833227ce47,079b233934150a3eee30444ce2408e09895ec4dd958ec60a822f870fa1284b99,float64,polar1l_rotation_invariants_v1,7beb8d4d9a8231a484c0bb6ff44b6b2e450eee2ca8a447370f350ed8678929cb,"{""density_coefficients"":[12,4],""dipole"":[1,3],""electron_energy"":[1],""electrostatic_energy"":[1],""energy"":[1],""node_feats"":[12,13824],""spin_charge_density"":[12,2,4],""spin_density"":[12,4]}"
S007_Q0_M1,S007,a2490ce875ee6775a847addd2f54b67f3f6bdd5ea22b75dc9f199bd19430fc44,0,1,0bb07709e2b2286f7b1acf40b41e29bccf66d6449476ccf3849d06e799396455,artifacts/base_features/0b/0bb07709e2b2286f7b1acf40b41e29bccf66d6449476ccf3849d06e799396455.npz,395830202a98068ac2473231728a2ee6de866bfad9c3bdb620a191111eb35289,3095,-15053.1042384265,polar-1-l,9f65f8dc6ddaff1d631e299cb531376a7da5e68d1bef04f34a2d5073d5ef114b,0.3.16,4d2da09413ac1407f37cdbb6b81fa28e4c15655e,e552c116b7d2c653f98b01f5c4fd599997f19f669a32bc6bf16396dd9f79365b,0.4.0,0e21d5546c482d08388a08eb4d948e833227ce47,079b233934150a3eee30444ce2408e09895ec4dd958ec60a822f870fa1284b99,float64,polar1l_rotation_invariants_v1,7beb8d4d9a8231a484c0bb6ff44b6b2e450eee2ca8a447370f350ed8678929cb,"{""density_coefficients"":[10,4],""dipole"":[1,3],""electron_energy"":[1],""electrostatic_energy"":[1],""energy"":[1],""node_feats"":[10,13824],""spin_charge_density"":[10,2,4],""spin_density"":[10,4]}"
S007_QP1_M2,S007,c7af52b7c1e79dae778fdfeafcbcd47649ef9b175d439064e5f40974913f046e,1,2,27d1ae377455ab3e61aa60ca99d30dcd8828eb3890f1aa739bafe7f01fab4299,artifacts/base_features/27/27d1ae377455ab3e61aa60ca99d30dcd8828eb3890f1aa739bafe7f01fab4299.npz,3fc8fff7c19fb05d1e7c1004d6a8ac23ac97bc1bd82b1c4eb4193e1bb4cc4931,3095,-15044.3544448454,polar-1-l,9f65f8dc6ddaff1d631e299cb531376a7da5e68d1bef04f34a2d5073d5ef114b,0.3.16,4d2da09413ac1407f37cdbb6b81fa28e4c15655e,e552c116b7d2c653f98b01f5c4fd599997f19f669a32bc6bf16396dd9f79365b,0.4.0,0e21d5546c482d08388a08eb4d948e833227ce47,079b233934150a3eee30444ce2408e09895ec4dd958ec60a822f870fa1284b99,float64,polar1l_rotation_invariants_v1,7beb8d4d9a8231a484c0bb6ff44b6b2e450eee2ca8a447370f350ed8678929cb,"{""density_coefficients"":[10,4],""dipole"":[1,3],""electron_energy"":[1],""electrostatic_energy"":[1],""energy"":[1],""node_feats"":[10,13824],""spin_charge_density"":[10,2,4],""spin_density"":[10,4]}"
S008_Q0_M1,S008,2502feca89fe320e9c6a243262e7c9f3b48391cfc3f6ca4c73d304a33b34bf12,0,1,5521a49f774585dcdd99aa3eb024e920ffa1e47d193161384ae99681dbe65d06,artifacts/base_features/55/5521a49f774585dcdd99aa3eb024e920ffa1e47d193161384ae99681dbe65d06.npz,57aee52112ba80c227efc7de7b269a60b4152dbc2b983aaf5b3b79c47d332e66,3095,-6324.73364046444,polar-1-l,9f65f8dc6ddaff1d631e299cb531376a7da5e68d1bef04f34a2d5073d5ef114b,0.3.16,4d2da09413ac1407f37cdbb6b81fa28e4c15655e,e552c116b7d2c653f98b01f5c4fd599997f19f669a32bc6bf16396dd9f79365b,0.4.0,0e21d5546c482d08388a08eb4d948e833227ce47,079b233934150a3eee30444ce2408e09895ec4dd958ec60a822f870fa1284b99,float64,polar1l_rotation_invariants_v1,7beb8d4d9a8231a484c0bb6ff44b6b2e450eee2ca8a447370f350ed8678929cb,"{""density_coefficients"":[13,4],""dipole"":[1,3],""electron_energy"":[1],""electrostatic_energy"":[1],""energy"":[1],""node_feats"":[13,13824],""spin_charge_density"":[13,2,4],""spin_density"":[13,4]}"
S008_QP1_M2,S008,fe699ce152e79729a7dcaae55a91db2a8961a2d022bd0ee8d5f33248ab0421f2,1,2,054a1630e394d6560535cbd76e758592e815cea6b73f89ac6170aeec8fadd17d,artifacts/base_features/05/054a1630e394d6560535cbd76e758592e815cea6b73f89ac6170aeec8fadd17d.npz,9d1212848353b70a3c6ad391caf3fb0ecd59e771c43703feb3b4cb1ce7100862,3095,-6315.32766566066,polar-1-l,9f65f8dc6ddaff1d631e299cb531376a7da5e68d1bef04f34a2d5073d5ef114b,0.3.16,4d2da09413ac1407f37cdbb6b81fa28e4c15655e,e552c116b7d2c653f98b01f5c4fd599997f19f669a32bc6bf16396dd9f79365b,0.4.0,0e21d5546c482d08388a08eb4d948e833227ce47,079b233934150a3eee30444ce2408e09895ec4dd958ec60a822f870fa1284b99,float64,polar1l_rotation_invariants_v1,7beb8d4d9a8231a484c0bb6ff44b6b2e450eee2ca8a447370f350ed8678929cb,"{""density_coefficients"":[13,4],""dipole"":[1,3],""electron_energy"":[1],""electrostatic_energy"":[1],""energy"":[1],""node_feats"":[13,13824],""spin_charge_density"":[13,2,4],""spin_density"":[13,4]}"
S009_Q0_M1,S009,ea84c7f7e693eb100e0990b1284aaf9d04696cd991740696d7b0b94c98fdcf34,0,1,a9aae7b903b9a265767d405af786002b4a092a4cfec74d6fdf6e37681f6ff1e5,artifacts/base_features/a9/a9aae7b903b9a265767d405af786002b4a092a4cfec74d6fdf6e37681f6ff1e5.npz,8e66a38bbe853e889e8cce400d51b1dab6ba69eb11caaae2e5da2f90568d19c9,3095,-6667.82064897407,polar-1-l,9f65f8dc6ddaff1d631e299cb531376a7da5e68d1bef04f34a2d5073d5ef114b,0.3.16,4d2da09413ac1407f37cdbb6b81fa28e4c15655e,e552c116b7d2c653f98b01f5c4fd599997f19f669a32bc6bf16396dd9f79365b,0.4.0,0e21d5546c482d08388a08eb4d948e833227ce47,079b233934150a3eee30444ce2408e09895ec4dd958ec60a822f870fa1284b99,float64,polar1l_rotation_invariants_v1,7beb8d4d9a8231a484c0bb6ff44b6b2e450eee2ca8a447370f350ed8678929cb,"{""density_coefficients"":[7,4],""dipole"":[1,3],""electron_energy"":[1],""electrostatic_energy"":[1],""energy"":[1],""node_feats"":[7,13824],""spin_charge_density"":[7,2,4],""spin_density"":[7,4]}"
S009_QP1_M2,S009,59060b29fb87c86dbebfa3f1bec258489aa3c61bc80fe0da7d4c3179d1ee10b0,1,2,04754a94018b1f31481cafc4dd8e2fb1f00bc195a91c1b748566eb31e6a3fdb2,artifacts/base_features/04/04754a94018b1f31481cafc4dd8e2fb1f00bc195a91c1b748566eb31e6a3fdb2.npz,62537f1d64c0caa4b13929dd44a8c047637470ab419a702d9ef7575ad1278eeb,3095,-6656.30870685801,polar-1-l,9f65f8dc6ddaff1d631e299cb531376a7da5e68d1bef04f34a2d5073d5ef114b,0.3.16,4d2da09413ac1407f37cdbb6b81fa28e4c15655e,e552c116b7d2c653f98b01f5c4fd599997f19f669a32bc6bf16396dd9f79365b,0.4.0,0e21d5546c482d08388a08eb4d948e833227ce47,079b233934150a3eee30444ce2408e09895ec4dd958ec60a822f870fa1284b99,float64,polar1l_rotation_invariants_v1,7beb8d4d9a8231a484c0bb6ff44b6b2e450eee2ca8a447370f350ed8678929cb,"{""density_coefficients"":[7,4],""dipole"":[1,3],""electron_energy"":[1],""electrostatic_energy"":[1],""energy"":[1],""node_feats"":[7,13824],""spin_charge_density"":[7,2,4],""spin_density"":[7,4]}"
S010_Q0_M1,S010,c77a5be1cfca229f5f858be64206379b212aa421cfee78f9a0321bd9b4cc3c4a,0,1,e31168fc9f494336cb4b6af970ba15056cf7074b6ec28eef4dc7b9f8a3010534,artifacts/base_features/e3/e31168fc9f494336cb4b6af970ba15056cf7074b6ec28eef4dc7b9f8a3010534.npz,ec91409bfc8bdc947097b79f1b43b8cf6de14d0e193bb4eee744cfd2ddca9d56,3095,-2079.86610563452,polar-1-l,9f65f8dc6ddaff1d631e299cb531376a7da5e68d1bef04f34a2d5073d5ef114b,0.3.16,4d2da09413ac1407f37cdbb6b81fa28e4c15655e,e552c116b7d2c653f98b01f5c4fd599997f19f669a32bc6bf16396dd9f79365b,0.4.0,0e21d5546c482d08388a08eb4d948e833227ce47,079b233934150a3eee30444ce2408e09895ec4dd958ec60a822f870fa1284b99,float64,polar1l_rotation_invariants_v1,7beb8d4d9a8231a484c0bb6ff44b6b2e450eee2ca8a447370f350ed8678929cb,"{""density_coefficients"":[3,4],""dipole"":[1,3],""electron_energy"":[1],""electrostatic_energy"":[1],""energy"":[1],""node_feats"":[3,13824],""spin_charge_density"":[3,2,4],""spin_density"":[3,4]}"
S010_QP1_M2,S010,06f224dde8dcc2ca613e04d06ab007ece9f77df8c605f6cf39a9c1c579d5b4c5,1,2,f99e454842eea2a362a51cf61b6413ad81d65df62a07371d2f6e25f8e3f698fe,artifacts/base_features/f9/f99e454842eea2a362a51cf61b6413ad81d65df62a07371d2f6e25f8e3f698fe.npz,2aace6ce7c1a77a6aec3d3c1b423a0981edef2e1c5468f22a2ad526b72ae4f7d,3095,-2067.29033540586,polar-1-l,9f65f8dc6ddaff1d631e299cb531376a7da5e68d1bef04f34a2d5073d5ef114b,0.3.16,4d2da09413ac1407f37cdbb6b81fa28e4c15655e,e552c116b7d2c653f98b01f5c4fd599997f19f669a32bc6bf16396dd9f79365b,0.4.0,0e21d5546c482d08388a08eb4d948e833227ce47,079b233934150a3eee30444ce2408e09895ec4dd958ec60a822f870fa1284b99,float64,polar1l_rotation_invariants_v1,7beb8d4d9a8231a484c0bb6ff44b6b2e450eee2ca8a447370f350ed8678929cb,"{""density_coefficients"":[3,4],""dipole"":[1,3],""electron_energy"":[1],""electrostatic_energy"":[1],""energy"":[1],""node_feats"":[3,13824],""spin_charge_density"":[3,2,4],""spin_density"":[3,4]}"
S011_Q0_M1,S011,e785a57ac0d76e2aa84f94653172207feee3d64556291e1567e719d136e86088,0,1,a90364f5e3e8141c13e00dd47ba98d300a0a510b3951d0207ab24081cb7c56a6,artifacts/base_features/a9/a90364f5e3e8141c13e00dd47ba98d300a0a510b3951d0207ab24081cb7c56a6.npz,f9537a354d69a93615fda06fdb102e2fbfa1d41b2575e0097e9c48a6034184d2,3095,-8340.44359948237,polar-1-l,9f65f8dc6ddaff1d631e299cb531376a7da5e68d1bef04f34a2d5073d5ef114b,0.3.16,4d2da09413ac1407f37cdbb6b81fa28e4c15655e,e552c116b7d2c653f98b01f5c4fd599997f19f669a32bc6bf16396dd9f79365b,0.4.0,0e21d5546c482d08388a08eb4d948e833227ce47,079b233934150a3eee30444ce2408e09895ec4dd958ec60a822f870fa1284b99,float64,polar1l_rotation_invariants_v1,7beb8d4d9a8231a484c0bb6ff44b6b2e450eee2ca8a447370f350ed8678929cb,"{""density_coefficients"":[12,4],""dipole"":[1,3],""electron_energy"":[1],""electrostatic_energy"":[1],""energy"":[1],""node_feats"":[12,13824],""spin_charge_density"":[12,2,4],""spin_density"":[12,4]}"
S011_QP1_M2,S011,275cf39adf540f22b31bf52c067028c582dfad6e1c8165221f146afb35844456,1,2,25e0e1ec28a7d2d8f04b15ceabb2649973e824dd5925dc103bd6183ef1c753a9,artifacts/base_features/25/25e0e1ec28a7d2d8f04b15ceabb2649973e824dd5925dc103bd6183ef1c753a9.npz,dab7494517c860487c612e22f32c76e727960884604c84fbde29936a1848dda2,3095,-8329.90788186544,polar-1-l,9f65f8dc6ddaff1d631e299cb531376a7da5e68d1bef04f34a2d5073d5ef114b,0.3.16,4d2da09413ac1407f37cdbb6b81fa28e4c15655e,e552c116b7d2c653f98b01f5c4fd599997f19f669a32bc6bf16396dd9f79365b,0.4.0,0e21d5546c482d08388a08eb4d948e833227ce47,079b233934150a3eee30444ce2408e09895ec4dd958ec60a822f870fa1284b99,float64,polar1l_rotation_invariants_v1,7beb8d4d9a8231a484c0bb6ff44b6b2e450eee2ca8a447370f350ed8678929cb,"{""density_coefficients"":[12,4],""dipole"":[1,3],""electron_energy"":[1],""electrostatic_energy"":[1],""energy"":[1],""node_feats"":[12,13824],""spin_charge_density"":[12,2,4],""spin_density"":[12,4]}"
S012_Q0_M1,S012,08f2dbae1076ad26cde3cd4c58c105d1dfa7a8da5c48a7e3788da58f49d9736f,0,1,c4c457fe3107ee59dbb96d5772bf6e7fb002290c87028023103c0e07274ef5a8,artifacts/base_features/c4/c4c457fe3107ee59dbb96d5772bf6e7fb002290c87028023103c0e07274ef5a8.npz,4cc22df4d43b055f5383c8fb8b59423462270f3de2d5bf7ff5a5752d45f79195,3095,-19207.496765106,polar-1-l,9f65f8dc6ddaff1d631e299cb531376a7da5e68d1bef04f34a2d5073d5ef114b,0.3.16,4d2da09413ac1407f37cdbb6b81fa28e4c15655e,e552c116b7d2c653f98b01f5c4fd599997f19f669a32bc6bf16396dd9f79365b,0.4.0,0e21d5546c482d08388a08eb4d948e833227ce47,079b233934150a3eee30444ce2408e09895ec4dd958ec60a822f870fa1284b99,float64,polar1l_rotation_invariants_v1,7beb8d4d9a8231a484c0bb6ff44b6b2e450eee2ca8a447370f350ed8678929cb,"{""density_coefficients"":[15,4],""dipole"":[1,3],""electron_energy"":[1],""electrostatic_energy"":[1],""energy"":[1],""node_feats"":[15,13824],""spin_charge_density"":[15,2,4],""spin_density"":[15,4]}"
S012_QP1_M2,S012,4fcf48f559184811866e9d5fcdc718f9e77258aa95087c9015e83a7d638733d0,1,2,6b07da9cd41f3410ee6a9ac246dc252abe20eb04a2ffdaf6803a1960c89a6f82,artifacts/base_features/6b/6b07da9cd41f3410ee6a9ac246dc252abe20eb04a2ffdaf6803a1960c89a6f82.npz,210a1e59f6f3dc04ef1ef32cb74e706fb1a2a535c9279422344a97201824b756,3095,-19197.4004286084,polar-1-l,9f65f8dc6ddaff1d631e299cb531376a7da5e68d1bef04f34a2d5073d5ef114b,0.3.16,4d2da09413ac1407f37cdbb6b81fa28e4c15655e,e552c116b7d2c653f98b01f5c4fd599997f19f669a32bc6bf16396dd9f79365b,0.4.0,0e21d5546c482d08388a08eb4d948e833227ce47,079b233934150a3eee30444ce2408e09895ec4dd958ec60a822f870fa1284b99,float64,polar1l_rotation_invariants_v1,7beb8d4d9a8231a484c0bb6ff44b6b2e450eee2ca8a447370f350ed8678929cb,"{""density_coefficients"":[15,4],""dipole"":[1,3],""electron_energy"":[1],""electrostatic_energy"":[1],""energy"":[1],""node_feats"":[15,13824],""spin_charge_density"":[15,2,4],""spin_density"":[15,4]}"
S013_Q0_M1,S013,e70562abbae3f3232e4c377ef1e9f94cd7803f2c4407aa5baa9de711ec46c907,0,1,37f7c454df6437a14be34d6e6fc27db6eabcd64f2f24175462778522c466b383,artifacts/base_features/37/37f7c454df6437a14be34d6e6fc27db6eabcd64f2f24175462778522c466b383.npz,137186d3b86e6ac4c11c340d5e5599c816b5e4b4ff49fdeae90d6b412c564ce3,3095,-8869.04939740761,polar-1-l,9f65f8dc6ddaff1d631e299cb531376a7da5e68d1bef04f34a2d5073d5ef114b,0.3.16,4d2da09413ac1407f37cdbb6b81fa28e4c15655e,e552c116b7d2c653f98b01f5c4fd599997f19f669a32bc6bf16396dd9f79365b,0.4.0,0e21d5546c482d08388a08eb4d948e833227ce47,079b233934150a3eee30444ce2408e09895ec4dd958ec60a822f870fa1284b99,float64,polar1l_rotation_invariants_v1,7beb8d4d9a8231a484c0bb6ff44b6b2e450eee2ca8a447370f350ed8678929cb,"{""density_coefficients"":[16,4],""dipole"":[1,3],""electron_energy"":[1],""electrostatic_energy"":[1],""energy"":[1],""node_feats"":[16,13824],""spin_charge_density"":[16,2,4],""spin_density"":[16,4]}"
S013_QP1_M2,S013,f11505225ff5967e6f76299eff9d7b4528310053ba1ad87fb71d23887b7d0da8,1,2,ad26fe55fa4f38c06346175787d6febbf680b2240444a17d7316dd447c0019b4,artifacts/base_features/ad/ad26fe55fa4f38c06346175787d6febbf680b2240444a17d7316dd447c0019b4.npz,f756320dfd6b1c46081ccaf59b30f3b26df90ae0026b3bbf90b148dc2e70c4f7,3095,-8860.14188625641,polar-1-l,9f65f8dc6ddaff1d631e299cb531376a7da5e68d1bef04f34a2d5073d5ef114b,0.3.16,4d2da09413ac1407f37cdbb6b81fa28e4c15655e,e552c116b7d2c653f98b01f5c4fd599997f19f669a32bc6bf16396dd9f79365b,0.4.0,0e21d5546c482d08388a08eb4d948e833227ce47,079b233934150a3eee30444ce2408e09895ec4dd958ec60a822f870fa1284b99,float64,polar1l_rotation_invariants_v1,7beb8d4d9a8231a484c0bb6ff44b6b2e450eee2ca8a447370f350ed8678929cb,"{""density_coefficients"":[16,4],""dipole"":[1,3],""electron_energy"":[1],""electrostatic_energy"":[1],""energy"":[1],""node_feats"":[16,13824],""spin_charge_density"":[16,2,4],""spin_density"":[16,4]}"
S014_Q0_M1,S014,eea550e799ddafb598220bdf4eb57ff36694a37c09f38df537fd0d6003e7202e,0,1,7d094c0667391f7286d9958b056884ac81c0340cc31a2d2f7c482b659a6fb7db,artifacts/base_features/7d/7d094c0667391f7286d9958b056884ac81c0340cc31a2d2f7c482b659a6fb7db.npz,16bcfa7b24c057b061ac9cbbf8fd1a806ad960e061d69ee352c9bdbd3670b827,3095,-15191.6027144415,polar-1-l,9f65f8dc6ddaff1d631e299cb531376a7da5e68d1bef04f34a2d5073d5ef114b,0.3.16,4d2da09413ac1407f37cdbb6b81fa28e4c15655e,e552c116b7d2c653f98b01f5c4fd599997f19f669a32bc6bf16396dd9f79365b,0.4.0,0e21d5546c482d08388a08eb4d948e833227ce47,079b233934150a3eee30444ce2408e09895ec4dd958ec60a822f870fa1284b99,float64,polar1l_rotation_invariants_v1,7beb8d4d9a8231a484c0bb6ff44b6b2e450eee2ca8a447370f350ed8678929cb,"{""density_coefficients"":[19,4],""dipole"":[1,3],""electron_energy"":[1],""electrostatic_energy"":[1],""energy"":[1],""node_feats"":[19,13824],""spin_charge_density"":[19,2,4],""spin_density"":[19,4]}"
S014_QP1_M2,S014,a4bf165bf4378aedef3d6bd02b953856fec476822b850315f6f952b0044ff5ad,1,2,828afa8e7c1d1b9af15957b39b97bf56994ac1dbbc28ce9241e068abe67962da,artifacts/base_features/82/828afa8e7c1d1b9af15957b39b97bf56994ac1dbbc28ce9241e068abe67962da.npz,08788a6a7547d6866c5405affd4e8027d7b688e11dfdde5c9921ef899ab04865,3095,-15180.6848031259,polar-1-l,9f65f8dc6ddaff1d631e299cb531376a7da5e68d1bef04f34a2d5073d5ef114b,0.3.16,4d2da09413ac1407f37cdbb6b81fa28e4c15655e,e552c116b7d2c653f98b01f5c4fd599997f19f669a32bc6bf16396dd9f79365b,0.4.0,0e21d5546c482d08388a08eb4d948e833227ce47,079b233934150a3eee30444ce2408e09895ec4dd958ec60a822f870fa1284b99,float64,polar1l_rotation_invariants_v1,7beb8d4d9a8231a484c0bb6ff44b6b2e450eee2ca8a447370f350ed8678929cb,"{""density_coefficients"":[19,4],""dipole"":[1,3],""electron_energy"":[1],""electrostatic_energy"":[1],""energy"":[1],""node_feats"":[19,13824],""spin_charge_density"":[19,2,4],""spin_density"":[19,4]}"
S015_Q0_M1,S015,d9d6ece01e4dd6fb3340b2e60ec62824d0a7c63e46be0dd6bfbd4014a0fc51a0,0,1,7c04111df824e6550ef9834c01cb113983cf37396bacb7d3b7144c18fc414637,artifacts/base_features/7c/7c04111df824e6550ef9834c01cb113983cf37396bacb7d3b7144c18fc414637.npz,6562f1c848fd94add8a8a47556324014dd13db96f1acfd902944f602923ef39d,3095,-37118.2441853723,polar-1-l,9f65f8dc6ddaff1d631e299cb531376a7da5e68d1bef04f34a2d5073d5ef114b,0.3.16,4d2da09413ac1407f37cdbb6b81fa28e4c15655e,e552c116b7d2c653f98b01f5c4fd599997f19f669a32bc6bf16396dd9f79365b,0.4.0,0e21d5546c482d08388a08eb4d948e833227ce47,079b233934150a3eee30444ce2408e09895ec4dd958ec60a822f870fa1284b99,float64,polar1l_rotation_invariants_v1,7beb8d4d9a8231a484c0bb6ff44b6b2e450eee2ca8a447370f350ed8678929cb,"{""density_coefficients"":[32,4],""dipole"":[1,3],""electron_energy"":[1],""electrostatic_energy"":[1],""energy"":[1],""node_feats"":[32,13824],""spin_charge_density"":[32,2,4],""spin_density"":[32,4]}"
S015_QP1_M2,S015,00e81b385ee04441a4088d25ccdf9b810349ecc4944b93641e51550b0ac726f5,1,2,f4a5b94e0a173417f26789b1c3048f1b692b8f99e55f20b2045ac480f163cd84,artifacts/base_features/f4/f4a5b94e0a173417f26789b1c3048f1b692b8f99e55f20b2045ac480f163cd84.npz,040367364637b8defffae5067d4c16544329cee54cde53e957e3ff3e38f248c3,3095,-37107.8333226338,polar-1-l,9f65f8dc6ddaff1d631e299cb531376a7da5e68d1bef04f34a2d5073d5ef114b,0.3.16,4d2da09413ac1407f37cdbb6b81fa28e4c15655e,e552c116b7d2c653f98b01f5c4fd599997f19f669a32bc6bf16396dd9f79365b,0.4.0,0e21d5546c482d08388a08eb4d948e833227ce47,079b233934150a3eee30444ce2408e09895ec4dd958ec60a822f870fa1284b99,float64,polar1l_rotation_invariants_v1,7beb8d4d9a8231a484c0bb6ff44b6b2e450eee2ca8a447370f350ed8678929cb,"{""density_coefficients"":[32,4],""dipole"":[1,3],""electron_energy"":[1],""electrostatic_energy"":[1],""energy"":[1],""node_feats"":[32,13824],""spin_charge_density"":[32,2,4],""spin_density"":[32,4]}"
S016_Q0_M1,S016,dd0a79977434fdd07fcd3de0c98b642c17b198aed08bb5d9e535ad3d22b03569,0,1,03ec3a1a447400b055b9fc1dd1da88cd404b4111f72b084f279cc78a116459e3,artifacts/base_features/03/03ec3a1a447400b055b9fc1dd1da88cd404b4111f72b084f279cc78a116459e3.npz,a0f3200041e1941453f8af5156264fe6a922de2f4825df0571907d19b3bec1e3,3095,-23071.0440440419,polar-1-l,9f65f8dc6ddaff1d631e299cb531376a7da5e68d1bef04f34a2d5073d5ef114b,0.3.16,4d2da09413ac1407f37cdbb6b81fa28e4c15655e,e552c116b7d2c653f98b01f5c4fd599997f19f669a32bc6bf16396dd9f79365b,0.4.0,0e21d5546c482d08388a08eb4d948e833227ce47,079b233934150a3eee30444ce2408e09895ec4dd958ec60a822f870fa1284b99,float64,polar1l_rotation_invariants_v1,7beb8d4d9a8231a484c0bb6ff44b6b2e450eee2ca8a447370f350ed8678929cb,"{""density_coefficients"":[30,4],""dipole"":[1,3],""electron_energy"":[1],""electrostatic_energy"":[1],""energy"":[1],""node_feats"":[30,13824],""spin_charge_density"":[30,2,4],""spin_density"":[30,4]}"
S016_QP1_M2,S016,9456af08642f962cfb675f0504aa22ea49eb751f5db35f66fb58fafa607446d8,1,2,2e368302fb143111cce68d3b006d0ce7f735b4364aad21b64146beeb3263f3e2,artifacts/base_features/2e/2e368302fb143111cce68d3b006d0ce7f735b4364aad21b64146beeb3263f3e2.npz,33b8f4c1231ed96acfd2670983e08f170d069845d9db215509b11dc773a1c9a2,3095,-23060.9446350185,polar-1-l,9f65f8dc6ddaff1d631e299cb531376a7da5e68d1bef04f34a2d5073d5ef114b,0.3.16,4d2da09413ac1407f37cdbb6b81fa28e4c15655e,e552c116b7d2c653f98b01f5c4fd599997f19f669a32bc6bf16396dd9f79365b,0.4.0,0e21d5546c482d08388a08eb4d948e833227ce47,079b233934150a3eee30444ce2408e09895ec4dd958ec60a822f870fa1284b99,float64,polar1l_rotation_invariants_v1,7beb8d4d9a8231a484c0bb6ff44b6b2e450eee2ca8a447370f350ed8678929cb,"{""density_coefficients"":[30,4],""dipole"":[1,3],""electron_energy"":[1],""electrostatic_energy"":[1],""energy"":[1],""node_feats"":[30,13824],""spin_charge_density"":[30,2,4],""spin_density"":[30,4]}"
S017_Q0_M1,S017,c3370e476ccbe6ee5f810d62d7897417cd937102fc79eac5861c4294f8ec00f7,0,1,b87e5770477b35536ce3c3cd4f7c5b33667f88603a133a2fa2f3b6e21f0c0652,artifacts/base_features/b8/b87e5770477b35536ce3c3cd4f7c5b33667f88603a133a2fa2f3b6e21f0c0652.npz,c718c12537d436c03f917e760a05e8f1e5f0c0fdcee9e944e5fb2a731d460114,3095,-59108.1351488848,polar-1-l,9f65f8dc6ddaff1d631e299cb531376a7da5e68d1bef04f34a2d5073d5ef114b,0.3.16,4d2da09413ac1407f37cdbb6b81fa28e4c15655e,e552c116b7d2c653f98b01f5c4fd599997f19f669a32bc6bf16396dd9f79365b,0.4.0,0e21d5546c482d08388a08eb4d948e833227ce47,079b233934150a3eee30444ce2408e09895ec4dd958ec60a822f870fa1284b99,float64,polar1l_rotation_invariants_v1,7beb8d4d9a8231a484c0bb6ff44b6b2e450eee2ca8a447370f350ed8678929cb,"{""density_coefficients"":[34,4],""dipole"":[1,3],""electron_energy"":[1],""electrostatic_energy"":[1],""energy"":[1],""node_feats"":[34,13824],""spin_charge_density"":[34,2,4],""spin_density"":[34,4]}"
S017_QP1_M2,S017,641444e1e53300ca2a52e20876fc6c3b1f487c6c052a2effa0e3c58b481342d1,1,2,7c9cce65fb7577016318d33d0eaef6ca27eb8a748945ce8e7716cf038eb63685,artifacts/base_features/7c/7c9cce65fb7577016318d33d0eaef6ca27eb8a748945ce8e7716cf038eb63685.npz,3ce1532d4400681574a870fcb0c9decb6278a94008c58048e94199cc187d219d,3095,-59098.9986611419,polar-1-l,9f65f8dc6ddaff1d631e299cb531376a7da5e68d1bef04f34a2d5073d5ef114b,0.3.16,4d2da09413ac1407f37cdbb6b81fa28e4c15655e,e552c116b7d2c653f98b01f5c4fd599997f19f669a32bc6bf16396dd9f79365b,0.4.0,0e21d5546c482d08388a08eb4d948e833227ce47,079b233934150a3eee30444ce2408e09895ec4dd958ec60a822f870fa1284b99,float64,polar1l_rotation_invariants_v1,7beb8d4d9a8231a484c0bb6ff44b6b2e450eee2ca8a447370f350ed8678929cb,"{""density_coefficients"":[34,4],""dipole"":[1,3],""electron_energy"":[1],""electrostatic_energy"":[1],""energy"":[1],""node_feats"":[34,13824],""spin_charge_density"":[34,2,4],""spin_density"":[34,4]}"
S018_Q0_M1,S018,d270747734229e431eacc733c15bb3e5bfcb11da7872879acdb8bbdab79f4443,0,1,58485dae333b3f375b3ecd9c3a2e14218e753e57391b83d88ff4b1dd9a456b1c,artifacts/base_features/58/58485dae333b3f375b3ecd9c3a2e14218e753e57391b83d88ff4b1dd9a456b1c.npz,dbf1634196b25b6a24684a3c2a866214a5375f02a3b939ddab2b04077bf2f256,3095,-33732.3785179311,polar-1-l,9f65f8dc6ddaff1d631e299cb531376a7da5e68d1bef04f34a2d5073d5ef114b,0.3.16,4d2da09413ac1407f37cdbb6b81fa28e4c15655e,e552c116b7d2c653f98b01f5c4fd599997f19f669a32bc6bf16396dd9f79365b,0.4.0,0e21d5546c482d08388a08eb4d948e833227ce47,079b233934150a3eee30444ce2408e09895ec4dd958ec60a822f870fa1284b99,float64,polar1l_rotation_invariants_v1,7beb8d4d9a8231a484c0bb6ff44b6b2e450eee2ca8a447370f350ed8678929cb,"{""density_coefficients"":[38,4],""dipole"":[1,3],""electron_energy"":[1],""electrostatic_energy"":[1],""energy"":[1],""node_feats"":[38,13824],""spin_charge_density"":[38,2,4],""spin_density"":[38,4]}"
S018_QP1_M2,S018,07d2759c5882c9d7c6eca15eff9d79066dfb11e0a348620e1b9f891a8e4a8ba0,1,2,5065afbcdfd61e291f4f5ae3049a1f844fa031a8e143046a0471dd91308ff50f,artifacts/base_features/50/5065afbcdfd61e291f4f5ae3049a1f844fa031a8e143046a0471dd91308ff50f.npz,9ad615c5a5168d8738b2b09bf09eba01e96018a16bcb5f36a2d87f8655f65ef1,3095,-33726.0833415228,polar-1-l,9f65f8dc6ddaff1d631e299cb531376a7da5e68d1bef04f34a2d5073d5ef114b,0.3.16,4d2da09413ac1407f37cdbb6b81fa28e4c15655e,e552c116b7d2c653f98b01f5c4fd599997f19f669a32bc6bf16396dd9f79365b,0.4.0,0e21d5546c482d08388a08eb4d948e833227ce47,079b233934150a3eee30444ce2408e09895ec4dd958ec60a822f870fa1284b99,float64,polar1l_rotation_invariants_v1,7beb8d4d9a8231a484c0bb6ff44b6b2e450eee2ca8a447370f350ed8678929cb,"{""density_coefficients"":[38,4],""dipole"":[1,3],""electron_energy"":[1],""electrostatic_energy"":[1],""energy"":[1],""node_feats"":[38,13824],""spin_charge_density"":[38,2,4],""spin_density"":[38,4]}"
S019_Q0_M1,S019,d121490422b318b181dc2e6eacbfb9a83f924fb0b9b10d351a001b26d91a7975,0,1,31db1201e96b4b90104bcabbdb95d9ee69a3462c5f305cd2cbccc64c32a49ab5,artifacts/base_features/31/31db1201e96b4b90104bcabbdb95d9ee69a3462c5f305cd2cbccc64c32a49ab5.npz,07089a8430abf7fc709a291eab9e7aa6bc61210dc44a1f84b97c15bff512d503,3095,-4681.84822707541,polar-1-l,9f65f8dc6ddaff1d631e299cb531376a7da5e68d1bef04f34a2d5073d5ef114b,0.3.16,4d2da09413ac1407f37cdbb6b81fa28e4c15655e,e552c116b7d2c653f98b01f5c4fd599997f19f669a32bc6bf16396dd9f79365b,0.4.0,0e21d5546c482d08388a08eb4d948e833227ce47,079b233934150a3eee30444ce2408e09895ec4dd958ec60a822f870fa1284b99,float64,polar1l_rotation_invariants_v1,7beb8d4d9a8231a484c0bb6ff44b6b2e450eee2ca8a447370f350ed8678929cb,"{""density_coefficients"":[9,4],""dipole"":[1,3],""electron_energy"":[1],""electrostatic_energy"":[1],""energy"":[1],""node_feats"":[9,13824],""spin_charge_density"":[9,2,4],""spin_density"":[9,4]}"
S019_QP1_M2,S019,f000fd6305399c667717ac61a4c0a38596f4f1e4bfbec49cdfcc8c727a7d04fa,1,2,fc3e54f971cfb2e54eee146529772172025c45f5e46dad3addc17bce356a7b39,artifacts/base_features/fc/fc3e54f971cfb2e54eee146529772172025c45f5e46dad3addc17bce356a7b39.npz,afa346e2a063799b662f86cb853d013054ae9fd60f2a6abf9dc972648363e55a,3095,-4669.95052558162,polar-1-l,9f65f8dc6ddaff1d631e299cb531376a7da5e68d1bef04f34a2d5073d5ef114b,0.3.16,4d2da09413ac1407f37cdbb6b81fa28e4c15655e,e552c116b7d2c653f98b01f5c4fd599997f19f669a32bc6bf16396dd9f79365b,0.4.0,0e21d5546c482d08388a08eb4d948e833227ce47,079b233934150a3eee30444ce2408e09895ec4dd958ec60a822f870fa1284b99,float64,polar1l_rotation_invariants_v1,7beb8d4d9a8231a484c0bb6ff44b6b2e450eee2ca8a447370f350ed8678929cb,"{""density_coefficients"":[9,4],""dipole"":[1,3],""electron_energy"":[1],""electrostatic_energy"":[1],""energy"":[1],""node_feats"":[9,13824],""spin_charge_density"":[9,2,4],""spin_density"":[9,4]}"
S020_Q0_M1,S020,ffa36ed4f8702208968c96d125df9ddc990f684327add3acaf1a7b74057c0c32,0,1,a69dcb528b49817f0ce2a1e0d979d0e97ff61bd56873462e07c8999b281dc115,artifacts/base_features/a6/a69dcb528b49817f0ce2a1e0d979d0e97ff61bd56873462e07c8999b281dc115.npz,4bd0e75ea868201bb10d2cfe02a56db56cc5f8f097c6dc90808ffeecf9647118,3095,-27183.9651035841,polar-1-l,9f65f8dc6ddaff1d631e299cb531376a7da5e68d1bef04f34a2d5073d5ef114b,0.3.16,4d2da09413ac1407f37cdbb6b81fa28e4c15655e,e552c116b7d2c653f98b01f5c4fd599997f19f669a32bc6bf16396dd9f79365b,0.4.0,0e21d5546c482d08388a08eb4d948e833227ce47,079b233934150a3eee30444ce2408e09895ec4dd958ec60a822f870fa1284b99,float64,polar1l_rotation_invariants_v1,7beb8d4d9a8231a484c0bb6ff44b6b2e450eee2ca8a447370f350ed8678929cb,"{""density_coefficients"":[8,4],""dipole"":[1,3],""electron_energy"":[1],""electrostatic_energy"":[1],""energy"":[1],""node_feats"":[8,13824],""spin_charge_density"":[8,2,4],""spin_density"":[8,4]}"
S020_QP1_M2,S020,dab36c37bb4ba54d4c29b26851aff4a0724deb18f22690a4d43f89576c9fca02,1,2,e4bf2eae3a21b0bbc4b7217c33867ae0f9e9c3247ffa4eda62797c5a9f9c3488,artifacts/base_features/e4/e4bf2eae3a21b0bbc4b7217c33867ae0f9e9c3247ffa4eda62797c5a9f9c3488.npz,f17469ec4ccd5b47381d5b39d93f2a184929418ece2dfc2b2c54de2c87dbbfe1,3095,-27172.6644357265,polar-1-l,9f65f8dc6ddaff1d631e299cb531376a7da5e68d1bef04f34a2d5073d5ef114b,0.3.16,4d2da09413ac1407f37cdbb6b81fa28e4c15655e,e552c116b7d2c653f98b01f5c4fd599997f19f669a32bc6bf16396dd9f79365b,0.4.0,0e21d5546c482d08388a08eb4d948e833227ce47,079b233934150a3eee30444ce2408e09895ec4dd958ec60a822f870fa1284b99,float64,polar1l_rotation_invariants_v1,7beb8d4d9a8231a484c0bb6ff44b6b2e450eee2ca8a447370f350ed8678929cb,"{""density_coefficients"":[8,4],""dipole"":[1,3],""electron_energy"":[1],""electrostatic_energy"":[1],""energy"":[1],""node_feats"":[8,13824],""spin_charge_density"":[8,2,4],""spin_density"":[8,4]}"
S021_Q0_M1,S021,ebda52d69ce154974a28ef10e265901ae6e210592e96727178860e27ff25a5e5,0,1,098cf3c8ec232463c0ac5970a7dfc2bfb7a4b30df1ce63b61accee6f25654c19,artifacts/base_features/09/098cf3c8ec232463c0ac5970a7dfc2bfb7a4b30df1ce63b61accee6f25654c19.npz,44166c6c7792dca1fcf767ea76dbb91fd6df587f045de56bb9a843b5a2cc382c,3095,-38620.3641431775,polar-1-l,9f65f8dc6ddaff1d631e299cb531376a7da5e68d1bef04f34a2d5073d5ef114b,0.3.16,4d2da09413ac1407f37cdbb6b81fa28e4c15655e,e552c116b7d2c653f98b01f5c4fd599997f19f669a32bc6bf16396dd9f79365b,0.4.0,0e21d5546c482d08388a08eb4d948e833227ce47,079b233934150a3eee30444ce2408e09895ec4dd958ec60a822f870fa1284b99,float64,polar1l_rotation_invariants_v1,7beb8d4d9a8231a484c0bb6ff44b6b2e450eee2ca8a447370f350ed8678929cb,"{""density_coefficients"":[5,4],""dipole"":[1,3],""electron_energy"":[1],""electrostatic_energy"":[1],""energy"":[1],""node_feats"":[5,13824],""spin_charge_density"":[5,2,4],""spin_density"":[5,4]}"
S021_QP1_M2,S021,0dc6e8fb17cb8b69e7d1c8184061093c5350d85d58e98c00fb3d402c32594298,1,2,ca49a8e9bf0a52bb8c81ca9854f526d5e3cf2a1c05787216687027e192b50e1a,artifacts/base_features/ca/ca49a8e9bf0a52bb8c81ca9854f526d5e3cf2a1c05787216687027e192b50e1a.npz,f6eb69f13923ed67e02b2fa329dc3535e9842809f5de769cbdb55897f148c955,3095,-38608.7611777678,polar-1-l,9f65f8dc6ddaff1d631e299cb531376a7da5e68d1bef04f34a2d5073d5ef114b,0.3.16,4d2da09413ac1407f37cdbb6b81fa28e4c15655e,e552c116b7d2c653f98b01f5c4fd599997f19f669a32bc6bf16396dd9f79365b,0.4.0,0e21d5546c482d08388a08eb4d948e833227ce47,079b233934150a3eee30444ce2408e09895ec4dd958ec60a822f870fa1284b99,float64,polar1l_rotation_invariants_v1,7beb8d4d9a8231a484c0bb6ff44b6b2e450eee2ca8a447370f350ed8678929cb,"{""density_coefficients"":[5,4],""dipole"":[1,3],""electron_energy"":[1],""electrostatic_energy"":[1],""energy"":[1],""node_feats"":[5,13824],""spin_charge_density"":[5,2,4],""spin_density"":[5,4]}"
S022_Q0_M1,S022,c0ca7882700e3a94cf44f17a76bfb125aea9c3bf525c2ea859bb9bba6d8a73eb,0,1,f9973e855ac148d65c1005fb1f10244e444d1a38b5009d2321e7d8a4d195117d,artifacts/base_features/f9/f9973e855ac148d65c1005fb1f10244e444d1a38b5009d2321e7d8a4d195117d.npz,79f694784b14ea35e3ae86babbe8aa7748b18e45ce13a5cb4c54cfbb8a6549ff,3095,-9318.2733210359,polar-1-l,9f65f8dc6ddaff1d631e299cb531376a7da5e68d1bef04f34a2d5073d5ef114b,0.3.16,4d2da09413ac1407f37cdbb6b81fa28e4c15655e,e552c116b7d2c653f98b01f5c4fd599997f19f669a32bc6bf16396dd9f79365b,0.4.0,0e21d5546c482d08388a08eb4d948e833227ce47,079b233934150a3eee30444ce2408e09895ec4dd958ec60a822f870fa1284b99,float64,polar1l_rotation_invariants_v1,7beb8d4d9a8231a484c0bb6ff44b6b2e450eee2ca8a447370f350ed8678929cb,"{""density_coefficients"":[10,4],""dipole"":[1,3],""electron_energy"":[1],""electrostatic_energy"":[1],""energy"":[1],""node_feats"":[10,13824],""spin_charge_density"":[10,2,4],""spin_density"":[10,4]}"
S022_QP1_M2,S022,98791541d2536da701ba7de983c299477476e5513a5f3dfc8beefc04b8c49f77,1,2,fd4de1d18f7cfb0cd047646a2d6da0f5f21f90c90e9bab85b568af9893d44d28,artifacts/base_features/fd/fd4de1d18f7cfb0cd047646a2d6da0f5f21f90c90e9bab85b568af9893d44d28.npz,1d6d0d23db0d7db28a2304e3f6bf4bc7c5be7cf509ac57b27ddff13025765792,3095,-9306.94478665149,polar-1-l,9f65f8dc6ddaff1d631e299cb531376a7da5e68d1bef04f34a2d5073d5ef114b,0.3.16,4d2da09413ac1407f37cdbb6b81fa28e4c15655e,e552c116b7d2c653f98b01f5c4fd599997f19f669a32bc6bf16396dd9f79365b,0.4.0,0e21d5546c482d08388a08eb4d948e833227ce47,079b233934150a3eee30444ce2408e09895ec4dd958ec60a822f870fa1284b99,float64,polar1l_rotation_invariants_v1,7beb8d4d9a8231a484c0bb6ff44b6b2e450eee2ca8a447370f350ed8678929cb,"{""density_coefficients"":[10,4],""dipole"":[1,3],""electron_energy"":[1],""electrostatic_energy"":[1],""energy"":[1],""node_feats"":[10,13824],""spin_charge_density"":[10,2,4],""spin_density"":[10,4]}"
S023_Q0_M1,S023,8d2da0b3b6c842eab6b8ed3bc915b2745f7525ff2959cc45a3525e412c33c9eb,0,1,e0f4c6aeaf2a2c0c46ea856510ffcfdf4832f4ce85556900caad72151823f9a1,artifacts/base_features/e0/e0f4c6aeaf2a2c0c46ea856510ffcfdf4832f4ce85556900caad72151823f9a1.npz,d9a285a3b8e520a82050a5e788e6cc7985a89f78e80b2bb46246edfb9bb8510c,3095,-9350.77587333501,polar-1-l,9f65f8dc6ddaff1d631e299cb531376a7da5e68d1bef04f34a2d5073d5ef114b,0.3.16,4d2da09413ac1407f37cdbb6b81fa28e4c15655e,e552c116b7d2c653f98b01f5c4fd599997f19f669a32bc6bf16396dd9f79365b,0.4.0,0e21d5546c482d08388a08eb4d948e833227ce47,079b233934150a3eee30444ce2408e09895ec4dd958ec60a822f870fa1284b99,float64,polar1l_rotation_invariants_v1,7beb8d4d9a8231a484c0bb6ff44b6b2e450eee2ca8a447370f350ed8678929cb,"{""density_coefficients"":[12,4],""dipole"":[1,3],""electron_energy"":[1],""electrostatic_energy"":[1],""energy"":[1],""node_feats"":[12,13824],""spin_charge_density"":[12,2,4],""spin_density"":[12,4]}"
S023_QP1_M2,S023,7fbf8f9860470d37746d4620baf7dde41c3550cad7fd2e4aff632fed99a858cb,1,2,5baa5464bc1bf1298b4e594de07bca52661c03cfbbe748da06269bf316658c74,artifacts/base_features/5b/5baa5464bc1bf1298b4e594de07bca52661c03cfbbe748da06269bf316658c74.npz,26257d681b270ee8f2ee540fac25e380fc427bd6fdc49942bcb6b062eeb97e90,3095,-9339.55868513802,polar-1-l,9f65f8dc6ddaff1d631e299cb531376a7da5e68d1bef04f34a2d5073d5ef114b,0.3.16,4d2da09413ac1407f37cdbb6b81fa28e4c15655e,e552c116b7d2c653f98b01f5c4fd599997f19f669a32bc6bf16396dd9f79365b,0.4.0,0e21d5546c482d08388a08eb4d948e833227ce47,079b233934150a3eee30444ce2408e09895ec4dd958ec60a822f870fa1284b99,float64,polar1l_rotation_invariants_v1,7beb8d4d9a8231a484c0bb6ff44b6b2e450eee2ca8a447370f350ed8678929cb,"{""density_coefficients"":[12,4],""dipole"":[1,3],""electron_energy"":[1],""electrostatic_energy"":[1],""energy"":[1],""node_feats"":[12,13824],""spin_charge_density"":[12,2,4],""spin_density"":[12,4]}"
S024_Q0_M1,S024,6f38f9dfe15ffa014b943a928a819eaba367cc664dae9635354debd1a8738e9b,0,1,aea88b05b0b3d4c8836ab79dfb962332af062baba99fe43ec27bee28e4fa2011,artifacts/base_features/ae/aea88b05b0b3d4c8836ab79dfb962332af062baba99fe43ec27bee28e4fa2011.npz,ec34babccc8fec16806aab943295b5f5f092c3ae7a39d7f1e08d9c1865ff2ebd,3095,-8371.81664448833,polar-1-l,9f65f8dc6ddaff1d631e299cb531376a7da5e68d1bef04f34a2d5073d5ef114b,0.3.16,4d2da09413ac1407f37cdbb6b81fa28e4c15655e,e552c116b7d2c653f98b01f5c4fd599997f19f669a32bc6bf16396dd9f79365b,0.4.0,0e21d5546c482d08388a08eb4d948e833227ce47,079b233934150a3eee30444ce2408e09895ec4dd958ec60a822f870fa1284b99,float64,polar1l_rotation_invariants_v1,7beb8d4d9a8231a484c0bb6ff44b6b2e450eee2ca8a447370f350ed8678929cb,"{""density_coefficients"":[14,4],""dipole"":[1,3],""electron_energy"":[1],""electrostatic_energy"":[1],""energy"":[1],""node_feats"":[14,13824],""spin_charge_density"":[14,2,4],""spin_density"":[14,4]}"
S024_QP1_M2,S024,de2f6d6b54d823a77d9ac1d6f5164cf4e991b71e83a91b030beb33967084cad9,1,2,31d08408e6042199ca2b520cf7058a04ff3cfcd1e87279ab0e61b2b4c154be69,artifacts/base_features/31/31d08408e6042199ca2b520cf7058a04ff3cfcd1e87279ab0e61b2b4c154be69.npz,6093f75a9200c3e55c5858717930ff33cc17020d2428ae6d7531083adf5ce02d,3095,-8362.98288273408,polar-1-l,9f65f8dc6ddaff1d631e299cb531376a7da5e68d1bef04f34a2d5073d5ef114b,0.3.16,4d2da09413ac1407f37cdbb6b81fa28e4c15655e,e552c116b7d2c653f98b01f5c4fd599997f19f669a32bc6bf16396dd9f79365b,0.4.0,0e21d5546c482d08388a08eb4d948e833227ce47,079b233934150a3eee30444ce2408e09895ec4dd958ec60a822f870fa1284b99,float64,polar1l_rotation_invariants_v1,7beb8d4d9a8231a484c0bb6ff44b6b2e450eee2ca8a447370f350ed8678929cb,"{""density_coefficients"":[14,4],""dipole"":[1,3],""electron_energy"":[1],""electrostatic_energy"":[1],""energy"":[1],""node_feats"":[14,13824],""spin_charge_density"":[14,2,4],""spin_density"":[14,4]}"
S025_Q0_M1,S025,ac6c5f24667f6488886fd602f37a6223610b771df2a4dc19d9d0f6513a7858db,0,1,ee7cd96571825f71b3ae840eb5e9c9e651bdef0dc1e1c2570f2cf3cd01f11dae,artifacts/base_features/ee/ee7cd96571825f71b3ae840eb5e9c9e651bdef0dc1e1c2570f2cf3cd01f11dae.npz,54bc9dafc1c8229f5d34c6368308a71f5ad1f9be156a7c44426c39ed27185da5,3095,-12589.8312256802,polar-1-l,9f65f8dc6ddaff1d631e299cb531376a7da5e68d1bef04f34a2d5073d5ef114b,0.3.16,4d2da09413ac1407f37cdbb6b81fa28e4c15655e,e552c116b7d2c653f98b01f5c4fd599997f19f669a32bc6bf16396dd9f79365b,0.4.0,0e21d5546c482d08388a08eb4d948e833227ce47,079b233934150a3eee30444ce2408e09895ec4dd958ec60a822f870fa1284b99,float64,polar1l_rotation_invariants_v1,7beb8d4d9a8231a484c0bb6ff44b6b2e450eee2ca8a447370f350ed8678929cb,"{""density_coefficients"":[23,4],""dipole"":[1,3],""electron_energy"":[1],""electrostatic_energy"":[1],""energy"":[1],""node_feats"":[23,13824],""spin_charge_density"":[23,2,4],""spin_density"":[23,4]}"
S025_QP1_M2,S025,b45a465923bce7a42cf1d287e880518df7fc5203c4edcd3adf2eae663cadd98b,1,2,35c201aa393715a11ee368acf8b7cfd39487dc45847c237d40d3fcf074ce15e3,artifacts/base_features/35/35c201aa393715a11ee368acf8b7cfd39487dc45847c237d40d3fcf074ce15e3.npz,494eda7845970083e196f5108de94a7b855d4086e1d7e3d76d51cfc3024cdd7a,3095,-12580.6507328763,polar-1-l,9f65f8dc6ddaff1d631e299cb531376a7da5e68d1bef04f34a2d5073d5ef114b,0.3.16,4d2da09413ac1407f37cdbb6b81fa28e4c15655e,e552c116b7d2c653f98b01f5c4fd599997f19f669a32bc6bf16396dd9f79365b,0.4.0,0e21d5546c482d08388a08eb4d948e833227ce47,079b233934150a3eee30444ce2408e09895ec4dd958ec60a822f870fa1284b99,float64,polar1l_rotation_invariants_v1,7beb8d4d9a8231a484c0bb6ff44b6b2e450eee2ca8a447370f350ed8678929cb,"{""density_coefficients"":[23,4],""dipole"":[1,3],""electron_energy"":[1],""electrostatic_energy"":[1],""energy"":[1],""node_feats"":[23,13824],""spin_charge_density"":[23,2,4],""spin_density"":[23,4]}"
