state_id,solvent_id,geometry_hash,E_base_MACE_eV,feature_cache_key,checkpoint_sha256,feature_schema_revision
A001_Q0_M2,S001,588ed992a26c54329e3e11980df071b97eb9e5327a31f258b5c81e8e0630cb12,-25593.9661268608,e0d1469df8caa3524c7d9f71a389ed5970e8441317ad4b9981758a3b3e5f7214,9f65f8dc6ddaff1d631e299cb531376a7da5e68d1bef04f34a2d5073d5ef114b,polar1l_rotation_invariants_v1
A001_Q0_M2,S007,a12d2790ab5be3693f440201fd148dd465bda29997e03744b1a2eb61dc69869b,-25593.9661180713,23d4bc976caf2f7bb04786b416ffbe9d6708e2224725a3ce773b4df9aa58e7e6,9f65f8dc6ddaff1d631e299cb531376a7da5e68d1bef04f34a2d5073d5ef114b,polar1l_rotation_invariants_v1
A001_Q0_M2,S015,bf8235bc9b22b4137e234e48144d098d7471f50df8a376ead81e7fe43f2ba108,-25593.9662102744,ce8b33077050753212a492bbe493f915907b246ab789f079593c699336bcb0ff,9f65f8dc6ddaff1d631e299cb531376a7da5e68d1bef04f34a2d5073d5ef114b,polar1l_rotation_invariants_v1
A001_Q0_M2,S022,1aa1faf076d65e36e41e96162fbded213e9a3cd29617b79f76fdbe095f60e2d0,-25593.9661042511,9b80d469d1aed2f3c3980a7074dcf646aaed4fedb601a0150b2c396f3b6ad90f,9f65f8dc6ddaff1d631e299cb531376a7da5e68d1bef04f34a2d5073d5ef114b,polar1l_rotation_invariants_v1
A001_QM1_M1,S001,4df9acf370f285897aec214922626c3f111f0468f41204e5ca5c37efddf77369,-25602.493934198,d1e5c7ae314a7130ae8af8c6c155f18bf3a445b2c169dbd9259bb9511027f8b5,9f65f8dc6ddaff1d631e299cb531376a7da5e68d1bef04f34a2d5073d5ef114b,polar1l_rotation_invariants_v1
A001_QM1_M1,S007,de6c904a523806582fbf72130da874660be62f64364278b145011b0952e585ce,-25602.4939468578,9c2bf207e6174e73cffcd8d9c5e187959f76af5e68571baf07621051524796ac,9f65f8dc6ddaff1d631e299cb531376a7da5e68d1bef04f34a2d5073d5ef114b,polar1l_rotation_invariants_v1
A001_QM1_M1,S015,d1177f00b12706e1416d551386bd94e5aec36a65dc396fc3db997cb3dbce0c06,-25602.4938145001,69ae14f65e91477d027000684cb162353caf63a94141e351241f1dd2496431de,9f65f8dc6ddaff1d631e299cb531376a7da5e68d1bef04f34a2d5073d5ef114b,polar1l_rotation_invariants_v1
A001_QM1_M1,S022,fb7e755fe53a5ec3f5a75847c67d391eccd56d0755ae1c17467c881852ff42bb,-25602.4939659914,08bdbcbbbb944b0aa41f1f81923a0249015bfd1aaea2053669b0cf93d78b1de5,9f65f8dc6ddaff1d631e299cb531376a7da5e68d1bef04f34a2d5073d5ef114b,polar1l_rotation_invariants_v1
A002_Q0_M2,S001,8989bc787272bd7fd42b9023c55d70658f3c4d032ee35f7117e85123d865fe0c,-11547.2397404934,481c7e88e746c8461208b3037c605bf5a1028d66e02fded8b8f01c0cde07dfca,9f65f8dc6ddaff1d631e299cb531376a7da5e68d1bef04f34a2d5073d5ef114b,polar1l_rotation_invariants_v1
A002_Q0_M2,S002,46dea405532789b7d76d67c72931d6270fcbd9f716a5245dc88bc6917be48893,-11547.239668577,a7ea50fabb84c3becabf9f2f290f342b5495306edd8370be6f383a129ff78422,9f65f8dc6ddaff1d631e299cb531376a7da5e68d1bef04f34a2d5073d5ef114b,polar1l_rotation_invariants_v1
A002_Q0_M2,S003,ad780b2f95304732421d87979beb3cc437341b5a46aa85234c2c193f2e8d5586,-11547.2397513358,0599ceb3fb1521907d8c8eadff01ad583b7ea47d14858b3416afbc047ce0d1ae,9f65f8dc6ddaff1d631e299cb531376a7da5e68d1bef04f34a2d5073d5ef114b,polar1l_rotation_invariants_v1
A002_Q0_M2,S004,6c2ec646d07676adf8e5545a5ceb5e0989df0853fd73f4a310dce9942244cc9d,-11547.2397399119,7fbcf403f0cf3632ab2302e485de9308442f2f5819fc5f561550f40941a6ec9a,9f65f8dc6ddaff1d631e299cb531376a7da5e68d1bef04f34a2d5073d5ef114b,polar1l_rotation_invariants_v1
A002_Q0_M2,S005,6198fbb6669a61c27219e345dd5c9edc527fc27cb67059aafbc068dab6c08971,-11547.2397310306,ac71f51198c1b4c1fb4d9462a4fa0d1d94e9c7575e4dfa8cb64ffb5c32572bda,9f65f8dc6ddaff1d631e299cb531376a7da5e68d1bef04f34a2d5073d5ef114b,polar1l_rotation_invariants_v1
A002_Q0_M2,S006,7a39d8c734e407a3e8a74b4006d61f8466be2a6aaff3fbb382dcbc8107bdd8f1,-11547.2397415427,99d292b33991eb42dbd70870de5a53ae53326d58686407809be63441e3e94ca4,9f65f8dc6ddaff1d631e299cb531376a7da5e68d1bef04f34a2d5073d5ef114b,polar1l_rotation_invariants_v1
A002_Q0_M2,S007,8b6a6ed9e6fbfa318194cdcead28029932a3e3617f39cc87a2224758bb6d4237,-11547.239746111,f6287895e5c01f85fd7094feb292770eb7b193b12f3125d929b3b48722fb8809,9f65f8dc6ddaff1d631e299cb531376a7da5e68d1bef04f34a2d5073d5ef114b,polar1l_rotation_invariants_v1
A002_Q0_M2,S008,9c911056e0272330262d4581ca84e5a2199d661de3d1255ff665e7e3d4c3ef36,-11547.2396491758,fe5756f7d2cf09b39f2b5976fec9dc1e2f03c95c87898cbb6427b09d1b2c984b,9f65f8dc6ddaff1d631e299cb531376a7da5e68d1bef04f34a2d5073d5ef114b,polar1l_rotation_invariants_v1
A002_Q0_M2,S009,a2bc50aee9a2c9d27e46619c47e11551f333ea5006dc8001d0a28ed02d6428eb,-11547.2397409703,349b9330983cb632762df9f5ee489627c5e3e34b96cdd9501b818c93ec6bf006,9f65f8dc6ddaff1d631e299cb531376a7da5e68d1bef04f34a2d5073d5ef114b,polar1l_rotation_invariants_v1
A002_Q0_M2,S010,5f2d356204585e7a3a870bbc2d21616e69e3b5e16c7eccfaab562a800a406fc6,-11547.239753394,0232c3d884b556b49be4e9e65bc271cd4a5021a3555f372733ac415cd1896175,9f65f8dc6ddaff1d631e299cb531376a7da5e68d1bef04f34a2d5073d5ef114b,polar1l_rotation_invariants_v1
A002_Q0_M2,S011,a2f3d5336632da19de425f4ce59852b8908a3c5e52754a47356fe2a23962ecd3,-11547.2397440049,71e9dfc3c46b4ccf43953de5fda24bd609c236fabc26ed836d72499a944c7294,9f65f8dc6ddaff1d631e299cb531376a7da5e68d1bef04f34a2d5073d5ef114b,polar1l_rotation_invariants_v1
A002_Q0_M2,S012,f738efd02253c992e8934900b876fdb9d2a696d4327d050aa9212cd8e90fdbf6,-11547.2397446853,df38f3476481dab7d9f2568ef9ac44eab7e0f018e96866c957457968dccd386d,9f65f8dc6ddaff1d631e299cb531376a7da5e68d1bef04f34a2d5073d5ef114b,polar1l_rotation_invariants_v1
A002_Q0_M2,S013,00878b9ac14ecfe00af9742c61ef17a4e8f2b9b55a4555ce36d0be0681ebce30,-11547.2397379002,a8882b6e330592db1c23044bda1c0edce586e71308b28f33d59de28bdfa14cd7,9f65f8dc6ddaff1d631e299cb531376a7da5e68d1bef04f34a2d5073d5ef114b,polar1l_rotation_invariants_v1
A002_Q0_M2,S014,d5ee73a39e0e4cb6bcadb713df8795513a5f8e179fec0dcf2737fbce10aaec2a,-11547.239566855,3828887cc63f1850abb69aab777720c7d1a574161a988283a584167fdcab36d9,9f65f8dc6ddaff1d631e299cb531376a7da5e68d1bef04f34a2d5073d5ef114b,polar1l_rotation_invariants_v1
A002_Q0_M2,S015,7b3d115bc0d34d90183a9e5841e90e2351144095451b221b59f2c8ebe44dfd76,-11547.2396895036,8cc77f009bd7423a5e07eb7db120a92560c10ffd790476954274d5016699d9f5,9f65f8dc6ddaff1d631e299cb531376a7da5e68d1bef04f34a2d5073d5ef114b,polar1l_rotation_invariants_v1
A002_Q0_M2,S016,8b38344bca5ef8269a31c265647e2560a3cef5ee5d70c7ba9fd0af2dc241e008,-11547.2396762437,e7125316c60f33587ca1c0aeb7f9fc16e039c452ec9c25340ad5b742b13086b5,9f65f8dc6ddaff1d631e299cb531376a7da5e68d1bef04f34a2d5073d5ef114b,polar1l_rotation_invariants_v1
A002_Q0_M2,S017,d8bb42ec8ec22c4af2329ffaf10e144d8a3f3188e0a99e07f25ce80f366c52d0,-11547.2397024762,4e9bb0e4c7d06d2bd1a7c5c2557620be7612e5606cd9846e8f02cf381ade932b,9f65f8dc6ddaff1d631e299cb531376a7da5e68d1bef04f34a2d5073d5ef114b,polar1l_rotation_invariants_v1
A002_Q0_M2,S018,59ef8a945d2e96630fd35cfe01bc6daa6da566fad0a44d8a266ade9739cbe23f,-11547.2396771198,c274eb1713115ae9078bb186f4d8a6282a0dac0908a0760b235b8a7309e7fe14,9f65f8dc6ddaff1d631e299cb531376a7da5e68d1bef04f34a2d5073d5ef114b,polar1l_rotation_invariants_v1
A002_Q0_M2,S019,a05172d4f3a75b25d8f0a03a40dd05585e1e3e965af72263f2b10bd8e88acd1c,-11547.2397353603,9453218ca096abc4b56333f578a4ae48f64294086f99e81fc2c72aca5639c995,9f65f8dc6ddaff1d631e299cb531376a7da5e68d1bef04f34a2d5073d5ef114b,polar1l_rotation_invariants_v1
A002_Q0_M2,S020,37d329225d49186470c36b3bd8873158fb4ee58324cbddd13642e81926604b2c,-11547.2396799131,c9488f88a22aa2385cae904fb22b2a2b852261308935efcf1dc28bbb76b1ab00,9f65f8dc6ddaff1d631e299cb531376a7da5e68d1bef04f34a2d5073d5ef114b,polar1l_rotation_invariants_v1
A002_Q0_M2,S021,285d0bcff4f9ecf69b0f3045b481c8b69e4727f496940035e84c0024ac6c2bca,-11547.239582461,7c1ff07a57ce0669b536bfaf07a091334f251cbd790477e0e1909d2a40f9f2bd,9f65f8dc6ddaff1d631e299cb531376a7da5e68d1bef04f34a2d5073d5ef114b,polar1l_rotation_invariants_v1
A002_Q0_M2,S022,4214c3fd76c233a0b56790c538fbb3b62186bba63415b1a7b2bdc00159177d54,-11547.2397549193,069663a00fe0b671aa985591d3f22fdf4a88e389068b10bf2e122eda7552e21f,9f65f8dc6ddaff1d631e299cb531376a7da5e68d1bef04f34a2d5073d5ef114b,polar1l_rotation_invariants_v1
A002_Q0_M2,S023,7b5ffd1d7da115dca527f2b3da3592466e1cf98794c080738d9689a11824306d,-11547.2394860477,ae27be0d37c048541e9d6bb3e66e911b322d7ccdbf55e6efdd4e9ecc508b7327,9f65f8dc6ddaff1d631e299cb531376a7da5e68d1bef04f34a2d5073d5ef114b,polar1l_rotation_invariants_v1
A002_Q0_M2,S024,5be29d26d3b19da23428d2a14eebaf6312165bb98ec1aa6ac3e0954c52a5b137,-11547.2393749867,f849812b6afbfa283b95e50e50de0125edf9bca0f68f50c275320c637bdc26d7,9f65f8dc6ddaff1d631e299cb531376a7da5e68d1bef04f34a2d5073d5ef114b,polar1l_rotation_invariants_v1
A002_Q0_M2,S025,ae54ad406cf8aaaea3fd11a5f13e2498ee9064e961c25890f6148f8bb3b306c1,-11547.2396471676,e25c818444d8c2971c73911ef63e016ed1a384bea5a291d957fe0a11d4e5bd0f,9f65f8dc6ddaff1d631e299cb531376a7da5e68d1bef04f34a2d5073d5ef114b,polar1l_rotation_invariants_v1
A002_QM1_M1,S001,7a17f45bb14124753ff5516d497203fbc01bb3fa236829911d8ecce7fe4e1385,-11554.8678378649,7ac665474cc536b45234880ecd14593658d50ba4a163cc3fc3ac73f8bc2380c8,9f65f8dc6ddaff1d631e299cb531376a7da5e68d1bef04f34a2d5073d5ef114b,polar1l_rotation_invariants_v1
A002_QM1_M1,S002,96c7fbfdda447db028d962eca69319e7356a7ea0c1025a0b02935b5292c0ca07,-11554.8699618555,661f1014dcb0c51a3807bd59ed908e99ca04b5f289ff6fea51742137956eeb4c,9f65f8dc6ddaff1d631e299cb531376a7da5e68d1bef04f34a2d5073d5ef114b,polar1l_rotation_invariants_v1
A002_QM1_M1,S003,2034efeed7215aa124560fe81fd5046bec1ce8c49e0eb3ec817195e5e0f867be,-11554.8675158939,7c6c3b7f2519ebd0045665c2383c679ce39a82887c900668b2d7c6865c40db8a,9f65f8dc6ddaff1d631e299cb531376a7da5e68d1bef04f34a2d5073d5ef114b,polar1l_rotation_invariants_v1
A002_QM1_M1,S004,0ceed7e96fd9e0e4fa342d34feb8891e81ea93ae89c6789964e0df2558f757db,-11554.867855901,6f2290750f13a6538d20540ad14fc5e1044388508941b704b3404f6080cd5052,9f65f8dc6ddaff1d631e299cb531376a7da5e68d1bef04f34a2d5073d5ef114b,polar1l_rotation_invariants_v1
A002_QM1_M1,S005,05bc09a3989d4153258c513b04b0417700722dc59f46a659fed706b2cc3da590,-11554.8681193593,9c2abd79f7e598005fe3f076db6ed803f4cc0824d6857294dd4cb9d2e5cbd84b,9f65f8dc6ddaff1d631e299cb531376a7da5e68d1bef04f34a2d5073d5ef114b,polar1l_rotation_invariants_v1
A002_QM1_M1,S006,6389fd70e72cf5847f2ba4614ec5c44256f0d00911635ca9d779cf6ed036e8ed,-11554.8678084867,f4167b0545a46c2208443a19c42208df89591b10be75be601696b2cee0cb809b,9f65f8dc6ddaff1d631e299cb531376a7da5e68d1bef04f34a2d5073d5ef114b,polar1l_rotation_invariants_v1
A002_QM1_M1,S007,e2f9b877bce35008bd31b302d32ee4fccf60cc7e5d2795f1ffa248d9b600e6df,-11554.8676678721,86c428154572e4378edd29287f5366c4f0a95cc13897526ef1799ce251142974,9f65f8dc6ddaff1d631e299cb531376a7da5e68d1bef04f34a2d5073d5ef114b,polar1l_rotation_invariants_v1
A002_QM1_M1,S008,a48f9fc39b26020709693d15ef4bff19ac400aefd516a1fd501c687038049c00,-11554.8705301615,01413fdc88ba4220baa149a953c3055364871816a98004b8e5dee06fd62d774f,9f65f8dc6ddaff1d631e299cb531376a7da5e68d1bef04f34a2d5073d5ef114b,polar1l_rotation_invariants_v1
A002_QM1_M1,S009,1f9e718b03224d4138b4f0f68beee9b1d34f5b97a3da4868e6acf7d4c70d9644,-11554.8678207956,6ad80058f8b6fd1945839c34e6d5e28817c4b8eb458849519f04f7869db38a40,9f65f8dc6ddaff1d631e299cb531376a7da5e68d1bef04f34a2d5073d5ef114b,polar1l_rotation_invariants_v1
A002_QM1_M1,S010,7d31c42110b4593b77ad4f0633e0ce238aba19bf2ff06e3347360040b56d2cbf,-11554.8674484036,f40841651b1690b55c1c57571c1eda3664f6f8fe330938b6d908e41a2ed5bde8,9f65f8dc6ddaff1d631e299cb531376a7da5e68d1bef04f34a2d5073d5ef114b,polar1l_rotation_invariants_v1
A002_QM1_M1,S011,50b1ff2384c518b2205f23960a3e189f5e5081b61bfad5785bc2581a16bcce63,-11554.8677348537,0018d423a09e26dda5a65797f8ff09c23e390657cc380b7bac8e1b9cbe93bfa9,9f65f8dc6ddaff1d631e299cb531376a7da5e68d1bef04f34a2d5073d5ef114b,polar1l_rotation_invariants_v1
A002_QM1_M1,S012,22d23c4f5daa182d978af66d1ae6858d8891f9851d0cda6d8cad31088c19bed6,-11554.8677122509,1a116864cd2fbcdb52f3278549c020c8007be64e286661a5f8c74cd91ace0689,9f65f8dc6ddaff1d631e299cb531376a7da5e68d1bef04f34a2d5073d5ef114b,polar1l_rotation_invariants_v1
A002_QM1_M1,S013,3014ab67324b201d4180942da5ccb4b4d9fa3882220d6ae86b024518a6977976,-11554.8679152154,d67aba738107380f7fa6be2dfef99f7cbe037aadf1556e24b0d4c03dc8a67377,9f65f8dc6ddaff1d631e299cb531376a7da5e68d1bef04f34a2d5073d5ef114b,polar1l_rotation_invariants_v1
A002_QM1_M1,S014,660ddbd845a98587d4eea9304d07b044184bc599591f2f0a709186c2402e4172,-11554.8729024431,60e54c6f30ec7dc6cd7b6d43240616a2ddcb574ce6611541ef06dcd4c534feb1,9f65f8dc6ddaff1d631e299cb531376a7da5e68d1bef04f34a2d5073d5ef114b,polar1l_rotation_invariants_v1
A002_QM1_M1,S015,d1c6bc6a484486a659c55d5aa9df17407e39ccadb9961c358d206e8f724a2087,-11554.8693514041,9efb07c06886de03173c14f7276b7e2fa1e5abba72ebdd17ecee522f6afd0ced,9f65f8dc6ddaff1d631e299cb531376a7da5e68d1bef04f34a2d5073d5ef114b,polar1l_rotation_invariants_v1
A002_QM1_M1,S016,9b3026b63a50780b71bd233cb1830d8185374d68bfb865e6d07cf386be5fc67e,-11554.8697385125,1de31521d8ca35d42e0e9cf32ec7f98e2982e36c7651f1847e392f9d8b127638,9f65f8dc6ddaff1d631e299cb531376a7da5e68d1bef04f34a2d5073d5ef114b,polar1l_rotation_invariants_v1
A002_QM1_M1,S017,237b010df545897f0dcb7c49abeb601581adef79c31e0c038af394467e117235,-11554.8689661797,fbd96cb2bcb73f20f09001dde20ee02595b9e305cbd3eab54fffa662a3b3a037,9f65f8dc6ddaff1d631e299cb531376a7da5e68d1bef04f34a2d5073d5ef114b,polar1l_rotation_invariants_v1
A002_QM1_M1,S018,484f39a50d10992dd399cad1562b657a97aeca66ed256b80f87959db54710a14,-11554.8697120578,ed9f934a1f285c217999cd5ebb46188e2f33ecb53679d71a847c490c7929ce34,9f65f8dc6ddaff1d631e299cb531376a7da5e68d1bef04f34a2d5073d5ef114b,polar1l_rotation_invariants_v1
A002_QM1_M1,S019,80043e8fd13e9c1d2cdd9e8ce4ff80cfb3c68e20c6f144ae5409ccb4771f8e9e,-11554.8679927886,8a1895213ea23f019852ede9faea9116884d0823aaa960e50e56ac0b79c4e77c,9f65f8dc6ddaff1d631e299cb531376a7da5e68d1bef04f34a2d5073d5ef114b,polar1l_rotation_invariants_v1
A002_QM1_M1,S020,bf2a1b3916f307883d5d0332dedf890e28514b8aa4c5c73faeaa3e4743503734,-11554.8696296491,61d9d388e1700f310139805626acd1f77882524d8cae1acb635d7788e41ba257,9f65f8dc6ddaff1d631e299cb531376a7da5e68d1bef04f34a2d5073d5ef114b,polar1l_rotation_invariants_v1
A002_QM1_M1,S021,5d62c5b1ca0c4f7300cc29c07b66849ac27f9edd3ba22ddd25152f61ec0bf486,-11554.8724557656,674a16bca0594d7614d5d18b30401922219928ef3038e5a60a150b171d004c9d,9f65f8dc6ddaff1d631e299cb531376a7da5e68d1bef04f34a2d5073d5ef114b,polar1l_rotation_invariants_v1
A002_QM1_M1,S022,0f89e483e9cb123d6a54cb0ebf1ac1c6b680bfcbd276d3649cf79269dc8cd897,-11554.8674068869,75616ea15b420baffd30762a5c242f5006de7eb0a5450eb4e21d44b7140b715f,9f65f8dc6ddaff1d631e299cb531376a7da5e68d1bef04f34a2d5073d5ef114b,polar1l_rotation_invariants_v1
A002_QM1_M1,S023,60acabf4df2129d1676535e9fd967aa416b33652348b851b59af3276bf7374a4,-11554.8751785943,c9b909fcec485e8574bf5eb438645b5aff3a3551b91a991b7d02418805e56247,9f65f8dc6ddaff1d631e299cb531376a7da5e68d1bef04f34a2d5073d5ef114b,polar1l_rotation_invariants_v1
A002_QM1_M1,S024,c1cbadfaa4dac093a645e0a7a37b34201a83213167dfe8bbbc2e6fb4be83c241,-11554.8782406363,bda6aa4e9063f8b3581d99303d9559a03351d27baf50d832a6324c9c1cb69c15,9f65f8dc6ddaff1d631e299cb531376a7da5e68d1bef04f34a2d5073d5ef114b,polar1l_rotation_invariants_v1
A002_QM1_M1,S025,af092a80de43a7c67d27ceb707eb064ab8642850547b7e9911fb3b2963f2cf06,-11554.870588115,f418e11e853ea5ec9f2ce63d6486db210474f638d4fdb375057b5ea0d3bbaced,9f65f8dc6ddaff1d631e299cb531376a7da5e68d1bef04f34a2d5073d5ef114b,polar1l_rotation_invariants_v1
A003_Q0_M2,S005,e14f4bf48e5366d85e6639fd3b8de55052084db409b95208f88b48408fbbd3ba,-20701.355719144,cee58a0ab76c603105da7cbef943dc72032abb45baf748e8dd738f5862898bda,9f65f8dc6ddaff1d631e299cb531376a7da5e68d1bef04f34a2d5073d5ef114b,polar1l_rotation_invariants_v1
A003_Q0_M2,S012,a034103c6dbbc21f425e5aa9c983055f4bccaca36d803528c3a3b2fb45781038,-20701.355777791,a88f68f64a2e53827c86009d23759e8766a478a121b748c3aa8bc9d1700b0fb0,9f65f8dc6ddaff1d631e299cb531376a7da5e68d1bef04f34a2d5073d5ef114b,polar1l_rotation_invariants_v1
A003_Q0_M2,S017,714211617cc25288304156d2488c4de81ef9ff7c5e10514cf133476b44cf8e37,-20701.3555966239,098e53f0bc866febb978a25162d88fd8d4baf1b5bd3469e9c1d83d33d2ae51d4,9f65f8dc6ddaff1d631e299cb531376a7da5e68d1bef04f34a2d5073d5ef114b,polar1l_rotation_invariants_v1
A003_Q0_M2,S023,8644240950de38518ebba69da94aea6b8a6aeabc398470f587d3c71c34b9ea56,-20701.3546764916,c6a2f6e3f06f9ae8f51ce04834aa803ac20a574fea9b896fdee72ba144e37038,9f65f8dc6ddaff1d631e299cb531376a7da5e68d1bef04f34a2d5073d5ef114b,polar1l_rotation_invariants_v1
A003_QM1_M1,S005,9b001ffdc8a11ff559a607b1e78cc837ad373850361510763c9a4b023f58e53f,-20707.0413666807,6a38ee51d782fa22c7f101be305af22225b21c64cc3becf996b710cda0c74041,9f65f8dc6ddaff1d631e299cb531376a7da5e68d1bef04f34a2d5073d5ef114b,polar1l_rotation_invariants_v1
A003_QM1_M1,S012,71d00862d7b6c452070e1d1caf4eb4bc7e37c274686da993750b72f357a0e3ff,-20707.0411052894,cda1493a24a76ddc6dc2d7360422ee8b00333557919cff0093be2c82d8176db3,9f65f8dc6ddaff1d631e299cb531376a7da5e68d1bef04f34a2d5073d5ef114b,polar1l_rotation_invariants_v1
A003_QM1_M1,S017,c5f2ac4d2e671efe8e622a4f151c77c9de77d4e6509334e38334d992d604632c,-20707.041910507,a172e7a4cca396177df48353c5bcc4cff41f3700fe3ebeada04fd6fb3d42edbd,9f65f8dc6ddaff1d631e299cb531376a7da5e68d1bef04f34a2d5073d5ef114b,polar1l_rotation_invariants_v1
A003_QM1_M1,S023,42cc2333e311919a3ab2d27d8bb19c6e94952ecaa76f0a982603da27e75355af,-20707.0462889417,2d4d397d9c3b3d5638c026faaefa64ca7a954b3d25d313ce2869cbaf15d62a7e,9f65f8dc6ddaff1d631e299cb531376a7da5e68d1bef04f34a2d5073d5ef114b,polar1l_rotation_invariants_v1
A004_Q0_M2,S002,a6d718f2c8406afba8e90a5f9e6396a0c9e2e30e7e3fa90a77ea3a475ed67b93,-26163.7100338397,189d4a0d563bc4c57d1e7382a195073106e8b1962bd8498374546e1e5952852e,9f65f8dc6ddaff1d631e299cb531376a7da5e68d1bef04f34a2d5073d5ef114b,polar1l_rotation_invariants_v1
A004_Q0_M2,S006,aeebfb29838da3872bdd0cc393b25bd824edc8a41256082aefde42f000792811,-26163.7126169499,735f69d900a0048ca75179cabe7a3b5b4732702df9265fbca81d22757469c61a,9f65f8dc6ddaff1d631e299cb531376a7da5e68d1bef04f34a2d5073d5ef114b,polar1l_rotation_invariants_v1
A004_Q0_M2,S018,ed8337721b15a145cef9852cb4fb3ea465369ffb870037d5920cf3aa8c51bbc3,-26163.7102875257,ecc4b8f8d1191d66a730c27c968a0e04a132a2a620935af5eed2916242f0c163,9f65f8dc6ddaff1d631e299cb531376a7da5e68d1bef04f34a2d5073d5ef114b,polar1l_rotation_invariants_v1
A004_Q0_M2,S024,6bd8bc3e23b0d7d57a7bf640fb4a48df8f024ffd08a5fbb44c48308d6c99c663,-26163.7012721339,a89993dcdb658e0c1080f6666a9e29342eecdfc7cb070a6c9a5a8f064c273b4c,9f65f8dc6ddaff1d631e299cb531376a7da5e68d1bef04f34a2d5073d5ef114b,polar1l_rotation_invariants_v1
A004_QM1_M1,S002,e8931ef86d99a86e1f39d2ef8d5e42107d9babc17b8bcf1987a415a6984df5e1,-26169.6548201798,dc56ea40232d37f23a567d3b835234661ab4da64fa8d2c38d59fc2ea59f7acdf,9f65f8dc6ddaff1d631e299cb531376a7da5e68d1bef04f34a2d5073d5ef114b,polar1l_rotation_invariants_v1
A004_QM1_M1,S006,103f61ab6933b6755d9ded667b3b0f06de5ec6ca44061a8b10516e4a2de15af5,-26169.6516628764,3e211e8346dce729907092cbb78c9fcb3c2c982c792a649aeb9b1c313532ca28,9f65f8dc6ddaff1d631e299cb531376a7da5e68d1bef04f34a2d5073d5ef114b,polar1l_rotation_invariants_v1
A004_QM1_M1,S018,c252cba98dc8ba69248d733207fdce63d885deedc9ed5f04a6e4c08bc9282fde,-26169.654488999,956b54c8957afe62335862d5299aa6e49839535e7735c655581180ac51091916,9f65f8dc6ddaff1d631e299cb531376a7da5e68d1bef04f34a2d5073d5ef114b,polar1l_rotation_invariants_v1
A004_QM1_M1,S024,616d4b1bf1baaafd2b38f14e9958bad52b2e51a53f3e7e9ac701a8af53263a00,-26169.6613820006,873e2ad33885107cbb1e2b1ca6260040f01cc132c2a9d01fa21555651fcc7071,9f65f8dc6ddaff1d631e299cb531376a7da5e68d1bef04f34a2d5073d5ef114b,polar1l_rotation_invariants_v1
A005_Q0_M2,S001,8875ab7debcbe00c2bfc560b7422f752f1fcb22940fc6c49689c56340a85b102,-49724.4433138776,7c9005102cc0971c1b63d4eca6f66d8691ea2c6468af1254ac138a8c09f2f9e3,9f65f8dc6ddaff1d631e299cb531376a7da5e68d1bef04f34a2d5073d5ef114b,polar1l_rotation_invariants_v1
A005_Q0_M2,S002,8beec12af3aada0c6f2b417b13334ed24774bb85ab615fe27adc2782b903e6ca,-49724.4501834919,2cd3f2e717d223f01c83f3fd7e058264f34737a8e05a24f131b97f1d127ad622,9f65f8dc6ddaff1d631e299cb531376a7da5e68d1bef04f34a2d5073d5ef114b,polar1l_rotation_invariants_v1
A005_Q0_M2,S003,fad65d86a8c85d0d4f4dfaec07d93cc09bba0a3821bc08a86047d4f67082f84b,-49724.4423941948,6ec10130f121a98770f405effe390f44002966c6dc7645e1ee6e8e19ec467d8c,9f65f8dc6ddaff1d631e299cb531376a7da5e68d1bef04f34a2d5073d5ef114b,polar1l_rotation_invariants_v1
A005_Q0_M2,S004,49392ccbc9d665b79de6e4ab313418b7e29fd1e128548caac4ac0f24f5df414d,-49724.4433655115,93a04004724346f4dd1f64459f73b9ef61c64d5320a0953702b0b649c531b09b,9f65f8dc6ddaff1d631e299cb531376a7da5e68d1bef04f34a2d5073d5ef114b,polar1l_rotation_invariants_v1
A005_Q0_M2,S005,e4333863026a7934f07433733cc68db88c8136eab4be757ada7ff5b546f3c810,-49724.4454599528,b6d2fed4bc8a9f5f7d5d57f187ce56a9707704f633a137211e4b4f6bbd1b7cc4,9f65f8dc6ddaff1d631e299cb531376a7da5e68d1bef04f34a2d5073d5ef114b,polar1l_rotation_invariants_v1
A005_Q0_M2,S006,b9939968c36b08742b4c22700cd7806d8e17a8caa3a9e7fb34c3d116320e3dd0,-49724.4432291428,c6241ff052787e9d14d5f42070536ab8b02667037aa046ff68e13f8ffe64cd76,9f65f8dc6ddaff1d631e299cb531376a7da5e68d1bef04f34a2d5073d5ef114b,polar1l_rotation_invariants_v1
A005_Q0_M2,S007,6424e5146a99568f02a0e878b7999465f98226d003910804d8ae0df19d608ff1,-49724.4428442315,adf227f301d9f5a935457a48541ba21593470fd463b5cfbe156d4cce25582d35,9f65f8dc6ddaff1d631e299cb531376a7da5e68d1bef04f34a2d5073d5ef114b,polar1l_rotation_invariants_v1
A005_Q0_M2,S008,88aa8b5ad0a0c27d56ff72df90afe05fa96d77ab835138efcf112cba004615bb,-49724.4512796557,8efd458b7878cdbbc965172afe1cbc850eaa8f5d8e0dbd236b6518faa8848365,9f65f8dc6ddaff1d631e299cb531376a7da5e68d1bef04f34a2d5073d5ef114b,polar1l_rotation_invariants_v1
A005_Q0_M2,S009,767345af021c311c6a42aa1cd2659f9573c7e3307064063d772f3f2e95a4790a,-49724.4432645359,aeaa0bf222e5277aa77903386b23a60c0e8ce185f741fe1deff1a43efd6fff72,9f65f8dc6ddaff1d631e299cb531376a7da5e68d1bef04f34a2d5073d5ef114b,polar1l_rotation_invariants_v1
A005_Q0_M2,S010,f0b24cb990af921ba79c19ff94b4f480701f2172760658e5f75ab311b27881f7,-49724.4421914795,9e8da8801ed962572fe58cf64424572fe0788dccaa4327ae2fab464d523eeed5,9f65f8dc6ddaff1d631e299cb531376a7da5e68d1bef04f34a2d5073d5ef114b,polar1l_rotation_invariants_v1
A005_Q0_M2,S011,84f6412222ab3de3da46968acfd54701baf1ffc4c898431b19a9b0712e642e15,-49724.4430152884,923f58f4620042c49235e9b2f542a7e5caac08dc8822fc2ca34cace0eeaa022b,9f65f8dc6ddaff1d631e299cb531376a7da5e68d1bef04f34a2d5073d5ef114b,polar1l_rotation_invariants_v1
A005_Q0_M2,S012,5c20bb88701f144c55b2272d3a96cd82defba83286bcde51bae4ef9f73d40124,-49724.4429495547,0fa98b94416d7b437d4f0a8edeb6e6e71da731fd314ab9dcdcbaf6e6ab98c489,9f65f8dc6ddaff1d631e299cb531376a7da5e68d1bef04f34a2d5073d5ef114b,polar1l_rotation_invariants_v1
A005_Q0_M2,S013,9a8e09674802cc8bf30e517ea898f68f494d8bf029dc8cd78ca31b275f242c5f,-49724.4435356309,c75e18fb7d7df7a848c213e7fedcec242192e71f6022f23d01f9574b86c91c39,9f65f8dc6ddaff1d631e299cb531376a7da5e68d1bef04f34a2d5073d5ef114b,polar1l_rotation_invariants_v1
A005_Q0_M2,S014,a85178f6967b7d0cc92d65318f921c7aeebcd6e1d44d1021e9ea071bc05f3d59,-49724.4553734848,eabcd5311d14e057c9b5de7d661d55c2fd5ddeaa85881e010fbb306699a2ca8f,9f65f8dc6ddaff1d631e299cb531376a7da5e68d1bef04f34a2d5073d5ef114b,polar1l_rotation_invariants_v1
A005_Q0_M2,S015,401b9687edf100dc9d20ebe9fe0af91870ddfffe2dcef64682d0517d0fc100f8,-49724.4483180891,8fe7c96a901e1abf9af28259768e98ddd1516bc58c1e39b457f0db61cd8bbb8c,9f65f8dc6ddaff1d631e299cb531376a7da5e68d1bef04f34a2d5073d5ef114b,polar1l_rotation_invariants_v1
A005_Q0_M2,S016,595af1708ffc813682fd3c2af5ee80ef02f8ee45d0d718a6334e04da4a76328f,-49724.448879827,f0d85efd6f205740499fd3a55882daf65bd82830bb89af708a7a080ef024e69f,9f65f8dc6ddaff1d631e299cb531376a7da5e68d1bef04f34a2d5073d5ef114b,polar1l_rotation_invariants_v1
A005_Q0_M2,S017,3a730dc1bc20a5967db003d8160338f9bb052b3f718bb134b95a1898a855c7fd,-49724.4474988904,af7d376826821b9923c19eb8516124c8d03bf752ccac56c8fcf9d20b93144372,9f65f8dc6ddaff1d631e299cb531376a7da5e68d1bef04f34a2d5073d5ef114b,polar1l_rotation_invariants_v1
A005_Q0_M2,S018,63a5986721e6c25fe20d7a9c14dccfd60aa162a2fffc5e68daa352dbecfc7787,-49724.4488218007,77919eaedd10af184e542825ee6069561c9f1b5aa128e1b5b993df2ac75ff44d,9f65f8dc6ddaff1d631e299cb531376a7da5e68d1bef04f34a2d5073d5ef114b,polar1l_rotation_invariants_v1
A005_Q0_M2,S019,3451092a9cbeb1eeb1fe4e6cc6f5a92c6e1c3869b2cf0d930814127ec0a450b4,-49724.4450854715,e46d3ceabfccb72c09fb42e8a9f396a47c260bee674444c3a029de8145563fc2,9f65f8dc6ddaff1d631e299cb531376a7da5e68d1bef04f34a2d5073d5ef114b,polar1l_rotation_invariants_v1
A005_Q0_M2,S020,ef86ebf958a1ddb00855e8199e77d751f602179b805240dc446f36db8a2b1bb1,-49724.4486713294,9955f25ac33b4d10195a441deb8aad1ddf452026babe495fce44804d22049c5a,9f65f8dc6ddaff1d631e299cb531376a7da5e68d1bef04f34a2d5073d5ef114b,polar1l_rotation_invariants_v1
A005_Q0_M2,S021,8adf35b83d722649acf026fad97dfdcf1c34ebf471d89afb4e5aa21056d9062a,-49724.4544659088,d4359940f56ea274c874b610b776238a9fca7affa62ff0d59ce84b7a6be27424,9f65f8dc6ddaff1d631e299cb531376a7da5e68d1bef04f34a2d5073d5ef114b,polar1l_rotation_invariants_v1
A005_Q0_M2,S022,6b09774287a45a8d22a1a103dba6a4e35f2150a2f6f979d6999b78f6d04bd132,-49724.4420744078,75eab0b3dbdf673982c66195f9a73aedfd3f98b74986a6b825dc467c878054fd,9f65f8dc6ddaff1d631e299cb531376a7da5e68d1bef04f34a2d5073d5ef114b,polar1l_rotation_invariants_v1
A005_Q0_M2,S023,9d34a283d41115ecbf637c7c222073f337d7482de79cf6ba0203e5645da776a9,-49724.4581816464,54d35a8b82a31a12efd691ec6b3cb8fe0426cd05689f9daa97cc0c6aee6d23aa,9f65f8dc6ddaff1d631e299cb531376a7da5e68d1bef04f34a2d5073d5ef114b,polar1l_rotation_invariants_v1
A005_Q0_M2,S024,07ee3316be2db57c63f16fe873ff021a23a466929c540663c7e7a9d9d79185c9,-49724.462699996,90503e10a0c089265a9e135ca60b01e6a1d02292e61e9c6ff180840d86468527,9f65f8dc6ddaff1d631e299cb531376a7da5e68d1bef04f34a2d5073d5ef114b,polar1l_rotation_invariants_v1
A005_Q0_M2,S025,857bd7d6472e1a09aac1b4ae7dc60b7237afb6ef9e6b32e88d405cdcbf0ac083,-49724.4511174948,db67aa48e9307edb80c57e4c3663b46a110d0d0a778b59533dd41c1564e81e34,9f65f8dc6ddaff1d631e299cb531376a7da5e68d1bef04f34a2d5073d5ef114b,polar1l_rotation_invariants_v1
A005_QM1_M1,S001,076427c4340388a02876de2020a81504e202b7125bce533084e7c125aa8290cd,-49730.920990919,51021801e94def3f8d3eb46fbf6a2f3499350ee5ccd3542645bae806df654fe2,9f65f8dc6ddaff1d631e299cb531376a7da5e68d1bef04f34a2d5073d5ef114b,polar1l_rotation_invariants_v1
A005_QM1_M1,S002,8b698ff68146a19fa450f5c207d4ce8315a80511eb34075f8ebf9c5ff3ad1240,-49730.9257205279,ac5fdc43316ef4fe007e2c5ecf509d46946025b9b797a878274b0e365fc2d3db,9f65f8dc6ddaff1d631e299cb531376a7da5e68d1bef04f34a2d5073d5ef114b,polar1l_rotation_invariants_v1
A005_QM1_M1,S003,48760f1c281acdc1ca7cce762ec9279ec7098e080225d8178edbe8e3f1f4a895,-49730.9202754513,0530b5d3c7a76ba4227e520ccd7f15777ca417b8e41124e957af35e547202379,9f65f8dc6ddaff1d631e299cb531376a7da5e68d1bef04f34a2d5073d5ef114b,polar1l_rotation_invariants_v1
A005_QM1_M1,S004,ed22e9d0e568bbeaa48cc59f2fd549a6b9651c17b6ff4bdbd5a52a6042c14f3c,-49730.9210304518,0c46d89e7b04952493330d9d058920462277af1d05076a1368457c354b90ad03,9f65f8dc6ddaff1d631e299cb531376a7da5e68d1bef04f34a2d5073d5ef114b,polar1l_rotation_invariants_v1
A005_QM1_M1,S005,8500e39b88d8a713fedb7c751832e7f33c9e25e1d90e90db4569e30bb9dc1af9,-49730.9217468862,6be59aea5e46d2ec1da87c6df600e06bd177d3016f5814ed415b16bf9e382ac9,9f65f8dc6ddaff1d631e299cb531376a7da5e68d1bef04f34a2d5073d5ef114b,polar1l_rotation_invariants_v1
A005_QM1_M1,S006,790b4cc2dfa95497b56a672b85321af1b7e446177f888e707a1a55f6e9ab0be4,-49730.9209254567,81aaf5d1dee0cb308b0eb3860e6afca2bb81bd18f9470a2bbe2f7d6f2a35c283,9f65f8dc6ddaff1d631e299cb531376a7da5e68d1bef04f34a2d5073d5ef114b,polar1l_rotation_invariants_v1
A005_QM1_M1,S007,beaa348835adb1cd1e9de4cd16a9dff4679d1b1782241e013430205a2022c800,-49730.920613836,c3f48e2c189a1dca785c5b21102d68f7dfb2ea4275e2c81887344a375ddb21dc,9f65f8dc6ddaff1d631e299cb531376a7da5e68d1bef04f34a2d5073d5ef114b,polar1l_rotation_invariants_v1
A005_QM1_M1,S008,d172fbcc264951fa5933b139ee6ed9e6fffdef642e82112ba0858eee0079afdf,-49730.9268074605,d1e866af12595037f9f8f581fb5d902f439973706fd540a5ebfabe8e31d605a5,9f65f8dc6ddaff1d631e299cb531376a7da5e68d1bef04f34a2d5073d5ef114b,polar1l_rotation_invariants_v1
A005_QM1_M1,S009,c4dd624f7bc57c444816144a714e118a2e8bef64213f48a0f3986796f299fa7d,-49730.9209528285,24581fd1fb11945f060b9f077b1a4831e1db09dcdeb878b75d65ac52b2651298,9f65f8dc6ddaff1d631e299cb531376a7da5e68d1bef04f34a2d5073d5ef114b,polar1l_rotation_invariants_v1
A005_QM1_M1,S010,a8d4c17667f2d2b925ce7aa4caf2e1389d201caabd2a8b1e1c67c4bc967c52ae,-49730.9201242491,4e0e472631d3315233d29622b6290d98bd9faa236f2e8b05b45a64c8a8fcefa0,9f65f8dc6ddaff1d631e299cb531376a7da5e68d1bef04f34a2d5073d5ef114b,polar1l_rotation_invariants_v1
A005_QM1_M1,S011,44bacb12e86d615980958236c39641a58641554daa7646f412b40c650a1f1135,-49730.9207625758,b069f7793c26e7e9cb8146bf2fd6cc86971820739baaa423047b1a17e73e9012,9f65f8dc6ddaff1d631e299cb531376a7da5e68d1bef04f34a2d5073d5ef114b,polar1l_rotation_invariants_v1
A005_QM1_M1,S012,d206d6d78be89a236b7a8f257b27303b4d63e7a87d45d52d3d96911df348b8fc,-49730.9207124433,811a4351c9335cbe2b293d216451ddbbc13cf007c6bf4bfed27779a7bf5021c0,9f65f8dc6ddaff1d631e299cb531376a7da5e68d1bef04f34a2d5073d5ef114b,polar1l_rotation_invariants_v1
A005_QM1_M1,S013,5fdaa52b66a9140d254a5addb64aed26e95aac92497703125ed308702fac83fd,-49730.9211623974,edd2eea09a3906ea511b44ce099896e55898867e24333ea1fa383fe945b1e7f7,9f65f8dc6ddaff1d631e299cb531376a7da5e68d1bef04f34a2d5073d5ef114b,polar1l_rotation_invariants_v1
A005_QM1_M1,S014,2c50d21ea8bd604ccb9b4c42365b65a9cd8f0a3eaead9ae4789d7867b47d6ed0,-49730.9316587403,2f7e9f1bce115653fcaa5fcac14a57da9aae368c12cf4e67b1cd5875c8e8be9a,9f65f8dc6ddaff1d631e299cb531376a7da5e68d1bef04f34a2d5073d5ef114b,polar1l_rotation_invariants_v1
A005_QM1_M1,S015,a74842081b2f3cb5c6601d8efcd8b491bc01059497aca60995faaed50c6a5d24,-49730.9243960383,05e61485ca25b80260ec86799eaa0abc55eb2616dbd629d6094facf8abad78bc,9f65f8dc6ddaff1d631e299cb531376a7da5e68d1bef04f34a2d5073d5ef114b,polar1l_rotation_invariants_v1
A005_QM1_M1,S016,9981daaec3d8498d96eb64aa1bed27d2e32e6ab3817c249bb3e42ad9994d6ff8,-49730.9252525508,c5380bdfc051d61da3c7827c921bff9f08688c0212238f529704346f19fbd0be,9f65f8dc6ddaff1d631e299cb531376a7da5e68d1bef04f34a2d5073d5ef114b,polar1l_rotation_invariants_v1
A005_QM1_M1,S017,49b328acc6de0aec3ed84f1363bbe96279ccf7634e8f21880918948c06a56463,-49730.9235632417,9448c1d6a4cd3f40a9f09b8a8610d01e72614dc96c96a277ab7ac4a82dbb03ac,9f65f8dc6ddaff1d631e299cb531376a7da5e68d1bef04f34a2d5073d5ef114b,polar1l_rotation_invariants_v1
A005_QM1_M1,S018,cbc1d72a66df7d8a7d9b42043fe7e59dacc9924b85d0ad7431c45e066ee4f331,-49730.9251987946,307aad32b828b679cdb2a3efc460a8c1d08af44219b82a4625c5aae2e6fb917a,9f65f8dc6ddaff1d631e299cb531376a7da5e68d1bef04f34a2d5073d5ef114b,polar1l_rotation_invariants_v1
A005_QM1_M1,S019,584c4d1c75fcb34f5118182402ba518616d8a92f829c3e920e9f2108f9104fb5,-49730.9213327884,0c20a2e0e2d69d08907a99d5f339023a1730e9809615ec0cb5a429434399b3a4,9f65f8dc6ddaff1d631e299cb531376a7da5e68d1bef04f34a2d5073d5ef114b,polar1l_rotation_invariants_v1
A005_QM1_M1,S020,87172762704cea11226337e1ff5ce2014b9a1cf3fca3566e45378256a76c374c,-49730.9250317218,ada02c5d5ae5cc07a5a21aaa3a981f795d9c194cda0097769690209ae83ebef7,9f65f8dc6ddaff1d631e299cb531376a7da5e68d1bef04f34a2d5073d5ef114b,polar1l_rotation_invariants_v1
A005_QM1_M1,S021,f13ac56b12834801b2edd2fcc6612475dafdbfcc662f1da777033e481fdec9f6,-49730.9308928336,12d9c5b6d18fbd2af13f5d34331eb1caecf598320fb898f675f3a057f0ef56af,9f65f8dc6ddaff1d631e299cb531376a7da5e68d1bef04f34a2d5073d5ef114b,polar1l_rotation_invariants_v1
A005_QM1_M1,S022,bbbd20acd0b7a2e266d4d30faef6c376d96701ea6bf92cedfd0d985f2eda7d5e,-49730.9200316401,05361ca62540d15458854ce6f99fbb4ecaf629bf6194c69be6d8bdf1c72bbd7f,9f65f8dc6ddaff1d631e299cb531376a7da5e68d1bef04f34a2d5073d5ef114b,polar1l_rotation_invariants_v1
A005_QM1_M1,S023,01a801fa3af7f20f43c9499ba59768278bf41eb1b181bfeda2f267e5decda8df,-49730.9352367609,907222f837666c78c8c0f74e3ea0b70562a7e92d29baf67168e9e254d1fd0516,9f65f8dc6ddaff1d631e299cb531376a7da5e68d1bef04f34a2d5073d5ef114b,polar1l_rotation_invariants_v1
A005_QM1_M1,S024,9367c4dc80fd9b798f9c2661f641e99195234ea6b9e2b319f11eba0c74b4c54b,-49730.9419334744,546cb1281ba09701aeaf8a4bab51f9bedd09d86f35fb859b179c52c6a76b0c18,9f65f8dc6ddaff1d631e299cb531376a7da5e68d1bef04f34a2d5073d5ef114b,polar1l_rotation_invariants_v1
A005_QM1_M1,S025,72982d505bb6ec09ffa9239b83cb6f15a2695fe0325087990151087afae6555d,-49730.9269215422,3e96a04327b542a61ee176a3620c208027e71bc3e22f167a8833310cc4c33432,9f65f8dc6ddaff1d631e299cb531376a7da5e68d1bef04f34a2d5073d5ef114b,polar1l_rotation_invariants_v1
A006_Q0_M2,S001,02adc2950123ac264ad5f593e706785442d4126fedef9827e28fa71f5452ad51,-25416.8855976496,42b671dae79293291775871c017cfbe0de65f58af3bb8d3cc6ca747633181d47,9f65f8dc6ddaff1d631e299cb531376a7da5e68d1bef04f34a2d5073d5ef114b,polar1l_rotation_invariants_v1
A006_Q0_M2,S007,9193cab06bad27fb52b8c08f6a30d1f1cf5f215daac96563d7b8cc8bac028ad9,-25416.8864260284,4718fd95b0b60d03a7da0dfb55f200c0def635ae5c567e3243ed1e48670e9b03,9f65f8dc6ddaff1d631e299cb531376a7da5e68d1bef04f34a2d5073d5ef114b,polar1l_rotation_invariants_v1
A006_Q0_M2,S016,f463017c978eb3816fc2ddf10a0947d489ba5566cf1eca2f012c38f18de06144,-25416.8731967033,7e260fca77c81d3fa61b3371ba07992b7ece0a46637a82034ac23b9699139a7c,9f65f8dc6ddaff1d631e299cb531376a7da5e68d1bef04f34a2d5073d5ef114b,polar1l_rotation_invariants_v1
A006_Q0_M2,S022,2f288159853107740ea455750ebd5bdff5c51ecf0adc3e89ad573c2157c4401b,-25416.8877674749,41a2435a8d4e45c25919385d413fc40649b59e6f9ed0c44fbede7d0f3d68a20d,9f65f8dc6ddaff1d631e299cb531376a7da5e68d1bef04f34a2d5073d5ef114b,polar1l_rotation_invariants_v1
A006_QM1_M1,S001,5b28148066e683c7a6cfd8be32d31c5afb0fc9861b0edacdf2cab49691a73899,-25421.8214073326,dcc5331d93d2e84e66e7ab5148577082b1c97611f175ec93907f4cc7a8c64e4a,9f65f8dc6ddaff1d631e299cb531376a7da5e68d1bef04f34a2d5073d5ef114b,polar1l_rotation_invariants_v1
A006_QM1_M1,S007,374fce731ea787748e71b92959512935c85445aadc86910b5ed2ffef8e144c24,-25421.8193931283,8e989357a679faf8b8cd99b6d32df43ef34777c0ce7d7f9b7c9740976f2130de,9f65f8dc6ddaff1d631e299cb531376a7da5e68d1bef04f34a2d5073d5ef114b,polar1l_rotation_invariants_v1
A006_QM1_M1,S016,e9a2a1b8a02c0b58a1227fb5899fc94955b71a61cd1c5f391f7492d79a6ab803,-25421.8425396415,17ac9324c893192c805386d150c67e4bf753bf820466aeba321a8cd5bd0324aa,9f65f8dc6ddaff1d631e299cb531376a7da5e68d1bef04f34a2d5073d5ef114b,polar1l_rotation_invariants_v1
A006_QM1_M1,S022,08e40bebc4230d86cc62e65cbe807dedf9b3bc4344edd79e17ef9db5aaf38fbd,-25421.8162452544,f2ffb79997e368b264c81e783a25a1d0c04a9d0189e1d2c8e51ca8b8b6754dad,9f65f8dc6ddaff1d631e299cb531376a7da5e68d1bef04f34a2d5073d5ef114b,polar1l_rotation_invariants_v1
A007_Q0_M2,S004,85afe710a2caa4650965692714e0ba877bf6cc6d5a4098a6c5424fafec97e17f,-36112.1181433462,43b66c2eff43727bbf47b49eebad19209518d29fc812dd07f1cbd99fb01b9f4d,9f65f8dc6ddaff1d631e299cb531376a7da5e68d1bef04f34a2d5073d5ef114b,polar1l_rotation_invariants_v1
A007_Q0_M2,S008,ff6b2cd9a64c2fd51f537bfd6f83e76c7eb1dc9b3002d54e2f3e0dbd0c4c10ea,-36112.0559119216,234fbef7cf6055523ab448f0a55902907433355ef89efd634b63784cdeb42e95,9f65f8dc6ddaff1d631e299cb531376a7da5e68d1bef04f34a2d5073d5ef114b,polar1l_rotation_invariants_v1
A007_Q0_M2,S011,6044c7605d30f1ade0217a0abbb38be95120eca82f8338ae96d439c21ca2697a,-36112.1237962521,eb9e3b37c2016bd709e9497b9275bec6c7a3113398a29ed531a4e6e703888ca4,9f65f8dc6ddaff1d631e299cb531376a7da5e68d1bef04f34a2d5073d5ef114b,polar1l_rotation_invariants_v1
A007_Q0_M2,S017,e89a5f13b4526559359349b578360ca4dd02d0b8a827203802b5d48b53fa6351,-36112.0788528589,491424d2875fb7fbd910c9d44d6e0416dc1ae3affddc105457711c37c4037e79,9f65f8dc6ddaff1d631e299cb531376a7da5e68d1bef04f34a2d5073d5ef114b,polar1l_rotation_invariants_v1
A007_QM1_M1,S004,773eb4c35809b2e10f500fc6e6b4d046d8a530afe997de6a36f583368077a874,-36117.0148792429,54deaf1f399b4a6da26df5f63f3d9e7e230877101ef91c2209155d1e67640330,9f65f8dc6ddaff1d631e299cb531376a7da5e68d1bef04f34a2d5073d5ef114b,polar1l_rotation_invariants_v1
A007_QM1_M1,S008,3291ec162d97ba7c8f4a3dfb37520f70f4c59c3a077c98ad5d5bbb5c2a7f96da,-36117.0449429772,6af801a4a5eaafe9e3404782b36a06ce404cec0679785724bc171f8c859ee93c,9f65f8dc6ddaff1d631e299cb531376a7da5e68d1bef04f34a2d5073d5ef114b,polar1l_rotation_invariants_v1
A007_QM1_M1,S011,e4a5fafbceb40acf647a549b612fb64e99b6b1c63fcfadda15836d96fc7efd52,-36117.013365455,9d767dcaf66e14809dd24b15764f534ccfc3b40a1ebcaff8d9185526c91e007b,9f65f8dc6ddaff1d631e299cb531376a7da5e68d1bef04f34a2d5073d5ef114b,polar1l_rotation_invariants_v1
A007_QM1_M1,S017,7c1c695b55a18fbe2f38961c4d7c2abdef451ad0cda5222a9bd491076856e0d9,-36117.0281318011,3e0c8104d48ed59752e1231c8ff70556de80781045b379f9728d3bed50b26b50,9f65f8dc6ddaff1d631e299cb531376a7da5e68d1bef04f34a2d5073d5ef114b,polar1l_rotation_invariants_v1
A008_Q0_M2,S005,4b078d9f42d21d7513b4d5b6d3c74fd44479fd3014d91cb77950f5378e7ef205,-19038.5651624142,118799cb8a175d5c38d44548728bcead5278be53ba9e5bcd99fb8dcda58b14bb,9f65f8dc6ddaff1d631e299cb531376a7da5e68d1bef04f34a2d5073d5ef114b,polar1l_rotation_invariants_v1
A008_Q0_M2,S012,2efd59eda5a772763aafb5c2e54b9ab3c4d3badcf1baf61b1c9def86f334a697,-19038.5623424228,5918d0f1c991d7c4db89c6827dc5df962ab08496232a4ea372aff262a2dfa7af,9f65f8dc6ddaff1d631e299cb531376a7da5e68d1bef04f34a2d5073d5ef114b,polar1l_rotation_invariants_v1
A008_Q0_M2,S018,692a2e5a11d5d2b0bb5bac09ae0b0c51e5699d44462bbec015a653283880f165,-19038.5758567121,7687100427d62b7a324335a6b48c427a1f342c5d2e13930b66162613d697f311,9f65f8dc6ddaff1d631e299cb531376a7da5e68d1bef04f34a2d5073d5ef114b,polar1l_rotation_invariants_v1
A008_Q0_M2,S025,9e8935e8fddbf36935986d2715f912d10921a702f66858d61a8bec89d1f05743,-19038.5818060778,c64e890a08a1ca2be9e492e9911933fbdd0cfc39056501a9ab68cb371c6aeef6,9f65f8dc6ddaff1d631e299cb531376a7da5e68d1bef04f34a2d5073d5ef114b,polar1l_rotation_invariants_v1
A008_QM1_M1,S005,e8fe553871b2f644e3ee1acbdcd018bb340b848d0665acde03d4f045b2768e27,-19043.5805144174,76a37a7a1c6b448ba797cadad9b3564904bd093a0745dc147c85b70601854f23,9f65f8dc6ddaff1d631e299cb531376a7da5e68d1bef04f34a2d5073d5ef114b,polar1l_rotation_invariants_v1
A008_QM1_M1,S012,19a703ca355b8abde2c656c7bf5cf8c06b2519cf893d527e2a280ae3075b6d4a,-19043.5794493933,71c8357d97c922151589a79f14d89d67c253373fcb52931989a3f69be5eda7d8,9f65f8dc6ddaff1d631e299cb531376a7da5e68d1bef04f34a2d5073d5ef114b,polar1l_rotation_invariants_v1
A008_QM1_M1,S018,178ccf029888bd4a194ce2f2bf76f745ecacc6316a7e5c4658713ff7a79a6150,-19043.5836936304,ed4aa1391c0d8ef24c832ee53f8741dfd5018f784ad49e1c0ecdf5550d5f5242,9f65f8dc6ddaff1d631e299cb531376a7da5e68d1bef04f34a2d5073d5ef114b,polar1l_rotation_invariants_v1
A008_QM1_M1,S025,b9d67c7c097d70c7c9ae85e6c281aed0c15369adb0f5c562bfde47f7767e9549,-19043.5848529478,448c0b4e147e98ef9661031659b532a8b1a6b05ae1811ad0d1c9973507c3a764,9f65f8dc6ddaff1d631e299cb531376a7da5e68d1bef04f34a2d5073d5ef114b,polar1l_rotation_invariants_v1
A009_Q0_M2,S002,bc30c2bf072b5adcbe5002ec4266eb98cae6451d711411c8aee7f3112a304119,-24347.4039986184,461433799ea737e97cf5bcc56b165cb4ca7bc473517dcac2365673d7c07f97d7,9f65f8dc6ddaff1d631e299cb531376a7da5e68d1bef04f34a2d5073d5ef114b,polar1l_rotation_invariants_v1
A009_Q0_M2,S006,54cb1b1eab206137a4030e0c39406eec0e0ca776b5fc5070bba2b8e993c1eedc,-24347.411288335,c8e5935af70940ce34df5a7686ec47f6705c2b3a406f9889aea753a96fe053bc,9f65f8dc6ddaff1d631e299cb531376a7da5e68d1bef04f34a2d5073d5ef114b,polar1l_rotation_invariants_v1
A009_Q0_M2,S015,036dbdac50360a5cb037521bf076851649479ec4d34599d5ac1dc5f2fe80baa7,-24347.4089289794,39e9d2ff58649570138f2a69c43b6576ca980d32df8b3f3815a4fdc30dd07f5d,9f65f8dc6ddaff1d631e299cb531376a7da5e68d1bef04f34a2d5073d5ef114b,polar1l_rotation_invariants_v1
A009_Q0_M2,S023,0fa04cb11e33444f8e16581e28ba180495dad0e12c5a8826fe7c26912d514eef,-24347.3525338055,e719875b2d89e43e5422525c3ddc5230e42f215b875d9d63561f5ee9ff31f60b,9f65f8dc6ddaff1d631e299cb531376a7da5e68d1bef04f34a2d5073d5ef114b,polar1l_rotation_invariants_v1
A009_QM1_M1,S002,803b0bc1d8381ac2303eaa8e619ef8e287ff477d87a3552b7ac97ceb3ce8f643,-24352.3160377381,7ad923b87c28e0f89d8293283525c441b3ceacb5d0b2d9ae2d1135c9f85e2e2d,9f65f8dc6ddaff1d631e299cb531376a7da5e68d1bef04f34a2d5073d5ef114b,polar1l_rotation_invariants_v1
A009_QM1_M1,S006,c2acc00f18b023f23ba951f79ebc598e40167a04f7001c3732f281e93032ea5d,-24352.2918646713,20f1aa0ac6694b95f57ada8a60dcf2212456284d3518558fe1de07f66c775a9f,9f65f8dc6ddaff1d631e299cb531376a7da5e68d1bef04f34a2d5073d5ef114b,polar1l_rotation_invariants_v1
A009_QM1_M1,S015,fe6e7fbf1aef53dc940962d1621c97b08e93e90c06f2eecb3d9184d80a6b7a30,-24352.3096142441,04dd0b2a13b4a7bd540b588084cfda6dbd336c062565c5624f3a25abaa1e0b20,9f65f8dc6ddaff1d631e299cb531376a7da5e68d1bef04f34a2d5073d5ef114b,polar1l_rotation_invariants_v1
A009_QM1_M1,S023,3be7bf529b82070edbae42b1d07bc3117a766d5aa5dc49a4b0e8d5afdb1c8bd0,-24352.3593915202,5c3cbc6424a78574007db68111cce98701d0352d97baaae04e90769b6c0b4e61,9f65f8dc6ddaff1d631e299cb531376a7da5e68d1bef04f34a2d5073d5ef114b,polar1l_rotation_invariants_v1
A010_Q0_M2,S003,453218d85f51b6be15ae3dfddcad1178ca33a1e71d759b1d267425ca88d19c56,-29636.0293549988,fd696c5f53ba091b0b4ed05b2f68e2746a76cabb1b3d4073bf5e9adf4129f58f,9f65f8dc6ddaff1d631e299cb531376a7da5e68d1bef04f34a2d5073d5ef114b,polar1l_rotation_invariants_v1
A010_Q0_M2,S013,31445a51dc522fde9e65c8b8f3bf7f4acecf25765f97fb269811615515d999c5,-29636.0266481101,af49441d59ecc65f133d09a315f1caf6fc8aff81bb58cd47cd006b0b28da0871,9f65f8dc6ddaff1d631e299cb531376a7da5e68d1bef04f34a2d5073d5ef114b,polar1l_rotation_invariants_v1
A010_Q0_M2,S020,b46b8e19f4c8a359e3e200afa9e7c8c4e841da39a0016e3961180087a2405d1a,-29636.0184583016,51f0129e89c755a7adcea4bb58aacfb1d6d5770f5079bf31b14363aa6a7c8e71,9f65f8dc6ddaff1d631e299cb531376a7da5e68d1bef04f34a2d5073d5ef114b,polar1l_rotation_invariants_v1
A010_Q0_M2,S024,8577edde83d3c430a5de6100938e2e143bb3f0c4d03179393be4adfb3752c891,-29636.0193305123,5955dd19190039267de0e2a559a81d35b1c4e8384b5e6d39ffbfaaa92a78297a,9f65f8dc6ddaff1d631e299cb531376a7da5e68d1bef04f34a2d5073d5ef114b,polar1l_rotation_invariants_v1
A010_QM1_M1,S003,92122a81a13e434a5a591a398b1b8420d7a4be55ef5307f0dd5bc13b503ac936,-29641.1449488195,8130d0c356b30c4fb9867e19b409a77ae31dacd3cc590ff12ed62d946b2959fd,9f65f8dc6ddaff1d631e299cb531376a7da5e68d1bef04f34a2d5073d5ef114b,polar1l_rotation_invariants_v1
A010_QM1_M1,S013,eb63c75f01b5b1adccc020e5a6ef20dedff3dca59876fd1a357792454e0f9a36,-29641.1485316046,f9f181a2a7e70a054e616216025a1f5aa07fa3cbd56fc9e24131c45c80596b72,9f65f8dc6ddaff1d631e299cb531376a7da5e68d1bef04f34a2d5073d5ef114b,polar1l_rotation_invariants_v1
A010_QM1_M1,S020,5574979ba1bea685f3ce089c724a20b3aef41dcda3ad0f29df4150ebcd3b4be9,-29641.1602056034,4d5136d986f380c9f1bd9866ac21eb38a689722e6ec32f209a85c9253a05ed86,9f65f8dc6ddaff1d631e299cb531376a7da5e68d1bef04f34a2d5073d5ef114b,polar1l_rotation_invariants_v1
A010_QM1_M1,S024,32ff79904d9844096c0c10c38d733ac133c372e80a09fe5a047fd243445eb2ea,-29641.1794607134,8d4e082c10569f2657968383e0275002e9b567291341fdcd277638d64fbd6971,9f65f8dc6ddaff1d631e299cb531376a7da5e68d1bef04f34a2d5073d5ef114b,polar1l_rotation_invariants_v1
A011_Q0_M2,S001,4ef4f79c50ca1be022a9ca3dd5c0a459465049e58668e44e5beb63440a3f12d3,-12520.7293147499,c30bdc9d7b94c636271d2d0c6f47c649b92dba060ee7f3c1893e624f86c9c808,9f65f8dc6ddaff1d631e299cb531376a7da5e68d1bef04f34a2d5073d5ef114b,polar1l_rotation_invariants_v1
A011_Q0_M2,S007,4ef4f79c50ca1be022a9ca3dd5c0a459465049e58668e44e5beb63440a3f12d3,-12520.7293147499,c30bdc9d7b94c636271d2d0c6f47c649b92dba060ee7f3c1893e624f86c9c808,9f65f8dc6ddaff1d631e299cb531376a7da5e68d1bef04f34a2d5073d5ef114b,polar1l_rotation_invariants_v1
A011_Q0_M2,S017,4ef4f79c50ca1be022a9ca3dd5c0a459465049e58668e44e5beb63440a3f12d3,-12520.7293147499,c30bdc9d7b94c636271d2d0c6f47c649b92dba060ee7f3c1893e624f86c9c808,9f65f8dc6ddaff1d631e299cb531376a7da5e68d1bef04f34a2d5073d5ef114b,polar1l_rotation_invariants_v1
A011_Q0_M2,S022,4ef4f79c50ca1be022a9ca3dd5c0a459465049e58668e44e5beb63440a3f12d3,-12520.7293147499,c30bdc9d7b94c636271d2d0c6f47c649b92dba060ee7f3c1893e624f86c9c808,9f65f8dc6ddaff1d631e299cb531376a7da5e68d1bef04f34a2d5073d5ef114b,polar1l_rotation_invariants_v1
A011_QM1_M1,S001,f9aa82c509d292fbd77aa7449566cf5f5cfc5a0ea7f6e563dfd3682d911b5f32,-12524.3120823213,32a596598804f6a06b067a65388250febb3f6481a42f061c72ebec00c0efd5b9,9f65f8dc6ddaff1d631e299cb531376a7da5e68d1bef04f34a2d5073d5ef114b,polar1l_rotation_invariants_v1
A011_QM1_M1,S007,858fe9c1797d7b7087bd4e98d3c607ccfae413451b4e6ac98f6c134211400962,-12524.3120823213,42941d5099f41a3b6a4fff4fcd14173536f9ffc04767184a80c73cce912584b7,9f65f8dc6ddaff1d631e299cb531376a7da5e68d1bef04f34a2d5073d5ef114b,polar1l_rotation_invariants_v1
A011_QM1_M1,S017,e6ae1f1806c7692a1ceacdf6478d0b9af35ba97d86ebd0f6720d0adc1b3856b4,-12524.3120823213,d0847566173e76214361e760101f8645a8ea4ced195423fe0b4cb3a9a2b4f51f,9f65f8dc6ddaff1d631e299cb531376a7da5e68d1bef04f34a2d5073d5ef114b,polar1l_rotation_invariants_v1
A011_QM1_M1,S022,512ec400348b6a4f4c0d6410a90c0bfbfd6a2d5cd2536d860547f96880f611a1,-12524.3120823213,948d5c553c6e3291bd20cb9848af4b58cb7b7e7a081cbe3642441844cb3d8f80,9f65f8dc6ddaff1d631e299cb531376a7da5e68d1bef04f34a2d5073d5ef114b,polar1l_rotation_invariants_v1
D001_QP2_M1,S001,5adffce99ca2e72873c4163f35d7adf46d50ddad9fa112bbd17e3ff93bd39b53,-30076.8435903119,a458b758fe8f29d8f652ca8fc903e93d12db859ab35f673d17e08db8a43f74a2,9f65f8dc6ddaff1d631e299cb531376a7da5e68d1bef04f34a2d5073d5ef114b,polar1l_rotation_invariants_v1
D001_QP2_M1,S007,3a9c036d6ecc4617fda35014cd33afb0eef4783a8741f93aaea436c3cae43428,-30076.843463148,2fe7292ac5c8b6ff4f9c565d92fe92f14cc6e2832e9c60e4447d9a1fd3482e96,9f65f8dc6ddaff1d631e299cb531376a7da5e68d1bef04f34a2d5073d5ef114b,polar1l_rotation_invariants_v1
D001_QP2_M1,S015,6639a1556ec0fb2492b0dfc778fe6f22e7649ecccb765fb06087e3ee5b42e3dd,-30076.8446145201,a671e7f4d78eb7a1110d1a10c2a1c94b7961af4eb6de4a00994bac6dfd3d510c,9f65f8dc6ddaff1d631e299cb531376a7da5e68d1bef04f34a2d5073d5ef114b,polar1l_rotation_invariants_v1
D001_QP2_M1,S022,acfd3d8f4a46c47b2c734cb458b7109db133927d638d879af38f52c44baf4ce6,-30076.8432630415,29d2da6671eba6f22e54998b21f0a803328d9ccd9ee559fc710aa7db24497b17,9f65f8dc6ddaff1d631e299cb531376a7da5e68d1bef04f34a2d5073d5ef114b,polar1l_rotation_invariants_v1
D007_QP2_M1,S004,0efab730f80847159e2455e2bdd13bf8cad977fe8eee9f77e67ff2c9223e5b0a,-47190.8249278994,4e7c9ee73ac2f3760bf4728fddcc69713d2cd1a7e448c91142770a2de24c4668,9f65f8dc6ddaff1d631e299cb531376a7da5e68d1bef04f34a2d5073d5ef114b,polar1l_rotation_invariants_v1
D007_QP2_M1,S011,c8cde41807ca08f33e71d0b4509839a71fc895e508a57f70a0d1dc9240bd49a0,-47190.8194849105,4e067ea4e9582ad61c8d5b3bc9f81fee662a18403027833372a3a9c6ff2bdf00,9f65f8dc6ddaff1d631e299cb531376a7da5e68d1bef04f34a2d5073d5ef114b,polar1l_rotation_invariants_v1
D007_QP2_M1,S016,2f82a50b2f366c622f57867713ee8b618c40ac1376577f8e1f671d05daaefae3,-47190.8252585833,c1d3798961d4a6a9b5b657f4bf3c26f2f14413f201f97641ed66d1c75620ffc3,9f65f8dc6ddaff1d631e299cb531376a7da5e68d1bef04f34a2d5073d5ef114b,polar1l_rotation_invariants_v1
D007_QP2_M1,S024,9b4d0adc49e9f52e2268fb2e7feea38cb66416e10daf841134b7b8f20cd09203,-47190.8714515685,ab3e86ea41244f57f405a7d9cec310e2ed5ee58ec7ff922d083cd5ba781cc25f,9f65f8dc6ddaff1d631e299cb531376a7da5e68d1bef04f34a2d5073d5ef114b,polar1l_rotation_invariants_v1
D022_QP2_M1,S001,f824f543517095f3e0beb448eadf5ed9401775434c57f8906c346970b25715fa,-42480.2404423839,ad8aeac1e149fd3b753bfb9f390341df6fe7822f6d4668dc6fd5c5aaa58ed0da,9f65f8dc6ddaff1d631e299cb531376a7da5e68d1bef04f34a2d5073d5ef114b,polar1l_rotation_invariants_v1
D022_QP2_M1,S002,5f1271355e5fa1abf9630b0cdd7cbf62787917512da10c0f13ff8f63331adab6,-42480.2535385521,eecd2ff02b8421f80c7e73255497b11d163a47255de55410f0b30fbedc29da33,9f65f8dc6ddaff1d631e299cb531376a7da5e68d1bef04f34a2d5073d5ef114b,polar1l_rotation_invariants_v1
D022_QP2_M1,S003,3334df37b9842128f5a5d20ca225b76f3fef9638296a93dd6d3fe55257e518e3,-42480.2414066282,bb1952443fd61c0a016d00297ab95d7cbc0a45c9bfb5799a52cbf8b60f4f98e4,9f65f8dc6ddaff1d631e299cb531376a7da5e68d1bef04f34a2d5073d5ef114b,polar1l_rotation_invariants_v1
D022_QP2_M1,S004,172cf14b812b026cac24e0b4a0a411a188cf96fffde66a6971210d07f9aa6667,-42480.2405162434,32040e55294b37cb58d8970c19ef01908a25bf1bd632f462143bfd926d5ee8bb,9f65f8dc6ddaff1d631e299cb531376a7da5e68d1bef04f34a2d5073d5ef114b,polar1l_rotation_invariants_v1
D022_QP2_M1,S005,cb5126aac74487a56020b32b2919f0e5221e1e57fe31695b5204a861784309f8,-42480.2418715679,d5e0cb231e5ec2ea29cd807bf94655f6a94b07599a758b1e163427980a714644,9f65f8dc6ddaff1d631e299cb531376a7da5e68d1bef04f34a2d5073d5ef114b,polar1l_rotation_invariants_v1
D022_QP2_M1,S006,a45906fc8278b9e1a4e87803ad3eba0e6bdcc06141635cb9bfd635f67167b071,-42480.2403213866,d5843ddd487b4d68977e689eae273437500a270f29098c210f1f9e90c6e6d9a9,9f65f8dc6ddaff1d631e299cb531376a7da5e68d1bef04f34a2d5073d5ef114b,polar1l_rotation_invariants_v1
D022_QP2_M1,S007,9830ed110adc8a735203a1483a79952a3af875737d532f014d522694c1a7e94a,-42480.2397449956,c0d20276425abb4f064cd2490fc26d2a1dd6460a3d6a31a5fed27f813527c877,9f65f8dc6ddaff1d631e299cb531376a7da5e68d1bef04f34a2d5073d5ef114b,polar1l_rotation_invariants_v1
D022_QP2_M1,S008,fc526f77b58c8308ee11b077bf8ac756842bf381b916524453ee91135fcd11c8,-42480.2520009228,60617fb85486bdc01640c5385c0bb858f42de41721a3392ab6682c4aa837b49b,9f65f8dc6ddaff1d631e299cb531376a7da5e68d1bef04f34a2d5073d5ef114b,polar1l_rotation_invariants_v1
D022_QP2_M1,S009,ebfba36061c8263270eb1fc15bdd5a845cfdf50bfae9900a18ff4ef2063a784b,-42480.2408986255,73474d8471e240482b4fab286e834b1d7854b6807f436cdce77961d4ee17bd3d,9f65f8dc6ddaff1d631e299cb531376a7da5e68d1bef04f34a2d5073d5ef114b,polar1l_rotation_invariants_v1
D022_QP2_M1,S010,9e458201d006b009e6fcdb19e182eceac3a34c16beeaa82d0bf0923d203fb2c4,-42480.2397638543,08fe3adeb7fa81f1b1c93b1f58b39122d6ee004b32b9e7a385e69c6255816f82,9f65f8dc6ddaff1d631e299cb531376a7da5e68d1bef04f34a2d5073d5ef114b,polar1l_rotation_invariants_v1
D022_QP2_M1,S011,7be761cab2c1339389e37d1316e39ac441d1d88355bd7038ed9e298a70226cfa,-42480.2400087748,d0b2a4ce40edfba271dbde76a9c52e6ded689a2fd39cb37302b15b349266bff1,9f65f8dc6ddaff1d631e299cb531376a7da5e68d1bef04f34a2d5073d5ef114b,polar1l_rotation_invariants_v1
D022_QP2_M1,S012,c124013ec33cae4bae8c632aa93983f10008f4e5000c81f680a3a09b49e5dfa3,-42480.2398779859,a20397f7dd7354b8a8bca58b4321bb6f90211a88e51db5994df9fd19fc49964e,9f65f8dc6ddaff1d631e299cb531376a7da5e68d1bef04f34a2d5073d5ef114b,polar1l_rotation_invariants_v1
D022_QP2_M1,S013,9550f8221cba8cc6843c182d56d917bfd4940b730f2cca5e8db0fcc2016a7d86,-42480.2431531796,9ff307c3e859680ffaebb0caada14aa4368c26e2613e4af9c324d2dae1ff02dc,9f65f8dc6ddaff1d631e299cb531376a7da5e68d1bef04f34a2d5073d5ef114b,polar1l_rotation_invariants_v1
D022_QP2_M1,S014,1fe4a4541108c7a76b23296eb4e078f66d5dc5787f7256bc09c4e1487f864fcf,-42480.2608201859,0ce8f2f150d20ed5c33e06f02c6e1612f3f6a469d3e15826da4aaa7185c3b973,9f65f8dc6ddaff1d631e299cb531376a7da5e68d1bef04f34a2d5073d5ef114b,polar1l_rotation_invariants_v1
D022_QP2_M1,S015,18efad02fa2335aa6ca21d2488e9eb5087eeb1045a8bfa346a57bf1947859e55,-42480.247413379,747f8748c8d84fcd790d4112bb33f9f5b9a4f6f406bd882ffbdd2900181d8abe,9f65f8dc6ddaff1d631e299cb531376a7da5e68d1bef04f34a2d5073d5ef114b,polar1l_rotation_invariants_v1
D022_QP2_M1,S016,6182053be4352b6e099dbca30ef7d7efab6e7d4bf3490b0c39855b70c1a459b6,-42480.2475042514,28a550b4d215749d4764711ff7260d97364a610ac56c55333c564e925763c91d,9f65f8dc6ddaff1d631e299cb531376a7da5e68d1bef04f34a2d5073d5ef114b,polar1l_rotation_invariants_v1
D022_QP2_M1,S017,3f3658d00f8ed3f0b4eb957df3fb2fc0be9d33237a246134fde2c59db694ef3a,-42480.246140243,a059362f6d597137c7dd6a2f19dad568f7c4f6965bee37f0947de4e9ec5e6e59,9f65f8dc6ddaff1d631e299cb531376a7da5e68d1bef04f34a2d5073d5ef114b,polar1l_rotation_invariants_v1
D022_QP2_M1,S018,6e58a8c1e20d9bde5a0501084e3791183c47a4ff3ecbdae605095024104c5c61,-42480.2485777818,65cabed9adacff6eec60335d60806ce2ef6e50a3fd00800f307314c245ba232a,9f65f8dc6ddaff1d631e299cb531376a7da5e68d1bef04f34a2d5073d5ef114b,polar1l_rotation_invariants_v1
D022_QP2_M1,S019,40db1e5521244acd86b167d46b3565644263f6555dafd054674959bb9eab41ef,-42480.2426848544,4651425aa562325a4eacf55c2d9eeb14b270019278ea3d7ecde542f6afaf2931,9f65f8dc6ddaff1d631e299cb531376a7da5e68d1bef04f34a2d5073d5ef114b,polar1l_rotation_invariants_v1
D022_QP2_M1,S020,46bf7c2f586184876ba6467f27b0d4f7304245da4a16376538fbc5894bcbdf2a,-42480.2499181522,1c87f6cde35c5d1f9ee80295da76126555cf80f8346ba925e3f9c17ce46f2594,9f65f8dc6ddaff1d631e299cb531376a7da5e68d1bef04f34a2d5073d5ef114b,polar1l_rotation_invariants_v1
D022_QP2_M1,S021,7bd6f53fe01c554cb1adb3e78b906c9f1eef9cac91722cbdc7bc0dc48c587d14,-42480.2602702085,b63f3adf272957773ff391ff5acbd6758b06acc2ed1e33d5144f7e588f9191bb,9f65f8dc6ddaff1d631e299cb531376a7da5e68d1bef04f34a2d5073d5ef114b,polar1l_rotation_invariants_v1
D022_QP2_M1,S022,5ab3fcf9ef380ed574e01faf0a754b74620707f5b223bae4c8e6dd68ff493280,-42480.2396082157,9a244637965b264e0325278615ee5f00ea7efbc0ca21b7b89184a7def3e7c1e4,9f65f8dc6ddaff1d631e299cb531376a7da5e68d1bef04f34a2d5073d5ef114b,polar1l_rotation_invariants_v1
D022_QP2_M1,S023,c4eeb15db4a75cae6001e082200dfe7ebcaf5549cdf0aba70290bd9396952927,-42480.2638588158,7206108f67d4e458f95b71ebf4c76663b294befa3441c193d43ea5feb5d72376,9f65f8dc6ddaff1d631e299cb531376a7da5e68d1bef04f34a2d5073d5ef114b,polar1l_rotation_invariants_v1
D022_QP2_M1,S024,4f1b161a660eb3a2a206980ca24f5688baee32984570adef75cdcb0dbc3a110f,-42480.2691663105,e368fc32cf6950a83cb63e92c5b7cf2668e0bd4c8fb020b69429c11f79900bb3,9f65f8dc6ddaff1d631e299cb531376a7da5e68d1bef04f34a2d5073d5ef114b,polar1l_rotation_invariants_v1
D022_QP2_M1,S025,4ed62cd32b34ee9e586efef4746d7dd0e1d2eff0c9e095bc811c5a29484fef6f,-42480.2518822711,3dd655a12df033201f5f801eeb018e23fab668248fd688b235a89d568feb2590,9f65f8dc6ddaff1d631e299cb531376a7da5e68d1bef04f34a2d5073d5ef114b,polar1l_rotation_invariants_v1
D024_QP2_M1,S004,34878daca7b73d5138a37c971848bb0e1d7766551ed9c6bd63902ae10f18003d,-60110.9487201348,c12b960f7d7e2f6e8239bd5869d9ee6536b3f29bffcdf07489d7eb0d7df1ea08,9f65f8dc6ddaff1d631e299cb531376a7da5e68d1bef04f34a2d5073d5ef114b,polar1l_rotation_invariants_v1
D024_QP2_M1,S011,609419d3b563236b99aac7c506f8c317001e354842cf90d906ba8afce5bc1a74,-60110.948260539,fff894728cbce2af7598d62529d574279c334532b5aca77a97c8d074c57e0208,9f65f8dc6ddaff1d631e299cb531376a7da5e68d1bef04f34a2d5073d5ef114b,polar1l_rotation_invariants_v1
D024_QP2_M1,S017,9e538774b5d9701bbe71cd5dcf4f4bed415c00457ffc2c758da23a3720b5db34,-60110.9532668344,40185074861709b551130c6cdc06711023304591fc90685f7cae71e33f145b30,9f65f8dc6ddaff1d631e299cb531376a7da5e68d1bef04f34a2d5073d5ef114b,polar1l_rotation_invariants_v1
D024_QP2_M1,S023,b171abcbdd72cf872381634c7e16e081e46e2ab0ebc03698dd3cd9583065c4b7,-60110.9704505047,4869b1d1ebe9dcd936f4720f1b998e1380ce0822e0965ced7fa11fa1a2f8d77c,9f65f8dc6ddaff1d631e299cb531376a7da5e68d1bef04f34a2d5073d5ef114b,polar1l_rotation_invariants_v1
D026_QP2_M1,S005,2bc45bd2e0ebcddb6ce12237ee9b352fb35e95ff190c99c9217917d6b3c5baf7,-11420.3939919254,1cba61e74d1a0e89e1e987d9a4e5289e5253f426eee1b15477805ebe6d92b62d,9f65f8dc6ddaff1d631e299cb531376a7da5e68d1bef04f34a2d5073d5ef114b,polar1l_rotation_invariants_v1
D026_QP2_M1,S012,8515a7d414d5bb9ee8fc7853dd99ba4edf3a04e395e333572ef68cfd6ce4a190,-11420.3934873152,58b7f666fbb4f33a4c2584ce242dd8fa8c72788f34e0fe425f35afd3f7b183c4,9f65f8dc6ddaff1d631e299cb531376a7da5e68d1bef04f34a2d5073d5ef114b,polar1l_rotation_invariants_v1
D026_QP2_M1,S018,bf83579b214f8411f278f283c51a85e02e94b6c39d430cadd7d18f2a58565971,-11420.3983557236,6fad65c85bf749d7cc0098c54dd5e620a6a8d9e3af86be7a4a1334c888f10b5e,9f65f8dc6ddaff1d631e299cb531376a7da5e68d1bef04f34a2d5073d5ef114b,polar1l_rotation_invariants_v1
D026_QP2_M1,S024,4c547dba771a1d04c80cf0507faf8ee61c4f12c1652ff221441c51d54d6001bc,-11420.4130278215,60af09d47557f24191729ee283c15fa89d2457b2e833d2f9b48efe14b5606653,9f65f8dc6ddaff1d631e299cb531376a7da5e68d1bef04f34a2d5073d5ef114b,polar1l_rotation_invariants_v1
D027_QP2_M1,S001,f9bb42c8c7aaffaefedcc4fb5d791781b34d44f0cb8ac9e87d723ebddf64a299,-13559.7835463963,794a1fb59c048bc48c579d3dc8e3c98dbc4d445b1c2b5c0d720485736240ac03,9f65f8dc6ddaff1d631e299cb531376a7da5e68d1bef04f34a2d5073d5ef114b,polar1l_rotation_invariants_v1
D027_QP2_M1,S002,5b4fdc33592c027ebc9db415bd7b93dce1390bc05fc64256a396a65768b1a508,-13559.7867160837,dbc24e814230a54967489fac2b41690ae6f2d745d7a4a2824433826b06300a65,9f65f8dc6ddaff1d631e299cb531376a7da5e68d1bef04f34a2d5073d5ef114b,polar1l_rotation_invariants_v1
D027_QP2_M1,S003,579068470bb15a06d451b462b69435fd0e08dd5add4d10c6115d21efb9b89164,-13559.7808430154,ae1aef64abc8b583e88bc10f79b630fe468add34287134489d986408d4c2f55e,9f65f8dc6ddaff1d631e299cb531376a7da5e68d1bef04f34a2d5073d5ef114b,polar1l_rotation_invariants_v1
D027_QP2_M1,S004,85b555dc2c0518dab3f440fdb3f3c1512493e5674474c64f75efad7bd297349e,-13559.7825171439,304bc2f7608e0a92dccc7f7d0cbdb22f15a743733d55e29af429caadab946bd6,9f65f8dc6ddaff1d631e299cb531376a7da5e68d1bef04f34a2d5073d5ef114b,polar1l_rotation_invariants_v1
D027_QP2_M1,S005,d72a73bf0f8bd767c372a6f95b616d070d173f3f762e58f4fc1ba04a58395b4a,-13559.7829612354,525c38bc3ac62fdaf2b49e9000e799253382aec156f28e60e0eaeea7abd12ba3,9f65f8dc6ddaff1d631e299cb531376a7da5e68d1bef04f34a2d5073d5ef114b,polar1l_rotation_invariants_v1
D027_QP2_M1,S006,08154c1baff99fa312303a2b0601d1d4036336cbf1dde6d3e7e2e878528004b8,-13559.7832902493,335e870053d80807fd991bacb34804d5bb1f1e8d33f1bdb926306b5084f5400e,9f65f8dc6ddaff1d631e299cb531376a7da5e68d1bef04f34a2d5073d5ef114b,polar1l_rotation_invariants_v1
D027_QP2_M1,S007,14cf6af33d6b4c4124e8763c7ea4dc70e2f6397cc60387dd9ae78272eb82f330,-13559.7820473716,0da9640dd43e37dd81521da30af195f7adefb94e46456627c55832d23913982f,9f65f8dc6ddaff1d631e299cb531376a7da5e68d1bef04f34a2d5073d5ef114b,polar1l_rotation_invariants_v1
D027_QP2_M1,S008,9c45e5388911074ad9df1a1a9745a1a578f9d26f334a048a101613fa03cc15a1,-13559.7876577651,b26f97dddddc0a89187bb57d614c93b700930d4460f3ae0a910c604c3eac0598,9f65f8dc6ddaff1d631e299cb531376a7da5e68d1bef04f34a2d5073d5ef114b,polar1l_rotation_invariants_v1
D027_QP2_M1,S009,6f5ff5049ad3f92c2195c419550858d33e81b61a4f0cc18b31eb3d0a8385eff7,-13559.7826149646,8abc348fbfdcd1e1bd5443421ef0d0182aeb4f9e1442b9a22c30489da64277b5,9f65f8dc6ddaff1d631e299cb531376a7da5e68d1bef04f34a2d5073d5ef114b,polar1l_rotation_invariants_v1
D027_QP2_M1,S010,c90e3fd49f181fbc49c27d645d6b866a1edf7ece3d73fcbb0aaf7e2dde3fb205,-13559.7823193239,a1d54cb9decc74c3fb40a613bde0eadfb6e4f9d182d66246dd4f8f572d78ff14,9f65f8dc6ddaff1d631e299cb531376a7da5e68d1bef04f34a2d5073d5ef114b,polar1l_rotation_invariants_v1
D027_QP2_M1,S011,855808d74066e9b1c80739e6c4452c0845240eea80eded2dcae88bbe7b82ffec,-13559.7835192091,975eab83649ed456e8c15828f0fc53fda919e2e4bb8f808bc62b33d449c30116,9f65f8dc6ddaff1d631e299cb531376a7da5e68d1bef04f34a2d5073d5ef114b,polar1l_rotation_invariants_v1
D027_QP2_M1,S012,836c8608ef7dc38c2288a94bf5d34d3f701e09135701a9512364af5e484816b1,-13559.7821148271,4e8339da6eec13d76c8bc24c5bc1c3166ae7ecf766091eb61a84a8c9268989c0,9f65f8dc6ddaff1d631e299cb531376a7da5e68d1bef04f34a2d5073d5ef114b,polar1l_rotation_invariants_v1
D027_QP2_M1,S013,39669b6097d0fccda528edc212d9363d5f2bbfff64e8ab095f6baf226925ddb3,-13559.7762898576,eb002dff70188dd684041983063502a767a3cdc6c6cfb51fe3004a404f1d94e1,9f65f8dc6ddaff1d631e299cb531376a7da5e68d1bef04f34a2d5073d5ef114b,polar1l_rotation_invariants_v1
D027_QP2_M1,S014,306c029c1c79f56cf6a9deed981a66f4b49df183c2bbbaaedfecf9d9461e9a67,-13559.7918919262,b375ef40b55c4e09a351d17d50c61f15051d1476a572a1682a8de2f6cde0c506,9f65f8dc6ddaff1d631e299cb531376a7da5e68d1bef04f34a2d5073d5ef114b,polar1l_rotation_invariants_v1
D027_QP2_M1,S015,f13c824d462e19f7698e60f14106fe34aa318cafe35bcc52c92f225036c61b72,-13559.7857060817,0d237be9363d804e5561f482c2797a7a4566d38352e5e7ff1603d667e38edac9,9f65f8dc6ddaff1d631e299cb531376a7da5e68d1bef04f34a2d5073d5ef114b,polar1l_rotation_invariants_v1
D027_QP2_M1,S016,b72c1cdedd4c7892331005d0e872861393bce43513d67b0686f56ced2febdc16,-13559.7859030231,bbe7a7834f5a0ac26d241d4ec314a4a09839922a1fd34d0e1950982b40064e09,9f65f8dc6ddaff1d631e299cb531376a7da5e68d1bef04f34a2d5073d5ef114b,polar1l_rotation_invariants_v1
D027_QP2_M1,S017,5b8738dceafb1370fa3457eaeabf600cb99a6560fe04827623e644940157f10b,-13559.7841665463,e4c1b24ead9670419c16faf4ad9bb652d242b7ea1ff08a457fc6b7f6066f7aba,9f65f8dc6ddaff1d631e299cb531376a7da5e68d1bef04f34a2d5073d5ef114b,polar1l_rotation_invariants_v1
D027_QP2_M1,S018,9da7558a9536687613804810a7eb33503956abbb5bdd02d195bb7775fd940c81,-13559.7826905988,e9e3f1d846c7d59aaaa94a9e221a2b505757625d263416e0682f3d188b7e7a9d,9f65f8dc6ddaff1d631e299cb531376a7da5e68d1bef04f34a2d5073d5ef114b,polar1l_rotation_invariants_v1
D027_QP2_M1,S019,36a0ced2bd557b8b1819f3bf9c0d03306cea01e9dbcf2251e2dae9c25c666983,-13559.7823941998,2281c29faa6e84e7241fed03d63d3c9d4bef6dae558636712ea1c3f3431e8615,9f65f8dc6ddaff1d631e299cb531376a7da5e68d1bef04f34a2d5073d5ef114b,polar1l_rotation_invariants_v1
D027_QP2_M1,S020,a6bbafdaf5a33237c77a0a1197ba3925d2f6aed9f24c88bb649fd918615e2ffe,-13559.786221215,9813214a4e309c4f8647308a3f5f3b4e46de93da1858be84cc390289bb088ee9,9f65f8dc6ddaff1d631e299cb531376a7da5e68d1bef04f34a2d5073d5ef114b,polar1l_rotation_invariants_v1
D027_QP2_M1,S021,d0410271a829079b2c1018e731fe793074eb35dfd33444af18474dda6659e8cf,-13559.791747434,fd7cc5d525f212f6dcd4f2ad1be0dfa36cce6527d24f38cd18cc547194d2c4a3,9f65f8dc6ddaff1d631e299cb531376a7da5e68d1bef04f34a2d5073d5ef114b,polar1l_rotation_invariants_v1
D027_QP2_M1,S022,a9a0cd7abb75ae3eccff350cd54a500a937b001e52c617ac80b5a2b278c5ce4b,-13559.7810614785,25288a02f0d14286c998c233eb98acce2f3183556b1b6a49a3d30186e75097c1,9f65f8dc6ddaff1d631e299cb531376a7da5e68d1bef04f34a2d5073d5ef114b,polar1l_rotation_invariants_v1
D027_QP2_M1,S023,c59b8f95a46ed2aebcbbc2f686511b448acdb83c93ae5b1fad707d01ec66d2ca,-13559.7946778913,cab4c7fcea4a90f036bc934e240240203e28357d6d35823787324241610e65c1,9f65f8dc6ddaff1d631e299cb531376a7da5e68d1bef04f34a2d5073d5ef114b,polar1l_rotation_invariants_v1
D027_QP2_M1,S024,d0b952e2def54d6419ecee3d7b50b74ad3abd4d3c324b815c8e54b62f6b7e769,-13559.799518684,4e2d894253cb8d737aa63b10abbd03084191b0c1e685cfe48e39d64c022ac7fb,9f65f8dc6ddaff1d631e299cb531376a7da5e68d1bef04f34a2d5073d5ef114b,polar1l_rotation_invariants_v1
D027_QP2_M1,S025,dbc2bfe16a129e65f1e1ea00b786458b73d0d4767f0ee8f475c61fd1415595f7,-13559.7881262687,b8ad3a6c7864a2a2acfd4a29d6725aa46b4581184ee002e79b6e18af3796f7de,9f65f8dc6ddaff1d631e299cb531376a7da5e68d1bef04f34a2d5073d5ef114b,polar1l_rotation_invariants_v1
D038_QP2_M1,S004,24a6732950208d7a556759ff963b940b0c13887276c6e7dbb49e7640a78fc288,-12500.2940068047,25f909a7d3b66eb6632cb1114abc16969c423d637ae1bce25274ca7a203dffe4,9f65f8dc6ddaff1d631e299cb531376a7da5e68d1bef04f34a2d5073d5ef114b,polar1l_rotation_invariants_v1
D038_QP2_M1,S011,dc1d87cf46e0d585869d0cce9169e3d0056b0b140e4ccc2abb36509aa1ab1282,-12500.2938254963,ef72fd041fcdf44ea86b508dd45bd4ea8c1fc81c1986851522076cbc9c9043ab,9f65f8dc6ddaff1d631e299cb531376a7da5e68d1bef04f34a2d5073d5ef114b,polar1l_rotation_invariants_v1
D038_QP2_M1,S018,faa73c0b3d165412110f22151e0e768341c5c70aa3a5f6aec6f0d17dd17174fc,-12500.2966750009,2b69a125a8e673805c9d282e30c4e9dc693754f524728040764bddcab6d5b863,9f65f8dc6ddaff1d631e299cb531376a7da5e68d1bef04f34a2d5073d5ef114b,polar1l_rotation_invariants_v1
D038_QP2_M1,S025,6e26e15c24d62dab8e506cc296871f002708e406d4598f45b3ed5660422b974a,-12500.2969503366,08d46e3d469e8e97a0532f7fc57d4139a85d8d10bfaa4d2eb22e5326fd742275,9f65f8dc6ddaff1d631e299cb531376a7da5e68d1bef04f34a2d5073d5ef114b,polar1l_rotation_invariants_v1
D042_QP2_M1,S005,35a346dd6fd8d0acd646af44b8611cd55c2bafab15b4961884a2af0eea3bbe29,-29614.4528822682,a5735544ee684afbc8188d34d61abbbeb948e151977b54158f4e191d2bd52428,9f65f8dc6ddaff1d631e299cb531376a7da5e68d1bef04f34a2d5073d5ef114b,polar1l_rotation_invariants_v1
D042_QP2_M1,S012,2d1533564bafeee5487c1143a5d0d30ed87baded9b0f70293038b4211db475c6,-29614.4516199899,38abc7014b6b9f74cefe0cf685c9bbd666bcb0130666694a0ec9663fc386fcaa,9f65f8dc6ddaff1d631e299cb531376a7da5e68d1bef04f34a2d5073d5ef114b,polar1l_rotation_invariants_v1
D042_QP2_M1,S015,0f1320e6ef97c53c0af35de2fa10bc04824eff6ee9093437977447aa06bf78fe,-29614.4552160503,976da0304bbc12fa6210c364d8381342ed0c17d892ae57b2804ca91519d21be9,9f65f8dc6ddaff1d631e299cb531376a7da5e68d1bef04f34a2d5073d5ef114b,polar1l_rotation_invariants_v1
D042_QP2_M1,S023,9210ee13ae6423b1e84d1ec83e047efb1e2e10b50de3707ecb05bce003a11a74,-29614.4785384868,0a7b122bcce5a2ecbdb48daacec7f9578f50473bd975a3393fe18eefab8170e9,9f65f8dc6ddaff1d631e299cb531376a7da5e68d1bef04f34a2d5073d5ef114b,polar1l_rotation_invariants_v1
D055_QP2_M1,S004,3b66a6618b0df96906a2fdc05f3141ab257f89960a4106071c46ea730db81be4,-156211.936664448,a049c9730ac9ccf038fcab32066c99e4bbb9df1f7372d5cfbf5abc8e851ee6f5,9f65f8dc6ddaff1d631e299cb531376a7da5e68d1bef04f34a2d5073d5ef114b,polar1l_rotation_invariants_v1
D055_QP2_M1,S008,2fcf9da0fc996fed34595d441637ffbab39a08d07d80042adab1dd78c72b2c43,-156211.951813032,0f4803de7fa93a904db47c5990b6f75463994eab870c3e6a8b0a53d626c9a5cb,9f65f8dc6ddaff1d631e299cb531376a7da5e68d1bef04f34a2d5073d5ef114b,polar1l_rotation_invariants_v1
D055_QP2_M1,S011,7a7bb61fa33dd7d7d02de58fa36e2dd83de315bfb357967ab38cfb0299d05006,-156211.927562206,3d30cedc3679f59b362e2cd9d4760c098eaeea8cf91854410889029aa66fb35e,9f65f8dc6ddaff1d631e299cb531376a7da5e68d1bef04f34a2d5073d5ef114b,polar1l_rotation_invariants_v1
D055_QP2_M1,S015,793ce0a14e141a5b6a0b7f9ea2141c6baf89b2030a6618aac3153fdf5fe08c8d,-156211.947208336,6d90e3506ecdc31109bf9c16d4b46a55dc1b8cfcd3d8f94714fb9a0760df241f,9f65f8dc6ddaff1d631e299cb531376a7da5e68d1bef04f34a2d5073d5ef114b,polar1l_rotation_invariants_v1
D058_QP2_M1,S005,7388d218b03d3f07a8d478a44558c9c4effbe5d8764a39a8cb783f1e0115711c,-151501.670289485,7afb43ee754fee65b7f2f754f6fb28b4308482c0824e8e7cd29a4893c0db08ad,9f65f8dc6ddaff1d631e299cb531376a7da5e68d1bef04f34a2d5073d5ef114b,polar1l_rotation_invariants_v1
D058_QP2_M1,S012,8fac1ef4c0dc18181e9d71c513a0db237018c648bd20c5cca1fdc9cf1aaaa2e7,-151501.668416153,9d4cc4963a0ac6973fd59273b83ca347a70be4ec9cb8a5f98093cd69ae234ed4,9f65f8dc6ddaff1d631e299cb531376a7da5e68d1bef04f34a2d5073d5ef114b,polar1l_rotation_invariants_v1
D058_QP2_M1,S016,1585e6393a03373b46a31f9dee92f207e25e5c8a75bd911c27ec910a7b1396a2,-151501.676657902,a8c7011c20a835f19f9248d288fd8d18123e9195d30d4515eb5454113a1742f2,9f65f8dc6ddaff1d631e299cb531376a7da5e68d1bef04f34a2d5073d5ef114b,polar1l_rotation_invariants_v1
D058_QP2_M1,S025,be3a3cec26df201b62a2da16601021b83ce1b140aadb3bc29acf473df17cd2c1,-151501.680151856,cff5d9dd62b743aa699b3a139d929dc663910c74e9898c13c06b0861a7114f55,9f65f8dc6ddaff1d631e299cb531376a7da5e68d1bef04f34a2d5073d5ef114b,polar1l_rotation_invariants_v1
D060_QP2_M1,S002,f4d516f89a4070029a76bc7adea9ad804b35e3c44c3e5eecc448d72a0310b71c,-15634.4676675522,8daaeb3919e74bf71a3d32ff767f6b93bc60a12550f863ee141daeffc20e5f21,9f65f8dc6ddaff1d631e299cb531376a7da5e68d1bef04f34a2d5073d5ef114b,polar1l_rotation_invariants_v1
D060_QP2_M1,S006,af26276a1e1c19e392de9ac0dcc8d1babcf10842726d5117033934e033aaf911,-15634.4592403574,b6e891755732df362417c3b437215042d44f6dfe751df44db42d56b047fbd917,9f65f8dc6ddaff1d631e299cb531376a7da5e68d1bef04f34a2d5073d5ef114b,polar1l_rotation_invariants_v1
D060_QP2_M1,S017,0658d2420ffc19d60aaad8fe4ec7cace39835a2bf419e05801e47c6f6af107d6,-15634.4644697134,3ac50d585f5c77ada6d900f8541a7076b92bda12a12918df6b45145c9851273e,9f65f8dc6ddaff1d631e299cb531376a7da5e68d1bef04f34a2d5073d5ef114b,polar1l_rotation_invariants_v1
D060_QP2_M1,S023,da5f2d271de349f7163f6d1bda3ade2539fd2d732239cc592b66444258945e37,-15634.4802926684,dd3f23fd5cf7d57202235d2340008009b5699d2218489a12310c6cc4b961dea8,9f65f8dc6ddaff1d631e299cb531376a7da5e68d1bef04f34a2d5073d5ef114b,polar1l_rotation_invariants_v1
D068_QP2_M1,S003,4315bbe1fb7689c5e32edbbadb284635f3f7e1bc830522cf3432ce1cce06bd89,-19913.790567988,4c039fce30b92c16176621dc91290d6034e9058b1121eb9478704abb16758da1,9f65f8dc6ddaff1d631e299cb531376a7da5e68d1bef04f34a2d5073d5ef114b,polar1l_rotation_invariants_v1
D068_QP2_M1,S013,c4e17598457df65982bb1dd07b22796f8fe306fc2baaeeb4abc033ffe398cc44,-19913.7874899981,d091994fdf662d3c78d8610c13b4cc738bc45f1826ac39af88d7b2064b15b4e1,9f65f8dc6ddaff1d631e299cb531376a7da5e68d1bef04f34a2d5073d5ef114b,polar1l_rotation_invariants_v1
D068_QP2_M1,S020,84f7dde3fa57c175ebc28f235bca7bda6408db8f28c1f9f37408e842c9a92f41,-19913.7934923059,e0d7ed6b762b64c40b73aad33f1c862ac301761b961a992ac611b663757b96ee,9f65f8dc6ddaff1d631e299cb531376a7da5e68d1bef04f34a2d5073d5ef114b,polar1l_rotation_invariants_v1
D068_QP2_M1,S024,e3580b7a5c82f0eced2f8ef63e474cee8ef4dfe9e0443d115ec22d496b66f634,-19913.8125282436,7651d95b8db33356ce4fa8a2eb3c20ae83f23530600ff48db130206c2efe392c,9f65f8dc6ddaff1d631e299cb531376a7da5e68d1bef04f34a2d5073d5ef114b,polar1l_rotation_invariants_v1
D070_QP2_M1,S004,db3b076a040901a86a06896853e951585304d52e9e983b3bf83c31f06bb79e79,-28145.1621957428,1628936ca467a4cf7ccfde444ba67ece0776611e57e273617bd80c46e6ca08de,9f65f8dc6ddaff1d631e299cb531376a7da5e68d1bef04f34a2d5073d5ef114b,polar1l_rotation_invariants_v1
D070_QP2_M1,S011,1b2cf59fa3152bebbfa663d7e8e4ecf21e0662af48093abc827e9a9647acd841,-28145.1615759524,f8b33f60ac5a5dd63a692c47429329de8df045919861f23302dab785ed40b206,9f65f8dc6ddaff1d631e299cb531376a7da5e68d1bef04f34a2d5073d5ef114b,polar1l_rotation_invariants_v1
D070_QP2_M1,S014,60afaa1f047a2ca42cce24a17601710f2a2e65a3ee2e4236fdf77c22e4867548,-28145.1827167605,61e0a8d98fa0edd00adf50b00cb50b2d310e5537e689cb355ef9215ee4a978e6,9f65f8dc6ddaff1d631e299cb531376a7da5e68d1bef04f34a2d5073d5ef114b,polar1l_rotation_invariants_v1
D070_QP2_M1,S016,1d0083b9c0ad3179e2583eba62846fca26ceecffefcb0a398be99ed872934a96,-28145.1687735017,d17bcd0b54065d8f9c6f4ca9fb8c25382b425cc45c1dd990aadc7afe2af2bda2,9f65f8dc6ddaff1d631e299cb531376a7da5e68d1bef04f34a2d5073d5ef114b,polar1l_rotation_invariants_v1
D077_QP2_M1,S002,66c67869f7ff9619877de4d1b6eece08a48838dd79b595d8fe26442902e85d60,-115153.149202735,c43616dfa138236e17258739db431c0f2019b6d857e45822a3683560e9f1599c,9f65f8dc6ddaff1d631e299cb531376a7da5e68d1bef04f34a2d5073d5ef114b,polar1l_rotation_invariants_v1
D077_QP2_M1,S006,d6a5c6a9b79320eb645d3ed191fdfa568cc3bcbb0572333f9ed7b640ca1e9687,-115153.137062719,cc1cf2550298763313059240c953375a10bf0c1c50b1abc6a425d6af40b40b98,9f65f8dc6ddaff1d631e299cb531376a7da5e68d1bef04f34a2d5073d5ef114b,polar1l_rotation_invariants_v1
D077_QP2_M1,S018,6d1fc6fc48702708a11cbd662d43b73980fa3ba9a0fb4c7f24dad745e7fe3875,-115153.148211525,9b2cbad247fedd868d06daa1bc3a72805275298e6e536810b031468d97d445d4,9f65f8dc6ddaff1d631e299cb531376a7da5e68d1bef04f34a2d5073d5ef114b,polar1l_rotation_invariants_v1
D077_QP2_M1,S025,ad3f62c70a67774ce5aaf27f5f9dd63f761137633ce5be8f0e57dec4b22a7737,-115153.152564845,5510046489f50fc36d4c4b4b405bf57b1f5e5c7e886b822bd6609539a0b488d4,9f65f8dc6ddaff1d631e299cb531376a7da5e68d1bef04f34a2d5073d5ef114b,polar1l_rotation_invariants_v1
D078_QP2_M1,S003,13261bc593e2b3aec6a19c0bbf3d7b1fa7709fa6480eb5551174618fc6713f61,-31548.8369482733,2bc5f87cb67a35b197160587bf2f0a9d9cc5f49db6cc564d2c82a392f32e1844,9f65f8dc6ddaff1d631e299cb531376a7da5e68d1bef04f34a2d5073d5ef114b,polar1l_rotation_invariants_v1
D078_QP2_M1,S013,d96618a415fed33bbc6b127850618a2cf82c22938ddad1936f5a8c90d2e89934,-31548.839475956,0cbca357a9c42bcaa2526cd2449b61aa220b4ed86b6cce7af185d61edd7138ae,9f65f8dc6ddaff1d631e299cb531376a7da5e68d1bef04f34a2d5073d5ef114b,polar1l_rotation_invariants_v1
D078_QP2_M1,S020,c4f8062a4c5a98fe12c055e744a334075e48b84f54cf6412bef30be4c34b4c31,-31548.8585543887,c46a4f2433f7b62fb6992930370b0a9c334031b8d4ac6f2e105d293d46404e14,9f65f8dc6ddaff1d631e299cb531376a7da5e68d1bef04f34a2d5073d5ef114b,polar1l_rotation_invariants_v1
D078_QP2_M1,S023,5931216219e57cc67d0a3d191aadee6825ce273e71eb9390891c4dbf620daa38,-31548.8982127171,7169b17dc72d946cfb3aafc6297893ba8d1103bf50f787f4ffbd9c1f19f8c739,9f65f8dc6ddaff1d631e299cb531376a7da5e68d1bef04f34a2d5073d5ef114b,polar1l_rotation_invariants_v1
D084_QP2_M1,S004,7642d49b03c45c1af43135560c60f4cbc6c4c966d0c8df7d4e9d6a723a8c5cad,-100250.963892276,814fdf3ee483f80251dc24ee91ee5b31cbf5ff7acc1e0f2abde78deba367facd,9f65f8dc6ddaff1d631e299cb531376a7da5e68d1bef04f34a2d5073d5ef114b,polar1l_rotation_invariants_v1
D084_QP2_M1,S011,719f013d823d84a371f8e712fbc720d13e3d8eac7262164ea00a7add04299ac5,-100250.961056647,a7bbfedaa8282cd4b349e875e7b35fe5a3bee9868e65e1b087457d0053d3d523,9f65f8dc6ddaff1d631e299cb531376a7da5e68d1bef04f34a2d5073d5ef114b,polar1l_rotation_invariants_v1
D084_QP2_M1,S016,2c9e32a7784a1a45398ad3236076354c225dcd5f6f8bd08f957dad359e110572,-100250.974665674,b1dd377642c1004b40c672876d93af5ae6333431fdce26c0487c2dc54952fd25,9f65f8dc6ddaff1d631e299cb531376a7da5e68d1bef04f34a2d5073d5ef114b,polar1l_rotation_invariants_v1
D084_QP2_M1,S024,126c725ea60338bb6469cf3c0988f6d9e2271c41acfaa19d449fa7d85083019d,-100250.934082572,dd2f3b04ef91cd166279829852bf7578ff5f29f09a320c915cc5a9742a4835f5,9f65f8dc6ddaff1d631e299cb531376a7da5e68d1bef04f34a2d5073d5ef114b,polar1l_rotation_invariants_v1
D086_QP2_M1,S005,9ad3364ca542202c91e3ab90c9562cb5bc062a218836e278806484122d7501ce,-40185.6175174082,8f9e007fa0083780b28e55a75e6deb8ccbf5d908057eaa8759b81688eacff273,9f65f8dc6ddaff1d631e299cb531376a7da5e68d1bef04f34a2d5073d5ef114b,polar1l_rotation_invariants_v1
D086_QP2_M1,S012,4f0be36c99e280e61a1b5c3bd90906ddb045484d117cb15eef8a89174f3e46cb,-40185.6123265579,1f5c1ad0c4c943b2fd107a4f4dd8ac238a74bae37e5cf7112513a1195bf178e7,9f65f8dc6ddaff1d631e299cb531376a7da5e68d1bef04f34a2d5073d5ef114b,polar1l_rotation_invariants_v1
D086_QP2_M1,S014,3f9626f005a8b3850ba3bc12254971c80e5184066eaecf7584eeebd1fd808e5a,-40185.8674340841,8705795d490ad267d7793988116ef46fb121f12f40d2f8345c295a89daf0d999,9f65f8dc6ddaff1d631e299cb531376a7da5e68d1bef04f34a2d5073d5ef114b,polar1l_rotation_invariants_v1
D086_QP2_M1,S018,26543b9b7289f1cac794cba929b6f288b55ebc739db92c01ed8a8959824b4853,-40185.6298214577,30bef2bb6216465c75c3fc01116e81c731b32edf2bc953649c2d80c03fb46e98,9f65f8dc6ddaff1d631e299cb531376a7da5e68d1bef04f34a2d5073d5ef114b,polar1l_rotation_invariants_v1
D089_QP2_M1,S002,521bab11430e32eca8aa1e744d5bf46d2aabb5845c443d45d97a0f6c11055c34,-91050.1077962891,f9bd860277e3c050c28eac653c003240ab030154d36b2a8686cdaa1b993476af,9f65f8dc6ddaff1d631e299cb531376a7da5e68d1bef04f34a2d5073d5ef114b,polar1l_rotation_invariants_v1
D089_QP2_M1,S006,ed18569fb123623d5d6640c788aa7ca07379103b2e62db3c70b41732bd721ab1,-91050.0474070462,4c6f2884dfa968b66ec9ba75c1875c21288e8846d371925dff6ab345fed76e5d,9f65f8dc6ddaff1d631e299cb531376a7da5e68d1bef04f34a2d5073d5ef114b,polar1l_rotation_invariants_v1
D089_QP2_M1,S008,b2b01d822057fdcb799e279ee62f0432991ebd020e1dd6f1de58f2936287cee5,-91050.1200963706,ed93550b3bd5036d0bdf02f66be7b85d5c41d3fb9ac89bcddb5b1ca8dc9fe0e0,9f65f8dc6ddaff1d631e299cb531376a7da5e68d1bef04f34a2d5073d5ef114b,polar1l_rotation_invariants_v1
D089_QP2_M1,S015,8793eb5bb526552d7161e117e4332e3b3d9133b75754781e308c203b57044b6e,-91050.0927859353,6e568a87d1036d30623921dc12a89de65f438a83e6da98ab21a690476bf086f5,9f65f8dc6ddaff1d631e299cb531376a7da5e68d1bef04f34a2d5073d5ef114b,polar1l_rotation_invariants_v1
D094_QP2_M1,S003,9075aaa3f6b92988a837e66526cba0fd9009cde114419c48e36e4a76c402ce5c,-62185.408263393,c9abd36a1744ac6f4c7d9532021824f44c3309da5e8c0fe53211ac02c329c195,9f65f8dc6ddaff1d631e299cb531376a7da5e68d1bef04f34a2d5073d5ef114b,polar1l_rotation_invariants_v1
D094_QP2_M1,S013,60a6399e381d791d98a1170164dd8d05b24c54c1d88f320cdd28a7da3f535a32,-62185.4098411116,4005757dbcfbf0b310236447d5784d2f2c1edaaf7525f196a515a5532e8ee2d4,9f65f8dc6ddaff1d631e299cb531376a7da5e68d1bef04f34a2d5073d5ef114b,polar1l_rotation_invariants_v1
D094_QP2_M1,S020,7adac6c6e1841a4dae6b7ffac58ab97b187d4dabc61a256ae3278de2525d673c,-62185.4140896313,2e93a517a280a800e966b09924afaf66e024f513d42f4713f0adf92b7f99f70a,9f65f8dc6ddaff1d631e299cb531376a7da5e68d1bef04f34a2d5073d5ef114b,polar1l_rotation_invariants_v1
D094_QP2_M1,S025,53f2f2dbc4f26c17c56a6c96d5cc9f8967036087b55bfe724e08c78de5b8d85a,-62185.4157718683,64f896942e85ba80520b8c52236248d255152281333212ace10142b257718e99,9f65f8dc6ddaff1d631e299cb531376a7da5e68d1bef04f34a2d5073d5ef114b,polar1l_rotation_invariants_v1
D096_QP2_M1,S001,498a6312bfac8ff1016733a262df5e8cff07e67e9ad828492c6902eabd2a18a2,-87855.0452758497,3d135de4f6bb866d1f98d0af3711703ec4359161c3a54765186e5a7f72ac91b1,9f65f8dc6ddaff1d631e299cb531376a7da5e68d1bef04f34a2d5073d5ef114b,polar1l_rotation_invariants_v1
D096_QP2_M1,S007,ae65f5a43123f47b7b61a76ee61e92f62213e4ca6f00a6b32652b7cc0e056843,-87855.0446680605,12f1d9379ff453aaf0a8724ab16bf6ef9115c9884d5a79da3a1719be3dc9689e,9f65f8dc6ddaff1d631e299cb531376a7da5e68d1bef04f34a2d5073d5ef114b,polar1l_rotation_invariants_v1
D096_QP2_M1,S017,22574640c8d11a20ff700ebff460da5bb8f860b9d872823fce104624236fcc57,-87855.0516295445,62629dc9113bf9bfbf7c7717787b314ab8136cb40214339d839f97ccd60a4e54,9f65f8dc6ddaff1d631e299cb531376a7da5e68d1bef04f34a2d5073d5ef114b,polar1l_rotation_invariants_v1
D096_QP2_M1,S022,e540288ea0ed9607e1040dda12f253fa4123d264d1643de6338c6cb24b220ea1,-87855.0429420311,495934878f6366c3e4297baa236f12de3149c4d5df54e5388468576542410477,9f65f8dc6ddaff1d631e299cb531376a7da5e68d1bef04f34a2d5073d5ef114b,polar1l_rotation_invariants_v1
M001_Q0_M1,S001,5cc4d3a2e10c866ebd5bcdfd1b265bafad69fc9027d004a56bb41fbdfcb0083e,-15047.7134679799,8370401fe97624ba19d5d0fb645e0598b9fe873fcced00f298da82650120251c,9f65f8dc6ddaff1d631e299cb531376a7da5e68d1bef04f34a2d5073d5ef114b,polar1l_rotation_invariants_v1
M001_Q0_M1,S007,b458c47279b694ee51f4c8d0769d0acc2667ccb2d9e72b90282448e861367cbb,-15047.7134577217,89fe847135ef602f319a30d0628fc7dcb1438eab8ecd94a97cd4f143b65053bc,9f65f8dc6ddaff1d631e299cb531376a7da5e68d1bef04f34a2d5073d5ef114b,polar1l_rotation_invariants_v1
M001_Q0_M1,S015,4c459960e91ffeb6d180b3ca44b4249875c412c1c4293fd320805964efe14a19,-15047.7135559337,24e6339c07ac2ef5eb90415046ab06be2b2469e77cfedd35db88de725b1e9791,9f65f8dc6ddaff1d631e299cb531376a7da5e68d1bef04f34a2d5073d5ef114b,polar1l_rotation_invariants_v1
M001_Q0_M1,S022,5d457838a42335600f0f599ce77cf88c1764bef0b2eee6382031c28fc841844b,-15047.713441815,2602bd812b1839667bc7ec621da81dddf3924c7ba4527f0fb1870f7bb037043f,9f65f8dc6ddaff1d631e299cb531376a7da5e68d1bef04f34a2d5073d5ef114b,polar1l_rotation_invariants_v1
M001_QP1_M2,S001,faf885b9d5371630d7a9cafee2794b0a6eb73497e667a86ceafd8a7f3cd0bba8,-15038.827193517,6eb059cc13e1c7d44da7dba8a4eecebc97ff15e95b3bcbe92f72319ec42dd815,9f65f8dc6ddaff1d631e299cb531376a7da5e68d1bef04f34a2d5073d5ef114b,polar1l_rotation_invariants_v1
M001_QP1_M2,S007,428fa172a7829dfed423c028310a52bfc26e51f58c8545e525e373d9440c7ffa,-15038.8269194434,571344fe5866b2dad9ca9d6068d2eafdff7b2d4942c892205959bd32e2d88e6f,9f65f8dc6ddaff1d631e299cb531376a7da5e68d1bef04f34a2d5073d5ef114b,polar1l_rotation_invariants_v1
M001_QP1_M2,S015,d690116cb4c95481934aab568ce55143dd67ae100923205c565c6ce2766e86ec,-15038.8294504964,002f1d2dae9d827c4c5c17eeb7cdaa0e84ca102c0e67b134a8cfa5794304ce06,9f65f8dc6ddaff1d631e299cb531376a7da5e68d1bef04f34a2d5073d5ef114b,polar1l_rotation_invariants_v1
M001_QP1_M2,S022,2929d497f1ef8ca26e9fe75228d030a699c9bf4aa1b0732a697ce45511d24d37,-15038.8264899127,12cd9478857647bc22cb19884c8ac6a5844a0c544f81c3733c3e9f26a16e5ec1,9f65f8dc6ddaff1d631e299cb531376a7da5e68d1bef04f34a2d5073d5ef114b,polar1l_rotation_invariants_v1
M007_Q0_M1,S004,94ef68e10a8cb4b558435a691383c6c3a3213b58c9019976d7ffb451f6c19d4c,-23603.9878512213,97a20756f7024d6a2b75391d50c8e3e79d3c812be6f0683e69fd1574ff814eac,9f65f8dc6ddaff1d631e299cb531376a7da5e68d1bef04f34a2d5073d5ef114b,polar1l_rotation_invariants_v1
M007_Q0_M1,S011,b7eedded779d8ad5a63aedae9966a6e202db1106bf52eae1d223508976e471bb,-23603.9878343863,3987dd95eb028dcd1236adb6a02793f07726a86d66d3258c05db8fb4410cfbb1,9f65f8dc6ddaff1d631e299cb531376a7da5e68d1bef04f34a2d5073d5ef114b,polar1l_rotation_invariants_v1
M007_Q0_M1,S016,54e7d79387530729c9d115bf65b184b937f220055229f539bc23fb432b1bab04,-23603.9880993466,39d4f71a52ed50630cffbb3c7d8554189c3c47e40e01d55a93b2d813270b3eb8,9f65f8dc6ddaff1d631e299cb531376a7da5e68d1bef04f34a2d5073d5ef114b,polar1l_rotation_invariants_v1
M007_Q0_M1,S024,bcf964be95633869c4c285b534e36c2dcc0495ee036b327940b01f05ceaf03a3,-23603.9890565473,0d4cf972d304588e0e61bcedf77d619681994a2ebda72180558e258c3434c475,9f65f8dc6ddaff1d631e299cb531376a7da5e68d1bef04f34a2d5073d5ef114b,polar1l_rotation_invariants_v1
M007_QP1_M2,S004,b4eab1d36ef40e882380e69b19c3569d56ca38ea134b4c1a890e19d95a8e8506,-23595.7466130896,06f736002816b5e344d793c4a4bc18df7940956f072b5db002e34a9892e2ad47,9f65f8dc6ddaff1d631e299cb531376a7da5e68d1bef04f34a2d5073d5ef114b,polar1l_rotation_invariants_v1
M007_QP1_M2,S011,9a1a836ff22f57605b5be26a312b21f8f17fe6d3733a32931bdb4568b32d69e8,-23595.7470256366,16ef2857cb124ec98bc0b808215f03143558036026bc7240bc163b38de3866a5,9f65f8dc6ddaff1d631e299cb531376a7da5e68d1bef04f34a2d5073d5ef114b,polar1l_rotation_invariants_v1
M007_QP1_M2,S016,2f16f3a1bb890c19a389972f4274dfbb4e259ff52fa7733a616949d1ed7f2a31,-23595.7389186779,166f32a86126a7f4129c6e135d012b3891746712c47c902e3f569c139cc9ce1f,9f65f8dc6ddaff1d631e299cb531376a7da5e68d1bef04f34a2d5073d5ef114b,polar1l_rotation_invariants_v1
M007_QP1_M2,S024,3161c1aa493803908c8cec1ca4a3095e4be8034a82980630ed613211f3f02af7,-23595.7369439586,259cece4e109dedf6bca8dd8729560e9d270217487d5c9217a1e5fcffc7a36ca,9f65f8dc6ddaff1d631e299cb531376a7da5e68d1bef04f34a2d5073d5ef114b,polar1l_rotation_invariants_v1
M013_Q0_M1,S005,731a6774fc01871ea70155492f32fd1c0905a86495b90c82edb49617312c031d,-17558.3308157016,03b12aa383cb3f604bb8c03367a62e3007429c5eaa5bcaf6805fd709a2adf1c5,9f65f8dc6ddaff1d631e299cb531376a7da5e68d1bef04f34a2d5073d5ef114b,polar1l_rotation_invariants_v1
M013_Q0_M1,S012,39425162005a81dae0d5e723dbae2c06b3a0fb1f6af4cf1dc72f9705f2560b78,-17558.3307189925,2893e4c56287ebce3270b7c3b05ba7223bd0fb4d90eaa2c494396ad8d406ae3f,9f65f8dc6ddaff1d631e299cb531376a7da5e68d1bef04f34a2d5073d5ef114b,polar1l_rotation_invariants_v1
M013_Q0_M1,S017,db574b798c807d2e9b6671abd277bb309c515c1f7763c7c6716c59a3471d3228,-17558.3310072599,bdd937ec4d2b9a6b3586ca4e7684bab26f8692b6ac7d29dd9683e4a3157637d5,9f65f8dc6ddaff1d631e299cb531376a7da5e68d1bef04f34a2d5073d5ef114b,polar1l_rotation_invariants_v1
M013_Q0_M1,S021,f1c57196d5441e1450a94049aecb50ea14ad72ce7cbcb11ee0f4f0c1b104e499,-17558.3316792421,69259ec40bdac235347ee5001c9291944b7f2977de150d6bd61b33ddab4f11db,9f65f8dc6ddaff1d631e299cb531376a7da5e68d1bef04f34a2d5073d5ef114b,polar1l_rotation_invariants_v1
M013_QP1_M2,S005,95b16843a051e6b91d16f3aeaf999ca90b43059155a17f38d6cc85f50238a659,-17548.9050819923,d759056443e4c696c0206b5c96153c9fd9dc63f3824cce56d71a60df30c50f6e,9f65f8dc6ddaff1d631e299cb531376a7da5e68d1bef04f34a2d5073d5ef114b,polar1l_rotation_invariants_v1
M013_QP1_M2,S012,e2fb518530a4d1eb20b322c52774472b8b3c337ddeb08d6e5bc56c3530d7e16a,-17548.9043408034,b46981bf345bd77e55f8004fbaee730fa83fdfe518387ef3f87699dab074a417,9f65f8dc6ddaff1d631e299cb531376a7da5e68d1bef04f34a2d5073d5ef114b,polar1l_rotation_invariants_v1
M013_QP1_M2,S017,04ecbdc438272f6b8c4cb523656b847c0e919dabba024d1dd7a1d8720ff785be,-17548.9052545664,6863a93a567c59e5ba1ee29d1fcab118ad3bfc2d0755a0698818868383f01882,9f65f8dc6ddaff1d631e299cb531376a7da5e68d1bef04f34a2d5073d5ef114b,polar1l_rotation_invariants_v1
M013_QP1_M2,S021,6c322f17685d4728c670ca1899b6ddace9843c8e8598481faa569429d900b1bc,-17548.9062527883,8a86a4e15812cb7c3123b1ac84bc99bd7f8e900109afbc9b6777718380178e3f,9f65f8dc6ddaff1d631e299cb531376a7da5e68d1bef04f34a2d5073d5ef114b,polar1l_rotation_invariants_v1
M014_Q0_M1,S002,5416e5611fafc1410040e11198da9a5c942abf4d64207d701d7dda034b24ba92,-21249.4787032095,70db9099508b90d6b73be86a79f8c5c930fc7879da3f9d19ea6ccfc97b51e785,9f65f8dc6ddaff1d631e299cb531376a7da5e68d1bef04f34a2d5073d5ef114b,polar1l_rotation_invariants_v1
M014_Q0_M1,S006,5453b8f4e6e2a85e6eb8d2a881aa5454f761eed083d8f2c16b91b24ef0304de8,-21249.4761287912,2f2e68e66ae91ff43aa38bc4cd03181acafddae95e7e9f94adf2319b4232a6b6,9f65f8dc6ddaff1d631e299cb531376a7da5e68d1bef04f34a2d5073d5ef114b,polar1l_rotation_invariants_v1
M014_Q0_M1,S014,f4ddfc185a85d1ae2c7de3885168767b54c647e847bb5e0811db8f59ce775567,-21249.4815243507,3268d50c99021b1072c70d9862d3be8d09207802715b67294963a5d21ab83351,9f65f8dc6ddaff1d631e299cb531376a7da5e68d1bef04f34a2d5073d5ef114b,polar1l_rotation_invariants_v1
M014_Q0_M1,S018,1767f1b60d942630e1d44e9e5706a3904c33ef16d1c9577a437d63491b30579e,-21249.4784284582,d4a99262596e1e3c49d80a6495d2e026d2a99dc0cf7637789755e747d2402d98,9f65f8dc6ddaff1d631e299cb531376a7da5e68d1bef04f34a2d5073d5ef114b,polar1l_rotation_invariants_v1
M014_QP1_M2,S002,c7c14011aec684998dfdcfb4cf87c0b436429a91685d50a3050a390a4cb33d76,-21240.4264657369,b94986757779f10555b194fc238fabf1a7379290a336567f5c77dcdb65845c2b,9f65f8dc6ddaff1d631e299cb531376a7da5e68d1bef04f34a2d5073d5ef114b,polar1l_rotation_invariants_v1
M014_QP1_M2,S006,a10febedc1d0b20a2b6fbf14cd224261732f77b0255447d220ec448b8b56631a,-21240.4192431565,57044b036eeffff59937002bd8834e4d2292ab9f9cfeaf2a0093cdd872f22bdf,9f65f8dc6ddaff1d631e299cb531376a7da5e68d1bef04f34a2d5073d5ef114b,polar1l_rotation_invariants_v1
M014_QP1_M2,S014,5b548451431127b645a45403d5dc8ab281d32632f923eaa2a7fff26cc8e156cd,-21240.4313713491,e2a98456e8b76a2ab466e7a7f91db095c0ae7b543ba683ca704c0792e1fbe573,9f65f8dc6ddaff1d631e299cb531376a7da5e68d1bef04f34a2d5073d5ef114b,polar1l_rotation_invariants_v1
M014_QP1_M2,S018,6dff0a83f40fef4fdcfceb28b9292eecdc09b6d5a1bc4fcd75246d10631396e0,-21240.4258319592,6eb0531819fbbd8646b205521e59e6f03b44212a95f08b607a41e386d326725c,9f65f8dc6ddaff1d631e299cb531376a7da5e68d1bef04f34a2d5073d5ef114b,polar1l_rotation_invariants_v1
M017_Q0_M1,S003,fe0f80c035254c4e1806870797daba5c1c3531b0cba3fe8b4ff71ba2c3ed14c0,-19325.9753050825,3f0147ba4a620ac6bc824f448a0856a73ad2d1a95c6ef28ab7b83332d6b5bd03,9f65f8dc6ddaff1d631e299cb531376a7da5e68d1bef04f34a2d5073d5ef114b,polar1l_rotation_invariants_v1
M017_Q0_M1,S008,5407b06cbcb4d2506fa48e12cf1055a55c76f839fcfa027dc7c2359cc945e3e8,-19325.9759325743,8c4c85f6ead022f5b2cd334198f3a7c1ec15c57ec63ec5639da1ed1d24916211,9f65f8dc6ddaff1d631e299cb531376a7da5e68d1bef04f34a2d5073d5ef114b,polar1l_rotation_invariants_v1
M017_Q0_M1,S013,7b3fba20f04cd2f59413f3767facad489344bf444a35899fc3c832b73e125004,-19325.9753948711,636ae4abe4f59e6647840a737f126bfd50040172be0312368cfdb86c50ec146e,9f65f8dc6ddaff1d631e299cb531376a7da5e68d1bef04f34a2d5073d5ef114b,polar1l_rotation_invariants_v1
M017_Q0_M1,S020,601d8a06a77de48f3612fdb9a17eb7488782b8891a33eb0f8ca8a8d94f751972,-19325.9757564915,d3b3132178d2d80b290a54e37560f1d090e922defe7ae4eaad8abd737ccaf481,9f65f8dc6ddaff1d631e299cb531376a7da5e68d1bef04f34a2d5073d5ef114b,polar1l_rotation_invariants_v1
M017_QP1_M2,S003,584415a92999b930c5f3e40c69f981a29661420993613e4371d8b0280c6a6985,-19317.6749736693,ae58d2825cdcb7c0cc9a27a90cbf308e4c1f48637f418720b9cac329ad686a91,9f65f8dc6ddaff1d631e299cb531376a7da5e68d1bef04f34a2d5073d5ef114b,polar1l_rotation_invariants_v1
M017_QP1_M2,S008,0e228c97fe8322cc17f11bcee332ad222e34ce8ebaeec962a112f30c7f0a365b,-19317.6740967938,8679ce941f0278c167cbc0c837ca27b11324870a8ca5c576c66b2a58d5971a7a,9f65f8dc6ddaff1d631e299cb531376a7da5e68d1bef04f34a2d5073d5ef114b,polar1l_rotation_invariants_v1
M017_QP1_M2,S013,376403e2be616b75ce4a6c8d810523727c34ff6679f5ff670efaba389719784e,-19317.674827952,76225a3da504ef4ffcc9e82d5fd4004affe5d8d79eaaca32a278b7ff12ebc034,9f65f8dc6ddaff1d631e299cb531376a7da5e68d1bef04f34a2d5073d5ef114b,polar1l_rotation_invariants_v1
M017_QP1_M2,S020,30e0a294dcf5f1305e1987516d3e481386f1d18ba20647ecc65e4a88d70bc89b,-19317.6743146943,7b23d0a87cb6925256d3496edafc43d0fcd427e35e571c5afdf0a214c1a12522,9f65f8dc6ddaff1d631e299cb531376a7da5e68d1bef04f34a2d5073d5ef114b,polar1l_rotation_invariants_v1
M022_Q0_M1,S001,c5c9dd861157456f01be65522c327a1e3a1dd6b46a486eeb02a038e20def6b8e,-21248.4384796575,c49d42b0f8d029cd04be2bd0d9e875a5d8e552d93aa57f20367f9628f3ae3f63,9f65f8dc6ddaff1d631e299cb531376a7da5e68d1bef04f34a2d5073d5ef114b,polar1l_rotation_invariants_v1
M022_Q0_M1,S002,d517b36429dac5b44971b05d6867e85a63a6a8fd6a7205fee3e220990cf49f31,-21248.438325592,26425b2809415b9904a39f96f671ea618e91115a10af2707cf41e3d992655aa5,9f65f8dc6ddaff1d631e299cb531376a7da5e68d1bef04f34a2d5073d5ef114b,polar1l_rotation_invariants_v1
M022_Q0_M1,S003,f4ae2cb41fd3067e0915d2b83accce45cf98ba2f9e0a317322a236de6333762e,-21248.4384984697,e875e724cff84a84365c94f1270f74d13fbcd2b54de352f11763bdad4cc4f236,9f65f8dc6ddaff1d631e299cb531376a7da5e68d1bef04f34a2d5073d5ef114b,polar1l_rotation_invariants_v1
M022_Q0_M1,S004,840cf19959172b3258c66fa261621033b65af9996a18d2b9795735bce59e5d95,-21248.4384785658,ca1185cab3400891bc9012a03c4edc8b2c8efc714d437591a6477362a9a3a3e5,9f65f8dc6ddaff1d631e299cb531376a7da5e68d1bef04f34a2d5073d5ef114b,polar1l_rotation_invariants_v1
M022_Q0_M1,S005,88aec2473f2371cecbde12134ee3354389ae3180ffcca67f12e221553ddcfc31,-21248.4384621945,c0d382e544ef1a8358060a4c0af6c255be19f0817154a52ce6b85e67c69b5cdf,9f65f8dc6ddaff1d631e299cb531376a7da5e68d1bef04f34a2d5073d5ef114b,polar1l_rotation_invariants_v1
M022_Q0_M1,S006,628c18cf2341443f97fae830c4cbb4c9456c02e475ecec36d2e43c4ab42ff4ec,-21248.4384814246,8952aef9043a23564e4d3d4d950e4729c5cbeff47263a2baa1f3fab585867110,9f65f8dc6ddaff1d631e299cb531376a7da5e68d1bef04f34a2d5073d5ef114b,polar1l_rotation_invariants_v1
M022_Q0_M1,S007,5782a0b94a12e8051c2d73c098c6ff3f35aa9c5a53347c376a7bca42c0f77b29,-21248.4384897496,aee59672339fa1dacb2b99631e84fe1ccfa5fb0c966b0c0f26da133f7d3c3fd9,9f65f8dc6ddaff1d631e299cb531376a7da5e68d1bef04f34a2d5073d5ef114b,polar1l_rotation_invariants_v1
M022_Q0_M1,S008,bf49c4e914d7e0f2f859afb840fa5b0e433b2b5b42199e6a76d29e9d05918b6a,-21248.4382760451,d7f53d71d7a4d72d8fb0fe846e3011f5bd4aeb7b5d294ba17deb3f363403f60c,9f65f8dc6ddaff1d631e299cb531376a7da5e68d1bef04f34a2d5073d5ef114b,polar1l_rotation_invariants_v1
M022_Q0_M1,S009,610a34feb7b70ef131484edb4d16afddbedc04a807609b5821ae7c53c84b14c0,-21248.4384806894,92001a45c2bfb825d8e8abc58c690f4c7b99c1440687992ceb51994b958ac4c1,9f65f8dc6ddaff1d631e299cb531376a7da5e68d1bef04f34a2d5073d5ef114b,polar1l_rotation_invariants_v1
M022_Q0_M1,S010,b65c21bf1618bbc6f9d7b4b1bd1d99d1924a8a4c1e0829d0f3636eed3eb461ff,-21248.4385022533,42f1fae36470533085595e63c33109d626e09ff9765b7ad7eb161ee1a5c41e4e,9f65f8dc6ddaff1d631e299cb531376a7da5e68d1bef04f34a2d5073d5ef114b,polar1l_rotation_invariants_v1
M022_Q0_M1,S011,cfb27b146426798833f81e148f6d9a29fd243257e5f518f0b729586d4a74f04d,-21248.4384858145,1baacb1e2d0c959dd3b59d7ade6ec1b97c2a8c68f46909e6af29e9be76f2be1c,9f65f8dc6ddaff1d631e299cb531376a7da5e68d1bef04f34a2d5073d5ef114b,polar1l_rotation_invariants_v1
M022_Q0_M1,S012,3eb1848c0c9cb0b95be501586ae9c4f857a339b5533f36880155e5a91a71e046,-21248.4384871466,5db080952fb3f257c97c2daaaab5d0f2167fbd017f491dfe43d1ec43f46512e1,9f65f8dc6ddaff1d631e299cb531376a7da5e68d1bef04f34a2d5073d5ef114b,polar1l_rotation_invariants_v1
M022_Q0_M1,S013,58f474c68cceaada64edb350741641fb50191bb6a128b9424cb21156314e2480,-21248.4384749502,e949def54c45977fa83b8dbacbafeb73391106a04b1b5ee24c1172d0ef429e39,9f65f8dc6ddaff1d631e299cb531376a7da5e68d1bef04f34a2d5073d5ef114b,polar1l_rotation_invariants_v1
M022_Q0_M1,S014,bfa887e199692e6513ff1fcce4edfc7113c9f89b757b325d5bf8b1d88980a37d,-21248.4380341968,b1d8fcb348d6706e7d9dd452cd730ffd52a3525baa5543bb612c50dc9dad4b0a,9f65f8dc6ddaff1d631e299cb531376a7da5e68d1bef04f34a2d5073d5ef114b,polar1l_rotation_invariants_v1
M022_Q0_M1,S015,b2fd47376ec0a993a9845435cf228f632665956f21380cb913f2bb4d3283b8b7,-21248.4383749769,5cca274faf47d86368be0806c8725371ddbed4cad7fde0a63fa80a00c5ab413b,9f65f8dc6ddaff1d631e299cb531376a7da5e68d1bef04f34a2d5073d5ef114b,polar1l_rotation_invariants_v1
M022_Q0_M1,S016,327651e7fd1c3f4780d668e30691b63583df10a5e0b814caad14640d43c94779,-21248.4383441231,fa78e43fbfaba22c8d4276211094333de5b1576131d55c4547af7be12b3701e9,9f65f8dc6ddaff1d631e299cb531376a7da5e68d1bef04f34a2d5073d5ef114b,polar1l_rotation_invariants_v1
M022_Q0_M1,S017,0a988ba38c2cb677831f9f0423e576cdea238b4ff152c939fc96824ea46d8c66,-21248.4384040933,8937cbbe966b312444fca08dfc502b4bf9654592f1510793c6cb6a5cdf3c5a56,9f65f8dc6ddaff1d631e299cb531376a7da5e68d1bef04f34a2d5073d5ef114b,polar1l_rotation_invariants_v1
M022_Q0_M1,S018,eaa40f6cf101e800654d066f897b2661b509ee0dc6205bb8247ce143bc68605e,-21248.4383462866,4c2e99e7405958fa2a73ff9ebe9db106761e25e0ff4f53db433ced9a4e94800a,9f65f8dc6ddaff1d631e299cb531376a7da5e68d1bef04f34a2d5073d5ef114b,polar1l_rotation_invariants_v1
M022_Q0_M1,S019,a63f8e8fcdef0fe46884d08795c9db93d8343b6ab703c35cd85e5117b7dc5174,-21248.438470164,d603bbeabf980dede7541f868748450dc5ef19211f82a9e562ef43f17f29b013,9f65f8dc6ddaff1d631e299cb531376a7da5e68d1bef04f34a2d5073d5ef114b,polar1l_rotation_invariants_v1
M022_Q0_M1,S020,851d56f9a7a91265fbf417c447fff7ec88ec90e700066dd4d4a137e78478beaf,-21248.4383529669,646b12fea70e336424b6d6e13b604a5dffeaf5e4916324bb5c9ec2b83a2aaa37,9f65f8dc6ddaff1d631e299cb531376a7da5e68d1bef04f34a2d5073d5ef114b,polar1l_rotation_invariants_v1
M022_Q0_M1,S021,6e49d5fc9e4b33ca1bec77df688ceed22be2b70a6976cc268c0152349f78cac8,-21248.4380838756,6a8a29c9b7a1bd3338b950bcecd5b5ce553925de4de281aa374b2e04bbb1f0eb,9f65f8dc6ddaff1d631e299cb531376a7da5e68d1bef04f34a2d5073d5ef114b,polar1l_rotation_invariants_v1
M022_Q0_M1,S022,1ed7a0f3b168ac28829be6febc88046226d95c621a43a666dfd72b052ca6ce66,-21248.4385045562,a5aa0a3f6a0f8c3fab6e9da6c80115ae4a63e2754a6107293b503684467bb24b,9f65f8dc6ddaff1d631e299cb531376a7da5e68d1bef04f34a2d5073d5ef114b,polar1l_rotation_invariants_v1
M022_Q0_M1,S023,c84089f57c7a48200fa407fa1e9d774a2ea042b8a4bf5129c7affa9f22ce0d8c,-21248.4377070014,47ac091be8d79b36abf400b03c4d3e480f46c3c31cf2eccf20c5e8830e45fb90,9f65f8dc6ddaff1d631e299cb531376a7da5e68d1bef04f34a2d5073d5ef114b,polar1l_rotation_invariants_v1
M022_Q0_M1,S024,fe611f83b7adbee38c39d5bc5bea32a69ca57bc21b1b8e572af9850ca8da37a4,-21248.4372870797,46cd4372be75b8137689141f717f514e8f48e020b9190e942a7b42449dbdb4a6,9f65f8dc6ddaff1d631e299cb531376a7da5e68d1bef04f34a2d5073d5ef114b,polar1l_rotation_invariants_v1
M022_Q0_M1,S025,d65756df9018dd1bc2858d9e234172d99b9cdac83982f2117e0dda333a618c24,-21248.4382707993,a3052c5e40fa80c1de1d94c56fe17e00fa902daff18ae8b408497ca9dfbd7876,9f65f8dc6ddaff1d631e299cb531376a7da5e68d1bef04f34a2d5073d5ef114b,polar1l_rotation_invariants_v1
M022_QP1_M2,S001,3b2369106cd4ab7fc5c896f338b5f7dbc3b1f21c68639a3c2bf19f1364e6a4f5,-21240.49612572,8de1b873cec6cb381c951f2b651ddd40976657cb5c012388cb221daef1bb3c4a,9f65f8dc6ddaff1d631e299cb531376a7da5e68d1bef04f34a2d5073d5ef114b,polar1l_rotation_invariants_v1
M022_QP1_M2,S002,59395c80a2a17f5eb48e54865db1a5bbbc7ab0aed6362a7eb24f73a6e85172e3,-21240.4958352427,b54f9d7a6ba5e2a49fca9cf6088c2d398e58fd4f5073ce3e74e652a3410b184f,9f65f8dc6ddaff1d631e299cb531376a7da5e68d1bef04f34a2d5073d5ef114b,polar1l_rotation_invariants_v1
M022_QP1_M2,S003,499c305f4537ca8adc7f0a81219c731c63ec28f27a6e9767fcd491c3ba5c8f01,-21240.4961642883,81db2bb39480bcca0b5dd5d28ef06987e248d2a7bf3534195a9cd020e2a7dc08,9f65f8dc6ddaff1d631e299cb531376a7da5e68d1bef04f34a2d5073d5ef114b,polar1l_rotation_invariants_v1
M022_QP1_M2,S004,e9ea1ee36756887eef0406f8c21f26a78615612ecb26f991d2063268949758e9,-21240.496123515,a097bae25a72d316f3c9b847815ef9f58febba945e02b0ccea1267fe4dafc607,9f65f8dc6ddaff1d631e299cb531376a7da5e68d1bef04f34a2d5073d5ef114b,polar1l_rotation_invariants_v1
M022_QP1_M2,S005,140b0cfe2e8865717b4b2d095a5fa517278544d2101550fa4e9c2280bd5915b6,-21240.4960908095,afccbe919716def0c432e30495f4bded38e429e6ab17304a2b7bdb90deda6c6f,9f65f8dc6ddaff1d631e299cb531376a7da5e68d1bef04f34a2d5073d5ef114b,polar1l_rotation_invariants_v1
M022_QP1_M2,S006,0dcbc7d716e1b8d4c0f903cc4d02fdbeb75cbdfe2e8b58d6e13deda6b4289057,-21240.4961293006,86a103f2def30b6f0dc9d68cdebe7a5ddd4abf8a301734e81941599c962334fc,9f65f8dc6ddaff1d631e299cb531376a7da5e68d1bef04f34a2d5073d5ef114b,polar1l_rotation_invariants_v1
M022_QP1_M2,S007,afd11b5b31da29b482d6b032676ad7363d97442a4d47beb802b6b121206a00a1,-21240.4961462802,2803db784d3ba2a2caa88e67b209b4451d80005b6321d535678c011714b939b1,9f65f8dc6ddaff1d631e299cb531376a7da5e68d1bef04f34a2d5073d5ef114b,polar1l_rotation_invariants_v1
M022_QP1_M2,S008,e21cce1aa60708196ceb382de68543add47a7508f08b82ede3509d8b6ce7069c,-21240.4957477808,9b7f669529b0836bd7e976e4480a1503a2a8f04853aa2ff667d4dc48bf75a2f7,9f65f8dc6ddaff1d631e299cb531376a7da5e68d1bef04f34a2d5073d5ef114b,polar1l_rotation_invariants_v1
M022_QP1_M2,S009,a3e0a71bdf7e3d64c6ad2509907658ab5e77384b20c8cd56fa8f2fdb0d6a21c9,-21240.4961278078,5a618cd23ab23c39dd258f5a80555b135cb8e323daa99199d9a784d90d0f788a,9f65f8dc6ddaff1d631e299cb531376a7da5e68d1bef04f34a2d5073d5ef114b,polar1l_rotation_invariants_v1
M022_QP1_M2,S010,db6a50bb347eed3f508665b01e2714b31f28b360cd9dfaddfb73a3972d24619c,-21240.4961721853,521f455ce6d3042473e1939e5c4b3e0bf11460dd35c066fb845700e511d27550,9f65f8dc6ddaff1d631e299cb531376a7da5e68d1bef04f34a2d5073d5ef114b,polar1l_rotation_invariants_v1
M022_QP1_M2,S011,fa5e428070ba3aed2359570899f76ca92e0458bd94e35fa654a8734069ddd0a5,-21240.4961382123,d5c4da856dbd8c67be9ff190d1784096df8ed8673f2da0a3443d4f9dd1e48f46,9f65f8dc6ddaff1d631e299cb531376a7da5e68d1bef04f34a2d5073d5ef114b,polar1l_rotation_invariants_v1
M022_QP1_M2,S012,2dc98f906707d7c9daded4ebb00b321e132f67d0d5d8c7bef9310a4bff3d980c,-21240.4961409506,12740397bb290ec15d1f99fe3eb90280f9c6e450522014118f90f9651ce0b890,9f65f8dc6ddaff1d631e299cb531376a7da5e68d1bef04f34a2d5073d5ef114b,polar1l_rotation_invariants_v1
M022_QP1_M2,S013,62eda6335ae7d848f414fd1fa7e92789559ab68e1104085e8a1c34384237b88e,-21240.4961162434,99c24e9069e46963254e03d428dc10f4f97b5eaadc20b59c38cd23b1f327463b,9f65f8dc6ddaff1d631e299cb531376a7da5e68d1bef04f34a2d5073d5ef114b,polar1l_rotation_invariants_v1
M022_QP1_M2,S014,fe49cd2c37ab992762821f524709015cabb5f055be57eff4bbaaaebe2e7fdcd5,-21240.4953427502,5d177b727afde8c1dd93f67819dba55306b898e52cf65d1985e5d56cd461ce0b,9f65f8dc6ddaff1d631e299cb531376a7da5e68d1bef04f34a2d5073d5ef114b,polar1l_rotation_invariants_v1
M022_QP1_M2,S015,2546e9f53bc29d1b98952f6127dbbf91fd5cdb01b4aaabd50d69afa7e7322f4b,-21240.4959246629,bbe1c56fcbc334af320b31b7030c06d927349f67678c953a6f017cc1b89da296,9f65f8dc6ddaff1d631e299cb531376a7da5e68d1bef04f34a2d5073d5ef114b,polar1l_rotation_invariants_v1
M022_QP1_M2,S016,4ccf739a2ccc682795a33afd01823d31c56e607aa7f7462dd3145732e9c55501,-21240.495868504,ecb0758219ae8fd95984ad0d7069e8714a9c65331364ca5cb96e36f08d5c8778,9f65f8dc6ddaff1d631e299cb531376a7da5e68d1bef04f34a2d5073d5ef114b,polar1l_rotation_invariants_v1
M022_QP1_M2,S017,f52f84ce7f3ef27e85fead01a0602b55ab9a8aa16e999359031c8d87bf61cc5d,-21240.4959786196,d402919b6a16c40077c1e161584c119a80134f7bf582e02f29f41093b0feae39,9f65f8dc6ddaff1d631e299cb531376a7da5e68d1bef04f34a2d5073d5ef114b,polar1l_rotation_invariants_v1
M022_QP1_M2,S018,aca6a6ea5d2aee7a48d53554395000527c7c177cb1eda7812e49ad35e7788849,-21240.4958724077,29d85c4bb699c5acbf7834d0bab57a5190fd81c953d7ba16dc07bd1bfb4fd8e1,9f65f8dc6ddaff1d631e299cb531376a7da5e68d1bef04f34a2d5073d5ef114b,polar1l_rotation_invariants_v1
M022_QP1_M2,S019,4e08f5c52cefc47cc3b841e4dcd16d7dd4df08299a4f92ac2e3903c52ce94d90,-21240.4961066415,aeae8a0d55fc5acdb36a6d70c1cd33b099e6d5b203817a9a4baa14ab9dd36a41,9f65f8dc6ddaff1d631e299cb531376a7da5e68d1bef04f34a2d5073d5ef114b,polar1l_rotation_invariants_v1
M022_QP1_M2,S020,6653e9851d4c25ca85bb7665dd6a4dfc170adfd658b46f3fce6a4760e33f88ea,-21240.4958844831,029f470b03c68523f66c1deb49b5802067ad2853ded0d641872b6c0f7f4f485c,9f65f8dc6ddaff1d631e299cb531376a7da5e68d1bef04f34a2d5073d5ef114b,polar1l_rotation_invariants_v1
M022_QP1_M2,S021,f8043b757196e02af142d9edb8307079006008e1c33b682075a3db35a9375fee,-21240.4954236647,6c46069e037a725dcd3b7accd62c39861ee27fb2ad29d8bdf05f041a8558deb3,9f65f8dc6ddaff1d631e299cb531376a7da5e68d1bef04f34a2d5073d5ef114b,polar1l_rotation_invariants_v1
M022_QP1_M2,S022,40fa97549469774147c6e94bf1fd7899127d06ab8312f16e2f075841004ad31d,-21240.4961770086,033eba27111c57bab777aebd37f2a1359ce3a7ae470bf00e917c791813cfddbf,9f65f8dc6ddaff1d631e299cb531376a7da5e68d1bef04f34a2d5073d5ef114b,polar1l_rotation_invariants_v1
M022_QP1_M2,S023,aeb69e667d6299f766a14dd747d4b22e2882df08dc635537bf8a7afe176ef8cf,-21240.494905283,4a777549bf32b49a160c99fda79b0dcec32271e3db96595dd722966703726862,9f65f8dc6ddaff1d631e299cb531376a7da5e68d1bef04f34a2d5073d5ef114b,polar1l_rotation_invariants_v1
M022_QP1_M2,S024,faccb4c661aa4c60ec7a6616e62368509831ade7ca7be700da28c71379ca8b39,-21240.4942353309,a8f97fa367f95c8588a3b137bc3060d13de56a4d32c6d406b74987fbeccf5136,9f65f8dc6ddaff1d631e299cb531376a7da5e68d1bef04f34a2d5073d5ef114b,polar1l_rotation_invariants_v1
M022_QP1_M2,S025,afd69f477a91283d4c49d86389459c30249e88c0a4706121b9a1f9651083698c,-21240.4957386495,96a09a9d7166c7d8f370cec47f748ceaf440b9102bbadf5a040cb38e30195673,9f65f8dc6ddaff1d631e299cb531376a7da5e68d1bef04f34a2d5073d5ef114b,polar1l_rotation_invariants_v1
M024_Q0_M1,S004,7b82deedf94e214ed3a79b290b903c9443edce6ad4777ed04751b8e500027c26,-30063.4379325479,e309d9b15df21efa72b85e469a039c47dbb593fa6770197a5c7b77efe080deed,9f65f8dc6ddaff1d631e299cb531376a7da5e68d1bef04f34a2d5073d5ef114b,polar1l_rotation_invariants_v1
M024_Q0_M1,S011,5477dfe822554076fb4c472bbf3d2bbd1ce0239136dd69137246bfb24085376b,-30063.4379221176,e2af160fa391914c859f6b50cd9b4fc2f9ce40caf29f63a25aca0374159f2407,9f65f8dc6ddaff1d631e299cb531376a7da5e68d1bef04f34a2d5073d5ef114b,polar1l_rotation_invariants_v1
M024_Q0_M1,S017,268c3bb6e833b5a1b9cd1ca79e8aa5206ffde8fe749ebef925acf0ac2260c15a,-30063.4380263886,c6980f0c50dd73c41575826d6a5f84f4beda3856aa9f307c1452cb5b8cd207da,9f65f8dc6ddaff1d631e299cb531376a7da5e68d1bef04f34a2d5073d5ef114b,polar1l_rotation_invariants_v1
M024_Q0_M1,S023,b7704a004354226f4e514b2c8695d08b4e5dafb61b128f2226c4407cae9a9b6b,-30063.438497768,2f0fe8b18184e2e12617f29082726e6aa17cd51e7c9199d379ece5d3f4974247,9f65f8dc6ddaff1d631e299cb531376a7da5e68d1bef04f34a2d5073d5ef114b,polar1l_rotation_invariants_v1
M024_QP1_M2,S004,195cdea707e49177dd39d48c8e16b85311526257e3aa60ccf65066ae0b4f8e15,-30055.9279721166,45a349e1c62a58172b14bd0882150d4070addc313bfd03c41367dfaa6d9cb30c,9f65f8dc6ddaff1d631e299cb531376a7da5e68d1bef04f34a2d5073d5ef114b,polar1l_rotation_invariants_v1
M024_QP1_M2,S011,9d30b25b9b62f33973e6720e51376b7a04fb4e4d87cfb4a4f140ee7113f637ee,-30055.927973668,9d0aa32e9801fe19efda41f22ecbe54e12ac4f3d074dbd7d36b38a2aafe03d1b,9f65f8dc6ddaff1d631e299cb531376a7da5e68d1bef04f34a2d5073d5ef114b,polar1l_rotation_invariants_v1
M024_QP1_M2,S017,cb94bf54a610f043178375b6e55f559df75780a4bbd6775455b8b9c83b634d4a,-30055.9279574991,e630743fab689635a7d246c47cfd3f0bb78efb8c038001ed8cdfdaf691ad3fc6,9f65f8dc6ddaff1d631e299cb531376a7da5e68d1bef04f34a2d5073d5ef114b,polar1l_rotation_invariants_v1
M024_QP1_M2,S023,3b91bb9f943b78f09f9becc9ad1153dfc73c63b93eb34d9c0e8f3908b6694577,-30055.9278592115,7e1a87bd628bacf3b75723696982912274ba8a8ee67953e8ba53d0fe5ded6eb7,9f65f8dc6ddaff1d631e299cb531376a7da5e68d1bef04f34a2d5073d5ef114b,polar1l_rotation_invariants_v1
M026_Q0_M1,S005,aeed8703b0ff38b2ef1f76a900f05ee1b356d16354370c1c3b02d724b4231265,-5718.84702914859,f5c8d683538004a5bc7dc88ba0172ce931babed23cc177a6cf4ac0faf0e37501,9f65f8dc6ddaff1d631e299cb531376a7da5e68d1bef04f34a2d5073d5ef114b,polar1l_rotation_invariants_v1
M026_Q0_M1,S012,42763d63aa52ed4e554bc331fce07b787420bb0029d3710db46b1fe7cbfe8158,-5718.84693214876,9df904c8ae94963fdd16730916b4a7ec2bb2814bf275427b2d133fd79c9f9683,9f65f8dc6ddaff1d631e299cb531376a7da5e68d1bef04f34a2d5073d5ef114b,polar1l_rotation_invariants_v1
M026_Q0_M1,S018,29d1e00e67082477a9cf76a1fa99a93ecd418287efdf65ea69d1d12abf0dae6b,-5718.84738941941,685800d1160fcb3117af4cefa0299dd9c04fb945c5750dfe8ac1146eeaa2bfae,9f65f8dc6ddaff1d631e299cb531376a7da5e68d1bef04f34a2d5073d5ef114b,polar1l_rotation_invariants_v1
M026_Q0_M1,S024,6cf3d252070924aed4af5dc9431e54872f1a1f98b0d1d4cdf96e2fb36f91ad00,-5718.84890589427,9414c5d7dadd03dc93c5e35a4d923ed8c1aa978ebc3cf14f5620cde8b83351ae,9f65f8dc6ddaff1d631e299cb531376a7da5e68d1bef04f34a2d5073d5ef114b,polar1l_rotation_invariants_v1
M026_QP1_M2,S005,6b6a27d81322c303cc6a9951a27dbe9c3d87e0941fb53b1b02f94134d60b7602,-5710.74781291334,4b73541d8cc1dcc20d10d467ccb247bf65face03db41697ef7a0fe4fbc4d76f7,9f65f8dc6ddaff1d631e299cb531376a7da5e68d1bef04f34a2d5073d5ef114b,polar1l_rotation_invariants_v1
M026_QP1_M2,S012,52daaed76469cb72fc89ffcce6f0517b44ae12b6855e6d7a516f1461f8020604,-5710.74768209385,eb5f040044e22a00a8e9fd447eb7cb6b5ab2177ee6a940ff8891a00fb1246f54,9f65f8dc6ddaff1d631e299cb531376a7da5e68d1bef04f34a2d5073d5ef114b,polar1l_rotation_invariants_v1
M026_QP1_M2,S018,42a1d9699bcecd2965767c4857190a5e8a332e40fa09ba9f93e42181de6a90cc,-5710.74829831097,deed6b85c146c5645f89524df0f16875476b00a3b2aa10cfc772bdee23b35a77,9f65f8dc6ddaff1d631e299cb531376a7da5e68d1bef04f34a2d5073d5ef114b,polar1l_rotation_invariants_v1
M026_QP1_M2,S024,8bce57d2fc8e7a26c7c0cd78c6f950518c7332cac2ea823c749e1fb3104e5cd1,-5710.75030360753,44bd1a0e851896d548b9171466e59494440091f0cfeaae2bb98fd99e3d81ef34,9f65f8dc6ddaff1d631e299cb531376a7da5e68d1bef04f34a2d5073d5ef114b,polar1l_rotation_invariants_v1
M027_Q0_M1,S002,b7e36b6cd6882305dc1bc07b7d1d798d27a660212fd3a119d7defc89d4f87491,-6788.18498358109,3452ee85152a511ef21ae2a67928a217d24ddd4864488287b3c403cf2ad3d452,9f65f8dc6ddaff1d631e299cb531376a7da5e68d1bef04f34a2d5073d5ef114b,polar1l_rotation_invariants_v1
M027_Q0_M1,S006,00313705824cf6347046f245bbaf98d26e36b3f1762f0d4802e937a9ef95f3f4,-6788.18464814541,4682dd3b866970883b8b4d35c9a4ec266acd6c791599a06dd9faec95a4f1e451,9f65f8dc6ddaff1d631e299cb531376a7da5e68d1bef04f34a2d5073d5ef114b,polar1l_rotation_invariants_v1
M027_Q0_M1,S015,a87b3e7ae1ee29836cdc2c73fc38dfbf1ba41a2815e86ae923b2255f5cca5bab,-6788.18489250733,d46a0bf2db3d73690416fccc87d6439451c2b3f64205b9808845bed8645ba211,9f65f8dc6ddaff1d631e299cb531376a7da5e68d1bef04f34a2d5073d5ef114b,polar1l_rotation_invariants_v1
M027_Q0_M1,S021,7756763c0d2dad6d51d090827f9437b0415860321f2b209d62a695bf7eae99da,-6788.18532541075,483da0f613c905590e5744598787f7cb742267d896c212e5842590296552f90a,9f65f8dc6ddaff1d631e299cb531376a7da5e68d1bef04f34a2d5073d5ef114b,polar1l_rotation_invariants_v1
M027_QP1_M2,S001,b4d46366fc68229afaa891a38667ff0cc3e3632ffc0f314a793bf9c25f7ec726,-6780.21958854578,0535225fa01ff2355ca27fbf9560ef3be00fb3ed8a7d4eeb8214177be27ff901,9f65f8dc6ddaff1d631e299cb531376a7da5e68d1bef04f34a2d5073d5ef114b,polar1l_rotation_invariants_v1
M027_QP1_M2,S002,dfcc93d5edbaf2c7772aa4102e7d95bfd11b3909134504db382c6fbb71fdb1c8,-6780.22060660378,9c3c2f285b716d70ca5b40440f92781902392653367151804f6a3e96a8e36beb,9f65f8dc6ddaff1d631e299cb531376a7da5e68d1bef04f34a2d5073d5ef114b,polar1l_rotation_invariants_v1
M027_QP1_M2,S003,2615a3885d828f77ce2bef5b5a10afbd81dd2d7088a4644ddbabd5f1532a0f1b,-6780.2193208437,c6161a81490079141edbac31bebba5c0ab16000d9dac96f74ac3243c6a5a021b,9f65f8dc6ddaff1d631e299cb531376a7da5e68d1bef04f34a2d5073d5ef114b,polar1l_rotation_invariants_v1
M027_QP1_M2,S004,ca9ab42239ad84dd2b7fbfde1b04043789c8a53ebad2e2f4b592ed70540a3c3f,-6780.21959984968,5856e32570ba8c1c871510c555272c82231e0d6e5716110011b9581ca1280a6d,9f65f8dc6ddaff1d631e299cb531376a7da5e68d1bef04f34a2d5073d5ef114b,polar1l_rotation_invariants_v1
M027_QP1_M2,S005,a56c703feac09d1c460744dc8d42c797d481b911f3581105309049c10b3add97,-6780.21977940856,9d98bbd1ff4a657a3a13b7339162b18d58c4e468b40da35f86eaa88dde5b815c,9f65f8dc6ddaff1d631e299cb531376a7da5e68d1bef04f34a2d5073d5ef114b,polar1l_rotation_invariants_v1
M027_QP1_M2,S006,d117f55d035d9cef3415449502b0d2175dd96b29fe15efc4e05977ad13789a19,-6780.21957019564,af1006be826756c0232e2da961f3dc9734f9e5ffb078d777323d9c5f218872fd,9f65f8dc6ddaff1d631e299cb531376a7da5e68d1bef04f34a2d5073d5ef114b,polar1l_rotation_invariants_v1
M027_QP1_M2,S007,7ce2e270e80655a45c9be88294a17b63058452f56ddedee728164c218ee63c60,-6780.21948329116,f5a79dd4cef7d731435140b1e99efe551c2c28893deb0f09b3794dc00db2fa5d,9f65f8dc6ddaff1d631e299cb531376a7da5e68d1bef04f34a2d5073d5ef114b,polar1l_rotation_invariants_v1
M027_QP1_M2,S008,bab1a4dc4b6b84fc28ccf7da962b9a9b30614d260495386d027922d72ff18013,-6780.22215282525,93175cf6cb8b4bf054aed84dacc44497f190dc7d5f28039a1cce98d3e1bdfd2a,9f65f8dc6ddaff1d631e299cb531376a7da5e68d1bef04f34a2d5073d5ef114b,polar1l_rotation_invariants_v1
M027_QP1_M2,S009,4773e01bba0d0dca40a32514b33d70d9a2c0b46a09c56d216c26a3c1252b32bc,-6780.21957771653,0daf4fb140ffc1a4bf1d5f10bb6807bd49025b835b283f9f9b47fd7c70a86577,9f65f8dc6ddaff1d631e299cb531376a7da5e68d1bef04f34a2d5073d5ef114b,polar1l_rotation_invariants_v1
M027_QP1_M2,S010,b9f8566be70f1c9f2240b564e475cc73cc209cdd246bd85309ff35889afe8885,-6780.21928388758,6538121164f0495052314583785e61327b5d291f23da75903f472650497a840d,9f65f8dc6ddaff1d631e299cb531376a7da5e68d1bef04f34a2d5073d5ef114b,polar1l_rotation_invariants_v1
M027_QP1_M2,S011,7818c51065247f5bf3facef28fc1031cae5de97f9ecc1e76dc06b3f82309a737,-6780.21952244789,2dd27a89918e8f878cf732244c66c8e8d0eb82ecc4de60c61aa0e366926aa24e,9f65f8dc6ddaff1d631e299cb531376a7da5e68d1bef04f34a2d5073d5ef114b,polar1l_rotation_invariants_v1
M027_QP1_M2,S012,e28c2803da12c100a7e306a7c55c0e7b42c9da1ba3ac40c84c81165ade81532d,-6780.21950904454,7d2915215052215f399491df81cc850b4e7f5eaa3655462932eed8280a6a3d0e,9f65f8dc6ddaff1d631e299cb531376a7da5e68d1bef04f34a2d5073d5ef114b,polar1l_rotation_invariants_v1
M027_QP1_M2,S013,90254451af37bf38700ef42b4edbd03dbc8eecf07d6b7b867bf82445013e95ef,-6780.21963759816,98e2450b6f31c7badf3e7d07c32bc1964725133dcf6cf60d72297ae142feb40c,9f65f8dc6ddaff1d631e299cb531376a7da5e68d1bef04f34a2d5073d5ef114b,polar1l_rotation_invariants_v1
M027_QP1_M2,S014,bd77f3fa0705efc2228aca7e9d48857166a8baffe739e46721f240ef81ed3b86,-6780.22240759035,2be5d2745ba97116b0f4e775f6a395a9865bc5138302d69ff3f234e7f35c6729,9f65f8dc6ddaff1d631e299cb531376a7da5e68d1bef04f34a2d5073d5ef114b,polar1l_rotation_invariants_v1
M027_QP1_M2,S015,000b94d82c1c14ba42848de3ecac46d649e7a5e8edc6d9ea8402f7d44557c009,-6780.22065635832,07d40fa160111acdcc6295ed1312d55eb517757e38af1fe081a5dfa07789f6ed,9f65f8dc6ddaff1d631e299cb531376a7da5e68d1bef04f34a2d5073d5ef114b,polar1l_rotation_invariants_v1
M027_QP1_M2,S016,f3d2afc57f8ce4aad525751bfa8afe93a762e8e1ad92876354caee5aa401af5f,-6780.22075363133,502197f6f0c234e1c4aae99519d25731c733dfaf021a04302dfe421cd5e72ca8,9f65f8dc6ddaff1d631e299cb531376a7da5e68d1bef04f34a2d5073d5ef114b,polar1l_rotation_invariants_v1
M027_QP1_M2,S017,f0564140fb0db05ce255a3c8fa5687c3fa5d06c67f93852a7d2dbf4b0d790d79,-6780.21984705868,a5c93cef44d66a6198475b6dff9781ba77f53994b662aa76044d47c2d2da970e,9f65f8dc6ddaff1d631e299cb531376a7da5e68d1bef04f34a2d5073d5ef114b,polar1l_rotation_invariants_v1
M027_QP1_M2,S018,1fff2dbd0fb561fa8ef5841e38983f86ef2cb3e37aba1de92f84f88e213e9141,-6780.22075690866,c923614c6605cf3b802d352ace0af37f5d916292cba665159ec556fb627eee68,9f65f8dc6ddaff1d631e299cb531376a7da5e68d1bef04f34a2d5073d5ef114b,polar1l_rotation_invariants_v1
M027_QP1_M2,S019,5a6560a423fc47e31a7726f37d600e312fb05fa8f67f44af951c5401ee95d034,-6780.21968832007,f0bfe99099bc6dbf43c8754102a6d3f80ce450c9904d474f4c23172fefd395f3,9f65f8dc6ddaff1d631e299cb531376a7da5e68d1bef04f34a2d5073d5ef114b,polar1l_rotation_invariants_v1
M027_QP1_M2,S020,ff13e8c17ab626a7e38e5a8626d9470c7bf854b9bc0bb2c3c53e24fc2fb68371,-6780.22163462199,0862848939dc92f2cff5516f09fbc895477e0df3e212b09516953f0a382d9c1f,9f65f8dc6ddaff1d631e299cb531376a7da5e68d1bef04f34a2d5073d5ef114b,polar1l_rotation_invariants_v1
M027_QP1_M2,S021,1dd1e79e00330b469f8e9f221f289da04a58205b56fb5e972a48cb46e1fa64f7,-6780.221028066,bd96e10a363ad3289033b57effa62eb29e7ab522f8684eedd824926dad1056d9,9f65f8dc6ddaff1d631e299cb531376a7da5e68d1bef04f34a2d5073d5ef114b,polar1l_rotation_invariants_v1
M027_QP1_M2,S022,e6d3caf3349c1e7c000deddac907d27ef3476c8b7c96eb552433531cb7ba0483,-6780.21926126953,605730301b48f136de1f787247a13fb26a88b1c9196e643c184b961fbe465baf,9f65f8dc6ddaff1d631e299cb531376a7da5e68d1bef04f34a2d5073d5ef114b,polar1l_rotation_invariants_v1
M027_QP1_M2,S023,52bf8b748ae87a19d6a62a79f58a5e04da5148cac35abdf1e6870b981735e238,-6780.22378770693,2c2898786e58b747f0e83851d6b3da871afbced8c5d114527707813015437fc7,9f65f8dc6ddaff1d631e299cb531376a7da5e68d1bef04f34a2d5073d5ef114b,polar1l_rotation_invariants_v1
M027_QP1_M2,S024,2d52a19f6c4bf0e228884acd682de8875e3cfead15e4d194dcc9c93426395fcd,-6780.22554305151,cca65090ff35656f7d960e9ad9d1b7b57d31f666568de9dda13c4a724a0509f9,9f65f8dc6ddaff1d631e299cb531376a7da5e68d1bef04f34a2d5073d5ef114b,polar1l_rotation_invariants_v1
M027_QP1_M2,S025,7117702b48ee306a679912fc3f45cc2d58ca04f8a9d187dc2797c7b73bbf9f77,-6780.22216798063,7e9854cfa5282708d18cfadabdee8cc8dd373fd5259b8834178eb012bae96ed5,9f65f8dc6ddaff1d631e299cb531376a7da5e68d1bef04f34a2d5073d5ef114b,polar1l_rotation_invariants_v1
M031_Q0_M1,S003,961a452bdfe2be406827fe18e46c247907d237aec8d51df7d5e453ac366f305c,-14274.929954642,fc4526f3adfa5fea79561a523d8d1bb1b4ef2682312dbfa74b3da26d85e99fe3,9f65f8dc6ddaff1d631e299cb531376a7da5e68d1bef04f34a2d5073d5ef114b,polar1l_rotation_invariants_v1
M031_Q0_M1,S013,d0f9e698cb7b224cc65ca3dae6de75bf074074d13fbf315d8d5040c4cb650f7c,-14274.9300088663,b1da48a2c11e0df8af6ef3bd17b9669c55cf6a8daf0fd81eaf3039f42e7ebad0,9f65f8dc6ddaff1d631e299cb531376a7da5e68d1bef04f34a2d5073d5ef114b,polar1l_rotation_invariants_v1
M031_Q0_M1,S014,57200625b3732d9e2fe6f8d1674b6ad02a5bec7b6293a3e2d972a7c0e96888de,-14274.9305955194,0dfea8546913350bf64ffe56c205f41f2840c5abd19ec4ab47d813012cb94c59,9f65f8dc6ddaff1d631e299cb531376a7da5e68d1bef04f34a2d5073d5ef114b,polar1l_rotation_invariants_v1
M031_Q0_M1,S020,2ff190a0084e0fec8286daa29c6dd13bf5d3175952e1c1a15c393edb3ff1c5d8,-14274.9302286513,c3645bd40e5d77edeecd46b8984b1f3458b860c85979a370ed82bc3c7eebefd6,9f65f8dc6ddaff1d631e299cb531376a7da5e68d1bef04f34a2d5073d5ef114b,polar1l_rotation_invariants_v1
M031_QP1_M2,S003,f69e8569ada2abcb0dd50dfbd9868d30885a748f051c0f2c9649b57ff9a54f75,-14267.1428945185,5b6c8f6871c5ddcab207380fca4e412f527784f33e548d280e6eb2faad8d2ec7,9f65f8dc6ddaff1d631e299cb531376a7da5e68d1bef04f34a2d5073d5ef114b,polar1l_rotation_invariants_v1
M031_QP1_M2,S013,c93396321c5907ebfae923741ef05defcf37a401be087b25e696fbbc42f22369,-14267.1426670127,9bfa4796a208dc11a5dcfafe74e2d1a3bebb07b0b88b42326eacf33763a144b1,9f65f8dc6ddaff1d631e299cb531376a7da5e68d1bef04f34a2d5073d5ef114b,polar1l_rotation_invariants_v1
M031_QP1_M2,S014,0541bbec7c4451872ed4e6ec66bd7f8d7a061de7a18d03c80713a8ea0527f0ee,-14267.138003219,bf836f8e3b9877f8378adca4ad3471b25b66be8ef22be9929d5930f508d2cb5f,9f65f8dc6ddaff1d631e299cb531376a7da5e68d1bef04f34a2d5073d5ef114b,polar1l_rotation_invariants_v1
M031_QP1_M2,S020,3e3e4bdd9a6c3ddf136221e51a79731eccae1475300091dbc77e3eb5facfe981,-14267.1413817648,e197c8896c06414652714ae81026cf707f24a86e64f0952f0130b0010ff19962,9f65f8dc6ddaff1d631e299cb531376a7da5e68d1bef04f34a2d5073d5ef114b,polar1l_rotation_invariants_v1
M036_Q0_M1,S001,aafff0d237bcdb92bcdf3444ee7f5331e19112258744e266329368fb75365ed3,-11919.3529833805,9d335ac8ccb3eddab893a44b130e2dba61c6b047cf9580875e5674bbd5a3787b,9f65f8dc6ddaff1d631e299cb531376a7da5e68d1bef04f34a2d5073d5ef114b,polar1l_rotation_invariants_v1
M036_Q0_M1,S007,788d4a36805239a746a1332377583918d90dbd673df5c5e0228738b732c96565,-11919.3528696334,6beab18b86c3d8077a659442a7fffd623728bdb813c02da1399b94a4e07ad46b,9f65f8dc6ddaff1d631e299cb531376a7da5e68d1bef04f34a2d5073d5ef114b,polar1l_rotation_invariants_v1
M036_Q0_M1,S017,fc5febb2883cfbbf1394315ef2292349a493f731b724445c7781c363e45094c2,-11919.3537023107,82ae87a42d12435a0c528c5f01cbba1ddd88c7eaa5005127990920f72fc90e51,9f65f8dc6ddaff1d631e299cb531376a7da5e68d1bef04f34a2d5073d5ef114b,polar1l_rotation_invariants_v1
M036_Q0_M1,S022,de3087d8bce00ceb248b753564ce5f0614633940e8d6f6de67f86e0ca7436042,-11919.3526935268,3abc92771294166f2a9f76d03d24a72284cc94754f4fc4503484a4850fe02273,9f65f8dc6ddaff1d631e299cb531376a7da5e68d1bef04f34a2d5073d5ef114b,polar1l_rotation_invariants_v1
M036_QP1_M2,S001,cc5b05667792c5d47e8d9dbdd184eafdd2361cecfce1caa78e19704627fa6afd,-11911.8284236592,b12681d1470a6a513ccad171a23e4280906f72263f72a52ab165816663db8b0f,9f65f8dc6ddaff1d631e299cb531376a7da5e68d1bef04f34a2d5073d5ef114b,polar1l_rotation_invariants_v1
M036_QP1_M2,S007,c24eb32062cf0930415d0cb8ed8a83bb062bb6f2b5cb258f14b67f79bab357c2,-11911.8284434362,ab9133c4bc8ac212d060de2087b50970ea7bbc9b5e350dd156d042bbe0c51940,9f65f8dc6ddaff1d631e299cb531376a7da5e68d1bef04f34a2d5073d5ef114b,polar1l_rotation_invariants_v1
M036_QP1_M2,S017,428ae8b09382ac89ffc77cf70ba73a30c1c094271e5ff0d1729faedfc933e7c2,-11911.8282808978,71bfba7c37a026a1429a1b41aa9ac8a833acba467e7fdc70a4e52f1299a68583,9f65f8dc6ddaff1d631e299cb531376a7da5e68d1bef04f34a2d5073d5ef114b,polar1l_rotation_invariants_v1
M036_QP1_M2,S022,283d06716acd278cd87a65e77c65de76ccc1d1bdadb7cba9270af404d98c9848,-11911.8284727084,0cc2908399306eb2e9bb18af5a0ff7d7c162d71124136c2347a84d225a153908,9f65f8dc6ddaff1d631e299cb531376a7da5e68d1bef04f34a2d5073d5ef114b,polar1l_rotation_invariants_v1
M038_Q0_M1,S004,b0aed992e513df7fa147e83e9bb44a2c50853e3de240177d37ca9b3523f327a9,-6259.37876997423,e53b91fd2144c674b776c770ee05b5382aad22f0817c1fe256d4b3aefca84d6f,9f65f8dc6ddaff1d631e299cb531376a7da5e68d1bef04f34a2d5073d5ef114b,polar1l_rotation_invariants_v1
M038_Q0_M1,S011,de203e7b9db4c75b9a8e65138869787b3afef8fec9f56ffeb99d55324bac4553,-6259.37879635508,b828d8dd52b54c8f9570b44a0947a0e52e9f35c23bfc17ac0ef0602b7c2806cd,9f65f8dc6ddaff1d631e299cb531376a7da5e68d1bef04f34a2d5073d5ef114b,polar1l_rotation_invariants_v1
M038_Q0_M1,S018,902c35eb59c9f1b4779d18362c4f5aba5985d233a229bc783839a082d1b74e5e,-6259.3783665662,2dbfdd121c3d0233a5bb985369d600b48d8b0a7f85d61e8dddcecbeb24a822aa,9f65f8dc6ddaff1d631e299cb531376a7da5e68d1bef04f34a2d5073d5ef114b,polar1l_rotation_invariants_v1
M038_Q0_M1,S025,1b88dc107da281a3c5b4f41d517fb9707723b6af017b19452869aa5dce5b6cd2,-6259.37817688251,0696b4d2ede9dc17375c669d7af1ebae98836ddafb0f22f34fe5f0deb3938ae6,9f65f8dc6ddaff1d631e299cb531376a7da5e68d1bef04f34a2d5073d5ef114b,polar1l_rotation_invariants_v1
M038_QP1_M2,S004,eaebfdb1e8d3628abf0d0bfb164d3a544d991ecbb2af13c4595a76b22c5e0c53,-6250.69694640194,d8a94658e68c19002ededd7aef9dda5c0cd0eb12dce813c26280ed0efce57c7b,9f65f8dc6ddaff1d631e299cb531376a7da5e68d1bef04f34a2d5073d5ef114b,polar1l_rotation_invariants_v1
M038_QP1_M2,S011,7496917fb33be17492a22d8a41468dede62e45b4e344e8ec6fe30b7a4916322f,-6250.69694750665,d81531ff7d47eefe6ca03703d12a909415415d729cbb9082062be824953eed62,9f65f8dc6ddaff1d631e299cb531376a7da5e68d1bef04f34a2d5073d5ef114b,polar1l_rotation_invariants_v1
M038_QP1_M2,S018,95d320584b98ab89c343f2e3d7625fe1c3dfd8a052118164c4a12357f6fdde48,-6250.69692453759,5a5213f5eb3d70e7b9c041f1394c9113b1f0b4c1c4afd3fea2be1eea116eb0f9,9f65f8dc6ddaff1d631e299cb531376a7da5e68d1bef04f34a2d5073d5ef114b,polar1l_rotation_invariants_v1
M038_QP1_M2,S025,1ec8ed0378b8bce32246750f373d098b2b43e5be707e9d604fba0cd3d3b47b6a,-6250.69691090441,14028d6acc32ab172932956880cfc03c95ce931f9bd18171c75dbbf12760f309,9f65f8dc6ddaff1d631e299cb531376a7da5e68d1bef04f34a2d5073d5ef114b,polar1l_rotation_invariants_v1
M042_Q0_M1,S005,31ccdb3a8634848cac51836a011f5af9e242d9640a6db31ee01b74ac30ea0bdd,-14815.6659839684,1ebb52ba0287d3770e2303dc6f30ff6f9b63020f94cb52da9444a516d0ec3268,9f65f8dc6ddaff1d631e299cb531376a7da5e68d1bef04f34a2d5073d5ef114b,polar1l_rotation_invariants_v1
M042_Q0_M1,S012,882ba25cb87a4b4ddac47b2f6802f6b533233ed8166c7d94c2ca36204a103f4f,-14815.6660716105,7a1bc783a3e509245c9e2d75d77a200e3efd0f5fe58c5a458dd45a5f8de7c5b8,9f65f8dc6ddaff1d631e299cb531376a7da5e68d1bef04f34a2d5073d5ef114b,polar1l_rotation_invariants_v1
M042_Q0_M1,S015,8ee55f3b6e08097822ca64c91ab58a54298170f4ea858ffd4bd3c879f8b8b88e,-14815.6657124556,d03c2b6f68e3b1840c87f38deddca5c668b83aca908657834a60194a46f9daab,9f65f8dc6ddaff1d631e299cb531376a7da5e68d1bef04f34a2d5073d5ef114b,polar1l_rotation_invariants_v1
M042_Q0_M1,S023,58b73d70df1cf5b892e06dca6d643e9582110b562dc975c6d63711f17b65c8cb,-14815.6644237274,e98f3e92ac45fabf92acaae239e0fe9aee15917a48963f6cd81e00ef166c1e15,9f65f8dc6ddaff1d631e299cb531376a7da5e68d1bef04f34a2d5073d5ef114b,polar1l_rotation_invariants_v1
M042_QP1_M2,S005,b172f9a657bd89413d3694988e19402b0e78a47c225c43142fd98e8cc62245de,-14807.3398788539,efa6d6911f16f04e6f763db81db2805eef9704055c47947d3c6e29bddb94acdb,9f65f8dc6ddaff1d631e299cb531376a7da5e68d1bef04f34a2d5073d5ef114b,polar1l_rotation_invariants_v1
M042_QP1_M2,S012,c9c8db4675983f7fd80a0d21e9c14999d0b81e2d2187d40288511d5880dc1891,-14807.3401684403,da778e04befffd78bca2b80be6a8182403b545c740d81d285f9c41d5def746c9,9f65f8dc6ddaff1d631e299cb531376a7da5e68d1bef04f34a2d5073d5ef114b,polar1l_rotation_invariants_v1
M042_QP1_M2,S015,bfe3ab5a849b7dacdb33c6e93d0f963ceb3042388e50d3913b0207c79bcc8e5e,-14807.3397540341,bf36e70a87be915a51e7a38f9e23e8522206710f781fb835a39b2a87465bd015,9f65f8dc6ddaff1d631e299cb531376a7da5e68d1bef04f34a2d5073d5ef114b,polar1l_rotation_invariants_v1
M042_QP1_M2,S023,f7b6586616e99c378455de1694dbe7cf3ac201f5192dbed6d70d39b4f32d7779,-14807.3472436221,4f22aaa370f4adaad894c26f448714b077097a109621cfde7155584e92f27a20,9f65f8dc6ddaff1d631e299cb531376a7da5e68d1bef04f34a2d5073d5ef114b,polar1l_rotation_invariants_v1
M047_Q0_M1,S002,703778e3055761c44efbf2ac356d9028a238d2838f2349a49f2d0d9ab5673b66,-12492.11440911,901538f41ed4b5bd7967b999198c6284e59e636ef4ce447297d99facf23c970e,9f65f8dc6ddaff1d631e299cb531376a7da5e68d1bef04f34a2d5073d5ef114b,polar1l_rotation_invariants_v1
M047_Q0_M1,S006,771e9ad196852b8261d6d52bc09f49d79d4896130169b5082c108e4edec3fce3,-12492.1143385321,b59087ea3ad9d8478eebc192c914e6eeaf1e6ead22570ba8c1193cebd8c86be8,9f65f8dc6ddaff1d631e299cb531376a7da5e68d1bef04f34a2d5073d5ef114b,polar1l_rotation_invariants_v1
M047_Q0_M1,S016,2f228a8657a7999ac8e6d40c615079b545657c611a37a92f7e4398b7f18c5bd4,-12492.1144070537,30f28769d714302bcf4dca89d5cdcf9a4ff39b07984e2b3867e643a8e2b4236b,9f65f8dc6ddaff1d631e299cb531376a7da5e68d1bef04f34a2d5073d5ef114b,polar1l_rotation_invariants_v1
M047_Q0_M1,S024,fabfa66d132b0472a045814b8befe8d5ed262429924b8e58dd9a6ae738789718,-12492.113638131,3fd7fc793ce5349e73acfd1e1862fe406caf504039369ede5ea067c42b4e5dfd,9f65f8dc6ddaff1d631e299cb531376a7da5e68d1bef04f34a2d5073d5ef114b,polar1l_rotation_invariants_v1
M047_QP1_M2,S002,109b7f81baa140120bc3bee75193ff427e18e02df4d7f3b5223d438352a3cff9,-12484.1457835448,32851041dc98a062253371f3192aaa01a8a7fc5f31e1471cab2cf3571676c745,9f65f8dc6ddaff1d631e299cb531376a7da5e68d1bef04f34a2d5073d5ef114b,polar1l_rotation_invariants_v1
M047_QP1_M2,S006,71c55797aeb8c2e71aef71e05c73bf108b2ada3addc78cefccbe388422e78333,-12484.1467687568,f9ce7e709af078ceaaf29dc12945dae96ad4816813dcbede823ebad10f1241ea,9f65f8dc6ddaff1d631e299cb531376a7da5e68d1bef04f34a2d5073d5ef114b,polar1l_rotation_invariants_v1
M047_QP1_M2,S016,e262837280b0706e7e5bd1fa68d07a9fc8fe29f23826624a643ebf67ba0669ce,-12484.1458885398,e83299767585367c0f788d1577bfa33b054a923b99002c95350ad7132abba3a4,9f65f8dc6ddaff1d631e299cb531376a7da5e68d1bef04f34a2d5073d5ef114b,polar1l_rotation_invariants_v1
M047_QP1_M2,S024,4c4cc96559b746d741cb8979fb1d14287cbb2634a6c4fca7728d71a8cfd01dfd,-12484.1411462302,f8e2f382e13d6c090e22cb228b1f2a4119f042240313a69b7b6d3394c0e3ef8d,9f65f8dc6ddaff1d631e299cb531376a7da5e68d1bef04f34a2d5073d5ef114b,polar1l_rotation_invariants_v1
M048_Q0_M1,S003,3f6c9928e9260bfcde014ab8c3feed3f34c58c3b949185b4deb778401850813e,-12486.9147204286,023211015dda887f646d289aaba2700414bafbcd8235f876b012b1669b745b3c,9f65f8dc6ddaff1d631e299cb531376a7da5e68d1bef04f34a2d5073d5ef114b,polar1l_rotation_invariants_v1
M048_Q0_M1,S013,bc266319647aa1aa82224b6c363faab72400cda9caf0288ea9545f16eeb38230,-12486.9146042319,73af2dbe709da0f5ff9d5c5ceffe6d84c290ba5f4ede90551b68819a64364924,9f65f8dc6ddaff1d631e299cb531376a7da5e68d1bef04f34a2d5073d5ef114b,polar1l_rotation_invariants_v1
M048_Q0_M1,S020,d09a9214134518dbade02943e2aa45bccb486204df70c0792e9e87e3bc1298b8,-12486.9141066572,66ff662b0c8e574ddc3a151fb9cfeeda6255d3e50639b459e1e49acf0862a401,9f65f8dc6ddaff1d631e299cb531376a7da5e68d1bef04f34a2d5073d5ef114b,polar1l_rotation_invariants_v1
M048_Q0_M1,S021,febe64824bf2ba8f57a818f8641ed346f27b842d4f3d23f42df385fa54997d20,-12486.9132911354,79b4f91d5d86b3b2b2245d1c3d9c18f4e1022b43e7279e14c0ae53655a4d0dd9,9f65f8dc6ddaff1d631e299cb531376a7da5e68d1bef04f34a2d5073d5ef114b,polar1l_rotation_invariants_v1
M048_QP1_M2,S003,1bb940e20f2b0f1d303fb7ec2c5f5f88329f59d1970b2188b3b71fdfd84aae9c,-12479.456618568,828fdaf4ea3c17d9996899cfce057822605517ef729bc6be350b1a728845065f,9f65f8dc6ddaff1d631e299cb531376a7da5e68d1bef04f34a2d5073d5ef114b,polar1l_rotation_invariants_v1
M048_QP1_M2,S013,7f8d218e2523ca187d5890cbd93ad0b49c1cebc4630cb0a4ac295bf3fcaa8fa4,-12479.4566569549,d5e91d273b365554caa1be4f59782cd06924192cc36b001893fb9019807fb1a8,9f65f8dc6ddaff1d631e299cb531376a7da5e68d1bef04f34a2d5073d5ef114b,polar1l_rotation_invariants_v1
M048_QP1_M2,S020,bdce8e693e7e074b96a665ef18d801a4178558902d3f7335c836cfb4fb84e4b5,-12479.4568133531,6f0fae0c8ca5f9eeae423eeac9a3e62449ffcfd5a1401e216a1fb555676b4577,9f65f8dc6ddaff1d631e299cb531376a7da5e68d1bef04f34a2d5073d5ef114b,polar1l_rotation_invariants_v1
M048_QP1_M2,S021,8338ebd20ceb055842891b648c16f6a2f2559ba8c21fa2f401a59da9c153f8ea,-12479.4570421801,1681e60a0f689f194415120626dbe276526d2bd45fca9cbdbe1ff83525ea398b,9f65f8dc6ddaff1d631e299cb531376a7da5e68d1bef04f34a2d5073d5ef114b,polar1l_rotation_invariants_v1
M050_Q0_M1,S001,5af7e687813063e60d11f1f6a4f00e796d0a718ca18d87a4bbe6d79e7efd94a0,-69558.2898212705,523b94afb12503892805771953e804d649ccd045f28946f201b018fcb39f21d8,9f65f8dc6ddaff1d631e299cb531376a7da5e68d1bef04f34a2d5073d5ef114b,polar1l_rotation_invariants_v1
M050_Q0_M1,S007,f4c5485f85d833cb653ff1f4ea11ae6a148980d711422dfd4a88652a6c51c807,-69558.2898151308,6564c5f8651d764683324e439386b3f1a0ccd981d9c68befde7a1eb129f2016f,9f65f8dc6ddaff1d631e299cb531376a7da5e68d1bef04f34a2d5073d5ef114b,polar1l_rotation_invariants_v1
M050_Q0_M1,S018,d425f6dc21645b3b27151b5f4e25df002df676ba381973c293cb05e37ae43559,-69558.2898810371,02b61e8a6f3c0d06b7ede8649a265f8951b61060061bda7f49d51edc1ef4b35b,9f65f8dc6ddaff1d631e299cb531376a7da5e68d1bef04f34a2d5073d5ef114b,polar1l_rotation_invariants_v1
M050_Q0_M1,S022,e30bb564c387bcfa3ecd491e6438fc10f91cdcdfb7ecc57b730435fe0412c986,-69558.2898053179,80c30e11823d977c54028efe1d70e1824a70b434a6997a672a5771f183b199a7,9f65f8dc6ddaff1d631e299cb531376a7da5e68d1bef04f34a2d5073d5ef114b,polar1l_rotation_invariants_v1
M050_QP1_M2,S001,7c8c6db2eecf3d86551028246c344b4aa6a51246e6820f6c2963750240356520,-69549.5666092304,2c858557ba21ac350d667cfc3a121bb62aeaeb5bca9d661731fe8f7453c5fff2,9f65f8dc6ddaff1d631e299cb531376a7da5e68d1bef04f34a2d5073d5ef114b,polar1l_rotation_invariants_v1
M050_QP1_M2,S007,b4bc0b31f8b179307242745d37438c031cd107da9bb929e2ad7b6b7591648afd,-69549.5664384189,3b39cf9fccd0fb779bc73248a62036eebef33be33fc95d8e76b2b32d07c4c33f,9f65f8dc6ddaff1d631e299cb531376a7da5e68d1bef04f34a2d5073d5ef114b,polar1l_rotation_invariants_v1
M050_QP1_M2,S018,be13f3fb6931515ce453e037b2dba2c54c410e5f4cef04599d4b54f919a82f98,-69549.568315353,7c2133fa51dc2a23d5f89c66d30d32a8bb740887f5967fb0033b5ea0e3b4c58a,9f65f8dc6ddaff1d631e299cb531376a7da5e68d1bef04f34a2d5073d5ef114b,polar1l_rotation_invariants_v1
M050_QP1_M2,S022,9ea2a3802724bf28ab707cd12cd9f5da8a59cddfe895003f2ebf94b02630dc1b,-69549.5661712755,facc48185660f59c9167ff9076ab95c9bb62128d932509ca82eb170a589f2b5d,9f65f8dc6ddaff1d631e299cb531376a7da5e68d1bef04f34a2d5073d5ef114b,polar1l_rotation_invariants_v1
M055_Q0_M1,S004,1dc38a32f1df3b11ce3f53eb325cc26acedecf3e532edc91e2cd7f34354d2053,-78114.5441823496,f5106435aba62e5f0a1a180a450fdf0f9aae025470a14b280a012456e5119c00,9f65f8dc6ddaff1d631e299cb531376a7da5e68d1bef04f34a2d5073d5ef114b,polar1l_rotation_invariants_v1
M055_Q0_M1,S008,ea5f4d36dd0c3a97ecb89b9539bca4ad5fa2900a2ca47820ce8494ba6211afff,-78114.5446137347,b28ece80333604201ab1a9c665e7ebfe769a5bd8a2873c23e0fa66c497d0fcf6,9f65f8dc6ddaff1d631e299cb531376a7da5e68d1bef04f34a2d5073d5ef114b,polar1l_rotation_invariants_v1
M055_Q0_M1,S011,9708274bed8c49938ce24bccf1345f2bb0d2a26e2711792dbba708b8b9af65d4,-78114.544170986,d06d45fea471be25f1fda11125c4b306631d81027bab36d2a06a5f42b829b2a1,9f65f8dc6ddaff1d631e299cb531376a7da5e68d1bef04f34a2d5073d5ef114b,polar1l_rotation_invariants_v1
M055_Q0_M1,S015,fbb3f7d3fa35eb9872f1aec6fbb8515971e451c27de47c12d9e3cacefaedf212,-78114.5445104285,0cb39350e959f6ab1fc6381b5eb06a5331457b16c844591200dae8fd93f6a3b9,9f65f8dc6ddaff1d631e299cb531376a7da5e68d1bef04f34a2d5073d5ef114b,polar1l_rotation_invariants_v1
M055_QP1_M2,S004,b6a4ed04950d898897510ac980dd88718f52e348e6dd6378cc618832d6c4d560,-78106.4525446916,03e6c68b807aaaa180634893574759d89ce3de71f30113ab07deac80cc254854,9f65f8dc6ddaff1d631e299cb531376a7da5e68d1bef04f34a2d5073d5ef114b,polar1l_rotation_invariants_v1
M055_QP1_M2,S008,02680670f5d65d042552eb1721308856596718e4f7f445431fc438cb5796d281,-78106.4462658561,7bef3bff9ff18b79bf512a07db7eb0a3055fc4bb31fd5db90490bd05e06eb7c1,9f65f8dc6ddaff1d631e299cb531376a7da5e68d1bef04f34a2d5073d5ef114b,polar1l_rotation_invariants_v1
M055_QP1_M2,S011,ee0fa151707816146c3e61dc22c26ec5d9401d0d6c0d0c5c8f6578d24446c652,-78106.4527849683,ff16ae0290e9b7eab5ceffdea3d4f20f2731f3cf85b0019e540e529df0c9f549,9f65f8dc6ddaff1d631e299cb531376a7da5e68d1bef04f34a2d5073d5ef114b,polar1l_rotation_invariants_v1
M055_QP1_M2,S015,e569ea20fc1d5f7c28ccee774958b1eddae4c98da87a41cb4b88b975fb3dff1b,-78106.4490749457,c3cd4597583ef2af717f4ede970d5adfa29b105c1d5dea21e036a6c0c130ece4,9f65f8dc6ddaff1d631e299cb531376a7da5e68d1bef04f34a2d5073d5ef114b,polar1l_rotation_invariants_v1
M058_Q0_M1,S005,9717e2b6fbb947eb41231005de2daa6efa21249973176b9b9f71d695992cfd05,-75759.041496908,0aa01eceb5d3e48389a5ea7ee3a9ad3a57f13c48c720db37c8421074d0e582c0,9f65f8dc6ddaff1d631e299cb531376a7da5e68d1bef04f34a2d5073d5ef114b,polar1l_rotation_invariants_v1
M058_Q0_M1,S012,8467d94f16cbad95501a081b716a39fb1a7116334468e3f7510b2bfc53315251,-75759.0411935747,150be4df6fcd1040d023edcb66ff0336739b68bf72ccfee211ab00b2838c6134,9f65f8dc6ddaff1d631e299cb531376a7da5e68d1bef04f34a2d5073d5ef114b,polar1l_rotation_invariants_v1
M058_Q0_M1,S016,bc47bf497d0aa0b0fef80a2c1ef409cc75bedf8598d3ad08969b54705be3dd49,-75759.0410611978,f5c31c254b6b87b3e1516c1a7cde40c9ad85915366fcc6b90168d33729219764,9f65f8dc6ddaff1d631e299cb531376a7da5e68d1bef04f34a2d5073d5ef114b,polar1l_rotation_invariants_v1
M058_Q0_M1,S025,28fd5cfe8eb019148a1dd63acb31a8af7dc4bc3ad09ffc7c5a772a1ed9b0e1cc,-75759.0411035833,059d71e011ec7ec69f4eec8af068b005e92458d8c081739d32d65ce780027172,9f65f8dc6ddaff1d631e299cb531376a7da5e68d1bef04f34a2d5073d5ef114b,polar1l_rotation_invariants_v1
M058_QP1_M2,S005,afe9f54d804544b9d74d38728d5e9f9d49b6779fa2b6c4bbe5522fca0d95d005,-75751.2792364226,f8170f1b3ad1d26cd2c06628114ea74f1e67b6c8a5d9441b9dff5c7424640361,9f65f8dc6ddaff1d631e299cb531376a7da5e68d1bef04f34a2d5073d5ef114b,polar1l_rotation_invariants_v1
M058_QP1_M2,S012,f28f164f3da979fcee87708e75754b0cd95d4e5cfacef65b88ce4d679eb62266,-75751.2791560317,d7c93b1cc63f7620ded86a8365bff9551b1dee20d7bba9903d72efd9442416d6,9f65f8dc6ddaff1d631e299cb531376a7da5e68d1bef04f34a2d5073d5ef114b,polar1l_rotation_invariants_v1
M058_QP1_M2,S016,0a519950653f8771eecfd578f01fe54259cc80055a08d84def85ae76053b239c,-75751.2794394419,f8b0c7d149a31debe3828591ed501b8da87bf1ca7180266e66c17487dbbb9b17,9f65f8dc6ddaff1d631e299cb531376a7da5e68d1bef04f34a2d5073d5ef114b,polar1l_rotation_invariants_v1
M058_QP1_M2,S025,f887787dfef77e80af8d8fb3024cf2e31c5494305e8e30598e9e5a7996fdb647,-75751.2796347574,5164bc3cc87db8d4174677244fe5379aa48111eeac1819763da7d0fae79882af,9f65f8dc6ddaff1d631e299cb531376a7da5e68d1bef04f34a2d5073d5ef114b,polar1l_rotation_invariants_v1
M060_Q0_M1,S002,6ea1cbd1735b4a3b8cd1e5485cfccbb7c5c63f1cd640b1497e6f568a3a89052e,-7825.77676990234,bdee6d6cd747855c8b7abe75691902755ff19ac8c22ccd01145a57d6387528eb,9f65f8dc6ddaff1d631e299cb531376a7da5e68d1bef04f34a2d5073d5ef114b,polar1l_rotation_invariants_v1
M060_Q0_M1,S006,876a8c5ec257491ba94ee6b04b3c35618ea03a20a509e4c819d76cfac061bdcf,-7825.77555041702,53bc8225db24ef46e35a491e501de1bfee8becce956140c62a6f149de952d390,9f65f8dc6ddaff1d631e299cb531376a7da5e68d1bef04f34a2d5073d5ef114b,polar1l_rotation_invariants_v1
M060_Q0_M1,S017,6a92ac4d5f4763a8ff7a0398e877e6f5847c09f40ec31a860a0442da43df1cff,-7825.77623160535,13308047c75473cbfb910ddef98d431c43f159a20cca2c8f61e8e59ba07aaa50,9f65f8dc6ddaff1d631e299cb531376a7da5e68d1bef04f34a2d5073d5ef114b,polar1l_rotation_invariants_v1
M060_Q0_M1,S023,b2924197452fc404cbe5797af85cb06f12068737fd9a4d28804369d18ad38ef4,-7825.77902366414,c6372a903520d99c08cabff97d5f2c32a733e486998949850e589c8a1720319c,9f65f8dc6ddaff1d631e299cb531376a7da5e68d1bef04f34a2d5073d5ef114b,polar1l_rotation_invariants_v1
M060_QP1_M2,S002,810f8a9658db69377139ec50285d710c03b039fe87125798636bfaa0950a8e76,-7818.15585389462,18bf5ee16a8ee63d1e57a189646e59a23e0cb2b1a44ecffcd6fd60eb24fbdd34,9f65f8dc6ddaff1d631e299cb531376a7da5e68d1bef04f34a2d5073d5ef114b,polar1l_rotation_invariants_v1
M060_QP1_M2,S006,bac67348d2b8c3e979d3736aa972c21c23e78442ba552984154ea5dbdea28450,-7818.15515150132,c538f1713e603c802d50e428cb5afc7c1cb49c1b2f7cb073aa5631b2aab8eaf1,9f65f8dc6ddaff1d631e299cb531376a7da5e68d1bef04f34a2d5073d5ef114b,polar1l_rotation_invariants_v1
M060_QP1_M2,S017,966e1e0abd2e6e8b63f35f02db3dde5b2ddc26b2f595154ed2d27e568b141555,-7818.15557832534,a9d721e26299a87343266538b50c4cd7292683712510344f264ef22b25a23ec8,9f65f8dc6ddaff1d631e299cb531376a7da5e68d1bef04f34a2d5073d5ef114b,polar1l_rotation_invariants_v1
M060_QP1_M2,S023,c8c374b8ee2c2e17c0771430af64ff38217c22cd0b48922057a81878180a4976,-7818.15694537383,a37b350c62ae4b07db2d81c0907a9aeb209621f010aaeaf9d88b63f36d07984f,9f65f8dc6ddaff1d631e299cb531376a7da5e68d1bef04f34a2d5073d5ef114b,polar1l_rotation_invariants_v1
M068_Q0_M1,S003,cc6015b792872fef049f70cf95b8d07745ae6875e16cc5e95f62608e502ca1d6,-9965.04306386088,107c44bd53c2d66ee8326dcee9da344b187bc16596291fc4af99628c30d9355d,9f65f8dc6ddaff1d631e299cb531376a7da5e68d1bef04f34a2d5073d5ef114b,polar1l_rotation_invariants_v1
M068_Q0_M1,S013,0a35370d9f57898ade8184c97945839e701323a3397f7b5420cb9d5b105c94f2,-9965.04328958502,6ed961d904d28cb9bb0ef72c333ebf96586c59dd62e56f76abab11fbc44f396d,9f65f8dc6ddaff1d631e299cb531376a7da5e68d1bef04f34a2d5073d5ef114b,polar1l_rotation_invariants_v1
M068_Q0_M1,S020,68543ce0a8f8bc02beb995028c20357057897108c7d9799cdf6daf321a830a4d,-9965.04416997389,3f2b5c47525acd17aa0cb1192fca2a006ca482b02e19045f69e1ea9d4a968de2,9f65f8dc6ddaff1d631e299cb531376a7da5e68d1bef04f34a2d5073d5ef114b,polar1l_rotation_invariants_v1
M068_Q0_M1,S024,c04e40de29a7b5bb86b24247edcffe084bd80e51844cdd80da4efa1babfc5831,-9965.04713486874,d12894300f619e21c4706e2f8b8b6dd4489f468979ddca51c1c6ba386cba65a5,9f65f8dc6ddaff1d631e299cb531376a7da5e68d1bef04f34a2d5073d5ef114b,polar1l_rotation_invariants_v1
M068_QP1_M2,S003,a2d111f67e5f22b5425641947ce6ceeb72353cc530e47e09de199318c0663655,-9957.72842012495,8efe757354cceaad5834f4b500f0c2884f52431bec4ef740650e83fa187c7638,9f65f8dc6ddaff1d631e299cb531376a7da5e68d1bef04f34a2d5073d5ef114b,polar1l_rotation_invariants_v1
M068_QP1_M2,S013,efba66b042f6fd5f7b0ed3f84e77454231ec1c1ddfd4de292e73822bd30d51b5,-9957.72868020685,f370326eecf60487c228a3afd8712f6b994210e9b37d1638de6c8d411fe68c0f,9f65f8dc6ddaff1d631e299cb531376a7da5e68d1bef04f34a2d5073d5ef114b,polar1l_rotation_invariants_v1
M068_QP1_M2,S020,01fcea3ac8584561bdda7cc9739de25bc3e12ea8d50d6e1dfd33b0665303a132,-9957.7298945084,24086aa3416f70071fd10738083992459edd09e07a283d95168948d073dfba8b,9f65f8dc6ddaff1d631e299cb531376a7da5e68d1bef04f34a2d5073d5ef114b,polar1l_rotation_invariants_v1
M068_QP1_M2,S024,5785baf1a9d86fcd4a95cc2579a661ef3600866d3bd7283d0367ecfec8ed2aae,-9957.73338045503,e4904c403d991c6c081bb28139058e21ae13b57bdbaa8395f7a37b896d7fd2a1,9f65f8dc6ddaff1d631e299cb531376a7da5e68d1bef04f34a2d5073d5ef114b,polar1l_rotation_invariants_v1
M069_Q0_M1,S001,11b904503a92335c31b1c9db19f1d60bab06d5bf705e12bdee3a8909dd36a70e,-14112.712024215,f5d322e22ba17216f27ed1d0afa7bd5c3600fc9c472ae6f41d8715df0bbb8678,9f65f8dc6ddaff1d631e299cb531376a7da5e68d1bef04f34a2d5073d5ef114b,polar1l_rotation_invariants_v1
M069_Q0_M1,S007,37286d64e995d51a792ec493d676c3be99988fbfc92ecf452e7a223ae517173d,-14112.7119828571,02476b9c1f593a58f2c718ea143977535c4a115688b58ab9dd25a5b05ed8bb8c,9f65f8dc6ddaff1d631e299cb531376a7da5e68d1bef04f34a2d5073d5ef114b,polar1l_rotation_invariants_v1
M069_Q0_M1,S015,1f48b8f7962206684ce63f5617137e9f7f19054de8e7b9fbabb53d19ee27cf6e,-14112.7123760376,8a70f8a7c8161d24b48d67a89616aea504a4d8a6ecc4509f90cbbfe4fe29213b,9f65f8dc6ddaff1d631e299cb531376a7da5e68d1bef04f34a2d5073d5ef114b,polar1l_rotation_invariants_v1
M069_Q0_M1,S022,9adc44db7ef61c92746be4fbf419b0282018de9d248a2b6673bd6e0924873d24,-14112.7119184467,6c19e71efe2c56cfa5bb0e4919ee11a07ee94be2a18a4a8d3a98ef5d63211a52,9f65f8dc6ddaff1d631e299cb531376a7da5e68d1bef04f34a2d5073d5ef114b,polar1l_rotation_invariants_v1
M069_QP1_M2,S001,6c40284b429b667310167ed13c1a71a547d5b23c09c8e8d9bb4f96c822ece44f,-14105.4421476039,80b85436737bb624ab6eee978dfc44b453da57a577c63d2af35706fddc6f5a4e,9f65f8dc6ddaff1d631e299cb531376a7da5e68d1bef04f34a2d5073d5ef114b,polar1l_rotation_invariants_v1
M069_QP1_M2,S007,a14efe17feced5b1f3745a3f614f9904b33fd887765bc6a97a2600f196529847,-14105.442065048,00ce6111dcb0fcc5e22b9540ff642a3dcd6001bf6e1c1d9036e74b5d00318905,9f65f8dc6ddaff1d631e299cb531376a7da5e68d1bef04f34a2d5073d5ef114b,polar1l_rotation_invariants_v1
M069_QP1_M2,S015,d78d874a34c71864c68dcc0ae246e06b4a643a876c50864ffda86f8d3c0397cc,-14105.4428506373,88b7a54eeabc83cd54fbc2fae554a94c7964445c159fdaa030151a04b161b606,9f65f8dc6ddaff1d631e299cb531376a7da5e68d1bef04f34a2d5073d5ef114b,polar1l_rotation_invariants_v1
M069_QP1_M2,S022,42ff6d44d12b5dd26f92fe5104e5d8f25ee4291714f4c5df2999f9cafa8be084,-14105.4419365219,aad1e6e36d1170d0a3d0422dc6d56aae969fa76a77029c5c9b1623589e364d6a,9f65f8dc6ddaff1d631e299cb531376a7da5e68d1bef04f34a2d5073d5ef114b,polar1l_rotation_invariants_v1
M070_Q0_M1,S004,3e84cf5ece6c546b863824e05260dd06d1f25ce588d3656ddc0cf816041a60ff,-14080.8894512318,fb6a4796da2335158ee19e8bb4f18eff1738d48ae98843ec3736525c4cf8e359,9f65f8dc6ddaff1d631e299cb531376a7da5e68d1bef04f34a2d5073d5ef114b,polar1l_rotation_invariants_v1
M070_Q0_M1,S011,f9ae7fce8532e5a8e7550560f36b46c83520e42fad28cd81e31bbeeb5c6841b4,-14080.8894132297,b090c95c9054d8a506b057ff57e69741abad4b3805e1a7157e1db499e3eefd1f,9f65f8dc6ddaff1d631e299cb531376a7da5e68d1bef04f34a2d5073d5ef114b,polar1l_rotation_invariants_v1
M070_Q0_M1,S014,663b8c9b2fd1f900f83007ac00ada950dc304a637c513dc7d764e29897582bc8,-14080.8908215895,e8187767926c23881813974e4952f9348585b60c087650e9c22d5298d03b755f,9f65f8dc6ddaff1d631e299cb531376a7da5e68d1bef04f34a2d5073d5ef114b,polar1l_rotation_invariants_v1
M070_Q0_M1,S016,7b2f6c8b4ebbe6e40bd38378be01ec4a1e5a1da1c2125e60c076481f73c75c6e,-14080.8900082117,2ea5341a32d55b579a9be360146604c8d652e513bb4381bf8a587f4a601927ab,9f65f8dc6ddaff1d631e299cb531376a7da5e68d1bef04f34a2d5073d5ef114b,polar1l_rotation_invariants_v1
M070_QP1_M2,S004,0567888c3502f740e7ec872264388784ffafdf476c116814966ff290881032e9,-14073.2307634928,032c2c32aab24f35b5542dc3fd847293c97209389cd76380b68412f8ad70c147,9f65f8dc6ddaff1d631e299cb531376a7da5e68d1bef04f34a2d5073d5ef114b,polar1l_rotation_invariants_v1
M070_QP1_M2,S011,a97b8732d6c3ce45bad431c19b4a3a86e2eaff7b719ca4e0c58bec4b3ed41a22,-14073.2307067764,39afe730e2ffa14e4469716d46b29d1a42e7e15473d69021196f4897b49582da,9f65f8dc6ddaff1d631e299cb531376a7da5e68d1bef04f34a2d5073d5ef114b,polar1l_rotation_invariants_v1
M070_QP1_M2,S014,a41d3ee7f340b5230f55140262ec1b799479963dc25739b3c930f42ab02fe114,-14073.2328338664,12a7f489672dfda01b1c549b42e7a780d65219d93c3934c9e5b7eea7a5b2020a,9f65f8dc6ddaff1d631e299cb531376a7da5e68d1bef04f34a2d5073d5ef114b,polar1l_rotation_invariants_v1
M070_QP1_M2,S016,fb7b316df9b84d0ae22a1b22c14ad7a469d14b4482fbcac774ee3dc61f115073,-14073.2315988734,d1f9ef26d91bfa046118ea26e2126301bcef967a15a702f69d2b8fafb6c840b2,9f65f8dc6ddaff1d631e299cb531376a7da5e68d1bef04f34a2d5073d5ef114b,polar1l_rotation_invariants_v1
M074_Q0_M1,S005,4e2523e72073dff5951b6fcc2f9a5add97568ed54c20ca5df04ae481b1f06a8f,-22637.0086096757,b5bbe6dc6ffff5e5ea508995d92f147fe58e1195ad387b981cfd329be854669c,9f65f8dc6ddaff1d631e299cb531376a7da5e68d1bef04f34a2d5073d5ef114b,polar1l_rotation_invariants_v1
M074_Q0_M1,S008,b2aceba40289122dc80c4a193b31e621bd4ae39453caf4b68727b649b4e415ce,-22637.0090137543,cf8c40db8f0c25bb0ab686ceb33a4bb5473a76474f915bf161564fe0c8bafe28,9f65f8dc6ddaff1d631e299cb531376a7da5e68d1bef04f34a2d5073d5ef114b,polar1l_rotation_invariants_v1
M074_Q0_M1,S012,3da041d51d5c57f7ac0b363286fc9254a5bbc8d325a01c80bdacf1d82ef6b7ea,-22637.0085352668,2bb32c6919dcd69f7539983d1fecca55e1ca7413d43cd57f0889c2bcb91e8fc9,9f65f8dc6ddaff1d631e299cb531376a7da5e68d1bef04f34a2d5073d5ef114b,polar1l_rotation_invariants_v1
M074_Q0_M1,S017,318f531d3a1b7d42e1186fb9b726a8f68dc766e20b0899eac7ce3accfde0a9ed,-22637.0087585364,7e1b7f0516e280d6ddb8ffe23e878f7b54a8c8bdcb895664362d9081bba190d4,9f65f8dc6ddaff1d631e299cb531376a7da5e68d1bef04f34a2d5073d5ef114b,polar1l_rotation_invariants_v1
M074_QP1_M2,S005,af9ee50e224485e26b667f046ae0bf013a46b42a07d710ce5bdeb23fdec0854a,-22629.7335817091,dd7cdb800c7a87e5ae34e40f8012f9100c6a679bf5268009082efdcde3bf98ee,9f65f8dc6ddaff1d631e299cb531376a7da5e68d1bef04f34a2d5073d5ef114b,polar1l_rotation_invariants_v1
M074_QP1_M2,S008,dbad914acaf041ade73bc1ff37ad82999fee37dfe180ecbad9c5f9cad51148d2,-22629.734756155,186875dda19c54a9064e526dc132d54bc0aa921d54a25b36bbcef6fd544198c6,9f65f8dc6ddaff1d631e299cb531376a7da5e68d1bef04f34a2d5073d5ef114b,polar1l_rotation_invariants_v1
M074_QP1_M2,S012,4196427c93543a59d97eb73297581cf7ac4e7d9413dbba7f949432ceb7a3225c,-22629.7333614199,3dc85df79a85aa4a43d7274f9f4fca709bca77662d98ea5544d455068d66a2fc,9f65f8dc6ddaff1d631e299cb531376a7da5e68d1bef04f34a2d5073d5ef114b,polar1l_rotation_invariants_v1
M074_QP1_M2,S017,a5ceb5231274de822e4ffcd6ad474720209db7888d22d22964b450a232c2dd98,-22629.7343931814,e3c4f90c3b598ce1eb6d3526f202e222828c61064eac05d04511531941e6697b,9f65f8dc6ddaff1d631e299cb531376a7da5e68d1bef04f34a2d5073d5ef114b,polar1l_rotation_invariants_v1
M077_Q0_M1,S002,e48c0cd00c5bad78f6be5258ee258143389cc58ae5372df37e0819ab2ce0c7e9,-57583.1787974043,5308d178c83ee129cf464e1c7657043ce934a68455ecc6c740cd250d4d7531e4,9f65f8dc6ddaff1d631e299cb531376a7da5e68d1bef04f34a2d5073d5ef114b,polar1l_rotation_invariants_v1
M077_Q0_M1,S006,c4989cbfa1e707fe0fd2c8fc781982db2732c805d632571a01364a595442f88c,-57583.1781623606,307f021b4b854d684487c71ee7482ef7c5058c17ff1d198c9581213f43649aad,9f65f8dc6ddaff1d631e299cb531376a7da5e68d1bef04f34a2d5073d5ef114b,polar1l_rotation_invariants_v1
M077_Q0_M1,S018,2ad6b178fd631b2f78662d2622015c6cdd5a6f7b38039efbe0e4f8ee652aa8d2,-57583.1784170938,bbcfe89a632b73afce44f1859871f0900f9013e83f6d8ebe739be8998ceaf09b,9f65f8dc6ddaff1d631e299cb531376a7da5e68d1bef04f34a2d5073d5ef114b,polar1l_rotation_invariants_v1
M077_Q0_M1,S025,8821f62899b6ee9c687c68b2d09d238bd0c96e191b0830306141e3f7123b5c12,-57583.1789083465,1712efbe9a1500009d0257700342306ea27067a53880ddaf0dc4b1c94ea09129,9f65f8dc6ddaff1d631e299cb531376a7da5e68d1bef04f34a2d5073d5ef114b,polar1l_rotation_invariants_v1
M077_QP1_M2,S002,183562f173b55cc5ee38348e76527f24ad85a1548d1feb7ed001af060f78ea70,-57576.7172252366,d12a5d67211adc730e244d97308511830149beb84559270d0fd5266eb45a5b8f,9f65f8dc6ddaff1d631e299cb531376a7da5e68d1bef04f34a2d5073d5ef114b,polar1l_rotation_invariants_v1
M077_QP1_M2,S006,553cfbbdad97ebe595ecae3639b385361ed7e295058e1df3039a933670140358,-57576.7159708934,b8dc4c5ce86c98294d465fcf2d7844a662eee862c7ca1e3ab40d078c35b5de90,9f65f8dc6ddaff1d631e299cb531376a7da5e68d1bef04f34a2d5073d5ef114b,polar1l_rotation_invariants_v1
M077_QP1_M2,S018,e1ed24bbc9176ffccf58c2fd36662a77873c89b630b2caf9e1055a01a51d84b4,-57576.7171303528,385ee9ab36e88f312866a5bb0bbb2e060429889a357d87335cfcef02463b94b4,9f65f8dc6ddaff1d631e299cb531376a7da5e68d1bef04f34a2d5073d5ef114b,polar1l_rotation_invariants_v1
M077_QP1_M2,S025,c205532874edad78811a0cd2dc58267303d54de061189a0e9cc9473b5a7b43b8,-57576.7183551545,eae25b0586a25552dfa38e05185c8ebab42fa73d0ce7d3ae900c5572cc565836,9f65f8dc6ddaff1d631e299cb531376a7da5e68d1bef04f34a2d5073d5ef114b,polar1l_rotation_invariants_v1
M078_Q0_M1,S003,69d08422ddedc4d86e0c080d3f6b0d65ff14eb9e879632db832a4cc85d4f955b,-15782.9967072114,c5194dc07bec3e503f973d9bcf918372653f93f1c3139a3b14db48318c951328,9f65f8dc6ddaff1d631e299cb531376a7da5e68d1bef04f34a2d5073d5ef114b,polar1l_rotation_invariants_v1
M078_Q0_M1,S013,c13be356d798efc4f56b6932d46b291383dd62bb7e70f7117384a5ad18ce27cf,-15782.996723923,09f92cb7f8915cbdebb0f2b14328af8a43089106220faed106e174004be710d2,9f65f8dc6ddaff1d631e299cb531376a7da5e68d1bef04f34a2d5073d5ef114b,polar1l_rotation_invariants_v1
M078_Q0_M1,S020,abe66703f369ce9cd13263c96baa34b60aaf65f65c2384000bdbe6108fd07d9d,-15782.9967926121,c3998f08470b170e696f4a304ba0cc4dda5d4e02e74a182265590cff210b6fff,9f65f8dc6ddaff1d631e299cb531376a7da5e68d1bef04f34a2d5073d5ef114b,polar1l_rotation_invariants_v1
M078_Q0_M1,S023,147fa562dc468bf441436293c6f50b94e3d5fb648aa526bb3302862da64a2a51,-15782.9969870804,a96fed8c1c9e9f9049e64f752fec5c94e4879a0e22330cdb972daf665b0bc1c8,9f65f8dc6ddaff1d631e299cb531376a7da5e68d1bef04f34a2d5073d5ef114b,polar1l_rotation_invariants_v1
M078_QP1_M2,S003,f8790586ab4ab2a1d91526f4c248f319a6f459e4b5f7460068116d327276adab,-15775.2019080986,9eaade649c475d26fbe9c46292ba3a1545a04b9fdf0762386f7f0f4e1e754ba5,9f65f8dc6ddaff1d631e299cb531376a7da5e68d1bef04f34a2d5073d5ef114b,polar1l_rotation_invariants_v1
M078_QP1_M2,S013,51c5af7ec3a8cb1c232d95261fc909ec961fd2d3fe2e11b64f8be361816228f6,-15775.2019182651,7b87c9512e0295dcda7b1491d57a5e1a2a7f3150113b716fc2c20494d53a2d94,9f65f8dc6ddaff1d631e299cb531376a7da5e68d1bef04f34a2d5073d5ef114b,polar1l_rotation_invariants_v1
M078_QP1_M2,S020,a051236336c7e2ff3eb5f61aea6e414049bf73ca8d2a516d6b9822e08f807830,-15775.2019617121,83d9fb09c1a00a6f5d3ee5458e0558349e484f57abdade3fa1152c8dc37a8439,9f65f8dc6ddaff1d631e299cb531376a7da5e68d1bef04f34a2d5073d5ef114b,polar1l_rotation_invariants_v1
M078_QP1_M2,S023,759128976766f57e840467c4b8df199018eb306710e9d34f48fd4d2cdfcf9274,-15775.2021024151,2f502ae4daa5207ab13a578e3bc62ad9cf40bbfecfa20fc115d6a91521e64a1c,9f65f8dc6ddaff1d631e299cb531376a7da5e68d1bef04f34a2d5073d5ef114b,polar1l_rotation_invariants_v1
M083_Q0_M1,S001,e4c52fdc46c4c562ac709d2a6bb6c0d7ad24409eb9be2c44f72f73276707109a,-30756.2827904239,58045fc3b116e6f6904365b2ae22e3703146cd58ff28f485ce4014d36d41b729,9f65f8dc6ddaff1d631e299cb531376a7da5e68d1bef04f34a2d5073d5ef114b,polar1l_rotation_invariants_v1
M083_Q0_M1,S007,fde8dc0ef70a15d3055ec4f4998112c45d77386c9cff0a3e1411105eac4cb87f,-30756.2827796842,38353de6214d7eea0d10661be5c710c34715dcaedc89a76379ed305a4c41ab49,9f65f8dc6ddaff1d631e299cb531376a7da5e68d1bef04f34a2d5073d5ef114b,polar1l_rotation_invariants_v1
M083_Q0_M1,S016,b6a9fdd67c415037c201494aae8ba050b0ab15e1b806c0d2908010eb6565e23b,-30756.28290091,8e8b3a9a685ef7341e0fc12e3b51d17f4ea7458667178259d27c33a9d7f20df6,9f65f8dc6ddaff1d631e299cb531376a7da5e68d1bef04f34a2d5073d5ef114b,polar1l_rotation_invariants_v1
M083_Q0_M1,S022,0708f210e8f4bac3407f7ef17547f168e625b8140d82f74b0c41e839697c4145,-30756.2827592362,5b8988f96cc95799c054e8dc07d15fb85afd2dc58a07bc85eec935b753a4afbf,9f65f8dc6ddaff1d631e299cb531376a7da5e68d1bef04f34a2d5073d5ef114b,polar1l_rotation_invariants_v1
M083_QP1_M2,S001,f4635a12a8db65c067a979ab2e0f27610f1a37a2a63fd27c8a225b9858d6e72c,-30748.659193741,d9611d6eaf41afde04632c3d2d30b1efdb3f61d105244f9bd3fbfaa2737aeb33,9f65f8dc6ddaff1d631e299cb531376a7da5e68d1bef04f34a2d5073d5ef114b,polar1l_rotation_invariants_v1
M083_QP1_M2,S007,8e4c685c3a72293d22fd59597f497558697c75cd1dc555ff04a449d8e4589d93,-30748.6603393266,7c1ce7d77de4c05960a4566bb7a3d8ad25cef088a0b0e26ed08d97ab08e98e34,9f65f8dc6ddaff1d631e299cb531376a7da5e68d1bef04f34a2d5073d5ef114b,polar1l_rotation_invariants_v1
M083_QP1_M2,S016,09b21abbf6e118e68510ed26aefb82f53ea907ae66d6709ba5fd998ffe9b8ef2,-30748.6551020535,8264d5681e2157f323d26428ca91ff643e3f3f90503e00950877c6b3ed63d049,9f65f8dc6ddaff1d631e299cb531376a7da5e68d1bef04f34a2d5073d5ef114b,polar1l_rotation_invariants_v1
M083_QP1_M2,S022,17c034da8e980e3f0dc8f735f1c81f8618bf7e19941944d552bb39562782a6ef,-30748.6606866361,8369fa80acc320b36340634a85db3917c5c252090a2c7fb681a91449c98410cd,9f65f8dc6ddaff1d631e299cb531376a7da5e68d1bef04f34a2d5073d5ef114b,polar1l_rotation_invariants_v1
M084_Q0_M1,S001,e40aa6fa3000026be958659fcff130de3ff9cfa7281a2140647b2aebd77ed662,-50133.3895869646,a3c244ef6e8a0f686b31f33747fde37dcf005c8c9d6f7a7e602031357d6d1de0,9f65f8dc6ddaff1d631e299cb531376a7da5e68d1bef04f34a2d5073d5ef114b,polar1l_rotation_invariants_v1
M084_Q0_M1,S002,b6efa0d5ace6872fdf802cbdd69a882726389a8de1303490d48beb2c03c7a90b,-50133.3890430609,2786d03935d9abae237a9c9f16c52fe466b5d95399cbea5e3ab244891feae796,9f65f8dc6ddaff1d631e299cb531376a7da5e68d1bef04f34a2d5073d5ef114b,polar1l_rotation_invariants_v1
M084_Q0_M1,S003,b12a9000363eb3948b927f1a6d572105e3988f17e8ccc6c7eeefd8ac28b44a80,-50133.3896198057,ab39efb31449d2c83eefdc3d45e8d423c3e15bf6894bc9d2daea582fbed749d5,9f65f8dc6ddaff1d631e299cb531376a7da5e68d1bef04f34a2d5073d5ef114b,polar1l_rotation_invariants_v1
M084_Q0_M1,S004,c7ed16765b350b749e56028058f25692badbfb73d2adeb55ff7aa06939bd09f7,-50133.3895848386,3c9e1a6db7a4799b42027e1be6ef5c2bf67992d9e8552168c5154c5c1c3a4e03,9f65f8dc6ddaff1d631e299cb531376a7da5e68d1bef04f34a2d5073d5ef114b,polar1l_rotation_invariants_v1
M084_Q0_M1,S005,9c24ee72ef08f20ddfefe01d8fe66c7114840be6d1f6cbaed3d4e1298daba555,-50133.3892666447,b3c30b02e2ce811e6ef6917cc08b058ef599c14add0843b620558ec29bb7e268,9f65f8dc6ddaff1d631e299cb531376a7da5e68d1bef04f34a2d5073d5ef114b,polar1l_rotation_invariants_v1
M084_Q0_M1,S006,fe491499ca6076b32f733dc5fcfecbfbd57f71ff1c5470c123b1a13b25615f23,-50133.3895860649,16a3a5b445edf66bbbf9227f7bf98317389670e426ae6b2a9ca6dfb0d2459f11,9f65f8dc6ddaff1d631e299cb531376a7da5e68d1bef04f34a2d5073d5ef114b,polar1l_rotation_invariants_v1
M084_Q0_M1,S007,f0fa9049c202397975ca18ff6213839e0fb68bfcc383c7fb3f81ac538c88dd75,-50133.3896023508,7dceb2d537fdcc8f2b18289108fb7e5057b22ab8a9c4d7f4af40e74f007e76f9,9f65f8dc6ddaff1d631e299cb531376a7da5e68d1bef04f34a2d5073d5ef114b,polar1l_rotation_invariants_v1
M084_Q0_M1,S008,ff363d39f7606d791c0b725aeb53efbca0ef16760cd38b0175338a06e03cfe71,-50133.3889827119,a1d7c71b8fd46dd2106feab1c804057b51ad06cc8bbe5756247515077e4c023a,9f65f8dc6ddaff1d631e299cb531376a7da5e68d1bef04f34a2d5073d5ef114b,polar1l_rotation_invariants_v1
M084_Q0_M1,S009,959d65742fe9027b453a97968b290e64d072dcc33fd60d808dac2776736311bd,-50133.3895846076,80637f2f6cbdf60f82def507cb6f2f9f1e9732fe050b7d9d733e5d5458e45055,9f65f8dc6ddaff1d631e299cb531376a7da5e68d1bef04f34a2d5073d5ef114b,polar1l_rotation_invariants_v1
M084_Q0_M1,S010,1af41ca13546420952c94f140275dfbee2ff07468a405560910400ab2292b8a1,-50133.3896297154,1d7eaf705f01b25b3445338739b02c832382cdc84133d640a348cb32fff84da7,9f65f8dc6ddaff1d631e299cb531376a7da5e68d1bef04f34a2d5073d5ef114b,polar1l_rotation_invariants_v1
M084_Q0_M1,S011,4d7cbd1d83f600bf3178752ab6bd5ae40d9b9744af9c0002edfdaeacf0bbab1d,-50133.3895946525,71ebe0aca75688754165840ae5c4b99f6426fb5549a2fbd0808911184fb16347,9f65f8dc6ddaff1d631e299cb531376a7da5e68d1bef04f34a2d5073d5ef114b,polar1l_rotation_invariants_v1
M084_Q0_M1,S012,ab802b0d0144d25c509ba3347f0fe7dccf393a5e6bc57531398362a5ceaafe28,-50133.3895971542,ce9be16d44c6d64afbb01a769612a074e2dc7a778de94a4f0126ea7168400e3f,9f65f8dc6ddaff1d631e299cb531376a7da5e68d1bef04f34a2d5073d5ef114b,polar1l_rotation_invariants_v1
M084_Q0_M1,S013,49ef7f3b4ad58340913a2599e7bbe368f8b1b5957532712ba262a8b749392df4,-50133.3895734859,6346e22f807736956b9488ff35fe29f4be7a3904e27f7bda860cac4996c7c0d6,9f65f8dc6ddaff1d631e299cb531376a7da5e68d1bef04f34a2d5073d5ef114b,polar1l_rotation_invariants_v1
M084_Q0_M1,S014,0aab9b8a2134291e502be20bf61f4f3bc635027ed04bc4aa32dea1cc05b14ac9,-50133.3884377381,a32cc517d02a932e23505f363c9fef1dd14e635767af50904888766ea394f7e7,9f65f8dc6ddaff1d631e299cb531376a7da5e68d1bef04f34a2d5073d5ef114b,polar1l_rotation_invariants_v1
M084_Q0_M1,S015,9995f640eb3bcff6081d8a02fefd3aa620005e89e97498f706fe11f614748621,-50133.3891536308,d6a18104f7c93308f569ca18abad1df025a8b090a5480fc25d4ca9a2524b5be3,9f65f8dc6ddaff1d631e299cb531376a7da5e68d1bef04f34a2d5073d5ef114b,polar1l_rotation_invariants_v1
M084_Q0_M1,S016,a8e5ba0a8b45c17e6fbab79dd330ecad4c7d1e2bdb8d7b8ea5f5f8a905a81d8d,-50133.3891079056,1e01605e21c5c96093b5b2b01e2e2083ed8be057d81dc50ef07261b9f61ae239,9f65f8dc6ddaff1d631e299cb531376a7da5e68d1bef04f34a2d5073d5ef114b,polar1l_rotation_invariants_v1
M084_Q0_M1,S017,ef95aa9f0528a6cfe71314b6624b013be771cedb8171df994ec330244e728827,-50133.3891921643,7e384a79779979d4dff008a2182b59230cf0fe1b4b9c6e1cf524b56583a22d31,9f65f8dc6ddaff1d631e299cb531376a7da5e68d1bef04f34a2d5073d5ef114b,polar1l_rotation_invariants_v1
M084_Q0_M1,S018,11f62de7fe3e3b280c9f3367ed0db3aff423d038aec8faee51900d32b786906e,-50133.3891106435,62f5acf5919472a2d3cc696d746159513f3e3966c6c283f458350f2f90b1d9bb,9f65f8dc6ddaff1d631e299cb531376a7da5e68d1bef04f34a2d5073d5ef114b,polar1l_rotation_invariants_v1
M084_Q0_M1,S019,353a0d6ee401265527dc410605c64832ef6563916dec277bd59ae60b77f07a7a,-50133.3895644061,00b0f76133ed2c7956f8c1e6d669e4f09f796b8ed20362332e75ef3e0075e006,9f65f8dc6ddaff1d631e299cb531376a7da5e68d1bef04f34a2d5073d5ef114b,polar1l_rotation_invariants_v1
M084_Q0_M1,S020,a6efe63efb5894fda87fa1efd14be790ff3f6c796b31971cc6c2a0a2f6f12cc5,-50133.3891220435,414d89b9b27179e274087cefd85bcf907632d674d40dc878f90c5a4d8c95abef,9f65f8dc6ddaff1d631e299cb531376a7da5e68d1bef04f34a2d5073d5ef114b,polar1l_rotation_invariants_v1
M084_Q0_M1,S021,879b40297fd66ca98c3feb115fe670a9bea0bf72a5cdd01e79160cd2aad23cc6,-50133.3884699154,c754bfc6c889aefee289bdc8e00026ec848a51220e938a7d54b1aa58df143548,9f65f8dc6ddaff1d631e299cb531376a7da5e68d1bef04f34a2d5073d5ef114b,polar1l_rotation_invariants_v1
M084_Q0_M1,S022,7283887bc23247c9878bf1c80fea2e1db9e46c23c49c8b3660f9f04ece649173,-50133.3896344648,b6fb66fdb252d2a9edfed679fd09c9d23c03cba001c38f05cfc7f5141df92b1b,9f65f8dc6ddaff1d631e299cb531376a7da5e68d1bef04f34a2d5073d5ef114b,polar1l_rotation_invariants_v1
M084_Q0_M1,S023,68856619beabcaf2352ad7191ab9e5fa0050b8a0114561d6e5ef41e6c43d6ca5,-50133.3882575023,3a98eb605681192649a27b5b17e29f4e4615c003382be83dc6230bda807ec4d1,9f65f8dc6ddaff1d631e299cb531376a7da5e68d1bef04f34a2d5073d5ef114b,polar1l_rotation_invariants_v1
M084_Q0_M1,S024,bc787c5dd64da1cad7879ba01cd6ca01cfe2f1f750fc2a9511697fc0868ab3b2,-50133.3868932344,441db614f282e6a89b8557924021de1bf2f502dd032859b9708f5bd6d784d30f,9f65f8dc6ddaff1d631e299cb531376a7da5e68d1bef04f34a2d5073d5ef114b,polar1l_rotation_invariants_v1
M084_Q0_M1,S025,28faf7f94e03b29789e073c4ab88beb7983e8cb38c4de765945a61c4b3f28a0f,-50133.3889764875,a383ef9f2641ee9f6ee7b8f16c7718f79957ead2e37a202ecdc9d4eb59008032,9f65f8dc6ddaff1d631e299cb531376a7da5e68d1bef04f34a2d5073d5ef114b,polar1l_rotation_invariants_v1
M084_QP1_M2,S001,82c01c1aa9b8e39fd2620de52b1f2d21ebfcc725dd264c9cc7f2ec2cc9adf777,-50125.9662485515,cd5a34d997a6ec7effe6e9991dc2301854c8e42c0dae4f6c5843d45ecf2872af,9f65f8dc6ddaff1d631e299cb531376a7da5e68d1bef04f34a2d5073d5ef114b,polar1l_rotation_invariants_v1
M084_QP1_M2,S002,c786ec7ad787777c3b73229d0df131d26331fd2df28c5d6663dbdf0a945f6810,-50125.9650366975,562e723b9c2742c6a7a7e50bec827319ebd72f0d234232d8f6ed0bb24bc63758,9f65f8dc6ddaff1d631e299cb531376a7da5e68d1bef04f34a2d5073d5ef114b,polar1l_rotation_invariants_v1
M084_QP1_M2,S003,4125cd61bc3482e9432bf31e592e4d9786d1369b883f5f02c8c3eecedc7ee003,-50125.9663995347,757db910aef972808726a90a3eff38a0e46595087b35f1dc36e3b7cace0188d0,9f65f8dc6ddaff1d631e299cb531376a7da5e68d1bef04f34a2d5073d5ef114b,polar1l_rotation_invariants_v1
M084_QP1_M2,S004,61876802d2b8f06d6e16de1fe45ebcbdc60fce391bd7de6bc830812479113988,-50125.9662398708,72a57bcae6fd3499fed18ad977f6e256a2e31f91e1995889b6cc16ea165b18d6,9f65f8dc6ddaff1d631e299cb531376a7da5e68d1bef04f34a2d5073d5ef114b,polar1l_rotation_invariants_v1
M084_QP1_M2,S005,221f8a2676c143aff3d4ed045a0eea8d6eddfc80c2da5cbea1f63d814e011ffe,-50125.9660719466,4e0ce520449522a4697ee505ae7354d4af5a2fcb04995a35dde8934679e48b26,9f65f8dc6ddaff1d631e299cb531376a7da5e68d1bef04f34a2d5073d5ef114b,polar1l_rotation_invariants_v1
M084_QP1_M2,S006,25233447be534f651494baaa8b706061b407774885e9a500ad4424f759d3daaa,-50125.9662631135,e66b206f3a5846cb6dddfc4aef860655e071e6a12a0f299219c709e928730f47,9f65f8dc6ddaff1d631e299cb531376a7da5e68d1bef04f34a2d5073d5ef114b,polar1l_rotation_invariants_v1
M084_QP1_M2,S007,a757d4a0c8c90be8a38a00504803d99ebc352935ccad090c949e8e762bca86f2,-50125.9663319839,2a46a2d722b85f9d883f6b354daf159d04be87e7536e9164a6254bc439927fcc,9f65f8dc6ddaff1d631e299cb531376a7da5e68d1bef04f34a2d5073d5ef114b,polar1l_rotation_invariants_v1
M084_QP1_M2,S008,1b46f55503cd82b6f52f278eac039b22e202e7e45a9bb2b1b7b395217871f63e,-50125.9647808722,67f2515bb13305f12b75fa7718dd68faa564155be1ee97f01c00386f14030639,9f65f8dc6ddaff1d631e299cb531376a7da5e68d1bef04f34a2d5073d5ef114b,polar1l_rotation_invariants_v1
M084_QP1_M2,S009,53017bbba873f737c893717f5e6e8631ae2f569731436fa13c0802d881fa6153,-50125.9662569224,4529cfc743c98cb5e908b0db21ead0a2b1e0875447143de43f1f4b4e6b622d67,9f65f8dc6ddaff1d631e299cb531376a7da5e68d1bef04f34a2d5073d5ef114b,polar1l_rotation_invariants_v1
M084_QP1_M2,S010,d584e9304f60cfd54f613de8bc459283bbf1294cc51819a85ee4ecafe40a6dfd,-50125.9664320302,b36d3d7249d6a7dac5578530915f73d40d873b1b0ba1faf5f74e340e4a78ce8e,9f65f8dc6ddaff1d631e299cb531376a7da5e68d1bef04f34a2d5073d5ef114b,polar1l_rotation_invariants_v1
M084_QP1_M2,S011,55d72742710269920eab979659c8e8fa06772fe4626ce6a73dffb9eabb72c5dc,-50125.9662994508,53a1f305ecb61e5978ed14751ee867cec8583ea6eb141d8b5d5b4aadf070dde2,9f65f8dc6ddaff1d631e299cb531376a7da5e68d1bef04f34a2d5073d5ef114b,polar1l_rotation_invariants_v1
M084_QP1_M2,S012,597b4bac12fd75a57b7c87526c3b77f789e5df009aa6c601d5c8b97a28cf9bdd,-50125.9663104429,0e416f4a6e1f0d44e79a03ef78eb6e47f7ba3a1380e39b9e77cd53374eab47cc,9f65f8dc6ddaff1d631e299cb531376a7da5e68d1bef04f34a2d5073d5ef114b,polar1l_rotation_invariants_v1
M084_QP1_M2,S013,883fda12e42ab8e324ae9123196e7bf3ae30c1be8fded36f85cee8b571d09d69,-50125.9662113958,0d44a5e2eed71915ed5a4eff93fa94c390344b5db5a05434c2289899a40d71c2,9f65f8dc6ddaff1d631e299cb531376a7da5e68d1bef04f34a2d5073d5ef114b,polar1l_rotation_invariants_v1
M084_QP1_M2,S014,f90bcf855b5923e2b6f1987931caf1cfd69b3627fc2e210cf04818ece483ed7d,-50125.9637323603,4182d1e6bf237534bad594b96b383e3370b2b0740ee1116857c25eb6b75a7a8a,9f65f8dc6ddaff1d631e299cb531376a7da5e68d1bef04f34a2d5073d5ef114b,polar1l_rotation_invariants_v1
M084_QP1_M2,S015,2771ab2738da20a791a15b9e9a9dc35670d3c635a7dfae1d46f31ce001d6c1bc,-50125.9653137022,a11bccf93a4810f086735650de6e2834d111711efb9f3bb4e9cfd0406cbada5f,9f65f8dc6ddaff1d631e299cb531376a7da5e68d1bef04f34a2d5073d5ef114b,polar1l_rotation_invariants_v1
M084_QP1_M2,S016,bbd6fb827694cd18bda2e741a56261339147c824be54fce0e0b5d18280a14fa0,-50125.9651358479,65f850f5e0691136eff1997a7c8a1968a3f13329d83ab098477a0b4c80efeb2d,9f65f8dc6ddaff1d631e299cb531376a7da5e68d1bef04f34a2d5073d5ef114b,polar1l_rotation_invariants_v1
M084_QP1_M2,S017,a6a0adb6d446cc04757b971d760718688ce7a37365a6c881b16fcfbc967c8507,-50125.9655026509,a3127d4a764dac5ebcc58eb3c018907b6af37e83180cf05f01ddab4ce060c0cc,9f65f8dc6ddaff1d631e299cb531376a7da5e68d1bef04f34a2d5073d5ef114b,polar1l_rotation_invariants_v1
M084_QP1_M2,S018,1e98bc1279e69060626344ec114fe851e49d0fca87d2ea8a736d4b658635c2b4,-50125.9651476778,9b76a8218903fc8ecffba8e8944fb597ebea7b0580d3b5004facfc669ed7dd9f,9f65f8dc6ddaff1d631e299cb531376a7da5e68d1bef04f34a2d5073d5ef114b,polar1l_rotation_invariants_v1
M084_QP1_M2,S019,3ceb615af272f6aa2065fd06b629607a2061f29f8c8fcecea7985d84b97af8a3,-50125.9661744584,e384caa73fb57480e74fdcf6d467624d679656cbb096ff5bb0db02655640a9e3,9f65f8dc6ddaff1d631e299cb531376a7da5e68d1bef04f34a2d5073d5ef114b,polar1l_rotation_invariants_v1
M084_QP1_M2,S020,7019ceea44f09fe1cc28238ac2d3df047be54d6e8386972311e642730a8da542,-50125.9651848312,f6f17bfb5fc272e28d481b87b4dfccc661ff0d70a339220948dad9a88fc5128b,9f65f8dc6ddaff1d631e299cb531376a7da5e68d1bef04f34a2d5073d5ef114b,polar1l_rotation_invariants_v1
M084_QP1_M2,S021,dc3dd9afae098b3212710accdadba37b375a05af5aa8004db35c46ea6b6aad93,-50125.963902403,ccae7e497b4dee67b00622b4fcb79a00292dc33058c2c6edca4c8fcec9aad4cf,9f65f8dc6ddaff1d631e299cb531376a7da5e68d1bef04f34a2d5073d5ef114b,polar1l_rotation_invariants_v1
M084_QP1_M2,S022,a3f15c0134bef1d60d91c3c033e8788f202ab3cf55eeb268fd63df1e31af7475,-50125.9664490796,d808031737f6dfc8ae726c98c15328c25788daa322f5d3ecf192fdbce679522d,9f65f8dc6ddaff1d631e299cb531376a7da5e68d1bef04f34a2d5073d5ef114b,polar1l_rotation_invariants_v1
M084_QP1_M2,S023,32c8ca55001b9c116134982ccdfca4d4c79a36fe06cfe7b3d0d31e4075dfab80,-50125.9627847639,f217774b6f44c1180287c533e021d64c8a01fbd3d3fd6fb774e7c777dba55e31,9f65f8dc6ddaff1d631e299cb531376a7da5e68d1bef04f34a2d5073d5ef114b,polar1l_rotation_invariants_v1
M084_QP1_M2,S024,b9d8f5d4c6ec90ca4b1bdd87b933ebd010ecd64dce88d9ede1369eefeb372a04,-50125.9617030326,617a19f95fbf3fa521a089613d14d62c7ffecc22c3187447929001ac74030ed8,9f65f8dc6ddaff1d631e299cb531376a7da5e68d1bef04f34a2d5073d5ef114b,polar1l_rotation_invariants_v1
M084_QP1_M2,S025,2eba426ef3f0c88bc3eb2b922bebcb267afd9e98edd39283142df3399c48aa3f,-50125.9647556641,b66a0c1511926312486568eb1c9bc726840005f5ad2079b01e8d819647b951cb,9f65f8dc6ddaff1d631e299cb531376a7da5e68d1bef04f34a2d5073d5ef114b,polar1l_rotation_invariants_v1
M086_Q0_M1,S005,9e574e98aeda79cfdac23882148c1b85855ec0f9b95af4c40c4eae48515fe65b,-20101.5831847522,3aeb65e67adb2339ffd663a51364b396ea95839f614bae0d997bc2dfeb9ea144,9f65f8dc6ddaff1d631e299cb531376a7da5e68d1bef04f34a2d5073d5ef114b,polar1l_rotation_invariants_v1
M086_Q0_M1,S012,014d952fad4994c53a5f8872bc98e55b7f3200769e7275595f8aa6bb06026ffd,-20101.5831833468,3a852c2197c025f962bcc1cefe4fbd916fcafe8ef80e66cda153812b97e1d083,9f65f8dc6ddaff1d631e299cb531376a7da5e68d1bef04f34a2d5073d5ef114b,polar1l_rotation_invariants_v1
M086_Q0_M1,S014,bcb5b07b2223d6ea9afea06fc11ef4a5dba58a4451303265d86485f04e52c1fc,-20101.5831319824,02df71a975652517a5c50fe352f6078c4ca9aa841a803ffb5291d66a8c97833b,9f65f8dc6ddaff1d631e299cb531376a7da5e68d1bef04f34a2d5073d5ef114b,polar1l_rotation_invariants_v1
M086_Q0_M1,S018,54edacb821487e1e8004fd0172ff43698b576bc2a960b55703b1bc3d1272bb66,-20101.5831802438,4d04f63000e5f00197c7f593ce807960f0be656626904532484f5d0a8b456da8,9f65f8dc6ddaff1d631e299cb531376a7da5e68d1bef04f34a2d5073d5ef114b,polar1l_rotation_invariants_v1
M086_QP1_M2,S005,b5a69db70b17fc9968b4d43d25019b38277ecece74d5beb1085457b74e536e0b,-20092.7369639517,f75e83e6079be47a3e930b591fc0f8041b629b13f41309183fdb3d9a4547b25e,9f65f8dc6ddaff1d631e299cb531376a7da5e68d1bef04f34a2d5073d5ef114b,polar1l_rotation_invariants_v1
M086_QP1_M2,S012,eeeb0c38c3d61def6325dd02e16cc0a44e776a056ef384a0da43fb77e420cd39,-20092.7370173545,c0ab304e3c9f2be7f62917bb3cc5baeb2bda369bf43e198f7450dd00cf0b6ed7,9f65f8dc6ddaff1d631e299cb531376a7da5e68d1bef04f34a2d5073d5ef114b,polar1l_rotation_invariants_v1
M086_QP1_M2,S014,304a4c82a804ae499a4eab77d92b3ea4793c0f624d33dbe01484a553687c1929,-20092.7363867082,2699e4426623bd5c4b628fffde1b5752f1b293b060eb9e04fdf33d142022332c,9f65f8dc6ddaff1d631e299cb531376a7da5e68d1bef04f34a2d5073d5ef114b,polar1l_rotation_invariants_v1
M086_QP1_M2,S018,ed3aef906dca6bf18d8839ddb9dd71ab40dc120f98df6dc273b876f524398321,-20092.736762471,362fc0be91cf15e9c2e307cddecb6be3677f7f090984f9edd82202d318558e6e,9f65f8dc6ddaff1d631e299cb531376a7da5e68d1bef04f34a2d5073d5ef114b,polar1l_rotation_invariants_v1
M089_Q0_M1,S002,3f906a6da11ef343808ad062c6d282e2f300507e23fa9bbe891c81122998622d,-45532.4591904913,23c6cf3ff9ef31cd85e19d94b7a4e8722ef948280aa18afcb2884be40c718cf1,9f65f8dc6ddaff1d631e299cb531376a7da5e68d1bef04f34a2d5073d5ef114b,polar1l_rotation_invariants_v1
M089_Q0_M1,S006,6365e30d99cfdb5d547fbc486c1b181c60b86b607cdc79044f35068e11d269b2,-45532.4524667213,f6ae83cce424d26a1a2d0a737371764d8c1f8a2f32c0587c8280eb961acb9a76,9f65f8dc6ddaff1d631e299cb531376a7da5e68d1bef04f34a2d5073d5ef114b,polar1l_rotation_invariants_v1
M089_Q0_M1,S008,f53366a65543f48ad9ce74b56332d07b7e526ca059533280099794597314e56c,-45532.4607512431,d15ee0ba72f1fb65f92a21f2c12c9ac3f07ee2f55138061dbec2d7b5815b9777,9f65f8dc6ddaff1d631e299cb531376a7da5e68d1bef04f34a2d5073d5ef114b,polar1l_rotation_invariants_v1
M089_Q0_M1,S015,321400931aab7638369a5f283f67db29bf81ad1eca1c06242a2a5b048653a9fb,-45532.4574233999,65d24cbfab765d258bea4e4042e5e2570d45e6e5c32b0dc51cfc469210fb5a5d,9f65f8dc6ddaff1d631e299cb531376a7da5e68d1bef04f34a2d5073d5ef114b,polar1l_rotation_invariants_v1
M089_QP1_M2,S002,122cac4d53ebc1344b27a8daf693a8e086e3420e5fb5129f8168aef7bda2493d,-45525.7764970015,5716955c89f1c87c3ccdb8a4b3d54a8b83eed94f405f2371254c91d45d40c781,9f65f8dc6ddaff1d631e299cb531376a7da5e68d1bef04f34a2d5073d5ef114b,polar1l_rotation_invariants_v1
M089_QP1_M2,S006,c463ee9d244a88acc6daebc0681eef67ee9a058df8ca507e46af66fdc3881b56,-45525.7717754728,1fdc8cf1e32267ee476897445ebe87c61f4f6782ca378cd6b9786bb3b35cdd40,9f65f8dc6ddaff1d631e299cb531376a7da5e68d1bef04f34a2d5073d5ef114b,polar1l_rotation_invariants_v1
M089_QP1_M2,S008,3680b8641453534b18be89a6d86394e50db5235d8f10bc8c3f195745ed7eee11,-45525.7777434149,302d1000c2ad781abc47d97cc3343cd4c0f138f50a1d2254604eee3ec3de5b00,9f65f8dc6ddaff1d631e299cb531376a7da5e68d1bef04f34a2d5073d5ef114b,polar1l_rotation_invariants_v1
M089_QP1_M2,S015,132685828c099d3f0a47e8ffa1875ccdca93a7da8feefcf0646e3650706fb589,-45525.7751269843,e3664de500a708b289046198661a44972a73cad536ca075cdbb25fb22bdec0da,9f65f8dc6ddaff1d631e299cb531376a7da5e68d1bef04f34a2d5073d5ef114b,polar1l_rotation_invariants_v1
M094_Q0_M1,S003,74abc0c2cc89b1650c3b21d26b7a76d67a9849838482795dc1e014fa94fd4a0a,-31100.2883039817,b621ea51bff0110afbea1cb9a377b032ef30e0a70e3f4e5c689a1daa6491b8a6,9f65f8dc6ddaff1d631e299cb531376a7da5e68d1bef04f34a2d5073d5ef114b,polar1l_rotation_invariants_v1
M094_Q0_M1,S013,17a174977317f84dfdce0e078cc94eb78f59f8795ec95d61643ea460f24a3091,-31100.288496363,e41fbe762e5aeda7355cd9ba4f8adc81a0619fce3abe9ddbda9238a86e362e89,9f65f8dc6ddaff1d631e299cb531376a7da5e68d1bef04f34a2d5073d5ef114b,polar1l_rotation_invariants_v1
M094_Q0_M1,S020,f05e9b51b6b10a390286cf97364a4a6623c17a89970bb7b521cc1add682ac8e6,-31100.2892553244,c4460a42da9f6b971e342dcea29d4f5b14908c8ad6d3ef36f45594f1efff6812,9f65f8dc6ddaff1d631e299cb531376a7da5e68d1bef04f34a2d5073d5ef114b,polar1l_rotation_invariants_v1
M094_Q0_M1,S025,22fe9de87313c4cc4a97fba1b0f6f1b6953ef05bd79d0a51bc58efb4d8558c05,-31100.289637588,226b7e7a4077ca13a330512046e268114a4730321bac369b3e530fe42699f738,9f65f8dc6ddaff1d631e299cb531376a7da5e68d1bef04f34a2d5073d5ef114b,polar1l_rotation_invariants_v1
M094_QP1_M2,S003,9741726d208e356e24029b5abe307d047bbcb36a78e68ba5dfe8d35b858a8e7b,-31093.0748821002,fd8c157ba5cab61649646108d4a1d260f3278ebd6c0d8e8981d7cd98bba323f2,9f65f8dc6ddaff1d631e299cb531376a7da5e68d1bef04f34a2d5073d5ef114b,polar1l_rotation_invariants_v1
M094_QP1_M2,S013,c4658ae1851098a29807a4f411963bfe523778c97534854ecce23c424af598ea,-31093.074938638,453dca71b07feee1449f439a7b237fc390c496a6ecc15fc29dfa08b19f4894ee,9f65f8dc6ddaff1d631e299cb531376a7da5e68d1bef04f34a2d5073d5ef114b,polar1l_rotation_invariants_v1
M094_QP1_M2,S020,b95664c0839e8e8338e1a1103a4d49572c1e800f4cb6e39b5ac911b1734da6f7,-31093.0751611102,9b4c582d34351e026486b1371aa0f2a0ef19a9dfef022ed75087548bb8febe2e,9f65f8dc6ddaff1d631e299cb531376a7da5e68d1bef04f34a2d5073d5ef114b,polar1l_rotation_invariants_v1
M094_QP1_M2,S025,76945cd7be6b040d6cae6146df1393d5e85491d4e6a7359d25d8d7d6d6022cab,-31093.0752713254,473c04ce42f8980ada8fc260205e974da9e5542685d5857febf778a444ef4cc9,9f65f8dc6ddaff1d631e299cb531376a7da5e68d1bef04f34a2d5073d5ef114b,polar1l_rotation_invariants_v1
M096_Q0_M1,S001,9b48cf245b5601cda29a91d04c995e71fd88791a51cdbdb45c4a30a694c0aeab,-43934.7113951258,3f2f42e8ab0d38b76118900e28bab0d8bab9ddd61a96bb39b456302513fc8dc8,9f65f8dc6ddaff1d631e299cb531376a7da5e68d1bef04f34a2d5073d5ef114b,polar1l_rotation_invariants_v1
M096_Q0_M1,S007,9c623be9377b887c70570a350fb7b39347dcbd9e7fbcba42e604bf26ab939b43,-43934.711314364,053e37ee981719f8e9fb486b8b131356d936cc1b2e3155f16629d30e6c7c9d73,9f65f8dc6ddaff1d631e299cb531376a7da5e68d1bef04f34a2d5073d5ef114b,polar1l_rotation_invariants_v1
M096_Q0_M1,S017,f458dbe9dac8f22bae6e6c14849e04ed308bf360b92c68a348aedf543bb6bb30,-43934.7119042024,83d03178a7fc1d1e63010608ec58df53884c708c648b1cde0e2722a6047a8dde,9f65f8dc6ddaff1d631e299cb531376a7da5e68d1bef04f34a2d5073d5ef114b,polar1l_rotation_invariants_v1
M096_Q0_M1,S022,d6301a87ec5d79a27aa21ae2a82643abf019cb084209446e5f331a0dbe9c6d59,-43934.71118755,c1e95ecf25166b6f128d81fa5869694fcf2dc536b8d89dfce500d472cf13a698,9f65f8dc6ddaff1d631e299cb531376a7da5e68d1bef04f34a2d5073d5ef114b,polar1l_rotation_invariants_v1
M096_QP1_M2,S001,339369115e06785fd9bfa7ff51f55dbd361478c7fc25ae93e92c0ce47938e1e2,-43927.7856318325,1fb2e6134405b89c8c095743b1e36fe4e7e783bbfdc4fa822b50a2b115ede3d2,9f65f8dc6ddaff1d631e299cb531376a7da5e68d1bef04f34a2d5073d5ef114b,polar1l_rotation_invariants_v1
M096_QP1_M2,S007,1a00ebf0af022d308fef92354ee6969913144a8d7ffb79e2dd6c429ffc215046,-43927.7856178551,49c62d10563b5049f3ae2e752076fae5f2e44be381ee8b8b6e77a812c80f3525,9f65f8dc6ddaff1d631e299cb531376a7da5e68d1bef04f34a2d5073d5ef114b,polar1l_rotation_invariants_v1
M096_QP1_M2,S017,b45a5be364e8715f9307ddc6cffdbcccdfc859aa152d96b047c61395eff42334,-43927.7857092693,21e3a4af70de01ecddba14c4a8b3c0f1c119b314a25ad4f6b23a9d21fa36934d,9f65f8dc6ddaff1d631e299cb531376a7da5e68d1bef04f34a2d5073d5ef114b,polar1l_rotation_invariants_v1
M096_QP1_M2,S022,71cfcf34498259b6779de503f64165ba8ae90ab2f97d27060c4aa017f35ba388,-43927.7855961088,fcf30b1d6574d98079b0c51e0ca5c2e9383c06561c681620878569dc766c213a,9f65f8dc6ddaff1d631e299cb531376a7da5e68d1bef04f34a2d5073d5ef114b,polar1l_rotation_invariants_v1
M097_Q0_M1,S004,1d4e5e837d0d98e6d000ec0d5918170f825bbe4123e6ed6973d00b0576480121,-31537.2633865857,f720ed2e358da6f5ef3656e0a9268948015bd1ab1bdbd54d2df5a7ea67b75a78,9f65f8dc6ddaff1d631e299cb531376a7da5e68d1bef04f34a2d5073d5ef114b,polar1l_rotation_invariants_v1
M097_Q0_M1,S011,73cd3b68eced0906d00f022cf0222847a8432b43929d9136afde5191298fa42c,-31537.2632457381,34053c3e7c36df10f298d245ab4533f785b12809ec5810d6a78dff02a134a6f7,9f65f8dc6ddaff1d631e299cb531376a7da5e68d1bef04f34a2d5073d5ef114b,polar1l_rotation_invariants_v1
M097_Q0_M1,S018,725f7f4fb72c6ffe6a0f2c0d49ec170c16a4e954118b1f2134f082c07e9be539,-31537.265374929,6dc4b758b9ca980fa3cc009e58003d13269f4f4f2b7b9cd25f0284ac9a8d931a,9f65f8dc6ddaff1d631e299cb531376a7da5e68d1bef04f34a2d5073d5ef114b,polar1l_rotation_invariants_v1
M097_Q0_M1,S024,6b2c03798826097568854b2407b2a716defd781d418e4fbdc0fbe142f7cf4f5a,-31537.271631295,6108d9e284dc6a3be1e1f1ca6676f429e39da6531838ae507ebdde4fce533bd0,9f65f8dc6ddaff1d631e299cb531376a7da5e68d1bef04f34a2d5073d5ef114b,polar1l_rotation_invariants_v1
M097_QP1_M2,S004,5f087e6ead4762673eeecce9467231dd8690f1a7b2ae61a536db95f391ea0f5e,-31530.141581365,de92d5c8e30547413a55434ede98449cf73c1974f9f4b8d977da70505596d63f,9f65f8dc6ddaff1d631e299cb531376a7da5e68d1bef04f34a2d5073d5ef114b,polar1l_rotation_invariants_v1
M097_QP1_M2,S011,33491dc54203f7ca7d79d4787f68cdecfea02d801a0bf822e8683272b74d0e92,-31530.141548203,406797d3917bc555009ad965eeb65903ea3970628f6be529278f032d0f6687e6,9f65f8dc6ddaff1d631e299cb531376a7da5e68d1bef04f34a2d5073d5ef114b,polar1l_rotation_invariants_v1
M097_QP1_M2,S018,afa7d633cf29b9a0270b83ad4df54b260ba8e6b2c107bc083e6418a94de6b31c,-31530.1420043146,42b9c5cfc06daf82ea53a574efd6943f272f460e70f6b8dbdb80cd8885b2e809,9f65f8dc6ddaff1d631e299cb531376a7da5e68d1bef04f34a2d5073d5ef114b,polar1l_rotation_invariants_v1
M097_QP1_M2,S024,7ce3828a62d49e8098f12518b6db0dc85065fbe1579f88b92e3a95440fe29323,-31530.142811159,bd7a80b7d9a27fd0e41c6f563d3d93513fde827e19734575b34b1674b243d668,9f65f8dc6ddaff1d631e299cb531376a7da5e68d1bef04f34a2d5073d5ef114b,polar1l_rotation_invariants_v1
S001_Q0_M1,S001,2f126b3daee7595eac16f8c867eecec004eb2d795f3c805944c21e598e8b044a,-3612.3418277202,c1d2f8582888d65019a795e85884e8cf31a32fece3a0e8e18ee31d2e7f5f06bd,9f65f8dc6ddaff1d631e299cb531376a7da5e68d1bef04f34a2d5073d5ef114b,polar1l_rotation_invariants_v1
S001_QP1_M2,S001,70f9e8b996986d875f2a7db461a7a274881daf1b7dbc36c0569688b0d9adf796,-3600.02918534266,4ed8b78e9a10f7907fbd1bfa5d563504523b901cddf609e76ef9dddae4e4d401,9f65f8dc6ddaff1d631e299cb531376a7da5e68d1bef04f34a2d5073d5ef114b,polar1l_rotation_invariants_v1
S002_Q0_M1,S002,7db8876d824400a79dd93ce95b0b46e5a10b7a266ed3889747a122ff6ba63bcb,-26114.2421798317,b14a8f0f57c725e293acf22158f6f2c2ac772b7c9f8986433a8866382b83412f,9f65f8dc6ddaff1d631e299cb531376a7da5e68d1bef04f34a2d5073d5ef114b,polar1l_rotation_invariants_v1
S002_QP1_M2,S002,198d96e41c26ba3494d7514b533eda313bc7c74916464145bfb01d9df61afbf2,-26102.9613934001,1ba0ce1586e8302477da3e54d4cc3e9c0acefd00758419947a42984251761515,9f65f8dc6ddaff1d631e299cb531376a7da5e68d1bef04f34a2d5073d5ef114b,polar1l_rotation_invariants_v1
S003_Q0_M1,S003,3c5fe1ea4eda0ce2a9a31173364c910fb41cedc4d50d72f9fe540deeba6ebb8e,-10387.9997012735,d73f305e49626cacc84454bba428437fcbd06c0077d07e1794403d6c9dbc614f,9f65f8dc6ddaff1d631e299cb531376a7da5e68d1bef04f34a2d5073d5ef114b,polar1l_rotation_invariants_v1
S003_QP1_M2,S003,9af2d08bee6f95b12010ed54c007fcd7e0898518bb8928547b8909c576dcd720,-10376.9153879257,f51d38678c1d9fce03ce8e1e86c8902bd3ff223b26cea367d354f85b10948f95,9f65f8dc6ddaff1d631e299cb531376a7da5e68d1bef04f34a2d5073d5ef114b,polar1l_rotation_invariants_v1
S004_Q0_M1,S004,12ca1ebde9cf6f04518fc0c329275821e0f8e8d1f3d55d3e88ecaf803da5e0cf,-11885.3845044594,792b74c169c396711c294085449c995a0f9aa2c26f9caad781191e9752bb5079,9f65f8dc6ddaff1d631e299cb531376a7da5e68d1bef04f34a2d5073d5ef114b,polar1l_rotation_invariants_v1
S004_QP1_M2,S004,7d68d1039c01ac2b7614ae1ea240e88fce47ed0dd81841b6f14f80cbfb616b12,-11875.2906945281,1613091848ede606014a6e0517984c09d36ffef7ef72152d3dd87bd3851f4b6c,9f65f8dc6ddaff1d631e299cb531376a7da5e68d1bef04f34a2d5073d5ef114b,polar1l_rotation_invariants_v1
S005_Q0_M1,S005,b6dac09cb4acdcc42e6cc67ad14b56145b28c487a1941cfe71f0cb362b3ecd3c,-8829.84975928335,db1ef624e4479944512d066c001dbfdaafd5ab8d6aef77019afe1d40d244c60e,9f65f8dc6ddaff1d631e299cb531376a7da5e68d1bef04f34a2d5073d5ef114b,polar1l_rotation_invariants_v1
S005_QP1_M2,S005,667e0f62859f42ee2182f1a862f95dd54e09ff96b4c92be5377ba654140c68f0,-8819.99437343724,f05eafa9455b7eb44d4a79b25e6536a81f6a1015f5f0ddc6ec570a27cd2c6776,9f65f8dc6ddaff1d631e299cb531376a7da5e68d1bef04f34a2d5073d5ef114b,polar1l_rotation_invariants_v1
S006_Q0_M1,S006,cc1f3e65c41358ec10fe003a5faf22bd26aff343ce13eff61a4737e2fb4aa423,-6762.06339919414,17199ba7b7bb5885a93087ab36c5dca53cdd8b52af470248235c9b70cf3f2f4b,9f65f8dc6ddaff1d631e299cb531376a7da5e68d1bef04f34a2d5073d5ef114b,polar1l_rotation_invariants_v1
S006_QP1_M2,S006,7936c25c58e4f724701d80ecd841c9a1fa1e4458fca995358d3b5f60d3e71980,-6752.82700089833,2275e4706558f3b669de4dc07bffc668a019359cef340bbb7df2fb1a445ff345,9f65f8dc6ddaff1d631e299cb531376a7da5e68d1bef04f34a2d5073d5ef114b,polar1l_rotation_invariants_v1
S007_Q0_M1,S007,a2490ce875ee6775a847addd2f54b67f3f6bdd5ea22b75dc9f199bd19430fc44,-15053.1042384265,0bb07709e2b2286f7b1acf40b41e29bccf66d6449476ccf3849d06e799396455,9f65f8dc6ddaff1d631e299cb531376a7da5e68d1bef04f34a2d5073d5ef114b,polar1l_rotation_invariants_v1
S007_QP1_M2,S007,c7af52b7c1e79dae778fdfeafcbcd47649ef9b175d439064e5f40974913f046e,-15044.3544448454,27d1ae377455ab3e61aa60ca99d30dcd8828eb3890f1aa739bafe7f01fab4299,9f65f8dc6ddaff1d631e299cb531376a7da5e68d1bef04f34a2d5073d5ef114b,polar1l_rotation_invariants_v1
S008_Q0_M1,S008,2502feca89fe320e9c6a243262e7c9f3b48391cfc3f6ca4c73d304a33b34bf12,-6324.73364046444,5521a49f774585dcdd99aa3eb024e920ffa1e47d193161384ae99681dbe65d06,9f65f8dc6ddaff1d631e299cb531376a7da5e68d1bef04f34a2d5073d5ef114b,polar1l_rotation_invariants_v1
S008_QP1_M2,S008,fe699ce152e79729a7dcaae55a91db2a8961a2d022bd0ee8d5f33248ab0421f2,-6315.32766566066,054a1630e394d6560535cbd76e758592e815cea6b73f89ac6170aeec8fadd17d,9f65f8dc6ddaff1d631e299cb531376a7da5e68d1bef04f34a2d5073d5ef114b,polar1l_rotation_invariants_v1
S009_Q0_M1,S009,ea84c7f7e693eb100e0990b1284aaf9d04696cd991740696d7b0b94c98fdcf34,-6667.82064897407,a9aae7b903b9a265767d405af786002b4a092a4cfec74d6fdf6e37681f6ff1e5,9f65f8dc6ddaff1d631e299cb531376a7da5e68d1bef04f34a2d5073d5ef114b,polar1l_rotation_invariants_v1
S009_QP1_M2,S009,59060b29fb87c86dbebfa3f1bec258489aa3c61bc80fe0da7d4c3179d1ee10b0,-6656.30870685801,04754a94018b1f31481cafc4dd8e2fb1f00bc195a91c1b748566eb31e6a3fdb2,9f65f8dc6ddaff1d631e299cb531376a7da5e68d1bef04f34a2d5073d5ef114b,polar1l_rotation_invariants_v1
S010_Q0_M1,S010,c77a5be1cfca229f5f858be64206379b212aa421cfee78f9a0321bd9b4cc3c4a,-2079.86610563452,e31168fc9f494336cb4b6af970ba15056cf7074b6ec28eef4dc7b9f8a3010534,9f65f8dc6ddaff1d631e299cb531376a7da5e68d1bef04f34a2d5073d5ef114b,polar1l_rotation_invariants_v1
S010_QP1_M2,S010,06f224dde8dcc2ca613e04d06ab007ece9f77df8c605f6cf39a9c1c579d5b4c5,-2067.29033540586,f99e454842eea2a362a51cf61b6413ad81d65df62a07371d2f6e25f8e3f698fe,9f65f8dc6ddaff1d631e299cb531376a7da5e68d1bef04f34a2d5073d5ef114b,polar1l_rotation_invariants_v1
S011_Q0_M1,S011,e785a57ac0d76e2aa84f94653172207feee3d64556291e1567e719d136e86088,-8340.44359948237,a90364f5e3e8141c13e00dd47ba98d300a0a510b3951d0207ab24081cb7c56a6,9f65f8dc6ddaff1d631e299cb531376a7da5e68d1bef04f34a2d5073d5ef114b,polar1l_rotation_invariants_v1
S011_QP1_M2,S011,275cf39adf540f22b31bf52c067028c582dfad6e1c8165221f146afb35844456,-8329.90788186544,25e0e1ec28a7d2d8f04b15ceabb2649973e824dd5925dc103bd6183ef1c753a9,9f65f8dc6ddaff1d631e299cb531376a7da5e68d1bef04f34a2d5073d5ef114b,polar1l_rotation_invariants_v1
S012_Q0_M1,S012,08f2dbae1076ad26cde3cd4c58c105d1dfa7a8da5c48a7e3788da58f49d9736f,-19207.496765106,c4c457fe3107ee59dbb96d5772bf6e7fb002290c87028023103c0e07274ef5a8,9f65f8dc6ddaff1d631e299cb531376a7da5e68d1bef04f34a2d5073d5ef114b,polar1l_rotation_invariants_v1
S012_QP1_M2,S012,4fcf48f559184811866e9d5fcdc718f9e77258aa95087c9015e83a7d638733d0,-19197.4004286084,6b07da9cd41f3410ee6a9ac246dc252abe20eb04a2ffdaf6803a1960c89a6f82,9f65f8dc6ddaff1d631e299cb531376a7da5e68d1bef04f34a2d5073d5ef114b,polar1l_rotation_invariants_v1
S013_Q0_M1,S013,e70562abbae3f3232e4c377ef1e9f94cd7803f2c4407aa5baa9de711ec46c907,-8869.04939740761,37f7c454df6437a14be34d6e6fc27db6eabcd64f2f24175462778522c466b383,9f65f8dc6ddaff1d631e299cb531376a7da5e68d1bef04f34a2d5073d5ef114b,polar1l_rotation_invariants_v1
S013_QP1_M2,S013,f11505225ff5967e6f76299eff9d7b4528310053ba1ad87fb71d23887b7d0da8,-8860.14188625641,ad26fe55fa4f38c06346175787d6febbf680b2240444a17d7316dd447c0019b4,9f65f8dc6ddaff1d631e299cb531376a7da5e68d1bef04f34a2d5073d5ef114b,polar1l_rotation_invariants_v1
S014_Q0_M1,S014,eea550e799ddafb598220bdf4eb57ff36694a37c09f38df537fd0d6003e7202e,-15191.6027144415,7d094c0667391f7286d9958b056884ac81c0340cc31a2d2f7c482b659a6fb7db,9f65f8dc6ddaff1d631e299cb531376a7da5e68d1bef04f34a2d5073d5ef114b,polar1l_rotation_invariants_v1
S014_QP1_M2,S014,a4bf165bf4378aedef3d6bd02b953856fec476822b850315f6f952b0044ff5ad,-15180.6848031259,828afa8e7c1d1b9af15957b39b97bf56994ac1dbbc28ce9241e068abe67962da,9f65f8dc6ddaff1d631e299cb531376a7da5e68d1bef04f34a2d5073d5ef114b,polar1l_rotation_invariants_v1
S015_Q0_M1,S015,d9d6ece01e4dd6fb3340b2e60ec62824d0a7c63e46be0dd6bfbd4014a0fc51a0,-37118.2441853723,7c04111df824e6550ef9834c01cb113983cf37396bacb7d3b7144c18fc414637,9f65f8dc6ddaff1d631e299cb531376a7da5e68d1bef04f34a2d5073d5ef114b,polar1l_rotation_invariants_v1
S015_QP1_M2,S015,00e81b385ee04441a4088d25ccdf9b810349ecc4944b93641e51550b0ac726f5,-37107.8333226338,f4a5b94e0a173417f26789b1c3048f1b692b8f99e55f20b2045ac480f163cd84,9f65f8dc6ddaff1d631e299cb531376a7da5e68d1bef04f34a2d5073d5ef114b,polar1l_rotation_invariants_v1
S016_Q0_M1,S016,dd0a79977434fdd07fcd3de0c98b642c17b198aed08bb5d9e535ad3d22b03569,-23071.0440440419,03ec3a1a447400b055b9fc1dd1da88cd404b4111f72b084f279cc78a116459e3,9f65f8dc6ddaff1d631e299cb531376a7da5e68d1bef04f34a2d5073d5ef114b,polar1l_rotation_invariants_v1
S016_QP1_M2,S016,9456af08642f962cfb675f0504aa22ea49eb751f5db35f66fb58fafa607446d8,-23060.9446350185,2e368302fb143111cce68d3b006d0ce7f735b4364aad21b64146beeb3263f3e2,9f65f8dc6ddaff1d631e299cb531376a7da5e68d1bef04f34a2d5073d5ef114b,polar1l_rotation_invariants_v1
S017_Q0_M1,S017,c3370e476ccbe6ee5f810d62d7897417cd937102fc79eac5861c4294f8ec00f7,-59108.1351488848,b87e5770477b35536ce3c3cd4f7c5b33667f88603a133a2fa2f3b6e21f0c0652,9f65f8dc6ddaff1d631e299cb531376a7da5e68d1bef04f34a2d5073d5ef114b,polar1l_rotation_invariants_v1
S017_QP1_M2,S017,641444e1e53300ca2a52e20876fc6c3b1f487c6c052a2effa0e3c58b481342d1,-59098.9986611419,7c9cce65fb7577016318d33d0eaef6ca27eb8a748945ce8e7716cf038eb63685,9f65f8dc6ddaff1d631e299cb531376a7da5e68d1bef04f34a2d5073d5ef114b,polar1l_rotation_invariants_v1
S018_Q0_M1,S018,d270747734229e431eacc733c15bb3e5bfcb11da7872879acdb8bbdab79f4443,-33732.3785179311,58485dae333b3f375b3ecd9c3a2e14218e753e57391b83d88ff4b1dd9a456b1c,9f65f8dc6ddaff1d631e299cb531376a7da5e68d1bef04f34a2d5073d5ef114b,polar1l_rotation_invariants_v1
S018_QP1_M2,S018,07d2759c5882c9d7c6eca15eff9d79066dfb11e0a348620e1b9f891a8e4a8ba0,-33726.0833415228,5065afbcdfd61e291f4f5ae3049a1f844fa031a8e143046a0471dd91308ff50f,9f65f8dc6ddaff1d631e299cb531376a7da5e68d1bef04f34a2d5073d5ef114b,polar1l_rotation_invariants_v1
S019_Q0_M1,S019,d121490422b318b181dc2e6eacbfb9a83f924fb0b9b10d351a001b26d91a7975,-4681.84822707541,31db1201e96b4b90104bcabbdb95d9ee69a3462c5f305cd2cbccc64c32a49ab5,9f65f8dc6ddaff1d631e299cb531376a7da5e68d1bef04f34a2d5073d5ef114b,polar1l_rotation_invariants_v1
S019_QP1_M2,S019,f000fd6305399c667717ac61a4c0a38596f4f1e4bfbec49cdfcc8c727a7d04fa,-4669.95052558162,fc3e54f971cfb2e54eee146529772172025c45f5e46dad3addc17bce356a7b39,9f65f8dc6ddaff1d631e299cb531376a7da5e68d1bef04f34a2d5073d5ef114b,polar1l_rotation_invariants_v1
S020_Q0_M1,S020,ffa36ed4f8702208968c96d125df9ddc990f684327add3acaf1a7b74057c0c32,-27183.9651035841,a69dcb528b49817f0ce2a1e0d979d0e97ff61bd56873462e07c8999b281dc115,9f65f8dc6ddaff1d631e299cb531376a7da5e68d1bef04f34a2d5073d5ef114b,polar1l_rotation_invariants_v1
S020_QP1_M2,S020,dab36c37bb4ba54d4c29b26851aff4a0724deb18f22690a4d43f89576c9fca02,-27172.6644357265,e4bf2eae3a21b0bbc4b7217c33867ae0f9e9c3247ffa4eda62797c5a9f9c3488,9f65f8dc6ddaff1d631e299cb531376a7da5e68d1bef04f34a2d5073d5ef114b,polar1l_rotation_invariants_v1
S021_Q0_M1,S021,ebda52d69ce154974a28ef10e265901ae6e210592e96727178860e27ff25a5e5,-38620.3641431775,098cf3c8ec232463c0ac5970a7dfc2bfb7a4b30df1ce63b61accee6f25654c19,9f65f8dc6ddaff1d631e299cb531376a7da5e68d1bef04f34a2d5073d5ef114b,polar1l_rotation_invariants_v1
S021_QP1_M2,S021,0dc6e8fb17cb8b69e7d1c8184061093c5350d85d58e98c00fb3d402c32594298,-38608.7611777678,ca49a8e9bf0a52bb8c81ca9854f526d5e3cf2a1c05787216687027e192b50e1a,9f65f8dc6ddaff1d631e299cb531376a7da5e68d1bef04f34a2d5073d5ef114b,polar1l_rotation_invariants_v1
S022_Q0_M1,S022,c0ca7882700e3a94cf44f17a76bfb125aea9c3bf525c2ea859bb9bba6d8a73eb,-9318.2733210359,f9973e855ac148d65c1005fb1f10244e444d1a38b5009d2321e7d8a4d195117d,9f65f8dc6ddaff1d631e299cb531376a7da5e68d1bef04f34a2d5073d5ef114b,polar1l_rotation_invariants_v1
S022_QP1_M2,S022,98791541d2536da701ba7de983c299477476e5513a5f3dfc8beefc04b8c49f77,-9306.94478665149,fd4de1d18f7cfb0cd047646a2d6da0f5f21f90c90e9bab85b568af9893d44d28,9f65f8dc6ddaff1d631e299cb531376a7da5e68d1bef04f34a2d5073d5ef114b,polar1l_rotation_invariants_v1
S023_Q0_M1,S023,8d2da0b3b6c842eab6b8ed3bc915b2745f7525ff2959cc45a3525e412c33c9eb,-9350.77587333501,e0f4c6aeaf2a2c0c46ea856510ffcfdf4832f4ce85556900caad72151823f9a1,9f65f8dc6ddaff1d631e299cb531376a7da5e68d1bef04f34a2d5073d5ef114b,polar1l_rotation_invariants_v1
S023_QP1_M2,S023,7fbf8f9860470d37746d4620baf7dde41c3550cad7fd2e4aff632fed99a858cb,-9339.55868513802,5baa5464bc1bf1298b4e594de07bca52661c03cfbbe748da06269bf316658c74,9f65f8dc6ddaff1d631e299cb531376a7da5e68d1bef04f34a2d5073d5ef114b,polar1l_rotation_invariants_v1
S024_Q0_M1,S024,6f38f9dfe15ffa014b943a928a819eaba367cc664dae9635354debd1a8738e9b,-8371.81664448833,aea88b05b0b3d4c8836ab79dfb962332af062baba99fe43ec27bee28e4fa2011,9f65f8dc6ddaff1d631e299cb531376a7da5e68d1bef04f34a2d5073d5ef114b,polar1l_rotation_invariants_v1
S024_QP1_M2,S024,de2f6d6b54d823a77d9ac1d6f5164cf4e991b71e83a91b030beb33967084cad9,-8362.98288273408,31d08408e6042199ca2b520cf7058a04ff3cfcd1e87279ab0e61b2b4c154be69,9f65f8dc6ddaff1d631e299cb531376a7da5e68d1bef04f34a2d5073d5ef114b,polar1l_rotation_invariants_v1
S025_Q0_M1,S025,ac6c5f24667f6488886fd602f37a6223610b771df2a4dc19d9d0f6513a7858db,-12589.8312256802,ee7cd96571825f71b3ae840eb5e9c9e651bdef0dc1e1c2570f2cf3cd01f11dae,9f65f8dc6ddaff1d631e299cb531376a7da5e68d1bef04f34a2d5073d5ef114b,polar1l_rotation_invariants_v1
S025_QP1_M2,S025,b45a465923bce7a42cf1d287e880518df7fc5203c4edcd3adf2eae663cadd98b,-12580.6507328763,35c201aa393715a11ee368acf8b7cfd39487dc45847c237d40d3fcf074ce15e3,9f65f8dc6ddaff1d631e299cb531376a7da5e68d1bef04f34a2d5073d5ef114b,polar1l_rotation_invariants_v1
