job_id,job_class,state_id,solvent_id,input_path,input_sha256,geometry_key,geometry_sha256,smd_registry_row_sha256,smd_payload_sha256,exact_reuse_key,workflow_revision,method_id,thermochemistry_convention_id,nprocs,maxcore_mb_per_rank,planning_core_h,status,reason
OF001,optfreq,A005_Q0_M2,S001,runs/orca/optfreq/OF001/OF001.inp,94692f963b497323d9fc252588329b9abbd5aedc5a16de8592a6e2ef0a60a6e5,tier1:redox:A005:S001:q0:m2,8875ab7debcbe00c2bfc560b7422f752f1fcb22940fc6c49689c56340a85b102,33991649687f2d2b981d6e03785961ad9457eb27eac9b175c78aef6ac9c44c11,2ac42ed3e22fe59dd5791310aba80df0f44a97fce93a0f99bfc908a252e00b57,93afd90836e4f8163e97184babfce9ba9b52f4e57a7c53d2320e9da3d413dc7c,jhtvs-ft0806-optfreq-v3,T2_wB97X-D3_OptFreq_TZVPD-SP_SMD_v4,orca_298.15K_1atm_QuasiRRHO_project_1M_v1,8,3000,24.82,ready,
OF002,optfreq,A005_QM1_M1,S001,runs/orca/optfreq/OF002/OF002.inp,5ddee125866d456c85ccf608e42106708cf43decdfbfddab5458d609008cd521,tier1:redox:A005:S001:q-1:m1,076427c4340388a02876de2020a81504e202b7125bce533084e7c125aa8290cd,33991649687f2d2b981d6e03785961ad9457eb27eac9b175c78aef6ac9c44c11,2ac42ed3e22fe59dd5791310aba80df0f44a97fce93a0f99bfc908a252e00b57,5dbc8aeb099fb1608e1dd8168e17c918867d8330ca2135b35fb3d72583afc20b,jhtvs-ft0806-optfreq-v3,T2_wB97X-D3_OptFreq_TZVPD-SP_SMD_v4,orca_298.15K_1atm_QuasiRRHO_project_1M_v1,8,3000,24.82,ready,
OF003,optfreq,D001_QP2_M1,S001,runs/orca/optfreq/OF003/OF003.inp,01d0e830a091625667b183793f1b806e290b75df9a61d833848dbe1339b7e13e,surrogate:sigma_preopt:D001:S001:q2:m1,5adffce99ca2e72873c4163f35d7adf46d50ddad9fa112bbd17e3ff93bd39b53,33991649687f2d2b981d6e03785961ad9457eb27eac9b175c78aef6ac9c44c11,2ac42ed3e22fe59dd5791310aba80df0f44a97fce93a0f99bfc908a252e00b57,549081d998338e09ccd51e83cf6414ce2dc669e1eeba62c04753d5f62466a84a,jhtvs-ft0806-optfreq-v3,T2_wB97X-D3_OptFreq_TZVPD-SP_SMD_v4,orca_298.15K_1atm_QuasiRRHO_project_1M_v1,8,3000,40.0,ready,
OF004,optfreq,M001_Q0_M1,S001,runs/orca/optfreq/OF004/OF004.inp,29df855d66be6fe338f7f44871349a8f9ecea0c6f2ee91e0c7951b34b88b2eab,tier1:redox:M001:S001:q0:m1,5cc4d3a2e10c866ebd5bcdfd1b265bafad69fc9027d004a56bb41fbdfcb0083e,33991649687f2d2b981d6e03785961ad9457eb27eac9b175c78aef6ac9c44c11,2ac42ed3e22fe59dd5791310aba80df0f44a97fce93a0f99bfc908a252e00b57,455b9e30be265b3661ecfd637005fc3e58c4407aab4f86d31a8613130ebd9c5c,jhtvs-ft0806-optfreq-v3,T2_wB97X-D3_OptFreq_TZVPD-SP_SMD_v4,orca_298.15K_1atm_QuasiRRHO_project_1M_v1,8,3000,24.82,ready,
OF005,optfreq,M001_QP1_M2,S001,runs/orca/optfreq/OF005/OF005.inp,341d6e2c08bbcb2d700d7ae01948ac89b385e7e679c40a044b4400d3b75e6458,tier1:redox:M001:S001:q1:m2,faf885b9d5371630d7a9cafee2794b0a6eb73497e667a86ceafd8a7f3cd0bba8,33991649687f2d2b981d6e03785961ad9457eb27eac9b175c78aef6ac9c44c11,2ac42ed3e22fe59dd5791310aba80df0f44a97fce93a0f99bfc908a252e00b57,6a7e46a7d83f1bed400915f1d4de6ed8f1b7184706863152fd668f15bcbef295,jhtvs-ft0806-optfreq-v3,T2_wB97X-D3_OptFreq_TZVPD-SP_SMD_v4,orca_298.15K_1atm_QuasiRRHO_project_1M_v1,8,3000,24.82,ready,
OF006,optfreq,S001_Q0_M1,S001,runs/orca/optfreq/OF006/OF006.inp,03b4d7891ffe959ca5d59edda899fd53ae6fa14f9a4cf7312ef479991e3d5abb,tier1:redox:S001:S001:q0:m1,2f126b3daee7595eac16f8c867eecec004eb2d795f3c805944c21e598e8b044a,33991649687f2d2b981d6e03785961ad9457eb27eac9b175c78aef6ac9c44c11,2ac42ed3e22fe59dd5791310aba80df0f44a97fce93a0f99bfc908a252e00b57,dd61cb7359a6fd70608d52c45a681c6c44404173db95d8f6aa9591e2143fe209,jhtvs-ft0806-optfreq-v3,T2_wB97X-D3_OptFreq_TZVPD-SP_SMD_v4,orca_298.15K_1atm_QuasiRRHO_project_1M_v1,8,3000,24.82,ready,
OF007,optfreq,S001_QP1_M2,S001,runs/orca/optfreq/OF007/OF007.inp,f3ac9a98b50cdf65067edcba545367dc690b9f98cf530c3284322d50712e5cfc,tier1:redox:S001:S001:q1:m2,70f9e8b996986d875f2a7db461a7a274881daf1b7dbc36c0569688b0d9adf796,33991649687f2d2b981d6e03785961ad9457eb27eac9b175c78aef6ac9c44c11,2ac42ed3e22fe59dd5791310aba80df0f44a97fce93a0f99bfc908a252e00b57,7b5a83e8e4e2e9fa9bfa2baa157ed0249637aae59bb19804da9baf77e164ed31,jhtvs-ft0806-optfreq-v3,T2_wB97X-D3_OptFreq_TZVPD-SP_SMD_v4,orca_298.15K_1atm_QuasiRRHO_project_1M_v1,8,3000,24.82,ready,
OF008,optfreq,A004_Q0_M2,S002,runs/orca/optfreq/OF008/OF008.inp,3ab4c074a95f82e8a8a29d9ae28009cb9b0f68352f0b760867f6641aa2e41d49,tier1:redox:A004:S002:q0:m2,a6d718f2c8406afba8e90a5f9e6396a0c9e2e30e7e3fa90a77ea3a475ed67b93,3279f41f547d9005cba523bfaf325a0d002b1c248dee7927b9a1376b3ea8ec18,e9105cc8323a6b631985e1efc7a5aa29df42be680536f57d886d0716b6307ff7,02e644b1e1aa9c80fccb3a39d6a8b90cf442fc8fa0222419beb6bde5c26012ca,jhtvs-ft0806-optfreq-v3,T2_wB97X-D3_OptFreq_TZVPD-SP_SMD_v4,orca_298.15K_1atm_QuasiRRHO_project_1M_v1,8,3000,24.82,ready,
OF009,optfreq,A004_QM1_M1,S002,runs/orca/optfreq/OF009/OF009.inp,4d19667f146e69eb6a537283bf97cef39af26be29dbda58288d7141275b7e39f,tier1:redox:A004:S002:q-1:m1,e8931ef86d99a86e1f39d2ef8d5e42107d9babc17b8bcf1987a415a6984df5e1,3279f41f547d9005cba523bfaf325a0d002b1c248dee7927b9a1376b3ea8ec18,e9105cc8323a6b631985e1efc7a5aa29df42be680536f57d886d0716b6307ff7,fd6735992409b1e8c936eaf835d3d2994969e1dfd902bdc2d94259ccfacfefe4,jhtvs-ft0806-optfreq-v3,T2_wB97X-D3_OptFreq_TZVPD-SP_SMD_v4,orca_298.15K_1atm_QuasiRRHO_project_1M_v1,8,3000,24.82,ready,
OF010,optfreq,D077_QP2_M1,S002,runs/orca/optfreq/OF010/OF010.inp,6d93fa9d9a99a1b2bf0435b7203183c0880b7761b531049853f74ce0ed429c9b,surrogate:sigma_preopt:D077:S002:q2:m1,66c67869f7ff9619877de4d1b6eece08a48838dd79b595d8fe26442902e85d60,3279f41f547d9005cba523bfaf325a0d002b1c248dee7927b9a1376b3ea8ec18,e9105cc8323a6b631985e1efc7a5aa29df42be680536f57d886d0716b6307ff7,a4e65eb6bc3a8ccef930d4e0adb5299db5adf6974e103a36699ea755a19f7c80,jhtvs-ft0806-optfreq-v3,T2_wB97X-D3_OptFreq_TZVPD-SP_SMD_v4,orca_298.15K_1atm_QuasiRRHO_project_1M_v1,8,3000,40.0,ready,
OF011,optfreq,D089_QP2_M1,S002,runs/orca/optfreq/OF011/OF011.inp,3cea4700a601465b46babbe7be85a966ae1d4b34e69327dfcf87c81b0c0e9e18,surrogate:sigma_preopt:D089:S002:q2:m1,521bab11430e32eca8aa1e744d5bf46d2aabb5845c443d45d97a0f6c11055c34,3279f41f547d9005cba523bfaf325a0d002b1c248dee7927b9a1376b3ea8ec18,e9105cc8323a6b631985e1efc7a5aa29df42be680536f57d886d0716b6307ff7,7e5b2a9e6a297ec1063232f95aa77d0eb841c18586c596b8d10ca594768b419e,jhtvs-ft0806-optfreq-v3,T2_wB97X-D3_OptFreq_TZVPD-SP_SMD_v4,orca_298.15K_1atm_QuasiRRHO_project_1M_v1,8,3000,40.0,ready,
OF012,optfreq,M077_Q0_M1,S002,runs/orca/optfreq/OF012/OF012.inp,bead8a02bc43744c32dedc370e3d1fa7b285eb982503ba388cbced56c64f1705,tier1:redox:M077:S002:q0:m1,e48c0cd00c5bad78f6be5258ee258143389cc58ae5372df37e0819ab2ce0c7e9,3279f41f547d9005cba523bfaf325a0d002b1c248dee7927b9a1376b3ea8ec18,e9105cc8323a6b631985e1efc7a5aa29df42be680536f57d886d0716b6307ff7,c9d93f5574fa1eaabde248d0d154129d8c71bb7cc2abb6faa616f5a98dae4df3,jhtvs-ft0806-optfreq-v3,T2_wB97X-D3_OptFreq_TZVPD-SP_SMD_v4,orca_298.15K_1atm_QuasiRRHO_project_1M_v1,8,3000,24.82,ready,
OF013,optfreq,M077_QP1_M2,S002,runs/orca/optfreq/OF013/OF013.inp,216d8338db1eff73ba0658946996ca415612ddc67290228b74bebad5624c231f,tier1:redox:M077:S002:q1:m2,183562f173b55cc5ee38348e76527f24ad85a1548d1feb7ed001af060f78ea70,3279f41f547d9005cba523bfaf325a0d002b1c248dee7927b9a1376b3ea8ec18,e9105cc8323a6b631985e1efc7a5aa29df42be680536f57d886d0716b6307ff7,01356f605c090c508c07341c51e216eddb6f44f11866fb5e78f7c7eb0521c202,jhtvs-ft0806-optfreq-v3,T2_wB97X-D3_OptFreq_TZVPD-SP_SMD_v4,orca_298.15K_1atm_QuasiRRHO_project_1M_v1,8,3000,24.82,ready,
OF014,optfreq,M089_Q0_M1,S002,runs/orca/optfreq/OF014/OF014.inp,673ada6174b7c28ba76c807de80c498f96fd934f016ea2db07e36b04a2583e32,tier1:redox:M089:S002:q0:m1,3f906a6da11ef343808ad062c6d282e2f300507e23fa9bbe891c81122998622d,3279f41f547d9005cba523bfaf325a0d002b1c248dee7927b9a1376b3ea8ec18,e9105cc8323a6b631985e1efc7a5aa29df42be680536f57d886d0716b6307ff7,4504449ea38bd7f3355e6f91fe48fdad5e5af1a0e89bf3889f5d2cae612b1fa9,jhtvs-ft0806-optfreq-v3,T2_wB97X-D3_OptFreq_TZVPD-SP_SMD_v4,orca_298.15K_1atm_QuasiRRHO_project_1M_v1,8,3000,24.82,ready,
OF015,optfreq,M089_QP1_M2,S002,runs/orca/optfreq/OF015/OF015.inp,80444a67bc2359164c9e68cdee959878047d093db12d41d1aa70d1ee71a65440,tier1:redox:M089:S002:q1:m2,122cac4d53ebc1344b27a8daf693a8e086e3420e5fb5129f8168aef7bda2493d,3279f41f547d9005cba523bfaf325a0d002b1c248dee7927b9a1376b3ea8ec18,e9105cc8323a6b631985e1efc7a5aa29df42be680536f57d886d0716b6307ff7,8b35754869868e3218777eab396eea7ae5ccad4ed684151d8ba3492789659d2a,jhtvs-ft0806-optfreq-v3,T2_wB97X-D3_OptFreq_TZVPD-SP_SMD_v4,orca_298.15K_1atm_QuasiRRHO_project_1M_v1,8,3000,24.82,ready,
OF016,optfreq,S002_Q0_M1,S002,runs/orca/optfreq/OF016/OF016.inp,93d92f70cf3af26511b189ad2d34021a28f951ac74120be1d7b604b0bfcd6300,tier1:redox:S002:S002:q0:m1,7db8876d824400a79dd93ce95b0b46e5a10b7a266ed3889747a122ff6ba63bcb,3279f41f547d9005cba523bfaf325a0d002b1c248dee7927b9a1376b3ea8ec18,e9105cc8323a6b631985e1efc7a5aa29df42be680536f57d886d0716b6307ff7,ca5910c61959da4fad4cc1c8cf50251281a804770682618171f8e751c8f6a466,jhtvs-ft0806-optfreq-v3,T2_wB97X-D3_OptFreq_TZVPD-SP_SMD_v4,orca_298.15K_1atm_QuasiRRHO_project_1M_v1,8,3000,24.82,ready,
OF017,optfreq,S002_QP1_M2,S002,runs/orca/optfreq/OF017/OF017.inp,cc6ba2abb9c67d2161e69301908b802790770dda07361b11f01bed4543074329,tier1:redox:S002:S002:q1:m2,198d96e41c26ba3494d7514b533eda313bc7c74916464145bfb01d9df61afbf2,3279f41f547d9005cba523bfaf325a0d002b1c248dee7927b9a1376b3ea8ec18,e9105cc8323a6b631985e1efc7a5aa29df42be680536f57d886d0716b6307ff7,0ca38ac58521839d8c9dfb07ae0a8a61dc6f0001cd33818f70cbb79baad34ec6,jhtvs-ft0806-optfreq-v3,T2_wB97X-D3_OptFreq_TZVPD-SP_SMD_v4,orca_298.15K_1atm_QuasiRRHO_project_1M_v1,8,3000,24.82,ready,
OF018,optfreq,D022_QP2_M1,S003,runs/orca/optfreq/OF018/OF018.inp,bf523f450ab61e47aa5d11b500b44a8d71ed58470af63c41b56506a21f3ba847,surrogate:sigma_preopt:D022:S003:q2:m1,3334df37b9842128f5a5d20ca225b76f3fef9638296a93dd6d3fe55257e518e3,94b7361eaf5260ed8fd9bcbaacaf98b81c0cd78f856ef20334bbdf0a14579d35,8508d5bf039f7a04d859bedf9951b9127cbbbf245c79170c66812080a3ec5460,eec8dad2a9c0d72bcc275a03b3f12d267abca7842870d97a36c46d8259f81b21,jhtvs-ft0806-optfreq-v3,T2_wB97X-D3_OptFreq_TZVPD-SP_SMD_v4,orca_298.15K_1atm_QuasiRRHO_project_1M_v1,8,3000,40.0,ready,
OF019,optfreq,D068_QP2_M1,S003,runs/orca/optfreq/OF019/OF019.inp,5dcd8350cf865735928b56072795f8c6a321c99c5a00ef210c6fe16b5a4750b6,surrogate:sigma_preopt:D068:S003:q2:m1,4315bbe1fb7689c5e32edbbadb284635f3f7e1bc830522cf3432ce1cce06bd89,94b7361eaf5260ed8fd9bcbaacaf98b81c0cd78f856ef20334bbdf0a14579d35,8508d5bf039f7a04d859bedf9951b9127cbbbf245c79170c66812080a3ec5460,0a2a9363e12ed06ca871fd509fa66eed8c2bc27bcdcd49e5acfe10663ec4548e,jhtvs-ft0806-optfreq-v3,T2_wB97X-D3_OptFreq_TZVPD-SP_SMD_v4,orca_298.15K_1atm_QuasiRRHO_project_1M_v1,8,3000,40.0,ready,
OF020,optfreq,M022_Q0_M1,S003,runs/orca/optfreq/OF020/OF020.inp,ce312e8eebeccf3fae97a20c8a6484cdfa30a5af952b2b8b6945f5f808d657da,tier1:redox:M022:S003:q0:m1,f4ae2cb41fd3067e0915d2b83accce45cf98ba2f9e0a317322a236de6333762e,94b7361eaf5260ed8fd9bcbaacaf98b81c0cd78f856ef20334bbdf0a14579d35,8508d5bf039f7a04d859bedf9951b9127cbbbf245c79170c66812080a3ec5460,57323b357bbd3201ee3dd97f2695071f92737c37b947c4bb9e88536eef000405,jhtvs-ft0806-optfreq-v3,T2_wB97X-D3_OptFreq_TZVPD-SP_SMD_v4,orca_298.15K_1atm_QuasiRRHO_project_1M_v1,8,3000,24.82,ready,
OF021,optfreq,M022_QP1_M2,S003,runs/orca/optfreq/OF021/OF021.inp,cdd3323b0c137e375af13d96e8d3bebcec7e2e2d0525fa242b05c40d911efdfd,tier1:redox:M022:S003:q1:m2,499c305f4537ca8adc7f0a81219c731c63ec28f27a6e9767fcd491c3ba5c8f01,94b7361eaf5260ed8fd9bcbaacaf98b81c0cd78f856ef20334bbdf0a14579d35,8508d5bf039f7a04d859bedf9951b9127cbbbf245c79170c66812080a3ec5460,ecaeab8baf6a512b7fd53fc6fd4be9d5995366392c01d158f889490b5db42677,jhtvs-ft0806-optfreq-v3,T2_wB97X-D3_OptFreq_TZVPD-SP_SMD_v4,orca_298.15K_1atm_QuasiRRHO_project_1M_v1,8,3000,24.82,ready,
OF022,optfreq,M068_Q0_M1,S003,runs/orca/optfreq/OF022/OF022.inp,f765704874892aeecdb6852748acf474a008d22a35b2d40399244bb13b811e3d,tier1:redox:M068:S003:q0:m1,cc6015b792872fef049f70cf95b8d07745ae6875e16cc5e95f62608e502ca1d6,94b7361eaf5260ed8fd9bcbaacaf98b81c0cd78f856ef20334bbdf0a14579d35,8508d5bf039f7a04d859bedf9951b9127cbbbf245c79170c66812080a3ec5460,9a82b6159b9948423f4aefca2bffca6f64bfa0d2b8cecfa62e57406279c09f42,jhtvs-ft0806-optfreq-v3,T2_wB97X-D3_OptFreq_TZVPD-SP_SMD_v4,orca_298.15K_1atm_QuasiRRHO_project_1M_v1,8,3000,24.82,ready,
OF023,optfreq,M068_QP1_M2,S003,runs/orca/optfreq/OF023/OF023.inp,b95b8be3830b87f58ae35e4059f634033e6c5219232a9f3502e66acc9775baff,tier1:redox:M068:S003:q1:m2,a2d111f67e5f22b5425641947ce6ceeb72353cc530e47e09de199318c0663655,94b7361eaf5260ed8fd9bcbaacaf98b81c0cd78f856ef20334bbdf0a14579d35,8508d5bf039f7a04d859bedf9951b9127cbbbf245c79170c66812080a3ec5460,09ac826d641a882f67caeca9e802967e2962f39845201570841561e99639442d,jhtvs-ft0806-optfreq-v3,T2_wB97X-D3_OptFreq_TZVPD-SP_SMD_v4,orca_298.15K_1atm_QuasiRRHO_project_1M_v1,8,3000,24.82,ready,
OF024,optfreq,S003_Q0_M1,S003,runs/orca/optfreq/OF024/OF024.inp,32030a1a845a7f2faf51979a5729862ef18719ecf4398d97195c835a7ea66901,tier1:redox:S003:S003:q0:m1,3c5fe1ea4eda0ce2a9a31173364c910fb41cedc4d50d72f9fe540deeba6ebb8e,94b7361eaf5260ed8fd9bcbaacaf98b81c0cd78f856ef20334bbdf0a14579d35,8508d5bf039f7a04d859bedf9951b9127cbbbf245c79170c66812080a3ec5460,7805c2cb79e002b556b3a133f8303c1764acdc2e8536843536cdc111a5ce7162,jhtvs-ft0806-optfreq-v3,T2_wB97X-D3_OptFreq_TZVPD-SP_SMD_v4,orca_298.15K_1atm_QuasiRRHO_project_1M_v1,8,3000,24.82,ready,
OF025,optfreq,S003_QP1_M2,S003,runs/orca/optfreq/OF025/OF025.inp,09b086fcaa3c360ba6d2f7c9d4374b820b8d4929b3a2df5fa3d0da8dbae39c06,tier1:redox:S003:S003:q1:m2,9af2d08bee6f95b12010ed54c007fcd7e0898518bb8928547b8909c576dcd720,94b7361eaf5260ed8fd9bcbaacaf98b81c0cd78f856ef20334bbdf0a14579d35,8508d5bf039f7a04d859bedf9951b9127cbbbf245c79170c66812080a3ec5460,8636e7801ca2c9576f355f6a24095ac53d25878ba8c03b5418d9de1e4d62ecb0,jhtvs-ft0806-optfreq-v3,T2_wB97X-D3_OptFreq_TZVPD-SP_SMD_v4,orca_298.15K_1atm_QuasiRRHO_project_1M_v1,8,3000,24.82,ready,
OF026,optfreq,D007_QP2_M1,S004,runs/orca/optfreq/OF026/OF026.inp,86873a7b8622039f2c49aa0e74c1c330f4dc5c11e9dcf5f293cf7ddba3e5d31b,surrogate:sigma_preopt:D007:S004:q2:m1,0efab730f80847159e2455e2bdd13bf8cad977fe8eee9f77e67ff2c9223e5b0a,53a1420e98ef8a080444862fc39f2c03ee25566ff1de370361ddb92eda222557,fc84c6c0fdedfad4ad7162cbe466ea9adb5b8ade8ed807efe9a91b7a14935117,1241ae2efc3614e83ed05d3a95c4c1ecc7fb7fcec9f39bea7ec5e740096c3557,jhtvs-ft0806-optfreq-v3,T2_wB97X-D3_OptFreq_TZVPD-SP_SMD_v4,orca_298.15K_1atm_QuasiRRHO_project_1M_v1,8,3000,40.0,ready,
OF027,optfreq,M007_Q0_M1,S004,runs/orca/optfreq/OF027/OF027.inp,9fd9b4908de0460e2010f8812a06f2490a056a124f41b8f2891501b8e211f397,tier1:redox:M007:S004:q0:m1,94ef68e10a8cb4b558435a691383c6c3a3213b58c9019976d7ffb451f6c19d4c,53a1420e98ef8a080444862fc39f2c03ee25566ff1de370361ddb92eda222557,fc84c6c0fdedfad4ad7162cbe466ea9adb5b8ade8ed807efe9a91b7a14935117,0cb1b487332f0df4f6d489cb43a16ae2b832aeab1cb6c8e5c38ca8fde5b3f5c7,jhtvs-ft0806-optfreq-v3,T2_wB97X-D3_OptFreq_TZVPD-SP_SMD_v4,orca_298.15K_1atm_QuasiRRHO_project_1M_v1,8,3000,24.82,ready,
OF028,optfreq,M007_QP1_M2,S004,runs/orca/optfreq/OF028/OF028.inp,19582d284cacfe32197844c707b5f019ef332de23214010dca322ce455b011ce,tier1:redox:M007:S004:q1:m2,b4eab1d36ef40e882380e69b19c3569d56ca38ea134b4c1a890e19d95a8e8506,53a1420e98ef8a080444862fc39f2c03ee25566ff1de370361ddb92eda222557,fc84c6c0fdedfad4ad7162cbe466ea9adb5b8ade8ed807efe9a91b7a14935117,4f09c49f7e42bf04e7c67dd2f8aa927cce0d73104e81415122b500e5b2e272a3,jhtvs-ft0806-optfreq-v3,T2_wB97X-D3_OptFreq_TZVPD-SP_SMD_v4,orca_298.15K_1atm_QuasiRRHO_project_1M_v1,8,3000,24.82,ready,
OF029,optfreq,A002_Q0_M2,S005,runs/orca/optfreq/OF029/OF029.inp,d87dd8dbf97dce3d4e5727cf41c90eba3833fc6a6c0a45980d718584cb688d6f,tier1:redox:A002:S005:q0:m2,6198fbb6669a61c27219e345dd5c9edc527fc27cb67059aafbc068dab6c08971,a412888f46b361d7cbf5e7ffcf874bfab9b52585c5104ae7d5aae27154ae6883,6081598179efd9e152f2a5286000222d826f38a6215f04a8ed4e35831524afa6,cea8e60d25c1a0c742e42b6b3806d4dbc0cdb01b53e6fcf0e17a6b52d784dc88,jhtvs-ft0806-optfreq-v3,T2_wB97X-D3_OptFreq_TZVPD-SP_SMD_v4,orca_298.15K_1atm_QuasiRRHO_project_1M_v1,8,3000,24.82,ready,
OF030,optfreq,A002_QM1_M1,S005,runs/orca/optfreq/OF030/OF030.inp,00b9fb9561a19891b8178db2e41ecd4def62c32e4246b39ad44710e876822829,tier1:redox:A002:S005:q-1:m1,05bc09a3989d4153258c513b04b0417700722dc59f46a659fed706b2cc3da590,a412888f46b361d7cbf5e7ffcf874bfab9b52585c5104ae7d5aae27154ae6883,6081598179efd9e152f2a5286000222d826f38a6215f04a8ed4e35831524afa6,a77a8f894193e58e8e64e9eeb5b462ba921a5b654bb3e9f68373993d4342f31e,jhtvs-ft0806-optfreq-v3,T2_wB97X-D3_OptFreq_TZVPD-SP_SMD_v4,orca_298.15K_1atm_QuasiRRHO_project_1M_v1,8,3000,24.82,ready,
OF031,optfreq,D058_QP2_M1,S005,runs/orca/optfreq/OF031/OF031.inp,dfe930a81f9d6355cbd14859a063d5178075e707c95d0c8d94c42918266958d5,surrogate:sigma_preopt:D058:S005:q2:m1,7388d218b03d3f07a8d478a44558c9c4effbe5d8764a39a8cb783f1e0115711c,a412888f46b361d7cbf5e7ffcf874bfab9b52585c5104ae7d5aae27154ae6883,6081598179efd9e152f2a5286000222d826f38a6215f04a8ed4e35831524afa6,20bae3b53f97c851d21b7b1a7070751e49bb878d1cbc243b76fdbe141593514d,jhtvs-ft0806-optfreq-v3,T2_wB97X-D3_OptFreq_TZVPD-SP_SMD_v4,orca_298.15K_1atm_QuasiRRHO_project_1M_v1,8,3000,40.0,ready,
OF032,optfreq,M058_Q0_M1,S005,runs/orca/optfreq/OF032/OF032.inp,f94a21521c7ac7606285222208b3fcdb65bca19f7df21c617c7ed59b17af6d93,tier1:redox:M058:S005:q0:m1,9717e2b6fbb947eb41231005de2daa6efa21249973176b9b9f71d695992cfd05,a412888f46b361d7cbf5e7ffcf874bfab9b52585c5104ae7d5aae27154ae6883,6081598179efd9e152f2a5286000222d826f38a6215f04a8ed4e35831524afa6,36912a2214004674e13a3e4ba1a28b5f68f11ace3522957bc5f70b5b0f4fc324,jhtvs-ft0806-optfreq-v3,T2_wB97X-D3_OptFreq_TZVPD-SP_SMD_v4,orca_298.15K_1atm_QuasiRRHO_project_1M_v1,8,3000,24.82,ready,
OF033,optfreq,M058_QP1_M2,S005,runs/orca/optfreq/OF033/OF033.inp,d320f5b2457ca45c9b3f42ab9e0c400bfd60eadb69de0c441c70354ea2c63210,tier1:redox:M058:S005:q1:m2,afe9f54d804544b9d74d38728d5e9f9d49b6779fa2b6c4bbe5522fca0d95d005,a412888f46b361d7cbf5e7ffcf874bfab9b52585c5104ae7d5aae27154ae6883,6081598179efd9e152f2a5286000222d826f38a6215f04a8ed4e35831524afa6,8856304070da00b7cef8dd6f14a566bb2ca77ad32c21e2484a23a3fa449a459b,jhtvs-ft0806-optfreq-v3,T2_wB97X-D3_OptFreq_TZVPD-SP_SMD_v4,orca_298.15K_1atm_QuasiRRHO_project_1M_v1,8,3000,24.82,ready,
OF034,optfreq,D027_QP2_M1,S006,runs/orca/optfreq/OF034/OF034.inp,bbd15d35c3b6a77bd3aa3008d50b777e5cd060319a749b8c41b0d82d7b6f0214,surrogate:sigma_preopt:D027:S006:q2:m1,08154c1baff99fa312303a2b0601d1d4036336cbf1dde6d3e7e2e878528004b8,c27bd40db930eb8dcc20055d433024f1a0da5e372ae0bbe4b02d3a5026a8beca,f575e634b72386a2d8924dc432e7b3ddc1e226c049b4f1906ded7bfba712d698,ec52a49d9e08568e9b06a0aa6cfd02213ff9932c08344ab1d912dc6a16b08396,jhtvs-ft0806-optfreq-v3,T2_wB97X-D3_OptFreq_TZVPD-SP_SMD_v4,orca_298.15K_1atm_QuasiRRHO_project_1M_v1,8,3000,40.0,ready,
OF035,optfreq,D060_QP2_M1,S006,runs/orca/optfreq/OF035/OF035.inp,1f0a0116ab84994d420be1caf82944375026f796517a8e73090845abfa367b74,surrogate:sigma_preopt:D060:S006:q2:m1,af26276a1e1c19e392de9ac0dcc8d1babcf10842726d5117033934e033aaf911,c27bd40db930eb8dcc20055d433024f1a0da5e372ae0bbe4b02d3a5026a8beca,f575e634b72386a2d8924dc432e7b3ddc1e226c049b4f1906ded7bfba712d698,2d6d11e4262d0d032682d3e1785a744b468515151ded375472456591a60d4fc4,jhtvs-ft0806-optfreq-v3,T2_wB97X-D3_OptFreq_TZVPD-SP_SMD_v4,orca_298.15K_1atm_QuasiRRHO_project_1M_v1,8,3000,40.0,ready,
OF036,optfreq,M027_Q0_M1,S006,runs/orca/optfreq/OF036/OF036.inp,b95c24643159d107ff039d3cfaaea40681ea9384e6b4afb095513224e80cf48d,tier1:redox:M027:S006:q0:m1,00313705824cf6347046f245bbaf98d26e36b3f1762f0d4802e937a9ef95f3f4,c27bd40db930eb8dcc20055d433024f1a0da5e372ae0bbe4b02d3a5026a8beca,f575e634b72386a2d8924dc432e7b3ddc1e226c049b4f1906ded7bfba712d698,e60603996b878d25de8aa5e46df0cf1c5446412905e9f7f20ea728fa9ed36c62,jhtvs-ft0806-optfreq-v3,T2_wB97X-D3_OptFreq_TZVPD-SP_SMD_v4,orca_298.15K_1atm_QuasiRRHO_project_1M_v1,8,3000,24.82,ready,
OF037,optfreq,M027_QP1_M2,S006,runs/orca/optfreq/OF037/OF037.inp,74ce0669ae4b3518e754b8c7d61f94933ed51c16cbda1363492c2b4f34c104e7,tier1:redox:M027:S006:q1:m2,d117f55d035d9cef3415449502b0d2175dd96b29fe15efc4e05977ad13789a19,c27bd40db930eb8dcc20055d433024f1a0da5e372ae0bbe4b02d3a5026a8beca,f575e634b72386a2d8924dc432e7b3ddc1e226c049b4f1906ded7bfba712d698,b353ccfd385d22d77470ab78b605245dc22e53af497445f03527728331f478c8,jhtvs-ft0806-optfreq-v3,T2_wB97X-D3_OptFreq_TZVPD-SP_SMD_v4,orca_298.15K_1atm_QuasiRRHO_project_1M_v1,8,3000,24.82,ready,
OF038,optfreq,M060_Q0_M1,S006,runs/orca/optfreq/OF038/OF038.inp,9b88857c3bdc973e23e5f8cc1e143eba01f6e1b93db1ceafad7671a9459d8be4,tier1:redox:M060:S006:q0:m1,876a8c5ec257491ba94ee6b04b3c35618ea03a20a509e4c819d76cfac061bdcf,c27bd40db930eb8dcc20055d433024f1a0da5e372ae0bbe4b02d3a5026a8beca,f575e634b72386a2d8924dc432e7b3ddc1e226c049b4f1906ded7bfba712d698,d3d1bb5618d650f58cd0dd7b8ea8ff02411e86177bbb7f82cb9e705b03b7220a,jhtvs-ft0806-optfreq-v3,T2_wB97X-D3_OptFreq_TZVPD-SP_SMD_v4,orca_298.15K_1atm_QuasiRRHO_project_1M_v1,8,3000,24.82,ready,
OF039,optfreq,M060_QP1_M2,S006,runs/orca/optfreq/OF039/OF039.inp,d482a23cfad45ed8d6a4a1af7e5848f0df78ed319e6f4e5cd25fba9ec7bc59cb,tier1:redox:M060:S006:q1:m2,bac67348d2b8c3e979d3736aa972c21c23e78442ba552984154ea5dbdea28450,c27bd40db930eb8dcc20055d433024f1a0da5e372ae0bbe4b02d3a5026a8beca,f575e634b72386a2d8924dc432e7b3ddc1e226c049b4f1906ded7bfba712d698,7b8eeb9c4d02e96483bd4f2dc6e29d6f4c525d5f4ae80eec9e083725fcb79c0c,jhtvs-ft0806-optfreq-v3,T2_wB97X-D3_OptFreq_TZVPD-SP_SMD_v4,orca_298.15K_1atm_QuasiRRHO_project_1M_v1,8,3000,24.82,ready,
OF040,optfreq,A001_Q0_M2,S007,runs/orca/optfreq/OF040/OF040.inp,9315ca1ce280d67f799249a72518854d8ef59869da7bab2a92210cfc97fc9983,tier1:redox:A001:S007:q0:m2,a12d2790ab5be3693f440201fd148dd465bda29997e03744b1a2eb61dc69869b,b1d32a50d1fd87e81e116e3b12ba076a4f1510bbc975de790b7e2914ba7cda1b,bdfff4b97121e7d5cdb7f0d658e82efa6da3238c090896ee64609097ef51a0f3,47e8a21d2aef07480b104ee65add5088055836bbded475c81659db7c2cf83d5c,jhtvs-ft0806-optfreq-v3,T2_wB97X-D3_OptFreq_TZVPD-SP_SMD_v4,orca_298.15K_1atm_QuasiRRHO_project_1M_v1,8,3000,24.82,ready,
OF041,optfreq,A001_QM1_M1,S007,runs/orca/optfreq/OF041/OF041.inp,ccc84a70a97d8c5d40ff3905df8f83efc44ab5afd5cb120ceb6d59f31e1b008b,tier1:redox:A001:S007:q-1:m1,de6c904a523806582fbf72130da874660be62f64364278b145011b0952e585ce,b1d32a50d1fd87e81e116e3b12ba076a4f1510bbc975de790b7e2914ba7cda1b,bdfff4b97121e7d5cdb7f0d658e82efa6da3238c090896ee64609097ef51a0f3,f3258c65556de93fd9cc8f9eb1e9e6c5af706decd13a52cb0fbab0aa5c3462ff,jhtvs-ft0806-optfreq-v3,T2_wB97X-D3_OptFreq_TZVPD-SP_SMD_v4,orca_298.15K_1atm_QuasiRRHO_project_1M_v1,8,3000,24.82,ready,
OF042,optfreq,D055_QP2_M1,S008,runs/orca/optfreq/OF042/OF042.inp,ef8ae88fe45111f844e166cab9c6c7f5b1fabc95b2f9c57fc052c453f3732bef,surrogate:sigma_preopt:D055:S008:q2:m1,2fcf9da0fc996fed34595d441637ffbab39a08d07d80042adab1dd78c72b2c43,db5885de49cc709f6674fc164be562158c5d5d811fffe5edb26c03db360f6770,20f0b3d9e5e1b001b6b4d198f6d4b5b60911007a3f3e091edb170082f568fb26,2d083199ce7c22ff66ae210c3503fb8b289aa67fe720e9d0aab3621560ee52dc,jhtvs-ft0806-optfreq-v3,T2_wB97X-D3_OptFreq_TZVPD-SP_SMD_v4,orca_298.15K_1atm_QuasiRRHO_project_1M_v1,8,3000,40.0,ready,
OF043,optfreq,M055_Q0_M1,S008,runs/orca/optfreq/OF043/OF043.inp,42833cf767265edec45305ec919165b427ca9c6f3b3c120d904bd5a856e34d83,tier1:redox:M055:S008:q0:m1,ea5f4d36dd0c3a97ecb89b9539bca4ad5fa2900a2ca47820ce8494ba6211afff,db5885de49cc709f6674fc164be562158c5d5d811fffe5edb26c03db360f6770,20f0b3d9e5e1b001b6b4d198f6d4b5b60911007a3f3e091edb170082f568fb26,7e131f8710780d03c20317f519700aacdf1077e8fceee78f995b5587181c1532,jhtvs-ft0806-optfreq-v3,T2_wB97X-D3_OptFreq_TZVPD-SP_SMD_v4,orca_298.15K_1atm_QuasiRRHO_project_1M_v1,8,3000,24.82,ready,
OF044,optfreq,M055_QP1_M2,S008,runs/orca/optfreq/OF044/OF044.inp,af7d150b8a061647cfd506d384ae7504c85a23901cbe0ad27f99b86353af1007,tier1:redox:M055:S008:q1:m2,02680670f5d65d042552eb1721308856596718e4f7f445431fc438cb5796d281,db5885de49cc709f6674fc164be562158c5d5d811fffe5edb26c03db360f6770,20f0b3d9e5e1b001b6b4d198f6d4b5b60911007a3f3e091edb170082f568fb26,46d0891466aa6037cb34574c94ed811aa5b71344a30489a82a068a37bfe20f44,jhtvs-ft0806-optfreq-v3,T2_wB97X-D3_OptFreq_TZVPD-SP_SMD_v4,orca_298.15K_1atm_QuasiRRHO_project_1M_v1,8,3000,24.82,ready,
OF045,optfreq,D038_QP2_M1,S011,runs/orca/optfreq/OF045/OF045.inp,544456c5cbc1e467d4fd339c68c1db7b037c051f0adb24474f5266b11d206ea3,surrogate:sigma_preopt:D038:S011:q2:m1,dc1d87cf46e0d585869d0cce9169e3d0056b0b140e4ccc2abb36509aa1ab1282,6291d651ef2f652d7d62ed30a194c0b1850313b02754f55ad0583ff3834bb373,a30bedf4bdd1a1f4fe3537eff26456de80870e0d221a1d3bb9427086b6dad759,5388eecd859c67fe537b147cac9612c9fd13618a07e5c81e47871899efdd677a,jhtvs-ft0806-optfreq-v3,T2_wB97X-D3_OptFreq_TZVPD-SP_SMD_v4,orca_298.15K_1atm_QuasiRRHO_project_1M_v1,8,3000,40.0,ready,
OF046,optfreq,M038_Q0_M1,S011,runs/orca/optfreq/OF046/OF046.inp,c6cc2bde761ef3078a110616e1bfa16f790bdf70d6ce36dc245ebbc44750b799,tier1:redox:M038:S011:q0:m1,de203e7b9db4c75b9a8e65138869787b3afef8fec9f56ffeb99d55324bac4553,6291d651ef2f652d7d62ed30a194c0b1850313b02754f55ad0583ff3834bb373,a30bedf4bdd1a1f4fe3537eff26456de80870e0d221a1d3bb9427086b6dad759,6d523b3c7d38569e9297e4bbeb7dfdd0f8103abf480f46f591ceb8ecfc9fe56b,jhtvs-ft0806-optfreq-v3,T2_wB97X-D3_OptFreq_TZVPD-SP_SMD_v4,orca_298.15K_1atm_QuasiRRHO_project_1M_v1,8,3000,24.82,ready,
OF047,optfreq,M038_QP1_M2,S011,runs/orca/optfreq/OF047/OF047.inp,ad12116af4d80a134684347b0706c326bf3f433bada68e8f7faacc35ce27091a,tier1:redox:M038:S011:q1:m2,7496917fb33be17492a22d8a41468dede62e45b4e344e8ec6fe30b7a4916322f,6291d651ef2f652d7d62ed30a194c0b1850313b02754f55ad0583ff3834bb373,a30bedf4bdd1a1f4fe3537eff26456de80870e0d221a1d3bb9427086b6dad759,9283241d4401ee2f2605efe5a7c311356e7301b746f6faa25519479a434b42e2,jhtvs-ft0806-optfreq-v3,T2_wB97X-D3_OptFreq_TZVPD-SP_SMD_v4,orca_298.15K_1atm_QuasiRRHO_project_1M_v1,8,3000,24.82,ready,
OF048,optfreq,D078_QP2_M1,S013,runs/orca/optfreq/OF048/OF048.inp,245722a6c05de486b90a36a0bd98dae1c3fce44b904ff793d75c7fa6c39fa2d6,surrogate:sigma_preopt:D078:S013:q2:m1,d96618a415fed33bbc6b127850618a2cf82c22938ddad1936f5a8c90d2e89934,4e4d8798a8ddd3145f43702dce184be916d116ae33b50a1ed0694fdd41eb88ba,67229d2454073e6f21af2831a065a118d624e639641d479e6f6e9f47dd134c38,d41ac12085dbd8db4f83dc4af9e56a3e19558c2055fa4f4b50b9621ebfd65e0f,jhtvs-ft0806-optfreq-v3,T2_wB97X-D3_OptFreq_TZVPD-SP_SMD_v4,orca_298.15K_1atm_QuasiRRHO_project_1M_v1,8,3000,40.0,ready,
OF049,optfreq,D094_QP2_M1,S013,runs/orca/optfreq/OF049/OF049.inp,5c9b65f526b5f565bd7e6534a10ce7d17a34895f943ac8cb6dc0e49fa5edb24f,surrogate:sigma_preopt:D094:S013:q2:m1,60a6399e381d791d98a1170164dd8d05b24c54c1d88f320cdd28a7da3f535a32,4e4d8798a8ddd3145f43702dce184be916d116ae33b50a1ed0694fdd41eb88ba,67229d2454073e6f21af2831a065a118d624e639641d479e6f6e9f47dd134c38,909574718534d42c2c3d0fdf3764d988dc44a4e9acfab4f78c4c6a8908b41317,jhtvs-ft0806-optfreq-v3,T2_wB97X-D3_OptFreq_TZVPD-SP_SMD_v4,orca_298.15K_1atm_QuasiRRHO_project_1M_v1,8,3000,40.0,ready,
OF050,optfreq,M078_Q0_M1,S013,runs/orca/optfreq/OF050/OF050.inp,b948fcfbcb1a4665771c940d56ec4625263c1de3d7bfa49f04b686200ca7e24a,tier1:redox:M078:S013:q0:m1,c13be356d798efc4f56b6932d46b291383dd62bb7e70f7117384a5ad18ce27cf,4e4d8798a8ddd3145f43702dce184be916d116ae33b50a1ed0694fdd41eb88ba,67229d2454073e6f21af2831a065a118d624e639641d479e6f6e9f47dd134c38,7850fc9b5d3e647369674deb23728019fd55f022849b107e5319a915621b1055,jhtvs-ft0806-optfreq-v3,T2_wB97X-D3_OptFreq_TZVPD-SP_SMD_v4,orca_298.15K_1atm_QuasiRRHO_project_1M_v1,8,3000,24.82,ready,
OF051,optfreq,M078_QP1_M2,S013,runs/orca/optfreq/OF051/OF051.inp,ce3750845a1c75b8c388ce1b920ce451db26245d0396ae2e993df1e270456f03,tier1:redox:M078:S013:q1:m2,51c5af7ec3a8cb1c232d95261fc909ec961fd2d3fe2e11b64f8be361816228f6,4e4d8798a8ddd3145f43702dce184be916d116ae33b50a1ed0694fdd41eb88ba,67229d2454073e6f21af2831a065a118d624e639641d479e6f6e9f47dd134c38,ec8ab2d218ffc641fffa19dedd20321b61760a7916d4837ca8f6f7e3e7945be7,jhtvs-ft0806-optfreq-v3,T2_wB97X-D3_OptFreq_TZVPD-SP_SMD_v4,orca_298.15K_1atm_QuasiRRHO_project_1M_v1,8,3000,24.82,ready,
OF052,optfreq,M094_Q0_M1,S013,runs/orca/optfreq/OF052/OF052.inp,5737763ecc451b739e2d0dab25d7936004fbb7fe90163240914a6c36176f2922,tier1:redox:M094:S013:q0:m1,17a174977317f84dfdce0e078cc94eb78f59f8795ec95d61643ea460f24a3091,4e4d8798a8ddd3145f43702dce184be916d116ae33b50a1ed0694fdd41eb88ba,67229d2454073e6f21af2831a065a118d624e639641d479e6f6e9f47dd134c38,9d71386f41c7a8952559fe25d0cd27577b57c0df3603df9d198d576a0b893fb0,jhtvs-ft0806-optfreq-v3,T2_wB97X-D3_OptFreq_TZVPD-SP_SMD_v4,orca_298.15K_1atm_QuasiRRHO_project_1M_v1,8,3000,24.82,ready,
OF053,optfreq,M094_QP1_M2,S013,runs/orca/optfreq/OF053/OF053.inp,7eddadc2f9414599e15b5ae40ca0dcdd252f908f182bbea0b139829b0f356fe2,tier1:redox:M094:S013:q1:m2,c4658ae1851098a29807a4f411963bfe523778c97534854ecce23c424af598ea,4e4d8798a8ddd3145f43702dce184be916d116ae33b50a1ed0694fdd41eb88ba,67229d2454073e6f21af2831a065a118d624e639641d479e6f6e9f47dd134c38,01b97f5342dee30a242263c43b3c6ab3d6e520bea905286539ed1c776d3f6076,jhtvs-ft0806-optfreq-v3,T2_wB97X-D3_OptFreq_TZVPD-SP_SMD_v4,orca_298.15K_1atm_QuasiRRHO_project_1M_v1,8,3000,24.82,ready,
OF054,optfreq,D070_QP2_M1,S014,runs/orca/optfreq/OF054/OF054.inp,017c320d204de2168e9a67d3513f2281aeabecd239c46f615f175683accd4a66,surrogate:sigma_preopt:D070:S014:q2:m1,60afaa1f047a2ca42cce24a17601710f2a2e65a3ee2e4236fdf77c22e4867548,324097c41807b7e6817904843b527672ce0d49fc46207474c203fe1de130c4a5,b7f52e6ef6da111a52a77d0b266ba6e1ccc5ab663aefe1540ece486880320841,c8a668281fd9887fe69357f4f0e06166e42c5b36562f248ce5d2af42a8ef6624,jhtvs-ft0806-optfreq-v3,T2_wB97X-D3_OptFreq_TZVPD-SP_SMD_v4,orca_298.15K_1atm_QuasiRRHO_project_1M_v1,8,3000,40.0,ready,
OF055,optfreq,D086_QP2_M1,S014,runs/orca/optfreq/OF055/OF055.inp,8e8172d7cdd4dd45d74ca9049f7fdb39963b9f60b0168f0fabc00a8e304380a0,surrogate:sigma_preopt:D086:S014:q2:m1,3f9626f005a8b3850ba3bc12254971c80e5184066eaecf7584eeebd1fd808e5a,324097c41807b7e6817904843b527672ce0d49fc46207474c203fe1de130c4a5,b7f52e6ef6da111a52a77d0b266ba6e1ccc5ab663aefe1540ece486880320841,88511b331dc61621ba2004589c0925f67a31dd5876e9c35436956e1c4241304c,jhtvs-ft0806-optfreq-v3,T2_wB97X-D3_OptFreq_TZVPD-SP_SMD_v4,orca_298.15K_1atm_QuasiRRHO_project_1M_v1,8,3000,40.0,ready,
OF056,optfreq,M070_Q0_M1,S014,runs/orca/optfreq/OF056/OF056.inp,68f08a370378bb86b165b55d3829509300d7c8aff36167309b82027672e578a7,tier1:redox:M070:S014:q0:m1,663b8c9b2fd1f900f83007ac00ada950dc304a637c513dc7d764e29897582bc8,324097c41807b7e6817904843b527672ce0d49fc46207474c203fe1de130c4a5,b7f52e6ef6da111a52a77d0b266ba6e1ccc5ab663aefe1540ece486880320841,c955e1e2d2e637241fecf5f9e6503a39d6b89697aff3eb652b43ce05325df0cb,jhtvs-ft0806-optfreq-v3,T2_wB97X-D3_OptFreq_TZVPD-SP_SMD_v4,orca_298.15K_1atm_QuasiRRHO_project_1M_v1,8,3000,24.82,ready,
OF057,optfreq,M070_QP1_M2,S014,runs/orca/optfreq/OF057/OF057.inp,c4d2894f5269bf753f263c1ceae6a151b24ad7f19470e1605ecf0d4adbffbc91,tier1:redox:M070:S014:q1:m2,a41d3ee7f340b5230f55140262ec1b799479963dc25739b3c930f42ab02fe114,324097c41807b7e6817904843b527672ce0d49fc46207474c203fe1de130c4a5,b7f52e6ef6da111a52a77d0b266ba6e1ccc5ab663aefe1540ece486880320841,df0a93f856859c471633ce06395a22f7665500e50bd00b1f8586d42c83c20241,jhtvs-ft0806-optfreq-v3,T2_wB97X-D3_OptFreq_TZVPD-SP_SMD_v4,orca_298.15K_1atm_QuasiRRHO_project_1M_v1,8,3000,24.82,ready,
OF058,optfreq,M086_Q0_M1,S014,runs/orca/optfreq/OF058/OF058.inp,78745385bf283af6091766a25656c8f05924e5e08075f5a5caa26b47fec39953,tier1:redox:M086:S014:q0:m1,bcb5b07b2223d6ea9afea06fc11ef4a5dba58a4451303265d86485f04e52c1fc,324097c41807b7e6817904843b527672ce0d49fc46207474c203fe1de130c4a5,b7f52e6ef6da111a52a77d0b266ba6e1ccc5ab663aefe1540ece486880320841,b7928120606f748734779feaf0ee0a7919b3b74a9646b0cc46281685fa34a69f,jhtvs-ft0806-optfreq-v3,T2_wB97X-D3_OptFreq_TZVPD-SP_SMD_v4,orca_298.15K_1atm_QuasiRRHO_project_1M_v1,8,3000,24.82,ready,
OF059,optfreq,M086_QP1_M2,S014,runs/orca/optfreq/OF059/OF059.inp,b0ac14e637dfa8682edc49514f4bdb5213bc922a96af43b4be12d1b6d8f08791,tier1:redox:M086:S014:q1:m2,304a4c82a804ae499a4eab77d92b3ea4793c0f624d33dbe01484a553687c1929,324097c41807b7e6817904843b527672ce0d49fc46207474c203fe1de130c4a5,b7f52e6ef6da111a52a77d0b266ba6e1ccc5ab663aefe1540ece486880320841,83dd1a44d395a37b30719a4ed420532714d1ff145ee52f53ae58cab04796cb9f,jhtvs-ft0806-optfreq-v3,T2_wB97X-D3_OptFreq_TZVPD-SP_SMD_v4,orca_298.15K_1atm_QuasiRRHO_project_1M_v1,8,3000,24.82,ready,
OF060,optfreq,D042_QP2_M1,S015,runs/orca/optfreq/OF060/OF060.inp,fb0f5e7fd3d9c62e9d0be40ebef53fb5e404c99c92f811856bde448f396b26b1,surrogate:sigma_preopt:D042:S015:q2:m1,0f1320e6ef97c53c0af35de2fa10bc04824eff6ee9093437977447aa06bf78fe,05dbdeea7d49eff66852393bde536a0453ee8596c7067b7556fa2f596a73e926,250b11e3df7588ed3e8e16a830801c1df7ed9954eede0a83d421ae7951183831,38b3f2ca1b80b81886fbe34d2f981dfc5629e0aeef1e82e6dc5255c27b4e7ea9,jhtvs-ft0806-optfreq-v3,T2_wB97X-D3_OptFreq_TZVPD-SP_SMD_v4,orca_298.15K_1atm_QuasiRRHO_project_1M_v1,8,3000,40.0,ready,
OF061,optfreq,M042_Q0_M1,S015,runs/orca/optfreq/OF061/OF061.inp,8c8f149c8b3f33d9ec684db55e62ec88d459f2b7818f4cf4e8669665483bd3ca,tier1:redox:M042:S015:q0:m1,8ee55f3b6e08097822ca64c91ab58a54298170f4ea858ffd4bd3c879f8b8b88e,05dbdeea7d49eff66852393bde536a0453ee8596c7067b7556fa2f596a73e926,250b11e3df7588ed3e8e16a830801c1df7ed9954eede0a83d421ae7951183831,911fe962520eaeedacff15826ec5010ae991dd4bcf4d42c28c0b0c5349d7006c,jhtvs-ft0806-optfreq-v3,T2_wB97X-D3_OptFreq_TZVPD-SP_SMD_v4,orca_298.15K_1atm_QuasiRRHO_project_1M_v1,8,3000,24.82,ready,
OF062,optfreq,M042_QP1_M2,S015,runs/orca/optfreq/OF062/OF062.inp,1d8ff166efade66a61a4bb1f978b28b64f41df208495864118f368b79087fe2a,tier1:redox:M042:S015:q1:m2,bfe3ab5a849b7dacdb33c6e93d0f963ceb3042388e50d3913b0207c79bcc8e5e,05dbdeea7d49eff66852393bde536a0453ee8596c7067b7556fa2f596a73e926,250b11e3df7588ed3e8e16a830801c1df7ed9954eede0a83d421ae7951183831,573e52318fddda83a7b6b1baf57748756021b5e68aa82955d02d1590dcb7a0a2,jhtvs-ft0806-optfreq-v3,T2_wB97X-D3_OptFreq_TZVPD-SP_SMD_v4,orca_298.15K_1atm_QuasiRRHO_project_1M_v1,8,3000,24.82,ready,
OF063,optfreq,D084_QP2_M1,S016,runs/orca/optfreq/OF063/OF063.inp,a2dd43b4086bb759c1b4173e880a17b40eb633ebf77a67c8d51e9eae41f3bfae,surrogate:sigma_preopt:D084:S016:q2:m1,2c9e32a7784a1a45398ad3236076354c225dcd5f6f8bd08f957dad359e110572,52547a40ce41486a7fe9d4c90401a978aec516425cb5f231668ef5b77905b868,45b71b41a4ba5a7cd7d6908d95ea1f83b8e85bd4eb374d3df0b2f5b333cb5d52,8359518e43756b241cf9e36a27c5ff86dbf4673aeeb71595318150f72ec33b93,jhtvs-ft0806-optfreq-v3,T2_wB97X-D3_OptFreq_TZVPD-SP_SMD_v4,orca_298.15K_1atm_QuasiRRHO_project_1M_v1,8,3000,40.0,ready,
OF064,optfreq,M084_Q0_M1,S016,runs/orca/optfreq/OF064/OF064.inp,77f9a06306eb3805e548ba8e6a8fe9304d0197f4166ae63f7527bc633c4e2a1a,tier1:redox:M084:S016:q0:m1,a8e5ba0a8b45c17e6fbab79dd330ecad4c7d1e2bdb8d7b8ea5f5f8a905a81d8d,52547a40ce41486a7fe9d4c90401a978aec516425cb5f231668ef5b77905b868,45b71b41a4ba5a7cd7d6908d95ea1f83b8e85bd4eb374d3df0b2f5b333cb5d52,b9a91303d52135dae9cb9ed838789778aed411383f2514c115aa3ca49f932145,jhtvs-ft0806-optfreq-v3,T2_wB97X-D3_OptFreq_TZVPD-SP_SMD_v4,orca_298.15K_1atm_QuasiRRHO_project_1M_v1,8,3000,24.82,ready,
OF065,optfreq,M084_QP1_M2,S016,runs/orca/optfreq/OF065/OF065.inp,8e0dc28401450db52a473120eefc0a7d8eb95d1de56d5bd7f64af91e1f341e88,tier1:redox:M084:S016:q1:m2,bbd6fb827694cd18bda2e741a56261339147c824be54fce0e0b5d18280a14fa0,52547a40ce41486a7fe9d4c90401a978aec516425cb5f231668ef5b77905b868,45b71b41a4ba5a7cd7d6908d95ea1f83b8e85bd4eb374d3df0b2f5b333cb5d52,0e2e3c10ae0463cfd7e03774512b536e8fd16ed59c4ed5846fe1befe56a805fd,jhtvs-ft0806-optfreq-v3,T2_wB97X-D3_OptFreq_TZVPD-SP_SMD_v4,orca_298.15K_1atm_QuasiRRHO_project_1M_v1,8,3000,24.82,ready,
OF066,optfreq,A011_Q0_M2,S017,runs/orca/optfreq/OF066/OF066.inp,3a4ee2b7a604563f948e892f9f7964f0fd2be9cf0042c2b569955e5e425cfba1,tier1:redox:A011:S017:q0:m2,4ef4f79c50ca1be022a9ca3dd5c0a459465049e58668e44e5beb63440a3f12d3,6dd988edb26c90d3fe035c8ae74f8e63336d90c9a3a4324caadf46c12b91c02e,1dda48776c318e0509679fb60584571ea415cd30241f2845dd815ced49d9a036,4ce5becd120e47f280cebe8120a84cc57b92a853e0fbd46b05f445c47abc53b4,jhtvs-ft0806-optfreq-v3,T2_wB97X-D3_OptFreq_TZVPD-SP_SMD_v4,orca_298.15K_1atm_QuasiRRHO_project_1M_v1,8,3000,24.82,ready,
OF067,optfreq,A011_QM1_M1,S017,runs/orca/optfreq/OF067/OF067.inp,2c0910a04360aaf227ea2d10dfbba16915497ae790b09fd1f7bf204ed05bfb7d,tier1:redox:A011:S017:q-1:m1,e6ae1f1806c7692a1ceacdf6478d0b9af35ba97d86ebd0f6720d0adc1b3856b4,6dd988edb26c90d3fe035c8ae74f8e63336d90c9a3a4324caadf46c12b91c02e,1dda48776c318e0509679fb60584571ea415cd30241f2845dd815ced49d9a036,5cac70e1826115b491419a3a6c73ed9aa3306f5edff3d37924ea46ead5d79d35,jhtvs-ft0806-optfreq-v3,T2_wB97X-D3_OptFreq_TZVPD-SP_SMD_v4,orca_298.15K_1atm_QuasiRRHO_project_1M_v1,8,3000,24.82,ready,
OF068,optfreq,D024_QP2_M1,S017,runs/orca/optfreq/OF068/OF068.inp,c50d3ecb1f06ff1639eed228d6e9966912c791d5d92e522b06cf573f8cf2d5d1,surrogate:sigma_preopt:D024:S017:q2:m1,9e538774b5d9701bbe71cd5dcf4f4bed415c00457ffc2c758da23a3720b5db34,6dd988edb26c90d3fe035c8ae74f8e63336d90c9a3a4324caadf46c12b91c02e,1dda48776c318e0509679fb60584571ea415cd30241f2845dd815ced49d9a036,c1c23489d2aefacccc80838931492ec3f274c5438273472621cf80d0322e07d4,jhtvs-ft0806-optfreq-v3,T2_wB97X-D3_OptFreq_TZVPD-SP_SMD_v4,orca_298.15K_1atm_QuasiRRHO_project_1M_v1,8,3000,40.0,ready,
OF069,optfreq,D096_QP2_M1,S017,runs/orca/optfreq/OF069/OF069.inp,c957f711dd42cb35227288354dd07c1de9d66c9b710860db7ec904ceb422c71a,surrogate:sigma_preopt:D096:S017:q2:m1,22574640c8d11a20ff700ebff460da5bb8f860b9d872823fce104624236fcc57,6dd988edb26c90d3fe035c8ae74f8e63336d90c9a3a4324caadf46c12b91c02e,1dda48776c318e0509679fb60584571ea415cd30241f2845dd815ced49d9a036,b22d7c1469b976ced4fc337d88f70909aa22c0cac424cbe2b449e5f085c89ad8,jhtvs-ft0806-optfreq-v3,T2_wB97X-D3_OptFreq_TZVPD-SP_SMD_v4,orca_298.15K_1atm_QuasiRRHO_project_1M_v1,8,3000,40.0,ready,
OF070,optfreq,M024_Q0_M1,S017,runs/orca/optfreq/OF070/OF070.inp,0c8822b515cc2c0f191f4f43a5b0c6b6f75fed817b92fb67777881767dce6f6d,tier1:redox:M024:S017:q0:m1,268c3bb6e833b5a1b9cd1ca79e8aa5206ffde8fe749ebef925acf0ac2260c15a,6dd988edb26c90d3fe035c8ae74f8e63336d90c9a3a4324caadf46c12b91c02e,1dda48776c318e0509679fb60584571ea415cd30241f2845dd815ced49d9a036,a7cfa757b4534af23c2aa15cbf04f236cd581f17638baabd3189815777c9665a,jhtvs-ft0806-optfreq-v3,T2_wB97X-D3_OptFreq_TZVPD-SP_SMD_v4,orca_298.15K_1atm_QuasiRRHO_project_1M_v1,8,3000,24.82,ready,
OF071,optfreq,M024_QP1_M2,S017,runs/orca/optfreq/OF071/OF071.inp,ac1900826361436b504002af7c28eb126ba687f89604b9ac325229f3e1ceeffb,tier1:redox:M024:S017:q1:m2,cb94bf54a610f043178375b6e55f559df75780a4bbd6775455b8b9c83b634d4a,6dd988edb26c90d3fe035c8ae74f8e63336d90c9a3a4324caadf46c12b91c02e,1dda48776c318e0509679fb60584571ea415cd30241f2845dd815ced49d9a036,0c2f1145710e7e07523c51747fd4575e71ada50d1a67c3c551a8d7665a1d3171,jhtvs-ft0806-optfreq-v3,T2_wB97X-D3_OptFreq_TZVPD-SP_SMD_v4,orca_298.15K_1atm_QuasiRRHO_project_1M_v1,8,3000,24.82,ready,
OF072,optfreq,M096_Q0_M1,S017,runs/orca/optfreq/OF072/OF072.inp,0ca3c5116d22c8b5fb0acccdbcc4a186d9ea36cac0ab0408319aa527ac661ec9,tier1:redox:M096:S017:q0:m1,f458dbe9dac8f22bae6e6c14849e04ed308bf360b92c68a348aedf543bb6bb30,6dd988edb26c90d3fe035c8ae74f8e63336d90c9a3a4324caadf46c12b91c02e,1dda48776c318e0509679fb60584571ea415cd30241f2845dd815ced49d9a036,fa86619181e2987af16400f4cfe8efa5aa8c742cd23b8f1b7225e32f730610b5,jhtvs-ft0806-optfreq-v3,T2_wB97X-D3_OptFreq_TZVPD-SP_SMD_v4,orca_298.15K_1atm_QuasiRRHO_project_1M_v1,8,3000,24.82,ready,
OF073,optfreq,M096_QP1_M2,S017,runs/orca/optfreq/OF073/OF073.inp,295e9353d62d4a46eb0a0fa8494f17d1d28b80cc9c342d858a748d52f76586d9,tier1:redox:M096:S017:q1:m2,b45a5be364e8715f9307ddc6cffdbcccdfc859aa152d96b047c61395eff42334,6dd988edb26c90d3fe035c8ae74f8e63336d90c9a3a4324caadf46c12b91c02e,1dda48776c318e0509679fb60584571ea415cd30241f2845dd815ced49d9a036,34879e123348efe3acc6608523a7879c275dc5ccb662af580b99b6faf5396c9d,jhtvs-ft0806-optfreq-v3,T2_wB97X-D3_OptFreq_TZVPD-SP_SMD_v4,orca_298.15K_1atm_QuasiRRHO_project_1M_v1,8,3000,24.82,ready,
OF074,optfreq,S017_Q0_M1,S017,runs/orca/optfreq/OF074/OF074.inp,b1b62bfc3a43a423d2d24eee0bd9695a2b9f0b4ed52415b302a74f1667f1d8c6,tier1:redox:S017:S017:q0:m1,c3370e476ccbe6ee5f810d62d7897417cd937102fc79eac5861c4294f8ec00f7,6dd988edb26c90d3fe035c8ae74f8e63336d90c9a3a4324caadf46c12b91c02e,1dda48776c318e0509679fb60584571ea415cd30241f2845dd815ced49d9a036,3f94981d3b575a3f4bb152bcabe7eb122bb6bee3b0034c33b854a39ee9ae690f,jhtvs-ft0806-optfreq-v3,T2_wB97X-D3_OptFreq_TZVPD-SP_SMD_v4,orca_298.15K_1atm_QuasiRRHO_project_1M_v1,8,3000,24.82,ready,
OF075,optfreq,S017_QP1_M2,S017,runs/orca/optfreq/OF075/OF075.inp,0ef7981cfe5240c05e35218a7a2be38d019e1fb54ce97c0075185512aa206833,tier1:redox:S017:S017:q1:m2,641444e1e53300ca2a52e20876fc6c3b1f487c6c052a2effa0e3c58b481342d1,6dd988edb26c90d3fe035c8ae74f8e63336d90c9a3a4324caadf46c12b91c02e,1dda48776c318e0509679fb60584571ea415cd30241f2845dd815ced49d9a036,e344cc5fa40951e0c9aa1abc74d88bbe71119d428303f3db2db1e8c380d04401,jhtvs-ft0806-optfreq-v3,T2_wB97X-D3_OptFreq_TZVPD-SP_SMD_v4,orca_298.15K_1atm_QuasiRRHO_project_1M_v1,8,3000,24.82,ready,
OF076,optfreq,A006_Q0_M2,S022,runs/orca/optfreq/OF076/OF076.inp,d4a61ca8dbefb8e609b914b1863b26a8b4a3d7f0360005610a073d067d265c40,tier1:redox:A006:S022:q0:m2,2f288159853107740ea455750ebd5bdff5c51ecf0adc3e89ad573c2157c4401b,147976185d878fea0367df1b47e4ba660327a4c480f8ae5d1ce994d25b48a2bd,e56dd040b3024fc7b0ca174d050c2f7d80d846bd46163a3349f650a9e5550e55,36e21bededc09a191b111c04845e8d64ca2eac9f1b39667d727e1b72199c92f7,jhtvs-ft0806-optfreq-v3,T2_wB97X-D3_OptFreq_TZVPD-SP_SMD_v4,orca_298.15K_1atm_QuasiRRHO_project_1M_v1,8,3000,24.82,ready,
OF077,optfreq,A006_QM1_M1,S022,runs/orca/optfreq/OF077/OF077.inp,bb728d3d4208075fcf75b5f55e8d2bfac9624f304a464103effa95b87d4ce8f4,tier1:redox:A006:S022:q-1:m1,08e40bebc4230d86cc62e65cbe807dedf9b3bc4344edd79e17ef9db5aaf38fbd,147976185d878fea0367df1b47e4ba660327a4c480f8ae5d1ce994d25b48a2bd,e56dd040b3024fc7b0ca174d050c2f7d80d846bd46163a3349f650a9e5550e55,e704c8f1bc2e99bed60741b642d2fba687d68e69c5105c7b05e1193bf9198cb7,jhtvs-ft0806-optfreq-v3,T2_wB97X-D3_OptFreq_TZVPD-SP_SMD_v4,orca_298.15K_1atm_QuasiRRHO_project_1M_v1,8,3000,24.82,ready,
OF078,optfreq,D026_QP2_M1,S024,runs/orca/optfreq/OF078/OF078.inp,c8a11ebf7488b9369eed2ea503b9ad54ce9fba3c39b7eb53291ef3efdb7b3c24,surrogate:sigma_preopt:D026:S024:q2:m1,4c547dba771a1d04c80cf0507faf8ee61c4f12c1652ff221441c51d54d6001bc,4bdb76d24b3b4b27d343e385e616bda2ee287eff92f856278196e75aa78aab0e,e2e920c94f5ebfe3ef93a16f04a6f5c34432b4f49379900bc73e25cb3e4ee574,3e1c7a7c63661e71201d99bc73c53be478dcf303fcd53466e3912838211a87da,jhtvs-ft0806-optfreq-v3,T2_wB97X-D3_OptFreq_TZVPD-SP_SMD_v4,orca_298.15K_1atm_QuasiRRHO_project_1M_v1,8,3000,40.0,ready,
OF079,optfreq,M026_Q0_M1,S024,runs/orca/optfreq/OF079/OF079.inp,842907e1f7598fa3bdd581550de925bc1a92206d80427763416c4fd318b60f05,tier1:redox:M026:S024:q0:m1,6cf3d252070924aed4af5dc9431e54872f1a1f98b0d1d4cdf96e2fb36f91ad00,4bdb76d24b3b4b27d343e385e616bda2ee287eff92f856278196e75aa78aab0e,e2e920c94f5ebfe3ef93a16f04a6f5c34432b4f49379900bc73e25cb3e4ee574,6c97bc9a6fe507def0c1a1d74e0880d11084f6d4ff06f95d26bde82312437cbd,jhtvs-ft0806-optfreq-v3,T2_wB97X-D3_OptFreq_TZVPD-SP_SMD_v4,orca_298.15K_1atm_QuasiRRHO_project_1M_v1,8,3000,24.82,ready,
OF080,optfreq,M026_QP1_M2,S024,runs/orca/optfreq/OF080/OF080.inp,3779cffc285ee2217c84cb9ed168e1cf3c8b6b410dd08d4a10e49ae05fd8555d,tier1:redox:M026:S024:q1:m2,8bce57d2fc8e7a26c7c0cd78c6f950518c7332cac2ea823c749e1fb3104e5cd1,4bdb76d24b3b4b27d343e385e616bda2ee287eff92f856278196e75aa78aab0e,e2e920c94f5ebfe3ef93a16f04a6f5c34432b4f49379900bc73e25cb3e4ee574,c3097fec0012636b8163b58031509e459d0585eb535d99d67b28604ca89ef6ea,jhtvs-ft0806-optfreq-v3,T2_wB97X-D3_OptFreq_TZVPD-SP_SMD_v4,orca_298.15K_1atm_QuasiRRHO_project_1M_v1,8,3000,24.82,ready,
SP0001,diagnostic_gas_sp,A002_Q0_M2,GAS,runs/orca/sp/SP0001/SP0001.inp,cf10e8939a51524b0f7b479e58317f3241323ca1ed4f2930fa2c438e89c1c5d2,tier1:redox:A002:S001:q0:m2,8989bc787272bd7fd42b9023c55d70658f3c4d032ee35f7117e85123d865fe0c,,,5104dbcd25ed81487682c3254b22dd4a30486956f7bce8df6eeb58a53f66b8a4,jhtvs-ft0806-sp-v3,T2_wB97X-D3_def2-TZVPD_gas_energy_SP_v1,not_applicable,8,3000,1.74,ready,
SP0002,diagnostic_gas_sp,A002_QM1_M1,GAS,runs/orca/sp/SP0002/SP0002.inp,3de04720636d1210d0a37ca978f3b0f34204a791905071110a9bead19b47d5e6,tier1:redox:A002:S001:q-1:m1,7a17f45bb14124753ff5516d497203fbc01bb3fa236829911d8ecce7fe4e1385,,,eda1acd8262803e2d44a949c4545702931a105bf8b566621f2dcc672ccc78d20,jhtvs-ft0806-sp-v3,T2_wB97X-D3_def2-TZVPD_gas_energy_SP_v1,not_applicable,8,3000,1.74,ready,
SP0003,diagnostic_gas_sp,A003_Q0_M2,GAS,runs/orca/sp/SP0003/SP0003.inp,6685b3effbdfdcafa81160979aca87d705a83914b1ae2049d20f085fcb0baa12,tier1:redox:A003:S005:q0:m2,e14f4bf48e5366d85e6639fd3b8de55052084db409b95208f88b48408fbbd3ba,,,8f714edec487f82c2abefd5865b3ffd7dd0a693d96821086e7158b83a4b4a0e9,jhtvs-ft0806-sp-v3,T2_wB97X-D3_def2-TZVPD_gas_energy_SP_v1,not_applicable,8,3000,1.74,ready,
SP0004,diagnostic_gas_sp,A003_QM1_M1,GAS,runs/orca/sp/SP0004/SP0004.inp,b530dcff38e9c3f06715e2b1d3558f6ec17798dd6d68411797c3fb1fdcea84fa,tier1:redox:A003:S005:q-1:m1,9b001ffdc8a11ff559a607b1e78cc837ad373850361510763c9a4b023f58e53f,,,2101d3abffd9b9931ca5c100278886ec3fa47189650275f45e57c1782ad7db78,jhtvs-ft0806-sp-v3,T2_wB97X-D3_def2-TZVPD_gas_energy_SP_v1,not_applicable,8,3000,1.74,ready,
SP0005,diagnostic_gas_sp,A005_Q0_M2,GAS,runs/orca/sp/SP0005/SP0005.inp,6bfd33cc4bdb3cfd6a7bc19d903dff0a44d6b3d88734d6705247ae2f9f11aec7,tier1:redox:A005:S001:q0:m2,8875ab7debcbe00c2bfc560b7422f752f1fcb22940fc6c49689c56340a85b102,,,5f5c1dc62301fe247cd1b79e107ebd4f38b939d889c3661d9af6e622ca9f1d8f,jhtvs-ft0806-sp-v3,T2_wB97X-D3_def2-TZVPD_gas_energy_SP_v1,not_applicable,8,3000,1.74,ready,
SP0006,diagnostic_gas_sp,A005_QM1_M1,GAS,runs/orca/sp/SP0006/SP0006.inp,8a8f5a63ccfd889f0082a26056bed5994d8d73f4ad3a93ea3ac79bf65af48809,tier1:redox:A005:S001:q-1:m1,076427c4340388a02876de2020a81504e202b7125bce533084e7c125aa8290cd,,,ce2c1091074dddb06d186a0c6ad47bf9d0946c169fbd043b905160813b53a3a0,jhtvs-ft0806-sp-v3,T2_wB97X-D3_def2-TZVPD_gas_energy_SP_v1,not_applicable,8,3000,1.74,ready,
SP0007,diagnostic_gas_sp,A009_Q0_M2,GAS,runs/orca/sp/SP0007/SP0007.inp,08cd945993f73ed72f90573ca10591ca1755674624bd076f5c970661aa48c7a6,tier1:redox:A009:S002:q0:m2,bc30c2bf072b5adcbe5002ec4266eb98cae6451d711411c8aee7f3112a304119,,,b078b1350dd6f29e628b1339d09d1218b0e713cd206c9183afffbd74e53c81ef,jhtvs-ft0806-sp-v3,T2_wB97X-D3_def2-TZVPD_gas_energy_SP_v1,not_applicable,8,3000,1.74,ready,
SP0008,diagnostic_gas_sp,A009_QM1_M1,GAS,runs/orca/sp/SP0008/SP0008.inp,6ddaaa43d0594f18f1a5da337309d34517b37b3d0e64d6a7187d83fcdf24869d,tier1:redox:A009:S002:q-1:m1,803b0bc1d8381ac2303eaa8e619ef8e287ff477d87a3552b7ac97ceb3ce8f643,,,e73a9be57a334297149d2a2a73cb1089e338bd7b3c82e3f5d52f867f29518941,jhtvs-ft0806-sp-v3,T2_wB97X-D3_def2-TZVPD_gas_energy_SP_v1,not_applicable,8,3000,1.74,ready,
SP0009,diagnostic_gas_sp,D001_QP2_M1,GAS,runs/orca/sp/SP0009/SP0009.inp,fc547be3a4618c7949f461a617e4707420f5b6473240c8cb7b29d336d5e08432,surrogate:sigma_preopt:D001:S001:q2:m1,5adffce99ca2e72873c4163f35d7adf46d50ddad9fa112bbd17e3ff93bd39b53,,,29997ca7f1fdd7b7f050a7645e88488cac762e1b2aa5df58efaf759a7d43c321,jhtvs-ft0806-sp-v3,T2_wB97X-D3_def2-TZVPD_gas_energy_SP_v1,not_applicable,8,3000,4.22,ready,
SP0010,diagnostic_gas_sp,D007_QP2_M1,GAS,runs/orca/sp/SP0010/SP0010.inp,27fef91f6a305611784c6a9dc66c5694668d4fc6ede7b54fe6849fa737337538,surrogate:sigma_preopt:D007:S004:q2:m1,0efab730f80847159e2455e2bdd13bf8cad977fe8eee9f77e67ff2c9223e5b0a,,,98076c5fc3fb65ac306d7384330be31755117cafcfcf052961a4fd5d24aa5712,jhtvs-ft0806-sp-v3,T2_wB97X-D3_def2-TZVPD_gas_energy_SP_v1,not_applicable,8,3000,4.22,ready,
SP0011,diagnostic_gas_sp,D022_QP2_M1,GAS,runs/orca/sp/SP0011/SP0011.inp,2ba769402a48fa0e31837201217c27da013389aa65559daf1e0cf15d4398027c,surrogate:sigma_preopt:D022:S001:q2:m1,f824f543517095f3e0beb448eadf5ed9401775434c57f8906c346970b25715fa,,,4cfb5bc05b0cab2f7632930931f17b5fb85ab3dc68e72dd4fc34dacec5d2b75b,jhtvs-ft0806-sp-v3,T2_wB97X-D3_def2-TZVPD_gas_energy_SP_v1,not_applicable,8,3000,4.22,ready,
SP0012,diagnostic_gas_sp,D024_QP2_M1,GAS,runs/orca/sp/SP0012/SP0012.inp,4475a9b1e4a070ec2f002dfcd5a7920a51ff4d7481bc7f6496eaa2457b8eb080,surrogate:sigma_preopt:D024:S004:q2:m1,34878daca7b73d5138a37c971848bb0e1d7766551ed9c6bd63902ae10f18003d,,,94e3ecedcfbd977a4cd0570623007ec5139608b4e41c601d25df902c3b647910,jhtvs-ft0806-sp-v3,T2_wB97X-D3_def2-TZVPD_gas_energy_SP_v1,not_applicable,8,3000,4.22,ready,
SP0013,diagnostic_gas_sp,D026_QP2_M1,GAS,runs/orca/sp/SP0013/SP0013.inp,97293ff3cd462a9218b84de30c132ede13bbfc37673cf34302e89ce83fd0a037,surrogate:sigma_preopt:D026:S005:q2:m1,2bc45bd2e0ebcddb6ce12237ee9b352fb35e95ff190c99c9217917d6b3c5baf7,,,155f285e634655b08f6f510e7d514b1c23cc1332b1e6bcd32535712c1e7d1552,jhtvs-ft0806-sp-v3,T2_wB97X-D3_def2-TZVPD_gas_energy_SP_v1,not_applicable,8,3000,4.22,ready,
SP0014,diagnostic_gas_sp,D027_QP2_M1,GAS,runs/orca/sp/SP0014/SP0014.inp,11621db744d24a44e9f268c3e4efc734888ac5662b419ded4329a66b2fedf40c,surrogate:sigma_preopt:D027:S001:q2:m1,f9bb42c8c7aaffaefedcc4fb5d791781b34d44f0cb8ac9e87d723ebddf64a299,,,c071731b50db4b4bbe7e89fca532e85efc7e5ba07074b74fe088039ff36c50fc,jhtvs-ft0806-sp-v3,T2_wB97X-D3_def2-TZVPD_gas_energy_SP_v1,not_applicable,8,3000,4.22,ready,
SP0015,diagnostic_gas_sp,D038_QP2_M1,GAS,runs/orca/sp/SP0015/SP0015.inp,1ef0a740730af45f620ace8dd5126ad57c072a28bd8803262b95d33452899b5f,surrogate:sigma_preopt:D038:S004:q2:m1,24a6732950208d7a556759ff963b940b0c13887276c6e7dbb49e7640a78fc288,,,46e41af0e3abe31137a434502795e2993b19e09f7926ce6881697c7daa27a1e7,jhtvs-ft0806-sp-v3,T2_wB97X-D3_def2-TZVPD_gas_energy_SP_v1,not_applicable,8,3000,4.22,ready,
SP0016,diagnostic_gas_sp,D042_QP2_M1,GAS,runs/orca/sp/SP0016/SP0016.inp,12ecfd072a4ec4b8db97ead63ced595c4308852eb6033209a44dba12b6b9515f,surrogate:sigma_preopt:D042:S005:q2:m1,35a346dd6fd8d0acd646af44b8611cd55c2bafab15b4961884a2af0eea3bbe29,,,7d02f196be369ea3f1e1746255e0385728ed6cddfb0f6ce98c818ba3a8932ad7,jhtvs-ft0806-sp-v3,T2_wB97X-D3_def2-TZVPD_gas_energy_SP_v1,not_applicable,8,3000,4.22,ready,
SP0017,diagnostic_gas_sp,M022_Q0_M1,GAS,runs/orca/sp/SP0017/SP0017.inp,94138f850a5134b4e5d48e86e86a7b3ab79a982778e3b8f3915000542fdec122,tier1:redox:M022:S001:q0:m1,c5c9dd861157456f01be65522c327a1e3a1dd6b46a486eeb02a038e20def6b8e,,,2a47438b87cae4edeb87b9afc88b56e254ce01d672a032ab40738fcbb8e87ecb,jhtvs-ft0806-sp-v3,T2_wB97X-D3_def2-TZVPD_gas_energy_SP_v1,not_applicable,8,3000,1.74,ready,
SP0018,diagnostic_gas_sp,M022_QP1_M2,GAS,runs/orca/sp/SP0018/SP0018.inp,bd342583c094d2bc501df07f61bead7e3dfa8f3e15273a48ba48f9f1b4bbe596,tier1:redox:M022:S001:q1:m2,3b2369106cd4ab7fc5c896f338b5f7dbc3b1f21c68639a3c2bf19f1364e6a4f5,,,71ced9ad08ddf1ef30da2f3c6a33512b7f441400594e67d38e6bc37a452361bc,jhtvs-ft0806-sp-v3,T2_wB97X-D3_def2-TZVPD_gas_energy_SP_v1,not_applicable,8,3000,1.74,ready,
SP0019,diagnostic_gas_sp,M027_Q0_M1,GAS,runs/orca/sp/SP0019/SP0019.inp,b41191756117f32ab627fb6e181d8060125b1c27acd9fc0f718af6f5e803618a,tier1:redox:M027:S002:q0:m1,b7e36b6cd6882305dc1bc07b7d1d798d27a660212fd3a119d7defc89d4f87491,,,7c3b901755269e8ab5fb085f2441c5777f01c13eec612d984abc4ad46e468cf4,jhtvs-ft0806-sp-v3,T2_wB97X-D3_def2-TZVPD_gas_energy_SP_v1,not_applicable,8,3000,1.74,ready,
SP0020,diagnostic_gas_sp,M027_QP1_M2,GAS,runs/orca/sp/SP0020/SP0020.inp,9a7b7645befcf3f9de4b5bd4253ecd12448601749c9fe74c2053a2d1d4f7646d,tier1:redox:M027:S001:q1:m2,b4d46366fc68229afaa891a38667ff0cc3e3632ffc0f314a793bf9c25f7ec726,,,215853d9106a2a4fbb75edcd0307a4276a1bdfa36b4827ce2de8ca2d6d4be62d,jhtvs-ft0806-sp-v3,T2_wB97X-D3_def2-TZVPD_gas_energy_SP_v1,not_applicable,8,3000,1.74,ready,
SP0021,diagnostic_gas_sp,M060_Q0_M1,GAS,runs/orca/sp/SP0021/SP0021.inp,6cf05769f476f97d03ecb25ac6a790d529b43d36c26733b8f5e66c5d9fe41f91,tier1:redox:M060:S002:q0:m1,6ea1cbd1735b4a3b8cd1e5485cfccbb7c5c63f1cd640b1497e6f568a3a89052e,,,ec89963fc1f00d5e8dda6d1c5c4086dd50b487f3e3c80d782dca9094a75026a1,jhtvs-ft0806-sp-v3,T2_wB97X-D3_def2-TZVPD_gas_energy_SP_v1,not_applicable,8,3000,1.74,ready,
SP0022,diagnostic_gas_sp,M060_QP1_M2,GAS,runs/orca/sp/SP0022/SP0022.inp,f6c0cdc87ab586f5d7e9bb926a9d809bec0aed46d66d5fa02f4a4b00beacc197,tier1:redox:M060:S002:q1:m2,810f8a9658db69377139ec50285d710c03b039fe87125798636bfaa0950a8e76,,,7f8fc3c232cbd3c70f617924367a125804d8812afd9f88d5a9028d9d6fb35a4a,jhtvs-ft0806-sp-v3,T2_wB97X-D3_def2-TZVPD_gas_energy_SP_v1,not_applicable,8,3000,1.74,ready,
SP0023,diagnostic_gas_sp,M070_Q0_M1,GAS,runs/orca/sp/SP0023/SP0023.inp,98b66b24d225c164852be946e4ff7063cb2c2251749721d6cff6c4480aa567af,tier1:redox:M070:S004:q0:m1,3e84cf5ece6c546b863824e05260dd06d1f25ce588d3656ddc0cf816041a60ff,,,b4ba55394efadf9904541684c68df482b58987d5ac9a555d336873bd22e272d7,jhtvs-ft0806-sp-v3,T2_wB97X-D3_def2-TZVPD_gas_energy_SP_v1,not_applicable,8,3000,1.74,ready,
SP0024,diagnostic_gas_sp,M070_QP1_M2,GAS,runs/orca/sp/SP0024/SP0024.inp,a9fb2867848b6a296b28dd0883576df672e08e126c8157bebf5dc00b29047f53,tier1:redox:M070:S004:q1:m2,0567888c3502f740e7ec872264388784ffafdf476c116814966ff290881032e9,,,b2ea7ac2b86c67270c0b42582c7d3c1c7ec223fe3049daa9e7bec7a21ed761bd,jhtvs-ft0806-sp-v3,T2_wB97X-D3_def2-TZVPD_gas_energy_SP_v1,not_applicable,8,3000,1.74,ready,
SP0025,diagnostic_gas_sp,M084_Q0_M1,GAS,runs/orca/sp/SP0025/SP0025.inp,b0bc7a6085cef705a65986849b509ca4f7aa4a34edf774a0f5a79ec1507cd6eb,tier1:redox:M084:S001:q0:m1,e40aa6fa3000026be958659fcff130de3ff9cfa7281a2140647b2aebd77ed662,,,e7e5c4a53806313a6f7aeddeb03571b1b47bf008cce25df94a471ed3d1d0397c,jhtvs-ft0806-sp-v3,T2_wB97X-D3_def2-TZVPD_gas_energy_SP_v1,not_applicable,8,3000,1.74,ready,
SP0026,diagnostic_gas_sp,M084_QP1_M2,GAS,runs/orca/sp/SP0026/SP0026.inp,dbed4944efdf8d71747d4e622e26ec58d70f57d6201f4b7519fee4b70c6aaf22,tier1:redox:M084:S001:q1:m2,82c01c1aa9b8e39fd2620de52b1f2d21ebfcc725dd264c9cc7f2ec2cc9adf777,,,a721559e78a5d8cea7297eba773fb2cadc4d7967f24c853154da24621cf5a928,jhtvs-ft0806-sp-v3,T2_wB97X-D3_def2-TZVPD_gas_energy_SP_v1,not_applicable,8,3000,1.74,ready,
SP0027,diagnostic_gas_sp,S001_Q0_M1,GAS,runs/orca/sp/SP0027/SP0027.inp,54eb6e9d4b4479d36ad10aa757e470950df2d75d94f23e40d1f4a04a75e630a4,tier1:redox:S001:S001:q0:m1,2f126b3daee7595eac16f8c867eecec004eb2d795f3c805944c21e598e8b044a,,,594c02e95e46104756eb71f80f36af322ed3febca0864554eccc8bd8d6b175eb,jhtvs-ft0806-sp-v3,T2_wB97X-D3_def2-TZVPD_gas_energy_SP_v1,not_applicable,8,3000,1.74,ready,
SP0028,diagnostic_gas_sp,S001_QP1_M2,GAS,runs/orca/sp/SP0028/SP0028.inp,2075182a8de81333f814743928ac1d827c10a59fb4245a796c461b90688496d3,tier1:redox:S001:S001:q1:m2,70f9e8b996986d875f2a7db461a7a274881daf1b7dbc36c0569688b0d9adf796,,,b6976660eefb8222574823531bcad2dd047a37baf83a6ecd3514865dea8bf9d0,jhtvs-ft0806-sp-v3,T2_wB97X-D3_def2-TZVPD_gas_energy_SP_v1,not_applicable,8,3000,1.74,ready,
SP0029,diagnostic_gas_sp,S017_Q0_M1,GAS,runs/orca/sp/SP0029/SP0029.inp,0163f2b92041bce70443283d4be17b00f3e64cc84c91bde4075e70a179fcc76d,tier1:redox:S017:S017:q0:m1,c3370e476ccbe6ee5f810d62d7897417cd937102fc79eac5861c4294f8ec00f7,,,a2d7a8f1bc397cae55d616acd9bf24739f9a4ba398d6e293452225ef27c88280,jhtvs-ft0806-sp-v3,T2_wB97X-D3_def2-TZVPD_gas_energy_SP_v1,not_applicable,8,3000,1.74,ready,
SP0030,diagnostic_gas_sp,S017_QP1_M2,GAS,runs/orca/sp/SP0030/SP0030.inp,c00c12b41dc780a578331d56c7f166f8f8a042d00110f9b4288eac6498e0fa79,tier1:redox:S017:S017:q1:m2,641444e1e53300ca2a52e20876fc6c3b1f487c6c052a2effa0e3c58b481342d1,,,8d6ca618edc6fbec6bd2d6b37f3156952013294c89fbdbe6532daa009681baaa,jhtvs-ft0806-sp-v3,T2_wB97X-D3_def2-TZVPD_gas_energy_SP_v1,not_applicable,8,3000,1.74,ready,
SP0031,smd_energy_sp,A001_Q0_M2,S001,runs/orca/sp/SP0031/SP0031.inp,d199687d51cdbf8ebba6ef82fc7dea682db2e87838cbaa227fc797ec83f92f02,tier1:redox:A001:S001:q0:m2,588ed992a26c54329e3e11980df071b97eb9e5327a31f258b5c81e8e0630cb12,33991649687f2d2b981d6e03785961ad9457eb27eac9b175c78aef6ac9c44c11,2ac42ed3e22fe59dd5791310aba80df0f44a97fce93a0f99bfc908a252e00b57,f195ee879d7c66f2f0336cbd22469184bcde073de2b7168b9f13d6b04b0b8956,jhtvs-ft0806-sp-v3,T2_wB97X-D3_def2-TZVPD_SMD_energy_SP_v1,not_applicable,8,3000,1.74,ready,
SP0032,smd_energy_sp,A001_QM1_M1,S001,runs/orca/sp/SP0032/SP0032.inp,6a6d64b208dc1d914b92a21faa21f9ec411e57e3892d9c81aac819647a9e0c39,tier1:redox:A001:S001:q-1:m1,4df9acf370f285897aec214922626c3f111f0468f41204e5ca5c37efddf77369,33991649687f2d2b981d6e03785961ad9457eb27eac9b175c78aef6ac9c44c11,2ac42ed3e22fe59dd5791310aba80df0f44a97fce93a0f99bfc908a252e00b57,8fd8d4f5c4392fdf19ab8a166db17fdc7412f337fca0d136af0a95e40a5fcf60,jhtvs-ft0806-sp-v3,T2_wB97X-D3_def2-TZVPD_SMD_energy_SP_v1,not_applicable,8,3000,1.74,ready,
SP0033,smd_energy_sp,A002_Q0_M2,S001,runs/orca/sp/SP0033/SP0033.inp,8d0f4f6e9a79bc3a7771827068c413a891698cb07daf049a87dd095dbeb1537d,tier1:redox:A002:S001:q0:m2,8989bc787272bd7fd42b9023c55d70658f3c4d032ee35f7117e85123d865fe0c,33991649687f2d2b981d6e03785961ad9457eb27eac9b175c78aef6ac9c44c11,2ac42ed3e22fe59dd5791310aba80df0f44a97fce93a0f99bfc908a252e00b57,dada8dbeaaa582eefde0619ea9b8198e4d3fee501ea770f559935cd56c864f4a,jhtvs-ft0806-sp-v3,T2_wB97X-D3_def2-TZVPD_SMD_energy_SP_v1,not_applicable,8,3000,1.74,ready,
SP0034,smd_energy_sp,A002_QM1_M1,S001,runs/orca/sp/SP0034/SP0034.inp,c90a81d40125c2f0f59c6456bf5ae57c4bdb8605ff29bf33777978b1db82284f,tier1:redox:A002:S001:q-1:m1,7a17f45bb14124753ff5516d497203fbc01bb3fa236829911d8ecce7fe4e1385,33991649687f2d2b981d6e03785961ad9457eb27eac9b175c78aef6ac9c44c11,2ac42ed3e22fe59dd5791310aba80df0f44a97fce93a0f99bfc908a252e00b57,9521d711f5abf339fd0f99a0b43eb5d9675899d7afaea7de98923d2fcf8479f2,jhtvs-ft0806-sp-v3,T2_wB97X-D3_def2-TZVPD_SMD_energy_SP_v1,not_applicable,8,3000,1.74,ready,
SP0035,smd_energy_sp,A005_Q0_M2,S001,runs/orca/sp/SP0035/SP0035.inp,1766c6acbf6f6c55384a0bd2a35d5d6eae3d538f99944d0e891041d061c29282,tier1:redox:A005:S001:q0:m2,8875ab7debcbe00c2bfc560b7422f752f1fcb22940fc6c49689c56340a85b102,33991649687f2d2b981d6e03785961ad9457eb27eac9b175c78aef6ac9c44c11,2ac42ed3e22fe59dd5791310aba80df0f44a97fce93a0f99bfc908a252e00b57,f84a663f6564c0908269012f28baa9d941e6d03c5f5348e164bcb7049cf149f6,jhtvs-ft0806-sp-v3,T2_wB97X-D3_def2-TZVPD_SMD_energy_SP_v1,not_applicable,8,3000,1.74,ready,
SP0036,smd_energy_sp,A005_QM1_M1,S001,runs/orca/sp/SP0036/SP0036.inp,7b10492cfd28f117a2fcd80e51f77e50dfce47d1eeb43d9c209c8bfa9514c198,tier1:redox:A005:S001:q-1:m1,076427c4340388a02876de2020a81504e202b7125bce533084e7c125aa8290cd,33991649687f2d2b981d6e03785961ad9457eb27eac9b175c78aef6ac9c44c11,2ac42ed3e22fe59dd5791310aba80df0f44a97fce93a0f99bfc908a252e00b57,fba244c9f70265a731b15f9047ffc505b91329bbcae05b9ef7e6d584706f4990,jhtvs-ft0806-sp-v3,T2_wB97X-D3_def2-TZVPD_SMD_energy_SP_v1,not_applicable,8,3000,1.74,ready,
SP0037,smd_energy_sp,A006_Q0_M2,S001,runs/orca/sp/SP0037/SP0037.inp,7f9475a0ade408e86e141a741f0b9f916b8f9cb277a0301ed7973573b7fadd72,tier1:redox:A006:S001:q0:m2,02adc2950123ac264ad5f593e706785442d4126fedef9827e28fa71f5452ad51,33991649687f2d2b981d6e03785961ad9457eb27eac9b175c78aef6ac9c44c11,2ac42ed3e22fe59dd5791310aba80df0f44a97fce93a0f99bfc908a252e00b57,84cb199977522d598c5f1658021577ad429998eb26c29461034ef040d7148e9f,jhtvs-ft0806-sp-v3,T2_wB97X-D3_def2-TZVPD_SMD_energy_SP_v1,not_applicable,8,3000,1.74,ready,
SP0038,smd_energy_sp,A006_QM1_M1,S001,runs/orca/sp/SP0038/SP0038.inp,2cbc90e347dfa008c50068c7a59ba3b5989637c8b5bb0b5c25ea33dad78235ac,tier1:redox:A006:S001:q-1:m1,5b28148066e683c7a6cfd8be32d31c5afb0fc9861b0edacdf2cab49691a73899,33991649687f2d2b981d6e03785961ad9457eb27eac9b175c78aef6ac9c44c11,2ac42ed3e22fe59dd5791310aba80df0f44a97fce93a0f99bfc908a252e00b57,baab95e7667388355fc56ce756cffd2469352bf4f6c2c13a291a3a112d33c680,jhtvs-ft0806-sp-v3,T2_wB97X-D3_def2-TZVPD_SMD_energy_SP_v1,not_applicable,8,3000,1.74,ready,
SP0039,smd_energy_sp,A011_Q0_M2,S001,runs/orca/sp/SP0039/SP0039.inp,ba4673a5a7816be61651516f67e0f8f747530e28ff067ce0145bdd41e6da19a4,tier1:redox:A011:S001:q0:m2,4ef4f79c50ca1be022a9ca3dd5c0a459465049e58668e44e5beb63440a3f12d3,33991649687f2d2b981d6e03785961ad9457eb27eac9b175c78aef6ac9c44c11,2ac42ed3e22fe59dd5791310aba80df0f44a97fce93a0f99bfc908a252e00b57,7e02954fb678332a0dcc9b6726c19bda73a02a3ffe5b4fa1678c31449a1655e1,jhtvs-ft0806-sp-v3,T2_wB97X-D3_def2-TZVPD_SMD_energy_SP_v1,not_applicable,8,3000,1.74,ready,
SP0040,smd_energy_sp,A011_QM1_M1,S001,runs/orca/sp/SP0040/SP0040.inp,2b768d6e62b650b331198ac8c8ac748f8ace5bd3cd86538ccc9c6127a6f21e09,tier1:redox:A011:S001:q-1:m1,f9aa82c509d292fbd77aa7449566cf5f5cfc5a0ea7f6e563dfd3682d911b5f32,33991649687f2d2b981d6e03785961ad9457eb27eac9b175c78aef6ac9c44c11,2ac42ed3e22fe59dd5791310aba80df0f44a97fce93a0f99bfc908a252e00b57,141194014841328e753fdc8e1fb3d641feb66a62f4f199b24c060b11922a5b37,jhtvs-ft0806-sp-v3,T2_wB97X-D3_def2-TZVPD_SMD_energy_SP_v1,not_applicable,8,3000,1.74,ready,
SP0041,smd_energy_sp,D001_QP2_M1,S001,runs/orca/sp/SP0041/SP0041.inp,cd743e3d76ebcf9439cd5c8a29d6194e8a72170e36120039a1e7e2a8d2a424ee,surrogate:sigma_preopt:D001:S001:q2:m1,5adffce99ca2e72873c4163f35d7adf46d50ddad9fa112bbd17e3ff93bd39b53,33991649687f2d2b981d6e03785961ad9457eb27eac9b175c78aef6ac9c44c11,2ac42ed3e22fe59dd5791310aba80df0f44a97fce93a0f99bfc908a252e00b57,1901c85b7f8ba9de8000dfaa15fa602c6d9a9fb48e1e1d70b83ae74a211ac200,jhtvs-ft0806-sp-v3,T2_wB97X-D3_def2-TZVPD_SMD_energy_SP_v1,not_applicable,8,3000,4.22,ready,
SP0042,smd_energy_sp,D022_QP2_M1,S001,runs/orca/sp/SP0042/SP0042.inp,d9a1f6539b121d9a21592fff3582b32ef09a6d0d2a0b077817d6742ccaffbc01,surrogate:sigma_preopt:D022:S001:q2:m1,f824f543517095f3e0beb448eadf5ed9401775434c57f8906c346970b25715fa,33991649687f2d2b981d6e03785961ad9457eb27eac9b175c78aef6ac9c44c11,2ac42ed3e22fe59dd5791310aba80df0f44a97fce93a0f99bfc908a252e00b57,0b596720a259931d1803ac90e92ea5f8c69946bf98a375619ea797798445c504,jhtvs-ft0806-sp-v3,T2_wB97X-D3_def2-TZVPD_SMD_energy_SP_v1,not_applicable,8,3000,4.22,ready,
SP0043,smd_energy_sp,D027_QP2_M1,S001,runs/orca/sp/SP0043/SP0043.inp,a6f674ef46dc40faa0aef15fcfead002fc9c5f9fdb2d4241d30ac01d15bd2f14,surrogate:sigma_preopt:D027:S001:q2:m1,f9bb42c8c7aaffaefedcc4fb5d791781b34d44f0cb8ac9e87d723ebddf64a299,33991649687f2d2b981d6e03785961ad9457eb27eac9b175c78aef6ac9c44c11,2ac42ed3e22fe59dd5791310aba80df0f44a97fce93a0f99bfc908a252e00b57,bf1e4b82bc15f1618b8e5ca083a9bbbabc9b9539a19381d8df1c6a3d998a7e35,jhtvs-ft0806-sp-v3,T2_wB97X-D3_def2-TZVPD_SMD_energy_SP_v1,not_applicable,8,3000,4.22,ready,
SP0044,smd_energy_sp,D096_QP2_M1,S001,runs/orca/sp/SP0044/SP0044.inp,12e95e32b94f329a9bee0e80cf068bb113ed0244221165138bf60a1406b00330,surrogate:sigma_preopt:D096:S001:q2:m1,498a6312bfac8ff1016733a262df5e8cff07e67e9ad828492c6902eabd2a18a2,33991649687f2d2b981d6e03785961ad9457eb27eac9b175c78aef6ac9c44c11,2ac42ed3e22fe59dd5791310aba80df0f44a97fce93a0f99bfc908a252e00b57,9f1ea73042c47a311569c369675dc5d00c37224bd566551a52822d2e5651e176,jhtvs-ft0806-sp-v3,T2_wB97X-D3_def2-TZVPD_SMD_energy_SP_v1,not_applicable,8,3000,4.22,ready,
SP0045,smd_energy_sp,M001_Q0_M1,S001,runs/orca/sp/SP0045/SP0045.inp,82412b2362a13ea78580fcd25ba88a01d6de7aefd5b1ac5bf92e12f375c70304,tier1:redox:M001:S001:q0:m1,5cc4d3a2e10c866ebd5bcdfd1b265bafad69fc9027d004a56bb41fbdfcb0083e,33991649687f2d2b981d6e03785961ad9457eb27eac9b175c78aef6ac9c44c11,2ac42ed3e22fe59dd5791310aba80df0f44a97fce93a0f99bfc908a252e00b57,c8337732a739a00de6e6a83805d507d0c0e9505cf0391b80331e78d203023dcd,jhtvs-ft0806-sp-v3,T2_wB97X-D3_def2-TZVPD_SMD_energy_SP_v1,not_applicable,8,3000,1.74,ready,
SP0046,smd_energy_sp,M001_QP1_M2,S001,runs/orca/sp/SP0046/SP0046.inp,ea1f9eb1156d0c0e1faf6b2e44ceaf95119558cb584feb18b97ed978d72041e0,tier1:redox:M001:S001:q1:m2,faf885b9d5371630d7a9cafee2794b0a6eb73497e667a86ceafd8a7f3cd0bba8,33991649687f2d2b981d6e03785961ad9457eb27eac9b175c78aef6ac9c44c11,2ac42ed3e22fe59dd5791310aba80df0f44a97fce93a0f99bfc908a252e00b57,55e5ea7b889c8fad74a58be18b12e711e5b19e118c44c12215d1f57088168e36,jhtvs-ft0806-sp-v3,T2_wB97X-D3_def2-TZVPD_SMD_energy_SP_v1,not_applicable,8,3000,1.74,ready,
SP0047,smd_energy_sp,M022_Q0_M1,S001,runs/orca/sp/SP0047/SP0047.inp,93888e5df17aa88bf9527c6390d61c30b24aeaf2448eb3670f6657a3e6abf14b,tier1:redox:M022:S001:q0:m1,c5c9dd861157456f01be65522c327a1e3a1dd6b46a486eeb02a038e20def6b8e,33991649687f2d2b981d6e03785961ad9457eb27eac9b175c78aef6ac9c44c11,2ac42ed3e22fe59dd5791310aba80df0f44a97fce93a0f99bfc908a252e00b57,deb533f2d5140aac67f7d0f396e8fe19bf888de19b433ed4bf4c70b6113fa53c,jhtvs-ft0806-sp-v3,T2_wB97X-D3_def2-TZVPD_SMD_energy_SP_v1,not_applicable,8,3000,1.74,ready,
SP0048,smd_energy_sp,M022_QP1_M2,S001,runs/orca/sp/SP0048/SP0048.inp,133730121439b739de0fd50062defa45f258790dbe21ece97d011de4c2fd2e49,tier1:redox:M022:S001:q1:m2,3b2369106cd4ab7fc5c896f338b5f7dbc3b1f21c68639a3c2bf19f1364e6a4f5,33991649687f2d2b981d6e03785961ad9457eb27eac9b175c78aef6ac9c44c11,2ac42ed3e22fe59dd5791310aba80df0f44a97fce93a0f99bfc908a252e00b57,a4b87bec33fa36896315480ef270a64b2a6004192954f3e5f303fda864761ea2,jhtvs-ft0806-sp-v3,T2_wB97X-D3_def2-TZVPD_SMD_energy_SP_v1,not_applicable,8,3000,1.74,ready,
SP0049,smd_energy_sp,M027_QP1_M2,S001,runs/orca/sp/SP0049/SP0049.inp,81cf4d0a57e31009e719091df8a3df4fac763688546fdce7d8dddcb3007c37d9,tier1:redox:M027:S001:q1:m2,b4d46366fc68229afaa891a38667ff0cc3e3632ffc0f314a793bf9c25f7ec726,33991649687f2d2b981d6e03785961ad9457eb27eac9b175c78aef6ac9c44c11,2ac42ed3e22fe59dd5791310aba80df0f44a97fce93a0f99bfc908a252e00b57,5910d366cfa28640e3987842a31862ec458baa8566abff817f35e2c4c1fd90ce,jhtvs-ft0806-sp-v3,T2_wB97X-D3_def2-TZVPD_SMD_energy_SP_v1,not_applicable,8,3000,1.74,ready,
SP0050,smd_energy_sp,M036_Q0_M1,S001,runs/orca/sp/SP0050/SP0050.inp,318d292bba2f0f95959442576d2bca51924f5ae6a05a19d6ff9d01c839da4d5e,tier1:redox:M036:S001:q0:m1,aafff0d237bcdb92bcdf3444ee7f5331e19112258744e266329368fb75365ed3,33991649687f2d2b981d6e03785961ad9457eb27eac9b175c78aef6ac9c44c11,2ac42ed3e22fe59dd5791310aba80df0f44a97fce93a0f99bfc908a252e00b57,0073ee49e744f32d862326e977a0beddeaf37a7c65c4bdb8d5e45955ae64f146,jhtvs-ft0806-sp-v3,T2_wB97X-D3_def2-TZVPD_SMD_energy_SP_v1,not_applicable,8,3000,1.74,ready,
SP0051,smd_energy_sp,M036_QP1_M2,S001,runs/orca/sp/SP0051/SP0051.inp,ff035c675cbe5fcb722f4666f85449a5aab031071356c333e0f79cb97a04ab40,tier1:redox:M036:S001:q1:m2,cc5b05667792c5d47e8d9dbdd184eafdd2361cecfce1caa78e19704627fa6afd,33991649687f2d2b981d6e03785961ad9457eb27eac9b175c78aef6ac9c44c11,2ac42ed3e22fe59dd5791310aba80df0f44a97fce93a0f99bfc908a252e00b57,4005f1c600c4eccbaac4cd27672ad1bc8a807d9060f19ed078c31e015d35b357,jhtvs-ft0806-sp-v3,T2_wB97X-D3_def2-TZVPD_SMD_energy_SP_v1,not_applicable,8,3000,1.74,ready,
SP0052,smd_energy_sp,M050_Q0_M1,S001,runs/orca/sp/SP0052/SP0052.inp,19d1708f95c43ad1fb63a9b4dd8586a65f68e201a98e16770e4cfca5079afd44,tier1:redox:M050:S001:q0:m1,5af7e687813063e60d11f1f6a4f00e796d0a718ca18d87a4bbe6d79e7efd94a0,33991649687f2d2b981d6e03785961ad9457eb27eac9b175c78aef6ac9c44c11,2ac42ed3e22fe59dd5791310aba80df0f44a97fce93a0f99bfc908a252e00b57,9c51ecf571ae6c2dc1e2d9860ada9a4859b97d20adc69f942e0e44a3504dac99,jhtvs-ft0806-sp-v3,T2_wB97X-D3_def2-TZVPD_SMD_energy_SP_v1,not_applicable,8,3000,1.74,ready,
SP0053,smd_energy_sp,M050_QP1_M2,S001,runs/orca/sp/SP0053/SP0053.inp,614cc39702b33ab689e70fced584865e9a5f26a58488c42afb33ac796721149b,tier1:redox:M050:S001:q1:m2,7c8c6db2eecf3d86551028246c344b4aa6a51246e6820f6c2963750240356520,33991649687f2d2b981d6e03785961ad9457eb27eac9b175c78aef6ac9c44c11,2ac42ed3e22fe59dd5791310aba80df0f44a97fce93a0f99bfc908a252e00b57,fb676f5dcca441c8f1170402fc9018295d5ee89483e2bbdb2d85683ed364b3e6,jhtvs-ft0806-sp-v3,T2_wB97X-D3_def2-TZVPD_SMD_energy_SP_v1,not_applicable,8,3000,1.74,ready,
SP0054,smd_energy_sp,M069_Q0_M1,S001,runs/orca/sp/SP0054/SP0054.inp,e86f6e77325cd24e1847b4ef7a3974f333c796b663a1f5d4f69eb68efae60038,tier1:redox:M069:S001:q0:m1,11b904503a92335c31b1c9db19f1d60bab06d5bf705e12bdee3a8909dd36a70e,33991649687f2d2b981d6e03785961ad9457eb27eac9b175c78aef6ac9c44c11,2ac42ed3e22fe59dd5791310aba80df0f44a97fce93a0f99bfc908a252e00b57,fb606adf53a33546c9a4261a05b2ef39ec6536d3432a5285387ee4c1d2e057b0,jhtvs-ft0806-sp-v3,T2_wB97X-D3_def2-TZVPD_SMD_energy_SP_v1,not_applicable,8,3000,1.74,ready,
SP0055,smd_energy_sp,M069_QP1_M2,S001,runs/orca/sp/SP0055/SP0055.inp,f5291bc6c13b54ce0a23600eae9681211fdd0d41461a7aeebdd7929b68d8379f,tier1:redox:M069:S001:q1:m2,6c40284b429b667310167ed13c1a71a547d5b23c09c8e8d9bb4f96c822ece44f,33991649687f2d2b981d6e03785961ad9457eb27eac9b175c78aef6ac9c44c11,2ac42ed3e22fe59dd5791310aba80df0f44a97fce93a0f99bfc908a252e00b57,df886a9ab35ee693f32cefe0210a427eebd73efcca47d6a041c8d984459b1e1c,jhtvs-ft0806-sp-v3,T2_wB97X-D3_def2-TZVPD_SMD_energy_SP_v1,not_applicable,8,3000,1.74,ready,
SP0056,smd_energy_sp,M083_Q0_M1,S001,runs/orca/sp/SP0056/SP0056.inp,2afc2888436f81e3dd9452840e1cd0717216221bcd98021294eb2ae2a8ff0127,tier1:redox:M083:S001:q0:m1,e4c52fdc46c4c562ac709d2a6bb6c0d7ad24409eb9be2c44f72f73276707109a,33991649687f2d2b981d6e03785961ad9457eb27eac9b175c78aef6ac9c44c11,2ac42ed3e22fe59dd5791310aba80df0f44a97fce93a0f99bfc908a252e00b57,c741e7c0fbd5cd112af0bd918344b47b27cb7ba40bb249e5896cfd8a5f2584e7,jhtvs-ft0806-sp-v3,T2_wB97X-D3_def2-TZVPD_SMD_energy_SP_v1,not_applicable,8,3000,1.74,ready,
SP0057,smd_energy_sp,M083_QP1_M2,S001,runs/orca/sp/SP0057/SP0057.inp,f4fc0121dfd09da92f43f763018a11c024422eb2348ba00e16e949041e7a4505,tier1:redox:M083:S001:q1:m2,f4635a12a8db65c067a979ab2e0f27610f1a37a2a63fd27c8a225b9858d6e72c,33991649687f2d2b981d6e03785961ad9457eb27eac9b175c78aef6ac9c44c11,2ac42ed3e22fe59dd5791310aba80df0f44a97fce93a0f99bfc908a252e00b57,dc4ef09c727c38636f9af7919ac4213242f36d3d51040c43a6e2614365c26474,jhtvs-ft0806-sp-v3,T2_wB97X-D3_def2-TZVPD_SMD_energy_SP_v1,not_applicable,8,3000,1.74,ready,
SP0058,smd_energy_sp,M084_Q0_M1,S001,runs/orca/sp/SP0058/SP0058.inp,4a14788f4789aa7ca44b7dc75cad195d463fa900bd8e7e6ffb3c44a55bb2e7e8,tier1:redox:M084:S001:q0:m1,e40aa6fa3000026be958659fcff130de3ff9cfa7281a2140647b2aebd77ed662,33991649687f2d2b981d6e03785961ad9457eb27eac9b175c78aef6ac9c44c11,2ac42ed3e22fe59dd5791310aba80df0f44a97fce93a0f99bfc908a252e00b57,912390b3bdc65a9fdafee7a265a8f396f84a7a6daa88dc42cadcb2cf742642fd,jhtvs-ft0806-sp-v3,T2_wB97X-D3_def2-TZVPD_SMD_energy_SP_v1,not_applicable,8,3000,1.74,ready,
SP0059,smd_energy_sp,M084_QP1_M2,S001,runs/orca/sp/SP0059/SP0059.inp,94dad559fb70e6ce28a0aba4f83ffa63f310d3e18ee0ef496516bd438a6a4f35,tier1:redox:M084:S001:q1:m2,82c01c1aa9b8e39fd2620de52b1f2d21ebfcc725dd264c9cc7f2ec2cc9adf777,33991649687f2d2b981d6e03785961ad9457eb27eac9b175c78aef6ac9c44c11,2ac42ed3e22fe59dd5791310aba80df0f44a97fce93a0f99bfc908a252e00b57,071b0870c6bced844adeb935cc870d390315bd2ae37088bb1505dd945144287a,jhtvs-ft0806-sp-v3,T2_wB97X-D3_def2-TZVPD_SMD_energy_SP_v1,not_applicable,8,3000,1.74,ready,
SP0060,smd_energy_sp,M096_Q0_M1,S001,runs/orca/sp/SP0060/SP0060.inp,5ee0d20ffdfc0fe623e602ef25e49edf145a941a33061189b830871c89da9018,tier1:redox:M096:S001:q0:m1,9b48cf245b5601cda29a91d04c995e71fd88791a51cdbdb45c4a30a694c0aeab,33991649687f2d2b981d6e03785961ad9457eb27eac9b175c78aef6ac9c44c11,2ac42ed3e22fe59dd5791310aba80df0f44a97fce93a0f99bfc908a252e00b57,2495ba5dbc5912c1347665227136f58a7b3359d6a368695c8c3c9e6b768b80ea,jhtvs-ft0806-sp-v3,T2_wB97X-D3_def2-TZVPD_SMD_energy_SP_v1,not_applicable,8,3000,1.74,ready,
SP0061,smd_energy_sp,M096_QP1_M2,S001,runs/orca/sp/SP0061/SP0061.inp,bc1d3ca723de91f81a7e39c7fbbaf4270c1c58aff9420715da9482b77b2c7220,tier1:redox:M096:S001:q1:m2,339369115e06785fd9bfa7ff51f55dbd361478c7fc25ae93e92c0ce47938e1e2,33991649687f2d2b981d6e03785961ad9457eb27eac9b175c78aef6ac9c44c11,2ac42ed3e22fe59dd5791310aba80df0f44a97fce93a0f99bfc908a252e00b57,d6b948efadd4bf4ef40279a4eb7fe7dba89b80fb0f3a5b6c5dd4ff2dc4ccf5f8,jhtvs-ft0806-sp-v3,T2_wB97X-D3_def2-TZVPD_SMD_energy_SP_v1,not_applicable,8,3000,1.74,ready,
SP0062,smd_energy_sp,S001_Q0_M1,S001,runs/orca/sp/SP0062/SP0062.inp,00d4693dfffe075869c4d4c1763e8516e8154f84bf5b679827b11ce1f28208d3,tier1:redox:S001:S001:q0:m1,2f126b3daee7595eac16f8c867eecec004eb2d795f3c805944c21e598e8b044a,33991649687f2d2b981d6e03785961ad9457eb27eac9b175c78aef6ac9c44c11,2ac42ed3e22fe59dd5791310aba80df0f44a97fce93a0f99bfc908a252e00b57,78356b345069efdebf56753565217d056e4fc5cb8df62f8cb0bd796b0742d18b,jhtvs-ft0806-sp-v3,T2_wB97X-D3_def2-TZVPD_SMD_energy_SP_v1,not_applicable,8,3000,1.74,ready,
SP0063,smd_energy_sp,S001_QP1_M2,S001,runs/orca/sp/SP0063/SP0063.inp,428418c496056179d922ecbedaa3cffa080144d5deb7650c2c5af4f9ad33938d,tier1:redox:S001:S001:q1:m2,70f9e8b996986d875f2a7db461a7a274881daf1b7dbc36c0569688b0d9adf796,33991649687f2d2b981d6e03785961ad9457eb27eac9b175c78aef6ac9c44c11,2ac42ed3e22fe59dd5791310aba80df0f44a97fce93a0f99bfc908a252e00b57,d57df306d011d35b212bd084ebfe95a2fd2df9a2390eb320365b90ef82b1ba8d,jhtvs-ft0806-sp-v3,T2_wB97X-D3_def2-TZVPD_SMD_energy_SP_v1,not_applicable,8,3000,1.74,ready,
SP0064,smd_energy_sp,A002_Q0_M2,S002,runs/orca/sp/SP0064/SP0064.inp,fe96a9a47490f3a8c1be63e1451d2d244e931e9f7a3224c2ef50ba46447d2c3a,tier1:redox:A002:S002:q0:m2,46dea405532789b7d76d67c72931d6270fcbd9f716a5245dc88bc6917be48893,3279f41f547d9005cba523bfaf325a0d002b1c248dee7927b9a1376b3ea8ec18,e9105cc8323a6b631985e1efc7a5aa29df42be680536f57d886d0716b6307ff7,e4a704f812c82e3e5503cacee299cf3b55070663a9c9259c7797758a02046c55,jhtvs-ft0806-sp-v3,T2_wB97X-D3_def2-TZVPD_SMD_energy_SP_v1,not_applicable,8,3000,1.74,ready,
SP0065,smd_energy_sp,A002_QM1_M1,S002,runs/orca/sp/SP0065/SP0065.inp,ba728e3ad9d4222edb06c2b938580bdd5073dae3aa8b65c894d59f7635af29b2,tier1:redox:A002:S002:q-1:m1,96c7fbfdda447db028d962eca69319e7356a7ea0c1025a0b02935b5292c0ca07,3279f41f547d9005cba523bfaf325a0d002b1c248dee7927b9a1376b3ea8ec18,e9105cc8323a6b631985e1efc7a5aa29df42be680536f57d886d0716b6307ff7,854d84616422bc13e52316cb1d2a9dd02f5201df8653a34a9b4ff93d2a0b135a,jhtvs-ft0806-sp-v3,T2_wB97X-D3_def2-TZVPD_SMD_energy_SP_v1,not_applicable,8,3000,1.74,ready,
SP0066,smd_energy_sp,A004_Q0_M2,S002,runs/orca/sp/SP0066/SP0066.inp,69ee83e808fc4098c451cd78640e75b885732b94106964a41ee7b3e5814c3ac4,tier1:redox:A004:S002:q0:m2,a6d718f2c8406afba8e90a5f9e6396a0c9e2e30e7e3fa90a77ea3a475ed67b93,3279f41f547d9005cba523bfaf325a0d002b1c248dee7927b9a1376b3ea8ec18,e9105cc8323a6b631985e1efc7a5aa29df42be680536f57d886d0716b6307ff7,ed2c17a09b8353f5bccbf609186961937b459fa9d9da74ec098be177df24b386,jhtvs-ft0806-sp-v3,T2_wB97X-D3_def2-TZVPD_SMD_energy_SP_v1,not_applicable,8,3000,1.74,ready,
SP0067,smd_energy_sp,A004_QM1_M1,S002,runs/orca/sp/SP0067/SP0067.inp,524c42956f5effdb53a01a5347b0bbbb72006424fe7958efe4beb339f8afb03c,tier1:redox:A004:S002:q-1:m1,e8931ef86d99a86e1f39d2ef8d5e42107d9babc17b8bcf1987a415a6984df5e1,3279f41f547d9005cba523bfaf325a0d002b1c248dee7927b9a1376b3ea8ec18,e9105cc8323a6b631985e1efc7a5aa29df42be680536f57d886d0716b6307ff7,e9ec6be33d1d1a45032d3374ef07b40dd467b0c76392eb4f0f3b37cd82cc7395,jhtvs-ft0806-sp-v3,T2_wB97X-D3_def2-TZVPD_SMD_energy_SP_v1,not_applicable,8,3000,1.74,ready,
SP0068,smd_energy_sp,A005_Q0_M2,S002,runs/orca/sp/SP0068/SP0068.inp,f01bc12bf6fede62466047598b1aeb1274750fde00025aa9183764c8dfac242c,tier1:redox:A005:S002:q0:m2,8beec12af3aada0c6f2b417b13334ed24774bb85ab615fe27adc2782b903e6ca,3279f41f547d9005cba523bfaf325a0d002b1c248dee7927b9a1376b3ea8ec18,e9105cc8323a6b631985e1efc7a5aa29df42be680536f57d886d0716b6307ff7,cdec80c5ccdba6cd15d8a23808522352a24e670e9f1d2e861189f1c78cdb2f83,jhtvs-ft0806-sp-v3,T2_wB97X-D3_def2-TZVPD_SMD_energy_SP_v1,not_applicable,8,3000,1.74,ready,
SP0069,smd_energy_sp,A005_QM1_M1,S002,runs/orca/sp/SP0069/SP0069.inp,d3742b7799bfe2a33fd252ee4b4c72bf200f5087ecf88d65a6551da7e6f24a3a,tier1:redox:A005:S002:q-1:m1,8b698ff68146a19fa450f5c207d4ce8315a80511eb34075f8ebf9c5ff3ad1240,3279f41f547d9005cba523bfaf325a0d002b1c248dee7927b9a1376b3ea8ec18,e9105cc8323a6b631985e1efc7a5aa29df42be680536f57d886d0716b6307ff7,4cb500164dab57419120af553e1453b817fb1678db0258e18e1f36a323dd0cb5,jhtvs-ft0806-sp-v3,T2_wB97X-D3_def2-TZVPD_SMD_energy_SP_v1,not_applicable,8,3000,1.74,ready,
SP0070,smd_energy_sp,A009_Q0_M2,S002,runs/orca/sp/SP0070/SP0070.inp,133a45910a073b3a1d2e7be2d422e2786627ec2edad0c7e532b524a68944f1bf,tier1:redox:A009:S002:q0:m2,bc30c2bf072b5adcbe5002ec4266eb98cae6451d711411c8aee7f3112a304119,3279f41f547d9005cba523bfaf325a0d002b1c248dee7927b9a1376b3ea8ec18,e9105cc8323a6b631985e1efc7a5aa29df42be680536f57d886d0716b6307ff7,b67f0b2a12c1448379c3b647c4d0cbada5e99f0dbab086ab624418b83606c72a,jhtvs-ft0806-sp-v3,T2_wB97X-D3_def2-TZVPD_SMD_energy_SP_v1,not_applicable,8,3000,1.74,ready,
SP0071,smd_energy_sp,A009_QM1_M1,S002,runs/orca/sp/SP0071/SP0071.inp,d69849da89c823159befd010ee88b09e1c2d005f3a92ef87a9d78d5181f51987,tier1:redox:A009:S002:q-1:m1,803b0bc1d8381ac2303eaa8e619ef8e287ff477d87a3552b7ac97ceb3ce8f643,3279f41f547d9005cba523bfaf325a0d002b1c248dee7927b9a1376b3ea8ec18,e9105cc8323a6b631985e1efc7a5aa29df42be680536f57d886d0716b6307ff7,4afe627c7d799c62d68e33a336fc6d12cceaf00821240384d888b1dfb9ac61cb,jhtvs-ft0806-sp-v3,T2_wB97X-D3_def2-TZVPD_SMD_energy_SP_v1,not_applicable,8,3000,1.74,ready,
SP0072,smd_energy_sp,D022_QP2_M1,S002,runs/orca/sp/SP0072/SP0072.inp,aa0cca2ec1fdf9961b59e5300ed109ed3cccb636c495452cb3275a33f59c98eb,surrogate:sigma_preopt:D022:S002:q2:m1,5f1271355e5fa1abf9630b0cdd7cbf62787917512da10c0f13ff8f63331adab6,3279f41f547d9005cba523bfaf325a0d002b1c248dee7927b9a1376b3ea8ec18,e9105cc8323a6b631985e1efc7a5aa29df42be680536f57d886d0716b6307ff7,7c07307da0c408f276b8125a66132a142aaf7725c8ba4bd197b6bcaa02e6ab23,jhtvs-ft0806-sp-v3,T2_wB97X-D3_def2-TZVPD_SMD_energy_SP_v1,not_applicable,8,3000,4.22,ready,
SP0073,smd_energy_sp,D027_QP2_M1,S002,runs/orca/sp/SP0073/SP0073.inp,a630400739ade97d943b1606c1ee5123f80b9737b8bc6e889ff73f99adbe7c7e,surrogate:sigma_preopt:D027:S002:q2:m1,5b4fdc33592c027ebc9db415bd7b93dce1390bc05fc64256a396a65768b1a508,3279f41f547d9005cba523bfaf325a0d002b1c248dee7927b9a1376b3ea8ec18,e9105cc8323a6b631985e1efc7a5aa29df42be680536f57d886d0716b6307ff7,4328d3e43011f4095f95ddb3c0f1abce4f0528aba8b487cf94ab5c66d5459c1c,jhtvs-ft0806-sp-v3,T2_wB97X-D3_def2-TZVPD_SMD_energy_SP_v1,not_applicable,8,3000,4.22,ready,
SP0074,smd_energy_sp,D060_QP2_M1,S002,runs/orca/sp/SP0074/SP0074.inp,65a26090c7f434a58753ccd3b6948177f648835a3ddf4f5c08d8039885274624,surrogate:sigma_preopt:D060:S002:q2:m1,f4d516f89a4070029a76bc7adea9ad804b35e3c44c3e5eecc448d72a0310b71c,3279f41f547d9005cba523bfaf325a0d002b1c248dee7927b9a1376b3ea8ec18,e9105cc8323a6b631985e1efc7a5aa29df42be680536f57d886d0716b6307ff7,57b7464438bda1402963a46790faff11c88ec41792b605961a12c9e08b38495a,jhtvs-ft0806-sp-v3,T2_wB97X-D3_def2-TZVPD_SMD_energy_SP_v1,not_applicable,8,3000,4.22,ready,
SP0075,smd_energy_sp,D077_QP2_M1,S002,runs/orca/sp/SP0075/SP0075.inp,ebc475de1dd453a635d7244d1e2c98c7a8329d3ae3306f3055f8011e61603e5b,surrogate:sigma_preopt:D077:S002:q2:m1,66c67869f7ff9619877de4d1b6eece08a48838dd79b595d8fe26442902e85d60,3279f41f547d9005cba523bfaf325a0d002b1c248dee7927b9a1376b3ea8ec18,e9105cc8323a6b631985e1efc7a5aa29df42be680536f57d886d0716b6307ff7,1e61514c576755d295ec64f63640f3c508da25bfde510d4e07c78d709c074343,jhtvs-ft0806-sp-v3,T2_wB97X-D3_def2-TZVPD_SMD_energy_SP_v1,not_applicable,8,3000,4.22,ready,
SP0076,smd_energy_sp,D089_QP2_M1,S002,runs/orca/sp/SP0076/SP0076.inp,d3443c74ecd07b9f79f4ae17549652b427f6cc42656a502f61edc23c2b4d9fac,surrogate:sigma_preopt:D089:S002:q2:m1,521bab11430e32eca8aa1e744d5bf46d2aabb5845c443d45d97a0f6c11055c34,3279f41f547d9005cba523bfaf325a0d002b1c248dee7927b9a1376b3ea8ec18,e9105cc8323a6b631985e1efc7a5aa29df42be680536f57d886d0716b6307ff7,ed7fa15b55ebcda98e395210f6b1c522341b4c761179f7fb1da8617e9322faf1,jhtvs-ft0806-sp-v3,T2_wB97X-D3_def2-TZVPD_SMD_energy_SP_v1,not_applicable,8,3000,4.22,ready,
SP0077,smd_energy_sp,M014_Q0_M1,S002,runs/orca/sp/SP0077/SP0077.inp,062d16761ef3407f6e23a0131fec6c6e742067c442570791bf80aa94e4168f10,tier1:redox:M014:S002:q0:m1,5416e5611fafc1410040e11198da9a5c942abf4d64207d701d7dda034b24ba92,3279f41f547d9005cba523bfaf325a0d002b1c248dee7927b9a1376b3ea8ec18,e9105cc8323a6b631985e1efc7a5aa29df42be680536f57d886d0716b6307ff7,57a37b31ee8dcc3e94ca057395ce29266056f01fe0528df74ff43c0cbef88731,jhtvs-ft0806-sp-v3,T2_wB97X-D3_def2-TZVPD_SMD_energy_SP_v1,not_applicable,8,3000,1.74,ready,
SP0078,smd_energy_sp,M014_QP1_M2,S002,runs/orca/sp/SP0078/SP0078.inp,735aff86ced88547a01eb3c0525847ebb0599f86061421e3627ed5a100faf480,tier1:redox:M014:S002:q1:m2,c7c14011aec684998dfdcfb4cf87c0b436429a91685d50a3050a390a4cb33d76,3279f41f547d9005cba523bfaf325a0d002b1c248dee7927b9a1376b3ea8ec18,e9105cc8323a6b631985e1efc7a5aa29df42be680536f57d886d0716b6307ff7,c03db6a0d3ac0d006856fef8989bebee304fcaf97e0adca1053259fa062296fc,jhtvs-ft0806-sp-v3,T2_wB97X-D3_def2-TZVPD_SMD_energy_SP_v1,not_applicable,8,3000,1.74,ready,
SP0079,smd_energy_sp,M022_Q0_M1,S002,runs/orca/sp/SP0079/SP0079.inp,0ca8364e681e5667e50977a2289f7df5e0243d53dc917043f63a555fe29274d5,tier1:redox:M022:S002:q0:m1,d517b36429dac5b44971b05d6867e85a63a6a8fd6a7205fee3e220990cf49f31,3279f41f547d9005cba523bfaf325a0d002b1c248dee7927b9a1376b3ea8ec18,e9105cc8323a6b631985e1efc7a5aa29df42be680536f57d886d0716b6307ff7,b230fa97ed7b7c05308591d664ac920dcf3d92576b8407f01e5ce54c42a9a663,jhtvs-ft0806-sp-v3,T2_wB97X-D3_def2-TZVPD_SMD_energy_SP_v1,not_applicable,8,3000,1.74,ready,
SP0080,smd_energy_sp,M022_QP1_M2,S002,runs/orca/sp/SP0080/SP0080.inp,dbb2e8002bd5e890ea03b83311713cb9cdc66ce94957946bf00d069eef9663a2,tier1:redox:M022:S002:q1:m2,59395c80a2a17f5eb48e54865db1a5bbbc7ab0aed6362a7eb24f73a6e85172e3,3279f41f547d9005cba523bfaf325a0d002b1c248dee7927b9a1376b3ea8ec18,e9105cc8323a6b631985e1efc7a5aa29df42be680536f57d886d0716b6307ff7,9db5ada07d84522e57b1ce1f869d04cee1cbbcffc8410ffc3f45e5291d6ceb56,jhtvs-ft0806-sp-v3,T2_wB97X-D3_def2-TZVPD_SMD_energy_SP_v1,not_applicable,8,3000,1.74,ready,
SP0081,smd_energy_sp,M027_Q0_M1,S002,runs/orca/sp/SP0081/SP0081.inp,d554b9e3c5d10274d88b853711da3df621aeb62de6a29ae2cab1ef010ad02cfb,tier1:redox:M027:S002:q0:m1,b7e36b6cd6882305dc1bc07b7d1d798d27a660212fd3a119d7defc89d4f87491,3279f41f547d9005cba523bfaf325a0d002b1c248dee7927b9a1376b3ea8ec18,e9105cc8323a6b631985e1efc7a5aa29df42be680536f57d886d0716b6307ff7,ec95f06fa463da7020e7b7716989e89174af4f8dd8a292c7f2ca6113d23ce8fe,jhtvs-ft0806-sp-v3,T2_wB97X-D3_def2-TZVPD_SMD_energy_SP_v1,not_applicable,8,3000,1.74,ready,
SP0082,smd_energy_sp,M027_QP1_M2,S002,runs/orca/sp/SP0082/SP0082.inp,f41c6c889df5d1120c0ffdfe1f0023b3aea44d7a3af135e4761761163dd86f30,tier1:redox:M027:S002:q1:m2,dfcc93d5edbaf2c7772aa4102e7d95bfd11b3909134504db382c6fbb71fdb1c8,3279f41f547d9005cba523bfaf325a0d002b1c248dee7927b9a1376b3ea8ec18,e9105cc8323a6b631985e1efc7a5aa29df42be680536f57d886d0716b6307ff7,daf62c4022df7633e53d6fb834b00b1d6e01e98e77be28e6a9f0d6ec1b206682,jhtvs-ft0806-sp-v3,T2_wB97X-D3_def2-TZVPD_SMD_energy_SP_v1,not_applicable,8,3000,1.74,ready,
SP0083,smd_energy_sp,M047_Q0_M1,S002,runs/orca/sp/SP0083/SP0083.inp,80f9f76e50ec3a3d5a9060cae32ff411fc008c4563a2dc4a2d5aea87c61fc7eb,tier1:redox:M047:S002:q0:m1,703778e3055761c44efbf2ac356d9028a238d2838f2349a49f2d0d9ab5673b66,3279f41f547d9005cba523bfaf325a0d002b1c248dee7927b9a1376b3ea8ec18,e9105cc8323a6b631985e1efc7a5aa29df42be680536f57d886d0716b6307ff7,9e441d9ff992affce6954cf83ce952edc8454a157a6bb59e7c5b68d6092404c7,jhtvs-ft0806-sp-v3,T2_wB97X-D3_def2-TZVPD_SMD_energy_SP_v1,not_applicable,8,3000,1.74,ready,
SP0084,smd_energy_sp,M047_QP1_M2,S002,runs/orca/sp/SP0084/SP0084.inp,a47606d56cd42928e7228ee72805090f77b6c99f5574f8c09a276e024ea80472,tier1:redox:M047:S002:q1:m2,109b7f81baa140120bc3bee75193ff427e18e02df4d7f3b5223d438352a3cff9,3279f41f547d9005cba523bfaf325a0d002b1c248dee7927b9a1376b3ea8ec18,e9105cc8323a6b631985e1efc7a5aa29df42be680536f57d886d0716b6307ff7,e59dbe43bcbdb1e9528538f6d98fb6f6c0fa804fc4eae663de11ecb4892d4799,jhtvs-ft0806-sp-v3,T2_wB97X-D3_def2-TZVPD_SMD_energy_SP_v1,not_applicable,8,3000,1.74,ready,
SP0085,smd_energy_sp,M060_Q0_M1,S002,runs/orca/sp/SP0085/SP0085.inp,72cab80d0bf624224595a4e3c2f2bb47f763c5a2ca72d10123239157232eb032,tier1:redox:M060:S002:q0:m1,6ea1cbd1735b4a3b8cd1e5485cfccbb7c5c63f1cd640b1497e6f568a3a89052e,3279f41f547d9005cba523bfaf325a0d002b1c248dee7927b9a1376b3ea8ec18,e9105cc8323a6b631985e1efc7a5aa29df42be680536f57d886d0716b6307ff7,13ad385b4746d12de1d9c1cb07533abd4af3c1616ab3a3511752d7e3d0d51c08,jhtvs-ft0806-sp-v3,T2_wB97X-D3_def2-TZVPD_SMD_energy_SP_v1,not_applicable,8,3000,1.74,ready,
SP0086,smd_energy_sp,M060_QP1_M2,S002,runs/orca/sp/SP0086/SP0086.inp,1b2fa06b96b7baa76d028990982421fbe0dcaa8dcb2ef6f68085dd168c09b9b7,tier1:redox:M060:S002:q1:m2,810f8a9658db69377139ec50285d710c03b039fe87125798636bfaa0950a8e76,3279f41f547d9005cba523bfaf325a0d002b1c248dee7927b9a1376b3ea8ec18,e9105cc8323a6b631985e1efc7a5aa29df42be680536f57d886d0716b6307ff7,e202810345b85d40429b2c3f250c5109a292f305eebf3ab710f139209b475133,jhtvs-ft0806-sp-v3,T2_wB97X-D3_def2-TZVPD_SMD_energy_SP_v1,not_applicable,8,3000,1.74,ready,
SP0087,smd_energy_sp,M077_Q0_M1,S002,runs/orca/sp/SP0087/SP0087.inp,265c57ee0356221fbb1c04538cf22dd20b743cae2051428fd99d241e6b45e429,tier1:redox:M077:S002:q0:m1,e48c0cd00c5bad78f6be5258ee258143389cc58ae5372df37e0819ab2ce0c7e9,3279f41f547d9005cba523bfaf325a0d002b1c248dee7927b9a1376b3ea8ec18,e9105cc8323a6b631985e1efc7a5aa29df42be680536f57d886d0716b6307ff7,eeeedb390c09425e2433ebacebb6ec8566b929e86a292853a5af9aa21c04b55a,jhtvs-ft0806-sp-v3,T2_wB97X-D3_def2-TZVPD_SMD_energy_SP_v1,not_applicable,8,3000,1.74,ready,
SP0088,smd_energy_sp,M077_QP1_M2,S002,runs/orca/sp/SP0088/SP0088.inp,0e85e9aee718ab6e22ec669befaee9cdbddb484141c5c99a770c685ffe7926a6,tier1:redox:M077:S002:q1:m2,183562f173b55cc5ee38348e76527f24ad85a1548d1feb7ed001af060f78ea70,3279f41f547d9005cba523bfaf325a0d002b1c248dee7927b9a1376b3ea8ec18,e9105cc8323a6b631985e1efc7a5aa29df42be680536f57d886d0716b6307ff7,57e18904782bcb26d02b821efe636c354c768d45a620e8a75928abe6f45148a7,jhtvs-ft0806-sp-v3,T2_wB97X-D3_def2-TZVPD_SMD_energy_SP_v1,not_applicable,8,3000,1.74,ready,
SP0089,smd_energy_sp,M084_Q0_M1,S002,runs/orca/sp/SP0089/SP0089.inp,6348a10a285d9ca614eea428c8e7b85f1d69f1bea0625a208ada41c9038b9d23,tier1:redox:M084:S002:q0:m1,b6efa0d5ace6872fdf802cbdd69a882726389a8de1303490d48beb2c03c7a90b,3279f41f547d9005cba523bfaf325a0d002b1c248dee7927b9a1376b3ea8ec18,e9105cc8323a6b631985e1efc7a5aa29df42be680536f57d886d0716b6307ff7,e55c302dfc515894543a35a3ce0e044958a4695b61236cd6ca791d55bc9b2062,jhtvs-ft0806-sp-v3,T2_wB97X-D3_def2-TZVPD_SMD_energy_SP_v1,not_applicable,8,3000,1.74,ready,
SP0090,smd_energy_sp,M084_QP1_M2,S002,runs/orca/sp/SP0090/SP0090.inp,77c54c15af428cab5e397a1be79ec91d32fa1e023404691a9a818b995ef28511,tier1:redox:M084:S002:q1:m2,c786ec7ad787777c3b73229d0df131d26331fd2df28c5d6663dbdf0a945f6810,3279f41f547d9005cba523bfaf325a0d002b1c248dee7927b9a1376b3ea8ec18,e9105cc8323a6b631985e1efc7a5aa29df42be680536f57d886d0716b6307ff7,ce95d4f19af1119db20619c2f3aa658c3b63ae224ad6a485c8663b9fca389188,jhtvs-ft0806-sp-v3,T2_wB97X-D3_def2-TZVPD_SMD_energy_SP_v1,not_applicable,8,3000,1.74,ready,
SP0091,smd_energy_sp,M089_Q0_M1,S002,runs/orca/sp/SP0091/SP0091.inp,87f065c3586225efe41f592e94aad9d7a1424c8739b4d6645e199f6a80e81e08,tier1:redox:M089:S002:q0:m1,3f906a6da11ef343808ad062c6d282e2f300507e23fa9bbe891c81122998622d,3279f41f547d9005cba523bfaf325a0d002b1c248dee7927b9a1376b3ea8ec18,e9105cc8323a6b631985e1efc7a5aa29df42be680536f57d886d0716b6307ff7,0c8e2a1a29ef39cb9bce9cf74313cce91ba5b7eb9b232f120817b00d0bf778c4,jhtvs-ft0806-sp-v3,T2_wB97X-D3_def2-TZVPD_SMD_energy_SP_v1,not_applicable,8,3000,1.74,ready,
SP0092,smd_energy_sp,M089_QP1_M2,S002,runs/orca/sp/SP0092/SP0092.inp,fe178cfacf4fd9f808f7b5bb01362dcac74e8b24b1fc4182bb1ad691097a6eca,tier1:redox:M089:S002:q1:m2,122cac4d53ebc1344b27a8daf693a8e086e3420e5fb5129f8168aef7bda2493d,3279f41f547d9005cba523bfaf325a0d002b1c248dee7927b9a1376b3ea8ec18,e9105cc8323a6b631985e1efc7a5aa29df42be680536f57d886d0716b6307ff7,e30c63358e83998d9681054be185fc910fdcbd3b41fc11167ba8b658e5b9e178,jhtvs-ft0806-sp-v3,T2_wB97X-D3_def2-TZVPD_SMD_energy_SP_v1,not_applicable,8,3000,1.74,ready,
SP0093,smd_energy_sp,S002_Q0_M1,S002,runs/orca/sp/SP0093/SP0093.inp,33efb7a3d3226bd281ffc9e748609f636c571f817ecce090833696b89e5a2210,tier1:redox:S002:S002:q0:m1,7db8876d824400a79dd93ce95b0b46e5a10b7a266ed3889747a122ff6ba63bcb,3279f41f547d9005cba523bfaf325a0d002b1c248dee7927b9a1376b3ea8ec18,e9105cc8323a6b631985e1efc7a5aa29df42be680536f57d886d0716b6307ff7,6f0e3e6af691bcb9c9142a6854d1a271a561c7c58b6f08136a2a98eb31ec63a1,jhtvs-ft0806-sp-v3,T2_wB97X-D3_def2-TZVPD_SMD_energy_SP_v1,not_applicable,8,3000,1.74,ready,
SP0094,smd_energy_sp,S002_QP1_M2,S002,runs/orca/sp/SP0094/SP0094.inp,d44e829d6014e85e68294b013393fee2c09e58448aa6b586e9785c425b79ab6c,tier1:redox:S002:S002:q1:m2,198d96e41c26ba3494d7514b533eda313bc7c74916464145bfb01d9df61afbf2,3279f41f547d9005cba523bfaf325a0d002b1c248dee7927b9a1376b3ea8ec18,e9105cc8323a6b631985e1efc7a5aa29df42be680536f57d886d0716b6307ff7,10a0a92c08404d635c0224e3eb77b8ae95459dd39b61e955bb20dbec5e1faf93,jhtvs-ft0806-sp-v3,T2_wB97X-D3_def2-TZVPD_SMD_energy_SP_v1,not_applicable,8,3000,1.74,ready,
SP0095,smd_energy_sp,A002_Q0_M2,S003,runs/orca/sp/SP0095/SP0095.inp,0aa3239ff74483590d53ff7a6d797d59cf15882b63d50780f47c3edc5ec06bd9,tier1:redox:A002:S003:q0:m2,ad780b2f95304732421d87979beb3cc437341b5a46aa85234c2c193f2e8d5586,94b7361eaf5260ed8fd9bcbaacaf98b81c0cd78f856ef20334bbdf0a14579d35,8508d5bf039f7a04d859bedf9951b9127cbbbf245c79170c66812080a3ec5460,db5a54a84bb0111b52d7b68dee87ea7c7f5c1b950427d6d2d7837ab93cf9ab51,jhtvs-ft0806-sp-v3,T2_wB97X-D3_def2-TZVPD_SMD_energy_SP_v1,not_applicable,8,3000,1.74,ready,
SP0096,smd_energy_sp,A002_QM1_M1,S003,runs/orca/sp/SP0096/SP0096.inp,24ec9da6ff78cd25b37da88391558413d02c003bbef9742147e0f71b83cb1b13,tier1:redox:A002:S003:q-1:m1,2034efeed7215aa124560fe81fd5046bec1ce8c49e0eb3ec817195e5e0f867be,94b7361eaf5260ed8fd9bcbaacaf98b81c0cd78f856ef20334bbdf0a14579d35,8508d5bf039f7a04d859bedf9951b9127cbbbf245c79170c66812080a3ec5460,aba97037b904451f9cda00f0f860890506e69a314ab92dca06a59083085b343b,jhtvs-ft0806-sp-v3,T2_wB97X-D3_def2-TZVPD_SMD_energy_SP_v1,not_applicable,8,3000,1.74,ready,
SP0097,smd_energy_sp,A005_Q0_M2,S003,runs/orca/sp/SP0097/SP0097.inp,c6e478918e82a9f365d156e3b2d69eaa1910fda10c54ed42c4d898dc7e8394bf,tier1:redox:A005:S003:q0:m2,fad65d86a8c85d0d4f4dfaec07d93cc09bba0a3821bc08a86047d4f67082f84b,94b7361eaf5260ed8fd9bcbaacaf98b81c0cd78f856ef20334bbdf0a14579d35,8508d5bf039f7a04d859bedf9951b9127cbbbf245c79170c66812080a3ec5460,f7634af5f8f8d4b50b2a34af0fabb7379b4186b364ad188a8faf8f195ec79e6e,jhtvs-ft0806-sp-v3,T2_wB97X-D3_def2-TZVPD_SMD_energy_SP_v1,not_applicable,8,3000,1.74,ready,
SP0098,smd_energy_sp,A005_QM1_M1,S003,runs/orca/sp/SP0098/SP0098.inp,2df9976c299594b5413680c3813cc09d824c1eea419a4aed4c1e7969e95d7764,tier1:redox:A005:S003:q-1:m1,48760f1c281acdc1ca7cce762ec9279ec7098e080225d8178edbe8e3f1f4a895,94b7361eaf5260ed8fd9bcbaacaf98b81c0cd78f856ef20334bbdf0a14579d35,8508d5bf039f7a04d859bedf9951b9127cbbbf245c79170c66812080a3ec5460,4e05e7aa85d79a282be9018c7b2e49337e694e8ea42bb170eef1fba7b8d50202,jhtvs-ft0806-sp-v3,T2_wB97X-D3_def2-TZVPD_SMD_energy_SP_v1,not_applicable,8,3000,1.74,ready,
SP0099,smd_energy_sp,A010_Q0_M2,S003,runs/orca/sp/SP0099/SP0099.inp,023cf15202e8e55ef63d1a5955dea194865a44ec6a0a7120dad8f0399c176cda,tier1:redox:A010:S003:q0:m2,453218d85f51b6be15ae3dfddcad1178ca33a1e71d759b1d267425ca88d19c56,94b7361eaf5260ed8fd9bcbaacaf98b81c0cd78f856ef20334bbdf0a14579d35,8508d5bf039f7a04d859bedf9951b9127cbbbf245c79170c66812080a3ec5460,a884d50041a2af32ea2e2422870cb8e966e099d4b7fdb0d300722c5a89f8efde,jhtvs-ft0806-sp-v3,T2_wB97X-D3_def2-TZVPD_SMD_energy_SP_v1,not_applicable,8,3000,1.74,ready,
SP0100,smd_energy_sp,A010_QM1_M1,S003,runs/orca/sp/SP0100/SP0100.inp,6b49e52a9ddbd81f4b06132e36af0ff4fe6709814eb14c1c7c8818560fddcac0,tier1:redox:A010:S003:q-1:m1,92122a81a13e434a5a591a398b1b8420d7a4be55ef5307f0dd5bc13b503ac936,94b7361eaf5260ed8fd9bcbaacaf98b81c0cd78f856ef20334bbdf0a14579d35,8508d5bf039f7a04d859bedf9951b9127cbbbf245c79170c66812080a3ec5460,fe8cb1f4765afb9f5a3fbbf2330e46df8a25fbdf95464e33ebef6a02e5c888ed,jhtvs-ft0806-sp-v3,T2_wB97X-D3_def2-TZVPD_SMD_energy_SP_v1,not_applicable,8,3000,1.74,ready,
SP0101,smd_energy_sp,D022_QP2_M1,S003,runs/orca/sp/SP0101/SP0101.inp,252d71ddc2f1403d34a9327f0668869c0d8ba496b0cba0214f76f029ef198cdb,surrogate:sigma_preopt:D022:S003:q2:m1,3334df37b9842128f5a5d20ca225b76f3fef9638296a93dd6d3fe55257e518e3,94b7361eaf5260ed8fd9bcbaacaf98b81c0cd78f856ef20334bbdf0a14579d35,8508d5bf039f7a04d859bedf9951b9127cbbbf245c79170c66812080a3ec5460,64e741a8662d3f4e760ac404dd30088ac61afa015795e0961ebc4df2908a6d44,jhtvs-ft0806-sp-v3,T2_wB97X-D3_def2-TZVPD_SMD_energy_SP_v1,not_applicable,8,3000,4.22,ready,
SP0102,smd_energy_sp,D027_QP2_M1,S003,runs/orca/sp/SP0102/SP0102.inp,01730be0f153f13224899b48b37d63eea9b064b25c2693aa1c4bbc87550f1c4a,surrogate:sigma_preopt:D027:S003:q2:m1,579068470bb15a06d451b462b69435fd0e08dd5add4d10c6115d21efb9b89164,94b7361eaf5260ed8fd9bcbaacaf98b81c0cd78f856ef20334bbdf0a14579d35,8508d5bf039f7a04d859bedf9951b9127cbbbf245c79170c66812080a3ec5460,387d420600e73c8b3be2b8a8c64f1b48b6e4ddd5d803c61f7cb18dc31bc3d369,jhtvs-ft0806-sp-v3,T2_wB97X-D3_def2-TZVPD_SMD_energy_SP_v1,not_applicable,8,3000,4.22,ready,
SP0103,smd_energy_sp,D068_QP2_M1,S003,runs/orca/sp/SP0103/SP0103.inp,1b554d30ace65019736e48a4e7acfd96873c90ca652d71b7138fce66fa17683c,surrogate:sigma_preopt:D068:S003:q2:m1,4315bbe1fb7689c5e32edbbadb284635f3f7e1bc830522cf3432ce1cce06bd89,94b7361eaf5260ed8fd9bcbaacaf98b81c0cd78f856ef20334bbdf0a14579d35,8508d5bf039f7a04d859bedf9951b9127cbbbf245c79170c66812080a3ec5460,351a531976ea3033c3b5705502817ac5859c916fe24ebd43093360efc6744afc,jhtvs-ft0806-sp-v3,T2_wB97X-D3_def2-TZVPD_SMD_energy_SP_v1,not_applicable,8,3000,4.22,ready,
SP0104,smd_energy_sp,D078_QP2_M1,S003,runs/orca/sp/SP0104/SP0104.inp,a15ff272a751c520ec8b48688542a5447eeecc4a11354015ac13493ca26d7b1a,surrogate:sigma_preopt:D078:S003:q2:m1,13261bc593e2b3aec6a19c0bbf3d7b1fa7709fa6480eb5551174618fc6713f61,94b7361eaf5260ed8fd9bcbaacaf98b81c0cd78f856ef20334bbdf0a14579d35,8508d5bf039f7a04d859bedf9951b9127cbbbf245c79170c66812080a3ec5460,819c74f6adf1d1d23bd03546566d4af57079e3961bf555e1bb053bb0c9b2148a,jhtvs-ft0806-sp-v3,T2_wB97X-D3_def2-TZVPD_SMD_energy_SP_v1,not_applicable,8,3000,4.22,ready,
SP0105,smd_energy_sp,D094_QP2_M1,S003,runs/orca/sp/SP0105/SP0105.inp,1cd87cfdb2fca3a23bafc0931a9a45e2ed397024d7ef51a0402bef96ca7c73a1,surrogate:sigma_preopt:D094:S003:q2:m1,9075aaa3f6b92988a837e66526cba0fd9009cde114419c48e36e4a76c402ce5c,94b7361eaf5260ed8fd9bcbaacaf98b81c0cd78f856ef20334bbdf0a14579d35,8508d5bf039f7a04d859bedf9951b9127cbbbf245c79170c66812080a3ec5460,cfb0fae0cb9465063198c38d6a8f749805c35d145b3cd5a7e3c632bc8c013a50,jhtvs-ft0806-sp-v3,T2_wB97X-D3_def2-TZVPD_SMD_energy_SP_v1,not_applicable,8,3000,4.22,ready,
SP0106,smd_energy_sp,M017_Q0_M1,S003,runs/orca/sp/SP0106/SP0106.inp,70f5803878795c639a5bb03ede6ba6e989ac89ec15652a3d2c73545e5f029dbf,tier1:redox:M017:S003:q0:m1,fe0f80c035254c4e1806870797daba5c1c3531b0cba3fe8b4ff71ba2c3ed14c0,94b7361eaf5260ed8fd9bcbaacaf98b81c0cd78f856ef20334bbdf0a14579d35,8508d5bf039f7a04d859bedf9951b9127cbbbf245c79170c66812080a3ec5460,7271cf2fb40f135714e26fdb55a69b3ee930d015bedadba8bd3ddfa85536294b,jhtvs-ft0806-sp-v3,T2_wB97X-D3_def2-TZVPD_SMD_energy_SP_v1,not_applicable,8,3000,1.74,ready,
SP0107,smd_energy_sp,M017_QP1_M2,S003,runs/orca/sp/SP0107/SP0107.inp,f7b13a0b07469de3369f37e83ec522e3399ba6d698ca10ac5dacd2d2317d713e,tier1:redox:M017:S003:q1:m2,584415a92999b930c5f3e40c69f981a29661420993613e4371d8b0280c6a6985,94b7361eaf5260ed8fd9bcbaacaf98b81c0cd78f856ef20334bbdf0a14579d35,8508d5bf039f7a04d859bedf9951b9127cbbbf245c79170c66812080a3ec5460,a7ea1959ec8b65570c4bbf80e8361e4bc19c183a0e90cae1c44e6fd26765d4a8,jhtvs-ft0806-sp-v3,T2_wB97X-D3_def2-TZVPD_SMD_energy_SP_v1,not_applicable,8,3000,1.74,ready,
SP0108,smd_energy_sp,M022_Q0_M1,S003,runs/orca/sp/SP0108/SP0108.inp,7183e5be259686e3704a12a48cd91aad22d59754ec294021af261a35da1b26ef,tier1:redox:M022:S003:q0:m1,f4ae2cb41fd3067e0915d2b83accce45cf98ba2f9e0a317322a236de6333762e,94b7361eaf5260ed8fd9bcbaacaf98b81c0cd78f856ef20334bbdf0a14579d35,8508d5bf039f7a04d859bedf9951b9127cbbbf245c79170c66812080a3ec5460,0b82bf1f8bc7e0f0e0a93b5a4d48e093f5ef957f5a6dbc0a3e32d446367d4f7a,jhtvs-ft0806-sp-v3,T2_wB97X-D3_def2-TZVPD_SMD_energy_SP_v1,not_applicable,8,3000,1.74,ready,
SP0109,smd_energy_sp,M022_QP1_M2,S003,runs/orca/sp/SP0109/SP0109.inp,0277b455bbdd4a64cf9d07abd87f1aa799e0e4274ea006af4d39f3b56dcb6f06,tier1:redox:M022:S003:q1:m2,499c305f4537ca8adc7f0a81219c731c63ec28f27a6e9767fcd491c3ba5c8f01,94b7361eaf5260ed8fd9bcbaacaf98b81c0cd78f856ef20334bbdf0a14579d35,8508d5bf039f7a04d859bedf9951b9127cbbbf245c79170c66812080a3ec5460,d1fa41850f7b78ef2be4897324649b72cd51919c61ff217ca69962bbf7ab863c,jhtvs-ft0806-sp-v3,T2_wB97X-D3_def2-TZVPD_SMD_energy_SP_v1,not_applicable,8,3000,1.74,ready,
SP0110,smd_energy_sp,M027_QP1_M2,S003,runs/orca/sp/SP0110/SP0110.inp,3598b8f081dc10a369362b7a78cb8d5c2bb856a2f2534d4c7ec9195e1019573f,tier1:redox:M027:S003:q1:m2,2615a3885d828f77ce2bef5b5a10afbd81dd2d7088a4644ddbabd5f1532a0f1b,94b7361eaf5260ed8fd9bcbaacaf98b81c0cd78f856ef20334bbdf0a14579d35,8508d5bf039f7a04d859bedf9951b9127cbbbf245c79170c66812080a3ec5460,a7ec5228d4e052005978e02c674d756a81a38d90ab25e4d53a890cc510bad54b,jhtvs-ft0806-sp-v3,T2_wB97X-D3_def2-TZVPD_SMD_energy_SP_v1,not_applicable,8,3000,1.74,ready,
SP0111,smd_energy_sp,M031_Q0_M1,S003,runs/orca/sp/SP0111/SP0111.inp,55b7c070eefe6d3353e9e46f719ff02867d4a3c789870c8143d2010f58c68bd8,tier1:redox:M031:S003:q0:m1,961a452bdfe2be406827fe18e46c247907d237aec8d51df7d5e453ac366f305c,94b7361eaf5260ed8fd9bcbaacaf98b81c0cd78f856ef20334bbdf0a14579d35,8508d5bf039f7a04d859bedf9951b9127cbbbf245c79170c66812080a3ec5460,05346b0511cf4ccd09e8944edddc3f167d769120f47ab37c4f242e66b0cb59a1,jhtvs-ft0806-sp-v3,T2_wB97X-D3_def2-TZVPD_SMD_energy_SP_v1,not_applicable,8,3000,1.74,ready,
SP0112,smd_energy_sp,M031_QP1_M2,S003,runs/orca/sp/SP0112/SP0112.inp,81792d15a3a2e16394cfc0436332e7f5a8ec86580fbfa887406b450ced6673e5,tier1:redox:M031:S003:q1:m2,f69e8569ada2abcb0dd50dfbd9868d30885a748f051c0f2c9649b57ff9a54f75,94b7361eaf5260ed8fd9bcbaacaf98b81c0cd78f856ef20334bbdf0a14579d35,8508d5bf039f7a04d859bedf9951b9127cbbbf245c79170c66812080a3ec5460,2535ea3855a1344b8337ace669d5a018b8cab974c2f3d6c0c98620b783e0c1c1,jhtvs-ft0806-sp-v3,T2_wB97X-D3_def2-TZVPD_SMD_energy_SP_v1,not_applicable,8,3000,1.74,ready,
SP0113,smd_energy_sp,M048_Q0_M1,S003,runs/orca/sp/SP0113/SP0113.inp,08b8c107572b99adfd2d834faee61ddc6c77e5ebe87c3d04c8ed7ea351528db0,tier1:redox:M048:S003:q0:m1,3f6c9928e9260bfcde014ab8c3feed3f34c58c3b949185b4deb778401850813e,94b7361eaf5260ed8fd9bcbaacaf98b81c0cd78f856ef20334bbdf0a14579d35,8508d5bf039f7a04d859bedf9951b9127cbbbf245c79170c66812080a3ec5460,c9ed04e3e1caef37a7a67890bcd2f82e407399d34faaa28a952e05f4450fbf2d,jhtvs-ft0806-sp-v3,T2_wB97X-D3_def2-TZVPD_SMD_energy_SP_v1,not_applicable,8,3000,1.74,ready,
SP0114,smd_energy_sp,M048_QP1_M2,S003,runs/orca/sp/SP0114/SP0114.inp,723e736c9e4e612962750ccbb489293190fd39d97313ddb2f97fbf3f9e4b9dc4,tier1:redox:M048:S003:q1:m2,1bb940e20f2b0f1d303fb7ec2c5f5f88329f59d1970b2188b3b71fdfd84aae9c,94b7361eaf5260ed8fd9bcbaacaf98b81c0cd78f856ef20334bbdf0a14579d35,8508d5bf039f7a04d859bedf9951b9127cbbbf245c79170c66812080a3ec5460,4577a4a6f3347f564f94000db2bce53e5041537dbac93d029dec1b7ca1d89b98,jhtvs-ft0806-sp-v3,T2_wB97X-D3_def2-TZVPD_SMD_energy_SP_v1,not_applicable,8,3000,1.74,ready,
SP0115,smd_energy_sp,M068_Q0_M1,S003,runs/orca/sp/SP0115/SP0115.inp,95a62c723ac75b3bd7f2be684337f19f52219f754a8b458f91ef808ffe3945b2,tier1:redox:M068:S003:q0:m1,cc6015b792872fef049f70cf95b8d07745ae6875e16cc5e95f62608e502ca1d6,94b7361eaf5260ed8fd9bcbaacaf98b81c0cd78f856ef20334bbdf0a14579d35,8508d5bf039f7a04d859bedf9951b9127cbbbf245c79170c66812080a3ec5460,b0b50bd0294a24f5029e8fcc68afca6062717af705448e280ed6d8e055ddb09d,jhtvs-ft0806-sp-v3,T2_wB97X-D3_def2-TZVPD_SMD_energy_SP_v1,not_applicable,8,3000,1.74,ready,
SP0116,smd_energy_sp,M068_QP1_M2,S003,runs/orca/sp/SP0116/SP0116.inp,086b16f52e1d1e7d8e931da0258fcf71d02268e0105880d941b75bfabc94c58d,tier1:redox:M068:S003:q1:m2,a2d111f67e5f22b5425641947ce6ceeb72353cc530e47e09de199318c0663655,94b7361eaf5260ed8fd9bcbaacaf98b81c0cd78f856ef20334bbdf0a14579d35,8508d5bf039f7a04d859bedf9951b9127cbbbf245c79170c66812080a3ec5460,84d3e7d74446d56b8f77f527ea4cbef6e087077f1dc8400736a62de96fda4dcd,jhtvs-ft0806-sp-v3,T2_wB97X-D3_def2-TZVPD_SMD_energy_SP_v1,not_applicable,8,3000,1.74,ready,
SP0117,smd_energy_sp,M078_Q0_M1,S003,runs/orca/sp/SP0117/SP0117.inp,f4fbb3089e434985c177d29229f5f406e3fc30c74119211b3a3029e832e97ec0,tier1:redox:M078:S003:q0:m1,69d08422ddedc4d86e0c080d3f6b0d65ff14eb9e879632db832a4cc85d4f955b,94b7361eaf5260ed8fd9bcbaacaf98b81c0cd78f856ef20334bbdf0a14579d35,8508d5bf039f7a04d859bedf9951b9127cbbbf245c79170c66812080a3ec5460,3abfcd098a417a820b0ac3606ce7832640cbe58da66afdcac347924103f5c74a,jhtvs-ft0806-sp-v3,T2_wB97X-D3_def2-TZVPD_SMD_energy_SP_v1,not_applicable,8,3000,1.74,ready,
SP0118,smd_energy_sp,M078_QP1_M2,S003,runs/orca/sp/SP0118/SP0118.inp,01743b300d64c2ff185ecd511375bc1603d1cfff65295ea1a22ef785ec1e2575,tier1:redox:M078:S003:q1:m2,f8790586ab4ab2a1d91526f4c248f319a6f459e4b5f7460068116d327276adab,94b7361eaf5260ed8fd9bcbaacaf98b81c0cd78f856ef20334bbdf0a14579d35,8508d5bf039f7a04d859bedf9951b9127cbbbf245c79170c66812080a3ec5460,05c8bd3e7c92d5aa23e45a38398bdfaec9c7e92639d188676226abb71fbe4e0f,jhtvs-ft0806-sp-v3,T2_wB97X-D3_def2-TZVPD_SMD_energy_SP_v1,not_applicable,8,3000,1.74,ready,
SP0119,smd_energy_sp,M084_Q0_M1,S003,runs/orca/sp/SP0119/SP0119.inp,5110302dea424326f1a851a6fa2b8807fe991bb13435e09b279e338876139f8d,tier1:redox:M084:S003:q0:m1,b12a9000363eb3948b927f1a6d572105e3988f17e8ccc6c7eeefd8ac28b44a80,94b7361eaf5260ed8fd9bcbaacaf98b81c0cd78f856ef20334bbdf0a14579d35,8508d5bf039f7a04d859bedf9951b9127cbbbf245c79170c66812080a3ec5460,3bc42677add11bfc5e8fed1af848508dcdf86641d4034ce68d0ada40f7bfff3c,jhtvs-ft0806-sp-v3,T2_wB97X-D3_def2-TZVPD_SMD_energy_SP_v1,not_applicable,8,3000,1.74,ready,
SP0120,smd_energy_sp,M084_QP1_M2,S003,runs/orca/sp/SP0120/SP0120.inp,26e45cc161ba43c61d6b7c86f9168a42482632d1b17b3de8471fc8e5d67dc546,tier1:redox:M084:S003:q1:m2,4125cd61bc3482e9432bf31e592e4d9786d1369b883f5f02c8c3eecedc7ee003,94b7361eaf5260ed8fd9bcbaacaf98b81c0cd78f856ef20334bbdf0a14579d35,8508d5bf039f7a04d859bedf9951b9127cbbbf245c79170c66812080a3ec5460,45bfac1b7091cf8037562cb4db77f8001b0310c58ee7325fb846c42f40df4db3,jhtvs-ft0806-sp-v3,T2_wB97X-D3_def2-TZVPD_SMD_energy_SP_v1,not_applicable,8,3000,1.74,ready,
SP0121,smd_energy_sp,M094_Q0_M1,S003,runs/orca/sp/SP0121/SP0121.inp,7e8b0cc165185ffe58b06c5296bd28b2bfbfd929d2d30de0ddc2110e9f4a94a0,tier1:redox:M094:S003:q0:m1,74abc0c2cc89b1650c3b21d26b7a76d67a9849838482795dc1e014fa94fd4a0a,94b7361eaf5260ed8fd9bcbaacaf98b81c0cd78f856ef20334bbdf0a14579d35,8508d5bf039f7a04d859bedf9951b9127cbbbf245c79170c66812080a3ec5460,010ce39e9583dfffa04f863d90481f03447c1839aa7de4901c079fbdd56f9914,jhtvs-ft0806-sp-v3,T2_wB97X-D3_def2-TZVPD_SMD_energy_SP_v1,not_applicable,8,3000,1.74,ready,
SP0122,smd_energy_sp,M094_QP1_M2,S003,runs/orca/sp/SP0122/SP0122.inp,5058d88f6ab9d4f854be05f1bba6e656beaedf4e2c6f55f05981c5c2870f16c3,tier1:redox:M094:S003:q1:m2,9741726d208e356e24029b5abe307d047bbcb36a78e68ba5dfe8d35b858a8e7b,94b7361eaf5260ed8fd9bcbaacaf98b81c0cd78f856ef20334bbdf0a14579d35,8508d5bf039f7a04d859bedf9951b9127cbbbf245c79170c66812080a3ec5460,8ef8069af8d1bb1b64a40009bbc7a38fab2bd5303c582bfd2c85870878f1f956,jhtvs-ft0806-sp-v3,T2_wB97X-D3_def2-TZVPD_SMD_energy_SP_v1,not_applicable,8,3000,1.74,ready,
SP0123,smd_energy_sp,S003_Q0_M1,S003,runs/orca/sp/SP0123/SP0123.inp,7bf75286a15889ce22ee0fefef7300892f39d89c28e4de43e51dd4b6e54de20b,tier1:redox:S003:S003:q0:m1,3c5fe1ea4eda0ce2a9a31173364c910fb41cedc4d50d72f9fe540deeba6ebb8e,94b7361eaf5260ed8fd9bcbaacaf98b81c0cd78f856ef20334bbdf0a14579d35,8508d5bf039f7a04d859bedf9951b9127cbbbf245c79170c66812080a3ec5460,c4753334eecf9e70ff02a0bccaec0d0c04f134c007f9a9ae4afbfbb9d8a83b5e,jhtvs-ft0806-sp-v3,T2_wB97X-D3_def2-TZVPD_SMD_energy_SP_v1,not_applicable,8,3000,1.74,ready,
SP0124,smd_energy_sp,S003_QP1_M2,S003,runs/orca/sp/SP0124/SP0124.inp,6089fd6399ef9ae9080bdd6a77dd71b2f6d5a7d7314b4bd4ba91a9e7b4793515,tier1:redox:S003:S003:q1:m2,9af2d08bee6f95b12010ed54c007fcd7e0898518bb8928547b8909c576dcd720,94b7361eaf5260ed8fd9bcbaacaf98b81c0cd78f856ef20334bbdf0a14579d35,8508d5bf039f7a04d859bedf9951b9127cbbbf245c79170c66812080a3ec5460,356c197793b326d6694b3cf452c18de8358534e369675bb5415311452d5fe06b,jhtvs-ft0806-sp-v3,T2_wB97X-D3_def2-TZVPD_SMD_energy_SP_v1,not_applicable,8,3000,1.74,ready,
SP0125,smd_energy_sp,A002_Q0_M2,S004,runs/orca/sp/SP0125/SP0125.inp,86a65b4f0444df7c1a4d47598b4b4d60216d7f52fff97f475e42cfe37eee1049,tier1:redox:A002:S004:q0:m2,6c2ec646d07676adf8e5545a5ceb5e0989df0853fd73f4a310dce9942244cc9d,53a1420e98ef8a080444862fc39f2c03ee25566ff1de370361ddb92eda222557,fc84c6c0fdedfad4ad7162cbe466ea9adb5b8ade8ed807efe9a91b7a14935117,1d3c170e32bb91cd62359038d0f942807689a7e128ecd5fd9bc2be6f3a4f6263,jhtvs-ft0806-sp-v3,T2_wB97X-D3_def2-TZVPD_SMD_energy_SP_v1,not_applicable,8,3000,1.74,ready,
SP0126,smd_energy_sp,A002_QM1_M1,S004,runs/orca/sp/SP0126/SP0126.inp,4f46990259c5f3c6cbac4dc9c422326cce301e902f9ce690bbee08193cd653f2,tier1:redox:A002:S004:q-1:m1,0ceed7e96fd9e0e4fa342d34feb8891e81ea93ae89c6789964e0df2558f757db,53a1420e98ef8a080444862fc39f2c03ee25566ff1de370361ddb92eda222557,fc84c6c0fdedfad4ad7162cbe466ea9adb5b8ade8ed807efe9a91b7a14935117,2c2af89a0f4638a4fd04f6b66d96dc56cbf62639aa28ec73a8be168755e48894,jhtvs-ft0806-sp-v3,T2_wB97X-D3_def2-TZVPD_SMD_energy_SP_v1,not_applicable,8,3000,1.74,ready,
SP0127,smd_energy_sp,A005_Q0_M2,S004,runs/orca/sp/SP0127/SP0127.inp,c7bb38ebc8966f7274ee3e7b9e1ba8b883aa53ea4c986858df71a5f6eefc98f7,tier1:redox:A005:S004:q0:m2,49392ccbc9d665b79de6e4ab313418b7e29fd1e128548caac4ac0f24f5df414d,53a1420e98ef8a080444862fc39f2c03ee25566ff1de370361ddb92eda222557,fc84c6c0fdedfad4ad7162cbe466ea9adb5b8ade8ed807efe9a91b7a14935117,8e9509c5e6c59e466e1607aa4cb5747c6d928c1fc96b39026270a1afafe5d763,jhtvs-ft0806-sp-v3,T2_wB97X-D3_def2-TZVPD_SMD_energy_SP_v1,not_applicable,8,3000,1.74,ready,
SP0128,smd_energy_sp,A005_QM1_M1,S004,runs/orca/sp/SP0128/SP0128.inp,6a958f6e8693a1c25ad19891766a317835c223bde73f5af807ac339960b607ce,tier1:redox:A005:S004:q-1:m1,ed22e9d0e568bbeaa48cc59f2fd549a6b9651c17b6ff4bdbd5a52a6042c14f3c,53a1420e98ef8a080444862fc39f2c03ee25566ff1de370361ddb92eda222557,fc84c6c0fdedfad4ad7162cbe466ea9adb5b8ade8ed807efe9a91b7a14935117,05a31a11d43ce655f8e094c81208a46d5926fbc13118ba2e33ef9df0be5e4e72,jhtvs-ft0806-sp-v3,T2_wB97X-D3_def2-TZVPD_SMD_energy_SP_v1,not_applicable,8,3000,1.74,ready,
SP0129,smd_energy_sp,A007_Q0_M2,S004,runs/orca/sp/SP0129/SP0129.inp,6f0a8f4b633c8f6402bde6724518873c63a11479e2cec3f1f3c4a81c3ddd0e3f,tier1:redox:A007:S004:q0:m2,85afe710a2caa4650965692714e0ba877bf6cc6d5a4098a6c5424fafec97e17f,53a1420e98ef8a080444862fc39f2c03ee25566ff1de370361ddb92eda222557,fc84c6c0fdedfad4ad7162cbe466ea9adb5b8ade8ed807efe9a91b7a14935117,6214442924098f54ed1667e3c274ea36554d6e43b49c9b8ac9c2a6dcb2d75c32,jhtvs-ft0806-sp-v3,T2_wB97X-D3_def2-TZVPD_SMD_energy_SP_v1,not_applicable,8,3000,1.74,ready,
SP0130,smd_energy_sp,A007_QM1_M1,S004,runs/orca/sp/SP0130/SP0130.inp,bb4c6e8e79b2ebbd22153eb140d74560fe52fa00e160f406dd7858e0f8dbb751,tier1:redox:A007:S004:q-1:m1,773eb4c35809b2e10f500fc6e6b4d046d8a530afe997de6a36f583368077a874,53a1420e98ef8a080444862fc39f2c03ee25566ff1de370361ddb92eda222557,fc84c6c0fdedfad4ad7162cbe466ea9adb5b8ade8ed807efe9a91b7a14935117,69ed01649014eeec78823ed089fb7c9e5ce0d715329d32aceea78dfb6281723a,jhtvs-ft0806-sp-v3,T2_wB97X-D3_def2-TZVPD_SMD_energy_SP_v1,not_applicable,8,3000,1.74,ready,
SP0131,smd_energy_sp,D007_QP2_M1,S004,runs/orca/sp/SP0131/SP0131.inp,ec0ed442aa26e82a48ee642ae6f4f22ce7d25e33348e469ae77d98b698a8ba12,surrogate:sigma_preopt:D007:S004:q2:m1,0efab730f80847159e2455e2bdd13bf8cad977fe8eee9f77e67ff2c9223e5b0a,53a1420e98ef8a080444862fc39f2c03ee25566ff1de370361ddb92eda222557,fc84c6c0fdedfad4ad7162cbe466ea9adb5b8ade8ed807efe9a91b7a14935117,6e8ac4bc8dd4395eeeb31d72605a8d78b782155dfec2a51067eaa3dcc02b9869,jhtvs-ft0806-sp-v3,T2_wB97X-D3_def2-TZVPD_SMD_energy_SP_v1,not_applicable,8,3000,4.22,ready,
SP0132,smd_energy_sp,D022_QP2_M1,S004,runs/orca/sp/SP0132/SP0132.inp,7110c2f44f0b1f350b86baa5e7d52b98cca359cbfd34dc2b9645e7788dd98eb8,surrogate:sigma_preopt:D022:S004:q2:m1,172cf14b812b026cac24e0b4a0a411a188cf96fffde66a6971210d07f9aa6667,53a1420e98ef8a080444862fc39f2c03ee25566ff1de370361ddb92eda222557,fc84c6c0fdedfad4ad7162cbe466ea9adb5b8ade8ed807efe9a91b7a14935117,24ff7752d6fa093b6c010267018e04306cc03c5d6145c5348db916548ad73165,jhtvs-ft0806-sp-v3,T2_wB97X-D3_def2-TZVPD_SMD_energy_SP_v1,not_applicable,8,3000,4.22,ready,
SP0133,smd_energy_sp,D024_QP2_M1,S004,runs/orca/sp/SP0133/SP0133.inp,e246ba4f30dc3b50fdd04d8adae961a9ebbc1174a17a5c57476ad5eeae0e613e,surrogate:sigma_preopt:D024:S004:q2:m1,34878daca7b73d5138a37c971848bb0e1d7766551ed9c6bd63902ae10f18003d,53a1420e98ef8a080444862fc39f2c03ee25566ff1de370361ddb92eda222557,fc84c6c0fdedfad4ad7162cbe466ea9adb5b8ade8ed807efe9a91b7a14935117,8150b15925058291034e7b70f5a110b70e92a8e1af22d4527d592ae4c31da086,jhtvs-ft0806-sp-v3,T2_wB97X-D3_def2-TZVPD_SMD_energy_SP_v1,not_applicable,8,3000,4.22,ready,
SP0134,smd_energy_sp,D027_QP2_M1,S004,runs/orca/sp/SP0134/SP0134.inp,91c23a438da95337e0246e73710581d3345820c11178b543a13fa8531bad2512,surrogate:sigma_preopt:D027:S004:q2:m1,85b555dc2c0518dab3f440fdb3f3c1512493e5674474c64f75efad7bd297349e,53a1420e98ef8a080444862fc39f2c03ee25566ff1de370361ddb92eda222557,fc84c6c0fdedfad4ad7162cbe466ea9adb5b8ade8ed807efe9a91b7a14935117,c1d395c3471817bbc5943ac5527beb6b045753f95e32404631a23fbbc5f7e5e5,jhtvs-ft0806-sp-v3,T2_wB97X-D3_def2-TZVPD_SMD_energy_SP_v1,not_applicable,8,3000,4.22,ready,
SP0135,smd_energy_sp,D038_QP2_M1,S004,runs/orca/sp/SP0135/SP0135.inp,9598af31f7465bc7783d570ae9f036cef671973f8e8a025c33345b5ca9d2060c,surrogate:sigma_preopt:D038:S004:q2:m1,24a6732950208d7a556759ff963b940b0c13887276c6e7dbb49e7640a78fc288,53a1420e98ef8a080444862fc39f2c03ee25566ff1de370361ddb92eda222557,fc84c6c0fdedfad4ad7162cbe466ea9adb5b8ade8ed807efe9a91b7a14935117,ed3592be28b845c89790b687284ce673ff0799ef805ead4ae1d7207983a3c7a6,jhtvs-ft0806-sp-v3,T2_wB97X-D3_def2-TZVPD_SMD_energy_SP_v1,not_applicable,8,3000,4.22,ready,
SP0136,smd_energy_sp,D055_QP2_M1,S004,runs/orca/sp/SP0136/SP0136.inp,244a17887e5d75a0b06b57b6fd2d5b172024bb33567d8096785e1630e9767dca,surrogate:sigma_preopt:D055:S004:q2:m1,3b66a6618b0df96906a2fdc05f3141ab257f89960a4106071c46ea730db81be4,53a1420e98ef8a080444862fc39f2c03ee25566ff1de370361ddb92eda222557,fc84c6c0fdedfad4ad7162cbe466ea9adb5b8ade8ed807efe9a91b7a14935117,b60eec2576cf7ea44176c08b63ec88deda441f58b5abd274d6152a924b307096,jhtvs-ft0806-sp-v3,T2_wB97X-D3_def2-TZVPD_SMD_energy_SP_v1,not_applicable,8,3000,4.22,ready,
SP0137,smd_energy_sp,D070_QP2_M1,S004,runs/orca/sp/SP0137/SP0137.inp,1274bc0b2af165e0a9d634d4a8a66d02f41047b9d39f4fca7ac9be12fb24c805,surrogate:sigma_preopt:D070:S004:q2:m1,db3b076a040901a86a06896853e951585304d52e9e983b3bf83c31f06bb79e79,53a1420e98ef8a080444862fc39f2c03ee25566ff1de370361ddb92eda222557,fc84c6c0fdedfad4ad7162cbe466ea9adb5b8ade8ed807efe9a91b7a14935117,ad6dcb62b3ea5e94cbaa05a2996f01f26e5a563b1c4bcf69488fc0882a4c3afd,jhtvs-ft0806-sp-v3,T2_wB97X-D3_def2-TZVPD_SMD_energy_SP_v1,not_applicable,8,3000,4.22,ready,
SP0138,smd_energy_sp,D084_QP2_M1,S004,runs/orca/sp/SP0138/SP0138.inp,2a66568068dfe2e5ca4d2656abdece79f1f5cc37b9e20691ee82fee52b870acb,surrogate:sigma_preopt:D084:S004:q2:m1,7642d49b03c45c1af43135560c60f4cbc6c4c966d0c8df7d4e9d6a723a8c5cad,53a1420e98ef8a080444862fc39f2c03ee25566ff1de370361ddb92eda222557,fc84c6c0fdedfad4ad7162cbe466ea9adb5b8ade8ed807efe9a91b7a14935117,c3d94811d97605546f6671c3e0efc89af73c7228f85005461333996ef9591e57,jhtvs-ft0806-sp-v3,T2_wB97X-D3_def2-TZVPD_SMD_energy_SP_v1,not_applicable,8,3000,4.22,ready,
SP0139,smd_energy_sp,M007_Q0_M1,S004,runs/orca/sp/SP0139/SP0139.inp,d461fca5661e34e0a3002f57b887cd35b000ad6be0db20ed0ee472e369490376,tier1:redox:M007:S004:q0:m1,94ef68e10a8cb4b558435a691383c6c3a3213b58c9019976d7ffb451f6c19d4c,53a1420e98ef8a080444862fc39f2c03ee25566ff1de370361ddb92eda222557,fc84c6c0fdedfad4ad7162cbe466ea9adb5b8ade8ed807efe9a91b7a14935117,8e0fd42876900da38eda7f459c8f69b370ccd3c0925914e0af6fc8d6ee43182d,jhtvs-ft0806-sp-v3,T2_wB97X-D3_def2-TZVPD_SMD_energy_SP_v1,not_applicable,8,3000,1.74,ready,
SP0140,smd_energy_sp,M007_QP1_M2,S004,runs/orca/sp/SP0140/SP0140.inp,3b3d64e939c2eb3ec0ed452ba8e80d3411729c7e3bfc7f204e56e61b073701d7,tier1:redox:M007:S004:q1:m2,b4eab1d36ef40e882380e69b19c3569d56ca38ea134b4c1a890e19d95a8e8506,53a1420e98ef8a080444862fc39f2c03ee25566ff1de370361ddb92eda222557,fc84c6c0fdedfad4ad7162cbe466ea9adb5b8ade8ed807efe9a91b7a14935117,61f8c88a6ec81830189049b77706abd8d5d2c83acb71397b8c059aacf92c9a7c,jhtvs-ft0806-sp-v3,T2_wB97X-D3_def2-TZVPD_SMD_energy_SP_v1,not_applicable,8,3000,1.74,ready,
SP0141,smd_energy_sp,M022_Q0_M1,S004,runs/orca/sp/SP0141/SP0141.inp,af42790ee9c1353ec38c4e3f2876ef326df7a578ea4c80dcbd340606eff074b1,tier1:redox:M022:S004:q0:m1,840cf19959172b3258c66fa261621033b65af9996a18d2b9795735bce59e5d95,53a1420e98ef8a080444862fc39f2c03ee25566ff1de370361ddb92eda222557,fc84c6c0fdedfad4ad7162cbe466ea9adb5b8ade8ed807efe9a91b7a14935117,2d870218a59a88fb52200519db3bb07a6a5b3fc827cec7dd8bf6fda4c1a162bf,jhtvs-ft0806-sp-v3,T2_wB97X-D3_def2-TZVPD_SMD_energy_SP_v1,not_applicable,8,3000,1.74,ready,
SP0142,smd_energy_sp,M022_QP1_M2,S004,runs/orca/sp/SP0142/SP0142.inp,d060059f12c257c85136abfc5345cf7e65dbf0957ebcd619c3950a6ad2220af7,tier1:redox:M022:S004:q1:m2,e9ea1ee36756887eef0406f8c21f26a78615612ecb26f991d2063268949758e9,53a1420e98ef8a080444862fc39f2c03ee25566ff1de370361ddb92eda222557,fc84c6c0fdedfad4ad7162cbe466ea9adb5b8ade8ed807efe9a91b7a14935117,c1cfa0ab7afddaa11ba6d2f636559a0d1c9752524c26c1e5c8776dee11b339dd,jhtvs-ft0806-sp-v3,T2_wB97X-D3_def2-TZVPD_SMD_energy_SP_v1,not_applicable,8,3000,1.74,ready,
SP0143,smd_energy_sp,M024_Q0_M1,S004,runs/orca/sp/SP0143/SP0143.inp,54f342fbf78f8b156b248a631879d747f970bb670317870515c5d8df605186d2,tier1:redox:M024:S004:q0:m1,7b82deedf94e214ed3a79b290b903c9443edce6ad4777ed04751b8e500027c26,53a1420e98ef8a080444862fc39f2c03ee25566ff1de370361ddb92eda222557,fc84c6c0fdedfad4ad7162cbe466ea9adb5b8ade8ed807efe9a91b7a14935117,9bd4777433f7992ab80de281089ad0fc7e4f7d9ede256a06ddd3a6d235d860ba,jhtvs-ft0806-sp-v3,T2_wB97X-D3_def2-TZVPD_SMD_energy_SP_v1,not_applicable,8,3000,1.74,ready,
SP0144,smd_energy_sp,M024_QP1_M2,S004,runs/orca/sp/SP0144/SP0144.inp,57992455e5181cf9a37da84b75a419a27f26f34fda1ed87ce1f12dc1d4836f4e,tier1:redox:M024:S004:q1:m2,195cdea707e49177dd39d48c8e16b85311526257e3aa60ccf65066ae0b4f8e15,53a1420e98ef8a080444862fc39f2c03ee25566ff1de370361ddb92eda222557,fc84c6c0fdedfad4ad7162cbe466ea9adb5b8ade8ed807efe9a91b7a14935117,d561045969dcf62a93bcff7df374a040240bb1cd3a0bfb2fa1f682881d4028f6,jhtvs-ft0806-sp-v3,T2_wB97X-D3_def2-TZVPD_SMD_energy_SP_v1,not_applicable,8,3000,1.74,ready,
SP0145,smd_energy_sp,M027_QP1_M2,S004,runs/orca/sp/SP0145/SP0145.inp,af643b7841bff9a0d8ad7fe256602c067ea245e0b8aa311badc4e212727afd97,tier1:redox:M027:S004:q1:m2,ca9ab42239ad84dd2b7fbfde1b04043789c8a53ebad2e2f4b592ed70540a3c3f,53a1420e98ef8a080444862fc39f2c03ee25566ff1de370361ddb92eda222557,fc84c6c0fdedfad4ad7162cbe466ea9adb5b8ade8ed807efe9a91b7a14935117,f843fa4d7566c20815846189b91784f21ccb07540aab0d85f366da9e8c25346d,jhtvs-ft0806-sp-v3,T2_wB97X-D3_def2-TZVPD_SMD_energy_SP_v1,not_applicable,8,3000,1.74,ready,
SP0146,smd_energy_sp,M038_Q0_M1,S004,runs/orca/sp/SP0146/SP0146.inp,276cb452e302614eb0d321d4cadca308fe5c78984d8a024a85f123be2938eafb,tier1:redox:M038:S004:q0:m1,b0aed992e513df7fa147e83e9bb44a2c50853e3de240177d37ca9b3523f327a9,53a1420e98ef8a080444862fc39f2c03ee25566ff1de370361ddb92eda222557,fc84c6c0fdedfad4ad7162cbe466ea9adb5b8ade8ed807efe9a91b7a14935117,d89855862f5062b782122d63e565a07a8b3ed83346996700454f870eebb7b4ad,jhtvs-ft0806-sp-v3,T2_wB97X-D3_def2-TZVPD_SMD_energy_SP_v1,not_applicable,8,3000,1.74,ready,
SP0147,smd_energy_sp,M038_QP1_M2,S004,runs/orca/sp/SP0147/SP0147.inp,ca56df6ced354df1969dd50fb71922ee5f2654ecdfcac57ba770d9e1ac8e569b,tier1:redox:M038:S004:q1:m2,eaebfdb1e8d3628abf0d0bfb164d3a544d991ecbb2af13c4595a76b22c5e0c53,53a1420e98ef8a080444862fc39f2c03ee25566ff1de370361ddb92eda222557,fc84c6c0fdedfad4ad7162cbe466ea9adb5b8ade8ed807efe9a91b7a14935117,0be1db9628c4def83c3e9a3f2e9ab980b3513ab94bcf01759a1868f1a69ab366,jhtvs-ft0806-sp-v3,T2_wB97X-D3_def2-TZVPD_SMD_energy_SP_v1,not_applicable,8,3000,1.74,ready,
SP0148,smd_energy_sp,M055_Q0_M1,S004,runs/orca/sp/SP0148/SP0148.inp,6ab2705e9a0c859068918f602d2d33f5b29c4bca38e7afb29b57ad2f4afc4d1f,tier1:redox:M055:S004:q0:m1,1dc38a32f1df3b11ce3f53eb325cc26acedecf3e532edc91e2cd7f34354d2053,53a1420e98ef8a080444862fc39f2c03ee25566ff1de370361ddb92eda222557,fc84c6c0fdedfad4ad7162cbe466ea9adb5b8ade8ed807efe9a91b7a14935117,e13a3cb91ac61893d613d4e6e44aeecfc576e0a45b6014ee78b6657811302f24,jhtvs-ft0806-sp-v3,T2_wB97X-D3_def2-TZVPD_SMD_energy_SP_v1,not_applicable,8,3000,1.74,ready,
SP0149,smd_energy_sp,M055_QP1_M2,S004,runs/orca/sp/SP0149/SP0149.inp,f5425536fbed6fd2f6e2a00d1ecc05bb9403a833c330fabacf9eeaa45ad450f0,tier1:redox:M055:S004:q1:m2,b6a4ed04950d898897510ac980dd88718f52e348e6dd6378cc618832d6c4d560,53a1420e98ef8a080444862fc39f2c03ee25566ff1de370361ddb92eda222557,fc84c6c0fdedfad4ad7162cbe466ea9adb5b8ade8ed807efe9a91b7a14935117,da0595a2cc924617200d59088fa2f45ed0d45872d2f62e7a1bca4d9220dc1e0a,jhtvs-ft0806-sp-v3,T2_wB97X-D3_def2-TZVPD_SMD_energy_SP_v1,not_applicable,8,3000,1.74,ready,
SP0150,smd_energy_sp,M070_Q0_M1,S004,runs/orca/sp/SP0150/SP0150.inp,258a8c6b0515cf8c45ab783fe2326156cc01049bb772af2d582d474f9e477ba8,tier1:redox:M070:S004:q0:m1,3e84cf5ece6c546b863824e05260dd06d1f25ce588d3656ddc0cf816041a60ff,53a1420e98ef8a080444862fc39f2c03ee25566ff1de370361ddb92eda222557,fc84c6c0fdedfad4ad7162cbe466ea9adb5b8ade8ed807efe9a91b7a14935117,ba1ba74017c33a333c934ce5dfff217127ffdfc5757e48a9afadbc7136ee11a6,jhtvs-ft0806-sp-v3,T2_wB97X-D3_def2-TZVPD_SMD_energy_SP_v1,not_applicable,8,3000,1.74,ready,
SP0151,smd_energy_sp,M070_QP1_M2,S004,runs/orca/sp/SP0151/SP0151.inp,47ff2134f8a0b82231547ba798256a67965e1d8b7b3829343f3b9b4ea7c85464,tier1:redox:M070:S004:q1:m2,0567888c3502f740e7ec872264388784ffafdf476c116814966ff290881032e9,53a1420e98ef8a080444862fc39f2c03ee25566ff1de370361ddb92eda222557,fc84c6c0fdedfad4ad7162cbe466ea9adb5b8ade8ed807efe9a91b7a14935117,29c94b417f1abb79854601c7b6a0417ae47e8cff81f984c3db341960a263be28,jhtvs-ft0806-sp-v3,T2_wB97X-D3_def2-TZVPD_SMD_energy_SP_v1,not_applicable,8,3000,1.74,ready,
SP0152,smd_energy_sp,M084_Q0_M1,S004,runs/orca/sp/SP0152/SP0152.inp,d3633c8612d6e752914f1011e135e67d421781a041b36a047a58883ad52b7afe,tier1:redox:M084:S004:q0:m1,c7ed16765b350b749e56028058f25692badbfb73d2adeb55ff7aa06939bd09f7,53a1420e98ef8a080444862fc39f2c03ee25566ff1de370361ddb92eda222557,fc84c6c0fdedfad4ad7162cbe466ea9adb5b8ade8ed807efe9a91b7a14935117,a56fe3d5d37638670c600e004b67be9cce5597b7eb7014120a79aaf9cb475018,jhtvs-ft0806-sp-v3,T2_wB97X-D3_def2-TZVPD_SMD_energy_SP_v1,not_applicable,8,3000,1.74,ready,
SP0153,smd_energy_sp,M084_QP1_M2,S004,runs/orca/sp/SP0153/SP0153.inp,d600df78b77d1042f586dd08956d9f92fc2970bac1770660e9bd1413e0703423,tier1:redox:M084:S004:q1:m2,61876802d2b8f06d6e16de1fe45ebcbdc60fce391bd7de6bc830812479113988,53a1420e98ef8a080444862fc39f2c03ee25566ff1de370361ddb92eda222557,fc84c6c0fdedfad4ad7162cbe466ea9adb5b8ade8ed807efe9a91b7a14935117,f7699bb6c4c6761c309ae9f7308638990d7c66b2083ddc735eba448b6d183b81,jhtvs-ft0806-sp-v3,T2_wB97X-D3_def2-TZVPD_SMD_energy_SP_v1,not_applicable,8,3000,1.74,ready,
SP0154,smd_energy_sp,M097_Q0_M1,S004,runs/orca/sp/SP0154/SP0154.inp,e5f04a7b3b02c5fc57d1e2c3cf08eae3c355fe4e3837dd0b4fd2f0c8eadf5480,tier1:redox:M097:S004:q0:m1,1d4e5e837d0d98e6d000ec0d5918170f825bbe4123e6ed6973d00b0576480121,53a1420e98ef8a080444862fc39f2c03ee25566ff1de370361ddb92eda222557,fc84c6c0fdedfad4ad7162cbe466ea9adb5b8ade8ed807efe9a91b7a14935117,7430c1ce26ca1079daafca80091b69ad8aed599984ce0613c6de6990af07eb6f,jhtvs-ft0806-sp-v3,T2_wB97X-D3_def2-TZVPD_SMD_energy_SP_v1,not_applicable,8,3000,1.74,ready,
SP0155,smd_energy_sp,M097_QP1_M2,S004,runs/orca/sp/SP0155/SP0155.inp,e7f32b79d9ee105e8a14b7e54d6ee07001c10831d0b46c68e9039a6d06c0b7ed,tier1:redox:M097:S004:q1:m2,5f087e6ead4762673eeecce9467231dd8690f1a7b2ae61a536db95f391ea0f5e,53a1420e98ef8a080444862fc39f2c03ee25566ff1de370361ddb92eda222557,fc84c6c0fdedfad4ad7162cbe466ea9adb5b8ade8ed807efe9a91b7a14935117,fe2d6868f7b35510ba5755108e19afae34917ccef8cbc651bcbb0260efcebee0,jhtvs-ft0806-sp-v3,T2_wB97X-D3_def2-TZVPD_SMD_energy_SP_v1,not_applicable,8,3000,1.74,ready,
SP0156,smd_energy_sp,S004_Q0_M1,S004,runs/orca/sp/SP0156/SP0156.inp,eaf78c8a1e9a80c68872262d18d1c8820b228e749c6e38b69a0ec332211e9436,tier1:redox:S004:S004:q0:m1,12ca1ebde9cf6f04518fc0c329275821e0f8e8d1f3d55d3e88ecaf803da5e0cf,53a1420e98ef8a080444862fc39f2c03ee25566ff1de370361ddb92eda222557,fc84c6c0fdedfad4ad7162cbe466ea9adb5b8ade8ed807efe9a91b7a14935117,0b1528478c5435487e9a2b22e10564f03e1de2d63cb615a7cdf24594d39d4335,jhtvs-ft0806-sp-v3,T2_wB97X-D3_def2-TZVPD_SMD_energy_SP_v1,not_applicable,8,3000,1.74,ready,
SP0157,smd_energy_sp,S004_QP1_M2,S004,runs/orca/sp/SP0157/SP0157.inp,a8aa2efa307ad5b9f10f3e8a2d36874d66d84171bf85eff1b01254aaf99ef48e,tier1:redox:S004:S004:q1:m2,7d68d1039c01ac2b7614ae1ea240e88fce47ed0dd81841b6f14f80cbfb616b12,53a1420e98ef8a080444862fc39f2c03ee25566ff1de370361ddb92eda222557,fc84c6c0fdedfad4ad7162cbe466ea9adb5b8ade8ed807efe9a91b7a14935117,f5389a85a49fc238aa7bd581ce5146df1ecb03c009165714d90afb03968bd547,jhtvs-ft0806-sp-v3,T2_wB97X-D3_def2-TZVPD_SMD_energy_SP_v1,not_applicable,8,3000,1.74,ready,
SP0158,smd_energy_sp,A002_Q0_M2,S005,runs/orca/sp/SP0158/SP0158.inp,f86b1a590fc5bc815852592cff6e61f2bcdf0ede2cf58e7e2b23f94a9cea6efd,tier1:redox:A002:S005:q0:m2,6198fbb6669a61c27219e345dd5c9edc527fc27cb67059aafbc068dab6c08971,a412888f46b361d7cbf5e7ffcf874bfab9b52585c5104ae7d5aae27154ae6883,6081598179efd9e152f2a5286000222d826f38a6215f04a8ed4e35831524afa6,89e8cbdc86dc2d65468e22c4bed2bab1707301871220cf95c3a7ad57c8685d5f,jhtvs-ft0806-sp-v3,T2_wB97X-D3_def2-TZVPD_SMD_energy_SP_v1,not_applicable,8,3000,1.74,ready,
SP0159,smd_energy_sp,A002_QM1_M1,S005,runs/orca/sp/SP0159/SP0159.inp,37b66f77f964e5f4e7364254b671251877086f507423209af63bc26cf81680e6,tier1:redox:A002:S005:q-1:m1,05bc09a3989d4153258c513b04b0417700722dc59f46a659fed706b2cc3da590,a412888f46b361d7cbf5e7ffcf874bfab9b52585c5104ae7d5aae27154ae6883,6081598179efd9e152f2a5286000222d826f38a6215f04a8ed4e35831524afa6,591ac488d127cea686901d2101cc9b0d4ca7ac1696a4d38de573af8a31fc7536,jhtvs-ft0806-sp-v3,T2_wB97X-D3_def2-TZVPD_SMD_energy_SP_v1,not_applicable,8,3000,1.74,ready,
SP0160,smd_energy_sp,A003_Q0_M2,S005,runs/orca/sp/SP0160/SP0160.inp,78653519011f0c6bfa17ef4cec5799e1e1ea5bddbaf7a6c703b15bad55a76055,tier1:redox:A003:S005:q0:m2,e14f4bf48e5366d85e6639fd3b8de55052084db409b95208f88b48408fbbd3ba,a412888f46b361d7cbf5e7ffcf874bfab9b52585c5104ae7d5aae27154ae6883,6081598179efd9e152f2a5286000222d826f38a6215f04a8ed4e35831524afa6,befccde08949d07a483ec5fc62762528832d27be897a3f0a52403b7dabad4a50,jhtvs-ft0806-sp-v3,T2_wB97X-D3_def2-TZVPD_SMD_energy_SP_v1,not_applicable,8,3000,1.74,ready,
SP0161,smd_energy_sp,A003_QM1_M1,S005,runs/orca/sp/SP0161/SP0161.inp,ff8e8419477c86ea87628fada3d9868d7f9769778a3763f0fe0bf476d0c611b2,tier1:redox:A003:S005:q-1:m1,9b001ffdc8a11ff559a607b1e78cc837ad373850361510763c9a4b023f58e53f,a412888f46b361d7cbf5e7ffcf874bfab9b52585c5104ae7d5aae27154ae6883,6081598179efd9e152f2a5286000222d826f38a6215f04a8ed4e35831524afa6,06e4c288edce8b1e59a69e661e78ca7f44cde7db257ce87542e95c34e4c69fc0,jhtvs-ft0806-sp-v3,T2_wB97X-D3_def2-TZVPD_SMD_energy_SP_v1,not_applicable,8,3000,1.74,ready,
SP0162,smd_energy_sp,A005_Q0_M2,S005,runs/orca/sp/SP0162/SP0162.inp,042615a554347edad81f6cfe0e845f2ad21c7c55750dc824ac95d8d325ba6db1,tier1:redox:A005:S005:q0:m2,e4333863026a7934f07433733cc68db88c8136eab4be757ada7ff5b546f3c810,a412888f46b361d7cbf5e7ffcf874bfab9b52585c5104ae7d5aae27154ae6883,6081598179efd9e152f2a5286000222d826f38a6215f04a8ed4e35831524afa6,31a8be2e71325f2d23b9c612300ec88ff41401bfce522a82e5be68d22cf21edf,jhtvs-ft0806-sp-v3,T2_wB97X-D3_def2-TZVPD_SMD_energy_SP_v1,not_applicable,8,3000,1.74,ready,
SP0163,smd_energy_sp,A005_QM1_M1,S005,runs/orca/sp/SP0163/SP0163.inp,c366e645b8a75788c0b8457270fe3f06ba3e423f8f150827c809ebd5e6ef8727,tier1:redox:A005:S005:q-1:m1,8500e39b88d8a713fedb7c751832e7f33c9e25e1d90e90db4569e30bb9dc1af9,a412888f46b361d7cbf5e7ffcf874bfab9b52585c5104ae7d5aae27154ae6883,6081598179efd9e152f2a5286000222d826f38a6215f04a8ed4e35831524afa6,c9ac60bcc6c24fee41e7293ffc6f06e0f9c6fb442fe05b073f9c60d023c32913,jhtvs-ft0806-sp-v3,T2_wB97X-D3_def2-TZVPD_SMD_energy_SP_v1,not_applicable,8,3000,1.74,ready,
SP0164,smd_energy_sp,A008_Q0_M2,S005,runs/orca/sp/SP0164/SP0164.inp,fb75abec3f098ecb44bab076eabd661de74bc3e22d9140414560f909174dfc97,tier1:redox:A008:S005:q0:m2,4b078d9f42d21d7513b4d5b6d3c74fd44479fd3014d91cb77950f5378e7ef205,a412888f46b361d7cbf5e7ffcf874bfab9b52585c5104ae7d5aae27154ae6883,6081598179efd9e152f2a5286000222d826f38a6215f04a8ed4e35831524afa6,72ec7f3c7075b90625c6dc52bd072bc5f3d69a818a6cb09716d6c450933e4302,jhtvs-ft0806-sp-v3,T2_wB97X-D3_def2-TZVPD_SMD_energy_SP_v1,not_applicable,8,3000,1.74,ready,
SP0165,smd_energy_sp,A008_QM1_M1,S005,runs/orca/sp/SP0165/SP0165.inp,2d4d4afb739dd4c16f6818b1477b4635c4edda21067ecee16c4e820653b12d47,tier1:redox:A008:S005:q-1:m1,e8fe553871b2f644e3ee1acbdcd018bb340b848d0665acde03d4f045b2768e27,a412888f46b361d7cbf5e7ffcf874bfab9b52585c5104ae7d5aae27154ae6883,6081598179efd9e152f2a5286000222d826f38a6215f04a8ed4e35831524afa6,85dd172337f5b23ed75e4e050d411888116fac8401007c1138dc46f0dcae05ee,jhtvs-ft0806-sp-v3,T2_wB97X-D3_def2-TZVPD_SMD_energy_SP_v1,not_applicable,8,3000,1.74,ready,
SP0166,smd_energy_sp,D022_QP2_M1,S005,runs/orca/sp/SP0166/SP0166.inp,30054285c02d0fda6d31e6861e5e9c22a08e3fe4cc983c8f5b24c2e019aa645a,surrogate:sigma_preopt:D022:S005:q2:m1,cb5126aac74487a56020b32b2919f0e5221e1e57fe31695b5204a861784309f8,a412888f46b361d7cbf5e7ffcf874bfab9b52585c5104ae7d5aae27154ae6883,6081598179efd9e152f2a5286000222d826f38a6215f04a8ed4e35831524afa6,02ac9f92267b99cac95b33fef32367ea07988b70b3599d6d0d3cdf1e864c932b,jhtvs-ft0806-sp-v3,T2_wB97X-D3_def2-TZVPD_SMD_energy_SP_v1,not_applicable,8,3000,4.22,ready,
SP0167,smd_energy_sp,D026_QP2_M1,S005,runs/orca/sp/SP0167/SP0167.inp,59725ebac5eb4a3f31acf1bedd3bdc78d716e731f7af21abd99dea9861f2df3a,surrogate:sigma_preopt:D026:S005:q2:m1,2bc45bd2e0ebcddb6ce12237ee9b352fb35e95ff190c99c9217917d6b3c5baf7,a412888f46b361d7cbf5e7ffcf874bfab9b52585c5104ae7d5aae27154ae6883,6081598179efd9e152f2a5286000222d826f38a6215f04a8ed4e35831524afa6,6ccdd47c9fd2f3bcbb6add5d17a790019a9d9e2bae5c62171da79d5bb41d34af,jhtvs-ft0806-sp-v3,T2_wB97X-D3_def2-TZVPD_SMD_energy_SP_v1,not_applicable,8,3000,4.22,ready,
SP0168,smd_energy_sp,D027_QP2_M1,S005,runs/orca/sp/SP0168/SP0168.inp,d56d37ec854d26cb55eb18662f2645424cd5db45eac8238adf2c73aacf7c0725,surrogate:sigma_preopt:D027:S005:q2:m1,d72a73bf0f8bd767c372a6f95b616d070d173f3f762e58f4fc1ba04a58395b4a,a412888f46b361d7cbf5e7ffcf874bfab9b52585c5104ae7d5aae27154ae6883,6081598179efd9e152f2a5286000222d826f38a6215f04a8ed4e35831524afa6,b51f34a0bd57bc306c1891778e769575f6de7359d5e0170dc6de5b54dc2d35ab,jhtvs-ft0806-sp-v3,T2_wB97X-D3_def2-TZVPD_SMD_energy_SP_v1,not_applicable,8,3000,4.22,ready,
SP0169,smd_energy_sp,D042_QP2_M1,S005,runs/orca/sp/SP0169/SP0169.inp,424cac32bd2b9ff63b4d24e23c4eb4fb88456a21bb1c614d48c50c850048c2b8,surrogate:sigma_preopt:D042:S005:q2:m1,35a346dd6fd8d0acd646af44b8611cd55c2bafab15b4961884a2af0eea3bbe29,a412888f46b361d7cbf5e7ffcf874bfab9b52585c5104ae7d5aae27154ae6883,6081598179efd9e152f2a5286000222d826f38a6215f04a8ed4e35831524afa6,288e286e84e8428a72d80c26bfa0c054c0621d6d1580e3d12acdda56ba18e70e,jhtvs-ft0806-sp-v3,T2_wB97X-D3_def2-TZVPD_SMD_energy_SP_v1,not_applicable,8,3000,4.22,ready,
SP0170,smd_energy_sp,D058_QP2_M1,S005,runs/orca/sp/SP0170/SP0170.inp,92927ee9798af6b93be7802577c71caf7b55d8508e0b018c3ed95bdaf8cc4b00,surrogate:sigma_preopt:D058:S005:q2:m1,7388d218b03d3f07a8d478a44558c9c4effbe5d8764a39a8cb783f1e0115711c,a412888f46b361d7cbf5e7ffcf874bfab9b52585c5104ae7d5aae27154ae6883,6081598179efd9e152f2a5286000222d826f38a6215f04a8ed4e35831524afa6,10371de2dc49faaad9e1031efd9b5cf1a8ba304ea0dcc903cd2a7e60ffbf1e1c,jhtvs-ft0806-sp-v3,T2_wB97X-D3_def2-TZVPD_SMD_energy_SP_v1,not_applicable,8,3000,4.22,ready,
SP0171,smd_energy_sp,D086_QP2_M1,S005,runs/orca/sp/SP0171/SP0171.inp,8df99a26606c7f96faead191e79516946d2801d7d68ca8ba8d6dcc5c8538cfaa,surrogate:sigma_preopt:D086:S005:q2:m1,9ad3364ca542202c91e3ab90c9562cb5bc062a218836e278806484122d7501ce,a412888f46b361d7cbf5e7ffcf874bfab9b52585c5104ae7d5aae27154ae6883,6081598179efd9e152f2a5286000222d826f38a6215f04a8ed4e35831524afa6,2a0e28c13fe700ae517fdc709cf50c71bd3c0db52aacffbc98bc08c67b7b063c,jhtvs-ft0806-sp-v3,T2_wB97X-D3_def2-TZVPD_SMD_energy_SP_v1,not_applicable,8,3000,4.22,ready,
SP0172,smd_energy_sp,M013_Q0_M1,S005,runs/orca/sp/SP0172/SP0172.inp,b9110e2c03193d7583ac11465fb5c291d729681c5a3ad8ecdc85786648465c39,tier1:redox:M013:S005:q0:m1,731a6774fc01871ea70155492f32fd1c0905a86495b90c82edb49617312c031d,a412888f46b361d7cbf5e7ffcf874bfab9b52585c5104ae7d5aae27154ae6883,6081598179efd9e152f2a5286000222d826f38a6215f04a8ed4e35831524afa6,49aa25fe906e95d9913662f0dd963c86f0cb4ba5a4996c59e23522d54f4e21d8,jhtvs-ft0806-sp-v3,T2_wB97X-D3_def2-TZVPD_SMD_energy_SP_v1,not_applicable,8,3000,1.74,ready,
SP0173,smd_energy_sp,M013_QP1_M2,S005,runs/orca/sp/SP0173/SP0173.inp,79d6fe12f5e06602b38481b2a2112348290b6a9d217c778cfbf5b92c01c2472c,tier1:redox:M013:S005:q1:m2,95b16843a051e6b91d16f3aeaf999ca90b43059155a17f38d6cc85f50238a659,a412888f46b361d7cbf5e7ffcf874bfab9b52585c5104ae7d5aae27154ae6883,6081598179efd9e152f2a5286000222d826f38a6215f04a8ed4e35831524afa6,783b23cb47ce72abca84d05f6f0f2df59fe1c98cc966bc3484ddaeca70516d83,jhtvs-ft0806-sp-v3,T2_wB97X-D3_def2-TZVPD_SMD_energy_SP_v1,not_applicable,8,3000,1.74,ready,
SP0174,smd_energy_sp,M022_Q0_M1,S005,runs/orca/sp/SP0174/SP0174.inp,f0b1b69aa9e6f43ee6c405e05436001da4de34210cb1011120ca58244c70c3ce,tier1:redox:M022:S005:q0:m1,88aec2473f2371cecbde12134ee3354389ae3180ffcca67f12e221553ddcfc31,a412888f46b361d7cbf5e7ffcf874bfab9b52585c5104ae7d5aae27154ae6883,6081598179efd9e152f2a5286000222d826f38a6215f04a8ed4e35831524afa6,18060708c4916dd19753a9cdd4a49a6653790dad10a396e0e1cc6ca203a49b42,jhtvs-ft0806-sp-v3,T2_wB97X-D3_def2-TZVPD_SMD_energy_SP_v1,not_applicable,8,3000,1.74,ready,
SP0175,smd_energy_sp,M022_QP1_M2,S005,runs/orca/sp/SP0175/SP0175.inp,8058a69c5a5fdd10a57b6324478737f740a5a7c341c4b2a62eb0bcbd07537847,tier1:redox:M022:S005:q1:m2,140b0cfe2e8865717b4b2d095a5fa517278544d2101550fa4e9c2280bd5915b6,a412888f46b361d7cbf5e7ffcf874bfab9b52585c5104ae7d5aae27154ae6883,6081598179efd9e152f2a5286000222d826f38a6215f04a8ed4e35831524afa6,878cda20ec416f7efe1e1474fea55d1a6ff635d49c4c370cd7d5ffc526f56d95,jhtvs-ft0806-sp-v3,T2_wB97X-D3_def2-TZVPD_SMD_energy_SP_v1,not_applicable,8,3000,1.74,ready,
SP0176,smd_energy_sp,M026_Q0_M1,S005,runs/orca/sp/SP0176/SP0176.inp,3d0c0480760cce09ae2cc9e7d5f00f77eb2b84546b6dbf04b2fca17a8705f618,tier1:redox:M026:S005:q0:m1,aeed8703b0ff38b2ef1f76a900f05ee1b356d16354370c1c3b02d724b4231265,a412888f46b361d7cbf5e7ffcf874bfab9b52585c5104ae7d5aae27154ae6883,6081598179efd9e152f2a5286000222d826f38a6215f04a8ed4e35831524afa6,4c39c45a34b81fead0b958d18da5c91a0bad4d87103e25978865a1b971ad9225,jhtvs-ft0806-sp-v3,T2_wB97X-D3_def2-TZVPD_SMD_energy_SP_v1,not_applicable,8,3000,1.74,ready,
SP0177,smd_energy_sp,M026_QP1_M2,S005,runs/orca/sp/SP0177/SP0177.inp,e072c3b12832ded062bb6616b30b787b3aa1b24f944dafcf81c9ec60d149e1eb,tier1:redox:M026:S005:q1:m2,6b6a27d81322c303cc6a9951a27dbe9c3d87e0941fb53b1b02f94134d60b7602,a412888f46b361d7cbf5e7ffcf874bfab9b52585c5104ae7d5aae27154ae6883,6081598179efd9e152f2a5286000222d826f38a6215f04a8ed4e35831524afa6,e305a955ba9a49d41e61651a593ce7342bd3d0957ac7ecbdb40f3fa836fd0d7a,jhtvs-ft0806-sp-v3,T2_wB97X-D3_def2-TZVPD_SMD_energy_SP_v1,not_applicable,8,3000,1.74,ready,
SP0178,smd_energy_sp,M027_QP1_M2,S005,runs/orca/sp/SP0178/SP0178.inp,142badc1100cd76971081b0ef113a98c4cf667b875a48a1b9c3b572ba8414fda,tier1:redox:M027:S005:q1:m2,a56c703feac09d1c460744dc8d42c797d481b911f3581105309049c10b3add97,a412888f46b361d7cbf5e7ffcf874bfab9b52585c5104ae7d5aae27154ae6883,6081598179efd9e152f2a5286000222d826f38a6215f04a8ed4e35831524afa6,5e1ee372e00a1070d597a0335ab4aade2bc4d7fd1d5dc6f214616a7613e5f6fe,jhtvs-ft0806-sp-v3,T2_wB97X-D3_def2-TZVPD_SMD_energy_SP_v1,not_applicable,8,3000,1.74,ready,
SP0179,smd_energy_sp,M042_Q0_M1,S005,runs/orca/sp/SP0179/SP0179.inp,94b2aa9344f4c7a8048a7b9a1962b9cbe9efbc512d25ed66a38711bf0b8af5a3,tier1:redox:M042:S005:q0:m1,31ccdb3a8634848cac51836a011f5af9e242d9640a6db31ee01b74ac30ea0bdd,a412888f46b361d7cbf5e7ffcf874bfab9b52585c5104ae7d5aae27154ae6883,6081598179efd9e152f2a5286000222d826f38a6215f04a8ed4e35831524afa6,b610323d6094cd2b3356d339c2d2ad050bb9ece0a408fc3638c44481b0ea7d8d,jhtvs-ft0806-sp-v3,T2_wB97X-D3_def2-TZVPD_SMD_energy_SP_v1,not_applicable,8,3000,1.74,ready,
SP0180,smd_energy_sp,M042_QP1_M2,S005,runs/orca/sp/SP0180/SP0180.inp,a4be4050c531192b309c055999d95446579ca52f608912b7399f7517e60cccb4,tier1:redox:M042:S005:q1:m2,b172f9a657bd89413d3694988e19402b0e78a47c225c43142fd98e8cc62245de,a412888f46b361d7cbf5e7ffcf874bfab9b52585c5104ae7d5aae27154ae6883,6081598179efd9e152f2a5286000222d826f38a6215f04a8ed4e35831524afa6,10a1e6e566c2376f0f46dec0109b64917c6dc86f7051c9fb6fbb3abacbc07ea3,jhtvs-ft0806-sp-v3,T2_wB97X-D3_def2-TZVPD_SMD_energy_SP_v1,not_applicable,8,3000,1.74,ready,
SP0181,smd_energy_sp,M058_Q0_M1,S005,runs/orca/sp/SP0181/SP0181.inp,3cdd44cbbc1443fcfaa3ee472fcf1bd5fc3d7213849f85d6bf6164ef4d65e1b7,tier1:redox:M058:S005:q0:m1,9717e2b6fbb947eb41231005de2daa6efa21249973176b9b9f71d695992cfd05,a412888f46b361d7cbf5e7ffcf874bfab9b52585c5104ae7d5aae27154ae6883,6081598179efd9e152f2a5286000222d826f38a6215f04a8ed4e35831524afa6,e5967de32fcc822b194d10cf273bc69fff9f985c62fcf3f924575dfc5b0cd0e3,jhtvs-ft0806-sp-v3,T2_wB97X-D3_def2-TZVPD_SMD_energy_SP_v1,not_applicable,8,3000,1.74,ready,
SP0182,smd_energy_sp,M058_QP1_M2,S005,runs/orca/sp/SP0182/SP0182.inp,e62f60a71674459044d467bb43b665da10c4adc7b4634818960611a02354a1de,tier1:redox:M058:S005:q1:m2,afe9f54d804544b9d74d38728d5e9f9d49b6779fa2b6c4bbe5522fca0d95d005,a412888f46b361d7cbf5e7ffcf874bfab9b52585c5104ae7d5aae27154ae6883,6081598179efd9e152f2a5286000222d826f38a6215f04a8ed4e35831524afa6,474f9d51f9661c76fd63872543accdc1469b35b086335165ec6c7a657a0adff4,jhtvs-ft0806-sp-v3,T2_wB97X-D3_def2-TZVPD_SMD_energy_SP_v1,not_applicable,8,3000,1.74,ready,
SP0183,smd_energy_sp,M074_Q0_M1,S005,runs/orca/sp/SP0183/SP0183.inp,36535414bda52e5804e079974145cfbfae3772f8956a6509e9033e2a6adf5134,tier1:redox:M074:S005:q0:m1,4e2523e72073dff5951b6fcc2f9a5add97568ed54c20ca5df04ae481b1f06a8f,a412888f46b361d7cbf5e7ffcf874bfab9b52585c5104ae7d5aae27154ae6883,6081598179efd9e152f2a5286000222d826f38a6215f04a8ed4e35831524afa6,ce84f1b819e3fa40e62aa84ff48b960d93073796b546dd2ac4f3db60d44f801c,jhtvs-ft0806-sp-v3,T2_wB97X-D3_def2-TZVPD_SMD_energy_SP_v1,not_applicable,8,3000,1.74,ready,
SP0184,smd_energy_sp,M074_QP1_M2,S005,runs/orca/sp/SP0184/SP0184.inp,20b44392af854b8f0db6f027a0c520cb404e048f5cef59618712a47c1b89ccf8,tier1:redox:M074:S005:q1:m2,af9ee50e224485e26b667f046ae0bf013a46b42a07d710ce5bdeb23fdec0854a,a412888f46b361d7cbf5e7ffcf874bfab9b52585c5104ae7d5aae27154ae6883,6081598179efd9e152f2a5286000222d826f38a6215f04a8ed4e35831524afa6,115acd35c5c3b60d2936531d2ae48ca60a96b4d45f711ead01f2b1191056e290,jhtvs-ft0806-sp-v3,T2_wB97X-D3_def2-TZVPD_SMD_energy_SP_v1,not_applicable,8,3000,1.74,ready,
SP0185,smd_energy_sp,M084_Q0_M1,S005,runs/orca/sp/SP0185/SP0185.inp,7ce3ec58c6fed434862c400c46c7f55189ccbbd5e6fd7211e77d4c45067902db,tier1:redox:M084:S005:q0:m1,9c24ee72ef08f20ddfefe01d8fe66c7114840be6d1f6cbaed3d4e1298daba555,a412888f46b361d7cbf5e7ffcf874bfab9b52585c5104ae7d5aae27154ae6883,6081598179efd9e152f2a5286000222d826f38a6215f04a8ed4e35831524afa6,cf47b1e36f2524d83cd4f8c992410c562ef0df0bc5f1db1e5ddf39d2797ccc7b,jhtvs-ft0806-sp-v3,T2_wB97X-D3_def2-TZVPD_SMD_energy_SP_v1,not_applicable,8,3000,1.74,ready,
SP0186,smd_energy_sp,M084_QP1_M2,S005,runs/orca/sp/SP0186/SP0186.inp,188235879f3f29baeaa7b655e5c4d94750c295d30421e79cb5e12c6fdb64ea73,tier1:redox:M084:S005:q1:m2,221f8a2676c143aff3d4ed045a0eea8d6eddfc80c2da5cbea1f63d814e011ffe,a412888f46b361d7cbf5e7ffcf874bfab9b52585c5104ae7d5aae27154ae6883,6081598179efd9e152f2a5286000222d826f38a6215f04a8ed4e35831524afa6,69e0472cbce427e258ea7482e86d5271b22db123962d34ffefed9c2529c15765,jhtvs-ft0806-sp-v3,T2_wB97X-D3_def2-TZVPD_SMD_energy_SP_v1,not_applicable,8,3000,1.74,ready,
SP0187,smd_energy_sp,M086_Q0_M1,S005,runs/orca/sp/SP0187/SP0187.inp,a3adede6da5c782e6afcb32bf1b16895490b84922b0f00450d084cc02349cf39,tier1:redox:M086:S005:q0:m1,9e574e98aeda79cfdac23882148c1b85855ec0f9b95af4c40c4eae48515fe65b,a412888f46b361d7cbf5e7ffcf874bfab9b52585c5104ae7d5aae27154ae6883,6081598179efd9e152f2a5286000222d826f38a6215f04a8ed4e35831524afa6,f30bb76dde7f1847c60bf1e9569f40e6d81f61b32a2c130e3222bdcb98c17dc4,jhtvs-ft0806-sp-v3,T2_wB97X-D3_def2-TZVPD_SMD_energy_SP_v1,not_applicable,8,3000,1.74,ready,
SP0188,smd_energy_sp,M086_QP1_M2,S005,runs/orca/sp/SP0188/SP0188.inp,3b05c0393488ca6e1df1f20ea68c4bd6e99c9be125488bbe6ca562e317707147,tier1:redox:M086:S005:q1:m2,b5a69db70b17fc9968b4d43d25019b38277ecece74d5beb1085457b74e536e0b,a412888f46b361d7cbf5e7ffcf874bfab9b52585c5104ae7d5aae27154ae6883,6081598179efd9e152f2a5286000222d826f38a6215f04a8ed4e35831524afa6,4f80811fa36d3e7cd6c8b93892330c2c58d1fef52ec349061851178c55334e6b,jhtvs-ft0806-sp-v3,T2_wB97X-D3_def2-TZVPD_SMD_energy_SP_v1,not_applicable,8,3000,1.74,ready,
SP0189,smd_energy_sp,S005_Q0_M1,S005,runs/orca/sp/SP0189/SP0189.inp,f7e5f84367f4929e04a009938a161b5d1c8da76a2483771a8c8a7dc48b7723fa,tier1:redox:S005:S005:q0:m1,b6dac09cb4acdcc42e6cc67ad14b56145b28c487a1941cfe71f0cb362b3ecd3c,a412888f46b361d7cbf5e7ffcf874bfab9b52585c5104ae7d5aae27154ae6883,6081598179efd9e152f2a5286000222d826f38a6215f04a8ed4e35831524afa6,ec99614f49b6e57f436787408e9a3388b8fd31c7e330d5518bb23b693df975ce,jhtvs-ft0806-sp-v3,T2_wB97X-D3_def2-TZVPD_SMD_energy_SP_v1,not_applicable,8,3000,1.74,ready,
SP0190,smd_energy_sp,S005_QP1_M2,S005,runs/orca/sp/SP0190/SP0190.inp,f17037c275f5772ec6e4a7f2a6b84a021438a879cef3d4e6e399cf47016571b9,tier1:redox:S005:S005:q1:m2,667e0f62859f42ee2182f1a862f95dd54e09ff96b4c92be5377ba654140c68f0,a412888f46b361d7cbf5e7ffcf874bfab9b52585c5104ae7d5aae27154ae6883,6081598179efd9e152f2a5286000222d826f38a6215f04a8ed4e35831524afa6,fdd01645006284aba7372a4fb17c4965b56026792a751ad0bcac6e19bed2f00f,jhtvs-ft0806-sp-v3,T2_wB97X-D3_def2-TZVPD_SMD_energy_SP_v1,not_applicable,8,3000,1.74,ready,
SP0191,smd_energy_sp,A002_Q0_M2,S006,runs/orca/sp/SP0191/SP0191.inp,2e18c21292b7545ca828e2bbad52d3dd10fe73d65e5dc546dce8544cd20feb96,tier1:redox:A002:S006:q0:m2,7a39d8c734e407a3e8a74b4006d61f8466be2a6aaff3fbb382dcbc8107bdd8f1,c27bd40db930eb8dcc20055d433024f1a0da5e372ae0bbe4b02d3a5026a8beca,f575e634b72386a2d8924dc432e7b3ddc1e226c049b4f1906ded7bfba712d698,154300a1adaf9aba6b49f21ed07766f8d0c8b59cfaa5a440535b5f53064cc89a,jhtvs-ft0806-sp-v3,T2_wB97X-D3_def2-TZVPD_SMD_energy_SP_v1,not_applicable,8,3000,1.74,ready,
SP0192,smd_energy_sp,A002_QM1_M1,S006,runs/orca/sp/SP0192/SP0192.inp,b330d6810704d5cd4e73f0052f3f1f0d7205903b6df18f1d635e03cd9abf4c7f,tier1:redox:A002:S006:q-1:m1,6389fd70e72cf5847f2ba4614ec5c44256f0d00911635ca9d779cf6ed036e8ed,c27bd40db930eb8dcc20055d433024f1a0da5e372ae0bbe4b02d3a5026a8beca,f575e634b72386a2d8924dc432e7b3ddc1e226c049b4f1906ded7bfba712d698,94d469365b6b720a24958f4f768b08ff4100f168a78a37c12660094fe7b81514,jhtvs-ft0806-sp-v3,T2_wB97X-D3_def2-TZVPD_SMD_energy_SP_v1,not_applicable,8,3000,1.74,ready,
SP0193,smd_energy_sp,A004_Q0_M2,S006,runs/orca/sp/SP0193/SP0193.inp,5de7d0c280cc68f80ee1b28ac6927f55d4c3173c28047e216d20a0ce142f74ce,tier1:redox:A004:S006:q0:m2,aeebfb29838da3872bdd0cc393b25bd824edc8a41256082aefde42f000792811,c27bd40db930eb8dcc20055d433024f1a0da5e372ae0bbe4b02d3a5026a8beca,f575e634b72386a2d8924dc432e7b3ddc1e226c049b4f1906ded7bfba712d698,0161fdaf2ef6afab314ba66774cc8aa65e762240c571006d050da12cc29327dd,jhtvs-ft0806-sp-v3,T2_wB97X-D3_def2-TZVPD_SMD_energy_SP_v1,not_applicable,8,3000,1.74,ready,
SP0194,smd_energy_sp,A004_QM1_M1,S006,runs/orca/sp/SP0194/SP0194.inp,f3a736501e28d49821540de861458ceb372ad812684de16a70cc7f0ff5c55905,tier1:redox:A004:S006:q-1:m1,103f61ab6933b6755d9ded667b3b0f06de5ec6ca44061a8b10516e4a2de15af5,c27bd40db930eb8dcc20055d433024f1a0da5e372ae0bbe4b02d3a5026a8beca,f575e634b72386a2d8924dc432e7b3ddc1e226c049b4f1906ded7bfba712d698,2e3a6d5e0e95e12186d9afde60a5b0dcb4900e9925adcddbd970544c589c43ee,jhtvs-ft0806-sp-v3,T2_wB97X-D3_def2-TZVPD_SMD_energy_SP_v1,not_applicable,8,3000,1.74,ready,
SP0195,smd_energy_sp,A005_Q0_M2,S006,runs/orca/sp/SP0195/SP0195.inp,04f728aab0bc91a7d7b311caafefc5c176ed53333cc49a7b38ce62be7b8cdddd,tier1:redox:A005:S006:q0:m2,b9939968c36b08742b4c22700cd7806d8e17a8caa3a9e7fb34c3d116320e3dd0,c27bd40db930eb8dcc20055d433024f1a0da5e372ae0bbe4b02d3a5026a8beca,f575e634b72386a2d8924dc432e7b3ddc1e226c049b4f1906ded7bfba712d698,87abbdd479a3e8e5faab20a39e52c5570350252f6596117c01d1acdd2afcea94,jhtvs-ft0806-sp-v3,T2_wB97X-D3_def2-TZVPD_SMD_energy_SP_v1,not_applicable,8,3000,1.74,ready,
SP0196,smd_energy_sp,A005_QM1_M1,S006,runs/orca/sp/SP0196/SP0196.inp,01808ca70b6bf2b93390b534f47a5a8eb0c584464f9e3b7493148b7a20cdcd5c,tier1:redox:A005:S006:q-1:m1,790b4cc2dfa95497b56a672b85321af1b7e446177f888e707a1a55f6e9ab0be4,c27bd40db930eb8dcc20055d433024f1a0da5e372ae0bbe4b02d3a5026a8beca,f575e634b72386a2d8924dc432e7b3ddc1e226c049b4f1906ded7bfba712d698,790757301754f550e35557c23668fd417ad6d0b40722fa5afb3a80b7a193e150,jhtvs-ft0806-sp-v3,T2_wB97X-D3_def2-TZVPD_SMD_energy_SP_v1,not_applicable,8,3000,1.74,ready,
SP0197,smd_energy_sp,A009_Q0_M2,S006,runs/orca/sp/SP0197/SP0197.inp,5c0e1ca1463f8221d15b38a6f345e4b561f460bcefb5d21e3c79e42920482189,tier1:redox:A009:S006:q0:m2,54cb1b1eab206137a4030e0c39406eec0e0ca776b5fc5070bba2b8e993c1eedc,c27bd40db930eb8dcc20055d433024f1a0da5e372ae0bbe4b02d3a5026a8beca,f575e634b72386a2d8924dc432e7b3ddc1e226c049b4f1906ded7bfba712d698,bfbac5211ac61d4d2efaf614a9534bc685d8352719ef9ec54dfe6130165b81b7,jhtvs-ft0806-sp-v3,T2_wB97X-D3_def2-TZVPD_SMD_energy_SP_v1,not_applicable,8,3000,1.74,ready,
SP0198,smd_energy_sp,A009_QM1_M1,S006,runs/orca/sp/SP0198/SP0198.inp,8163169cd6e7e76726237ef5ecc3f1d0ec763445bdb5a85038040c7b943b0549,tier1:redox:A009:S006:q-1:m1,c2acc00f18b023f23ba951f79ebc598e40167a04f7001c3732f281e93032ea5d,c27bd40db930eb8dcc20055d433024f1a0da5e372ae0bbe4b02d3a5026a8beca,f575e634b72386a2d8924dc432e7b3ddc1e226c049b4f1906ded7bfba712d698,c69c992c2df3323e3b78e00a8d7e8760dfd4313910ffed66e1da05b4f56db86c,jhtvs-ft0806-sp-v3,T2_wB97X-D3_def2-TZVPD_SMD_energy_SP_v1,not_applicable,8,3000,1.74,ready,
SP0199,smd_energy_sp,D022_QP2_M1,S006,runs/orca/sp/SP0199/SP0199.inp,6ce903cc89cf14b956a580dacb918d8b85a2b5b05e67e94ba9b5452ddcc3d9bb,surrogate:sigma_preopt:D022:S006:q2:m1,a45906fc8278b9e1a4e87803ad3eba0e6bdcc06141635cb9bfd635f67167b071,c27bd40db930eb8dcc20055d433024f1a0da5e372ae0bbe4b02d3a5026a8beca,f575e634b72386a2d8924dc432e7b3ddc1e226c049b4f1906ded7bfba712d698,027ee9149aa7aeb31ea349521f915f3bbcd675280edbc3d3df920201721fb271,jhtvs-ft0806-sp-v3,T2_wB97X-D3_def2-TZVPD_SMD_energy_SP_v1,not_applicable,8,3000,4.22,ready,
SP0200,smd_energy_sp,D027_QP2_M1,S006,runs/orca/sp/SP0200/SP0200.inp,7f247183437dc0c20288db44d929dbd0719fd360ea69739f2c2176223e847a5d,surrogate:sigma_preopt:D027:S006:q2:m1,08154c1baff99fa312303a2b0601d1d4036336cbf1dde6d3e7e2e878528004b8,c27bd40db930eb8dcc20055d433024f1a0da5e372ae0bbe4b02d3a5026a8beca,f575e634b72386a2d8924dc432e7b3ddc1e226c049b4f1906ded7bfba712d698,ae2401a165802e5d22797971529e749f5470fe37ee692777649d16e1c3942345,jhtvs-ft0806-sp-v3,T2_wB97X-D3_def2-TZVPD_SMD_energy_SP_v1,not_applicable,8,3000,4.22,ready,
SP0201,smd_energy_sp,D060_QP2_M1,S006,runs/orca/sp/SP0201/SP0201.inp,d32e86f545154137feb317c617b57d9bdb3d9f3ca6174c8aee4e1d3574aafb7a,surrogate:sigma_preopt:D060:S006:q2:m1,af26276a1e1c19e392de9ac0dcc8d1babcf10842726d5117033934e033aaf911,c27bd40db930eb8dcc20055d433024f1a0da5e372ae0bbe4b02d3a5026a8beca,f575e634b72386a2d8924dc432e7b3ddc1e226c049b4f1906ded7bfba712d698,d72228c4d4654c4bdf0977865851ecab9e88fa29176473426c40b951dbf18be8,jhtvs-ft0806-sp-v3,T2_wB97X-D3_def2-TZVPD_SMD_energy_SP_v1,not_applicable,8,3000,4.22,ready,
SP0202,smd_energy_sp,D077_QP2_M1,S006,runs/orca/sp/SP0202/SP0202.inp,32214a63dad5648b7c81565746261d2a64d6357a738925df2a39e099046a59dc,surrogate:sigma_preopt:D077:S006:q2:m1,d6a5c6a9b79320eb645d3ed191fdfa568cc3bcbb0572333f9ed7b640ca1e9687,c27bd40db930eb8dcc20055d433024f1a0da5e372ae0bbe4b02d3a5026a8beca,f575e634b72386a2d8924dc432e7b3ddc1e226c049b4f1906ded7bfba712d698,ee1b151ac2189c64e7fd9011055de87adc99a397e6ce869a7c37d370fc8058b3,jhtvs-ft0806-sp-v3,T2_wB97X-D3_def2-TZVPD_SMD_energy_SP_v1,not_applicable,8,3000,4.22,ready,
SP0203,smd_energy_sp,D089_QP2_M1,S006,runs/orca/sp/SP0203/SP0203.inp,96a91ac1434f600d0fc773bb7cc0864d6c3bfe5062d68e4f88caaf6c81ea256c,surrogate:sigma_preopt:D089:S006:q2:m1,ed18569fb123623d5d6640c788aa7ca07379103b2e62db3c70b41732bd721ab1,c27bd40db930eb8dcc20055d433024f1a0da5e372ae0bbe4b02d3a5026a8beca,f575e634b72386a2d8924dc432e7b3ddc1e226c049b4f1906ded7bfba712d698,8583c1f662754f8d6a6b0431a621ecc7a8688fca01ecebec2ed628f7e1184fe6,jhtvs-ft0806-sp-v3,T2_wB97X-D3_def2-TZVPD_SMD_energy_SP_v1,not_applicable,8,3000,4.22,ready,
SP0204,smd_energy_sp,M014_Q0_M1,S006,runs/orca/sp/SP0204/SP0204.inp,1bb0fe182d584a62b204643bdb70c06e5cbbefc604979c6f25e9b0c90ce01bf2,tier1:redox:M014:S006:q0:m1,5453b8f4e6e2a85e6eb8d2a881aa5454f761eed083d8f2c16b91b24ef0304de8,c27bd40db930eb8dcc20055d433024f1a0da5e372ae0bbe4b02d3a5026a8beca,f575e634b72386a2d8924dc432e7b3ddc1e226c049b4f1906ded7bfba712d698,acc4e334ddfef0d54a9b0d408afd2910bf4ad742da4d4efd4c280f10e965c698,jhtvs-ft0806-sp-v3,T2_wB97X-D3_def2-TZVPD_SMD_energy_SP_v1,not_applicable,8,3000,1.74,ready,
SP0205,smd_energy_sp,M014_QP1_M2,S006,runs/orca/sp/SP0205/SP0205.inp,cc4abb46a5249e15f0e9dfbc6f75d64d203636a08fa447daec7c4a19486923d4,tier1:redox:M014:S006:q1:m2,a10febedc1d0b20a2b6fbf14cd224261732f77b0255447d220ec448b8b56631a,c27bd40db930eb8dcc20055d433024f1a0da5e372ae0bbe4b02d3a5026a8beca,f575e634b72386a2d8924dc432e7b3ddc1e226c049b4f1906ded7bfba712d698,15c46372589200b194ae5f271e2cbee587d59c91dea2e207f90ccac2de266d86,jhtvs-ft0806-sp-v3,T2_wB97X-D3_def2-TZVPD_SMD_energy_SP_v1,not_applicable,8,3000,1.74,ready,
SP0206,smd_energy_sp,M022_Q0_M1,S006,runs/orca/sp/SP0206/SP0206.inp,806623c02c78db452c59754809d4506d7448458b876aae2cbf001043baf626e5,tier1:redox:M022:S006:q0:m1,628c18cf2341443f97fae830c4cbb4c9456c02e475ecec36d2e43c4ab42ff4ec,c27bd40db930eb8dcc20055d433024f1a0da5e372ae0bbe4b02d3a5026a8beca,f575e634b72386a2d8924dc432e7b3ddc1e226c049b4f1906ded7bfba712d698,ffbb205d49f2faed86f25b4518d80877caf186bdbee25081cf563d675dbbab26,jhtvs-ft0806-sp-v3,T2_wB97X-D3_def2-TZVPD_SMD_energy_SP_v1,not_applicable,8,3000,1.74,ready,
SP0207,smd_energy_sp,M022_QP1_M2,S006,runs/orca/sp/SP0207/SP0207.inp,35454db71e57442ad1b2e2553ab199586e723759dc8eeadfdf09e0b90eea9e32,tier1:redox:M022:S006:q1:m2,0dcbc7d716e1b8d4c0f903cc4d02fdbeb75cbdfe2e8b58d6e13deda6b4289057,c27bd40db930eb8dcc20055d433024f1a0da5e372ae0bbe4b02d3a5026a8beca,f575e634b72386a2d8924dc432e7b3ddc1e226c049b4f1906ded7bfba712d698,7660c0873e483309435f0b20da2ec0452b0a41cf9ae305f9781cf33ac83c641f,jhtvs-ft0806-sp-v3,T2_wB97X-D3_def2-TZVPD_SMD_energy_SP_v1,not_applicable,8,3000,1.74,ready,
SP0208,smd_energy_sp,M027_Q0_M1,S006,runs/orca/sp/SP0208/SP0208.inp,2f3bab69d837b443cf425198a47598cb1646bd3a94bfe4e988b3338b28c0ec3e,tier1:redox:M027:S006:q0:m1,00313705824cf6347046f245bbaf98d26e36b3f1762f0d4802e937a9ef95f3f4,c27bd40db930eb8dcc20055d433024f1a0da5e372ae0bbe4b02d3a5026a8beca,f575e634b72386a2d8924dc432e7b3ddc1e226c049b4f1906ded7bfba712d698,56d21e2967183b31af60d2f76409b73eeb4acbe357924052c926520eb73d063d,jhtvs-ft0806-sp-v3,T2_wB97X-D3_def2-TZVPD_SMD_energy_SP_v1,not_applicable,8,3000,1.74,ready,
SP0209,smd_energy_sp,M027_QP1_M2,S006,runs/orca/sp/SP0209/SP0209.inp,d0a54296ec3e8e9d9cba29d1d9ce76e3fb36bb59206674d87b1c05b6a2503367,tier1:redox:M027:S006:q1:m2,d117f55d035d9cef3415449502b0d2175dd96b29fe15efc4e05977ad13789a19,c27bd40db930eb8dcc20055d433024f1a0da5e372ae0bbe4b02d3a5026a8beca,f575e634b72386a2d8924dc432e7b3ddc1e226c049b4f1906ded7bfba712d698,6dd55869996b91c37094f8c63734faaab04fac54137a2f1441dea3d82f1e60bc,jhtvs-ft0806-sp-v3,T2_wB97X-D3_def2-TZVPD_SMD_energy_SP_v1,not_applicable,8,3000,1.74,ready,
SP0210,smd_energy_sp,M047_Q0_M1,S006,runs/orca/sp/SP0210/SP0210.inp,c87d4c2394732418fc4a76167f618057c29f7740e0b68c192991c9cb7bc7d5d1,tier1:redox:M047:S006:q0:m1,771e9ad196852b8261d6d52bc09f49d79d4896130169b5082c108e4edec3fce3,c27bd40db930eb8dcc20055d433024f1a0da5e372ae0bbe4b02d3a5026a8beca,f575e634b72386a2d8924dc432e7b3ddc1e226c049b4f1906ded7bfba712d698,b8222b51052ccd154e00b7854de2032c528d109ca5c89117ecd523c856b79b70,jhtvs-ft0806-sp-v3,T2_wB97X-D3_def2-TZVPD_SMD_energy_SP_v1,not_applicable,8,3000,1.74,ready,
SP0211,smd_energy_sp,M047_QP1_M2,S006,runs/orca/sp/SP0211/SP0211.inp,f3ab56989365cd9b7bb8263b6248123244418015f2024b4ef3f2c75b35cac018,tier1:redox:M047:S006:q1:m2,71c55797aeb8c2e71aef71e05c73bf108b2ada3addc78cefccbe388422e78333,c27bd40db930eb8dcc20055d433024f1a0da5e372ae0bbe4b02d3a5026a8beca,f575e634b72386a2d8924dc432e7b3ddc1e226c049b4f1906ded7bfba712d698,81230afe96c8717f9323c1edb798fdaa14f770669e0a56980f3d48c5b8e77bb9,jhtvs-ft0806-sp-v3,T2_wB97X-D3_def2-TZVPD_SMD_energy_SP_v1,not_applicable,8,3000,1.74,ready,
SP0212,smd_energy_sp,M060_Q0_M1,S006,runs/orca/sp/SP0212/SP0212.inp,b782ff79237d5b29ab4fc7580d1acb7ce54d3fac55893633a59699d95b6d7a6a,tier1:redox:M060:S006:q0:m1,876a8c5ec257491ba94ee6b04b3c35618ea03a20a509e4c819d76cfac061bdcf,c27bd40db930eb8dcc20055d433024f1a0da5e372ae0bbe4b02d3a5026a8beca,f575e634b72386a2d8924dc432e7b3ddc1e226c049b4f1906ded7bfba712d698,4cc1dce2dbd2edb50c645f877d8464c828c25df1ddca5a38a4bd22e8389ba203,jhtvs-ft0806-sp-v3,T2_wB97X-D3_def2-TZVPD_SMD_energy_SP_v1,not_applicable,8,3000,1.74,ready,
SP0213,smd_energy_sp,M060_QP1_M2,S006,runs/orca/sp/SP0213/SP0213.inp,dc4926baeacfaebca62e96527077d58afc21563d50cfbaf48edba5e10d899924,tier1:redox:M060:S006:q1:m2,bac67348d2b8c3e979d3736aa972c21c23e78442ba552984154ea5dbdea28450,c27bd40db930eb8dcc20055d433024f1a0da5e372ae0bbe4b02d3a5026a8beca,f575e634b72386a2d8924dc432e7b3ddc1e226c049b4f1906ded7bfba712d698,4825f5bb21bdb6761715d04a5b6c6242c62e043b59ea499a57f68dab67071a46,jhtvs-ft0806-sp-v3,T2_wB97X-D3_def2-TZVPD_SMD_energy_SP_v1,not_applicable,8,3000,1.74,ready,
SP0214,smd_energy_sp,M077_Q0_M1,S006,runs/orca/sp/SP0214/SP0214.inp,1e54dea5ca6156238b26697d8178260ca62acdb0483497def89e8a5aa313bf8e,tier1:redox:M077:S006:q0:m1,c4989cbfa1e707fe0fd2c8fc781982db2732c805d632571a01364a595442f88c,c27bd40db930eb8dcc20055d433024f1a0da5e372ae0bbe4b02d3a5026a8beca,f575e634b72386a2d8924dc432e7b3ddc1e226c049b4f1906ded7bfba712d698,521fc0e06c7aeefedd1f599a64f726baeac4b4a5a56f7f8c39efc7a1ed5379a6,jhtvs-ft0806-sp-v3,T2_wB97X-D3_def2-TZVPD_SMD_energy_SP_v1,not_applicable,8,3000,1.74,ready,
SP0215,smd_energy_sp,M077_QP1_M2,S006,runs/orca/sp/SP0215/SP0215.inp,d1d59854cd718176b59926e024edb3bc57c6d37bfae4587a03f9234f7c13b38d,tier1:redox:M077:S006:q1:m2,553cfbbdad97ebe595ecae3639b385361ed7e295058e1df3039a933670140358,c27bd40db930eb8dcc20055d433024f1a0da5e372ae0bbe4b02d3a5026a8beca,f575e634b72386a2d8924dc432e7b3ddc1e226c049b4f1906ded7bfba712d698,23864291a583665a1644bf172ac03f7611adbd932c2b76378dac7ceadf96fd0f,jhtvs-ft0806-sp-v3,T2_wB97X-D3_def2-TZVPD_SMD_energy_SP_v1,not_applicable,8,3000,1.74,ready,
SP0216,smd_energy_sp,M084_Q0_M1,S006,runs/orca/sp/SP0216/SP0216.inp,0dfda9adb39131fd2d9efacd5d6d17746e8dbe89621a3d85272a4ee4e583f767,tier1:redox:M084:S006:q0:m1,fe491499ca6076b32f733dc5fcfecbfbd57f71ff1c5470c123b1a13b25615f23,c27bd40db930eb8dcc20055d433024f1a0da5e372ae0bbe4b02d3a5026a8beca,f575e634b72386a2d8924dc432e7b3ddc1e226c049b4f1906ded7bfba712d698,f3c17ceb677f73e4cc8695abbaee18d7a5c1ae77646192b1a51d37c117b7936d,jhtvs-ft0806-sp-v3,T2_wB97X-D3_def2-TZVPD_SMD_energy_SP_v1,not_applicable,8,3000,1.74,ready,
SP0217,smd_energy_sp,M084_QP1_M2,S006,runs/orca/sp/SP0217/SP0217.inp,57376e59d83b58ccd1ddd665dc369ae35d72dcd4f11409f229b1b1db9165c878,tier1:redox:M084:S006:q1:m2,25233447be534f651494baaa8b706061b407774885e9a500ad4424f759d3daaa,c27bd40db930eb8dcc20055d433024f1a0da5e372ae0bbe4b02d3a5026a8beca,f575e634b72386a2d8924dc432e7b3ddc1e226c049b4f1906ded7bfba712d698,a2df79d7a90cc79e680bf337167eb51e55db28a5ac47450fd92a02c7b388b29e,jhtvs-ft0806-sp-v3,T2_wB97X-D3_def2-TZVPD_SMD_energy_SP_v1,not_applicable,8,3000,1.74,ready,
SP0218,smd_energy_sp,M089_Q0_M1,S006,runs/orca/sp/SP0218/SP0218.inp,0129a0d7c5aa5e7800142faf9b24eee4f2c9fe0a743cc7816ab180e6733b8f91,tier1:redox:M089:S006:q0:m1,6365e30d99cfdb5d547fbc486c1b181c60b86b607cdc79044f35068e11d269b2,c27bd40db930eb8dcc20055d433024f1a0da5e372ae0bbe4b02d3a5026a8beca,f575e634b72386a2d8924dc432e7b3ddc1e226c049b4f1906ded7bfba712d698,1748617445db252aa2bbc65875b15ccf23f50a5bd321ab4b244335072506b505,jhtvs-ft0806-sp-v3,T2_wB97X-D3_def2-TZVPD_SMD_energy_SP_v1,not_applicable,8,3000,1.74,ready,
SP0219,smd_energy_sp,M089_QP1_M2,S006,runs/orca/sp/SP0219/SP0219.inp,2dbd323680cfb000ba93dd661b0b0c6f0cd5beeb1052f64d73202423e86bb3b3,tier1:redox:M089:S006:q1:m2,c463ee9d244a88acc6daebc0681eef67ee9a058df8ca507e46af66fdc3881b56,c27bd40db930eb8dcc20055d433024f1a0da5e372ae0bbe4b02d3a5026a8beca,f575e634b72386a2d8924dc432e7b3ddc1e226c049b4f1906ded7bfba712d698,9f085272549f48d653e41ab6a7f507b2eac6eba05cc7138ae5e5bd4fd71d41d3,jhtvs-ft0806-sp-v3,T2_wB97X-D3_def2-TZVPD_SMD_energy_SP_v1,not_applicable,8,3000,1.74,ready,
SP0220,smd_energy_sp,S006_Q0_M1,S006,runs/orca/sp/SP0220/SP0220.inp,76d059d64f0a932c5c7a5f2b66478c6e605ecec403c93d0ffc878ecb985ee65e,tier1:redox:S006:S006:q0:m1,cc1f3e65c41358ec10fe003a5faf22bd26aff343ce13eff61a4737e2fb4aa423,c27bd40db930eb8dcc20055d433024f1a0da5e372ae0bbe4b02d3a5026a8beca,f575e634b72386a2d8924dc432e7b3ddc1e226c049b4f1906ded7bfba712d698,3752fe77782b4c3a2134236ea0cab3d9f7b299c2bb1a7b02e805a8a1c4a0a8ed,jhtvs-ft0806-sp-v3,T2_wB97X-D3_def2-TZVPD_SMD_energy_SP_v1,not_applicable,8,3000,1.74,ready,
SP0221,smd_energy_sp,S006_QP1_M2,S006,runs/orca/sp/SP0221/SP0221.inp,14ab75d000f853ff3b4ba6eddd7236b542a5239d5a4c353131a042d348d62e82,tier1:redox:S006:S006:q1:m2,7936c25c58e4f724701d80ecd841c9a1fa1e4458fca995358d3b5f60d3e71980,c27bd40db930eb8dcc20055d433024f1a0da5e372ae0bbe4b02d3a5026a8beca,f575e634b72386a2d8924dc432e7b3ddc1e226c049b4f1906ded7bfba712d698,9fd2da90474cd1060303abec4847b1f90e5238d661ecf1569cfd8de14173e69d,jhtvs-ft0806-sp-v3,T2_wB97X-D3_def2-TZVPD_SMD_energy_SP_v1,not_applicable,8,3000,1.74,ready,
SP0222,smd_energy_sp,A001_Q0_M2,S007,runs/orca/sp/SP0222/SP0222.inp,2326856256cbba6f54d082432e9ffa83edb20373993b269fb70694ec7effe362,tier1:redox:A001:S007:q0:m2,a12d2790ab5be3693f440201fd148dd465bda29997e03744b1a2eb61dc69869b,b1d32a50d1fd87e81e116e3b12ba076a4f1510bbc975de790b7e2914ba7cda1b,bdfff4b97121e7d5cdb7f0d658e82efa6da3238c090896ee64609097ef51a0f3,e0a19f41080ba475e23bd4f915522bf5205a18da2c7cd5fd52e369f7cab93f03,jhtvs-ft0806-sp-v3,T2_wB97X-D3_def2-TZVPD_SMD_energy_SP_v1,not_applicable,8,3000,1.74,ready,
SP0223,smd_energy_sp,A001_QM1_M1,S007,runs/orca/sp/SP0223/SP0223.inp,402298789fdc1f0f123eebeb632027c4233b2506f4f0fb75a04283ec781a0276,tier1:redox:A001:S007:q-1:m1,de6c904a523806582fbf72130da874660be62f64364278b145011b0952e585ce,b1d32a50d1fd87e81e116e3b12ba076a4f1510bbc975de790b7e2914ba7cda1b,bdfff4b97121e7d5cdb7f0d658e82efa6da3238c090896ee64609097ef51a0f3,3894cb5873fa839d6407f8e6bd1299a022ff74771631fd939f180de8ba3816bd,jhtvs-ft0806-sp-v3,T2_wB97X-D3_def2-TZVPD_SMD_energy_SP_v1,not_applicable,8,3000,1.74,ready,
SP0224,smd_energy_sp,A002_Q0_M2,S007,runs/orca/sp/SP0224/SP0224.inp,35857278a9c603d5db53e8f58c4f45d211417b13cd284085558b0123b5e5e353,tier1:redox:A002:S007:q0:m2,8b6a6ed9e6fbfa318194cdcead28029932a3e3617f39cc87a2224758bb6d4237,b1d32a50d1fd87e81e116e3b12ba076a4f1510bbc975de790b7e2914ba7cda1b,bdfff4b97121e7d5cdb7f0d658e82efa6da3238c090896ee64609097ef51a0f3,1f5648e2c5992e15b0e811e04856520e453e91c7d7a178c7c2decf678bac5f78,jhtvs-ft0806-sp-v3,T2_wB97X-D3_def2-TZVPD_SMD_energy_SP_v1,not_applicable,8,3000,1.74,ready,
SP0225,smd_energy_sp,A002_QM1_M1,S007,runs/orca/sp/SP0225/SP0225.inp,7c952c284bd882c19774412661e274a4982c74a8d8aabfa14d1db87b8ab32a09,tier1:redox:A002:S007:q-1:m1,e2f9b877bce35008bd31b302d32ee4fccf60cc7e5d2795f1ffa248d9b600e6df,b1d32a50d1fd87e81e116e3b12ba076a4f1510bbc975de790b7e2914ba7cda1b,bdfff4b97121e7d5cdb7f0d658e82efa6da3238c090896ee64609097ef51a0f3,406ebcf46ce3d63e27674ca5eb5c126c565d87f6d49a847cefb45b1f9a0592c5,jhtvs-ft0806-sp-v3,T2_wB97X-D3_def2-TZVPD_SMD_energy_SP_v1,not_applicable,8,3000,1.74,ready,
SP0226,smd_energy_sp,A005_Q0_M2,S007,runs/orca/sp/SP0226/SP0226.inp,870114b5e274221a8aafac0b2587567ad2d6246f960f9eaa8c2ad6221b26621a,tier1:redox:A005:S007:q0:m2,6424e5146a99568f02a0e878b7999465f98226d003910804d8ae0df19d608ff1,b1d32a50d1fd87e81e116e3b12ba076a4f1510bbc975de790b7e2914ba7cda1b,bdfff4b97121e7d5cdb7f0d658e82efa6da3238c090896ee64609097ef51a0f3,6c34af8ca0056ff3e0ca32281378da3390bf63df8f0384681049c3176ff8bf46,jhtvs-ft0806-sp-v3,T2_wB97X-D3_def2-TZVPD_SMD_energy_SP_v1,not_applicable,8,3000,1.74,ready,
SP0227,smd_energy_sp,A005_QM1_M1,S007,runs/orca/sp/SP0227/SP0227.inp,93f4b5e0aafcc01706c4c865f15dd87a618dc686634e79329b5e9e326878e3ba,tier1:redox:A005:S007:q-1:m1,beaa348835adb1cd1e9de4cd16a9dff4679d1b1782241e013430205a2022c800,b1d32a50d1fd87e81e116e3b12ba076a4f1510bbc975de790b7e2914ba7cda1b,bdfff4b97121e7d5cdb7f0d658e82efa6da3238c090896ee64609097ef51a0f3,d0b2b1b60ada5651803c33bbbe17600d887e851486bb044369647e53d946972d,jhtvs-ft0806-sp-v3,T2_wB97X-D3_def2-TZVPD_SMD_energy_SP_v1,not_applicable,8,3000,1.74,ready,
SP0228,smd_energy_sp,A006_Q0_M2,S007,runs/orca/sp/SP0228/SP0228.inp,fabcc80b152652fcb6076eb1642445df029fd6364e861660009e32ee05c305c0,tier1:redox:A006:S007:q0:m2,9193cab06bad27fb52b8c08f6a30d1f1cf5f215daac96563d7b8cc8bac028ad9,b1d32a50d1fd87e81e116e3b12ba076a4f1510bbc975de790b7e2914ba7cda1b,bdfff4b97121e7d5cdb7f0d658e82efa6da3238c090896ee64609097ef51a0f3,dcbfc43e97960e45440af4d6d69389093755e7641c9fb4f1564b09893ae9fd60,jhtvs-ft0806-sp-v3,T2_wB97X-D3_def2-TZVPD_SMD_energy_SP_v1,not_applicable,8,3000,1.74,ready,
SP0229,smd_energy_sp,A006_QM1_M1,S007,runs/orca/sp/SP0229/SP0229.inp,456491df35c0dcf8a22203f6ed8c114c85c5b7be17d830176c01f03db05179de,tier1:redox:A006:S007:q-1:m1,374fce731ea787748e71b92959512935c85445aadc86910b5ed2ffef8e144c24,b1d32a50d1fd87e81e116e3b12ba076a4f1510bbc975de790b7e2914ba7cda1b,bdfff4b97121e7d5cdb7f0d658e82efa6da3238c090896ee64609097ef51a0f3,95444466f2b5f013abf6915f02f1d2242aae06fc92457d4af9e75c3bdedcf411,jhtvs-ft0806-sp-v3,T2_wB97X-D3_def2-TZVPD_SMD_energy_SP_v1,not_applicable,8,3000,1.74,ready,
SP0230,smd_energy_sp,A011_Q0_M2,S007,runs/orca/sp/SP0230/SP0230.inp,36e2b09fe488cd6e361774d5056e076aefb3608d2ba6136f363c917e37063ca4,tier1:redox:A011:S007:q0:m2,4ef4f79c50ca1be022a9ca3dd5c0a459465049e58668e44e5beb63440a3f12d3,b1d32a50d1fd87e81e116e3b12ba076a4f1510bbc975de790b7e2914ba7cda1b,bdfff4b97121e7d5cdb7f0d658e82efa6da3238c090896ee64609097ef51a0f3,80a8f2c35f0a141338c0365e25b061188a52f332ea6c2ee087cf4b625524eb21,jhtvs-ft0806-sp-v3,T2_wB97X-D3_def2-TZVPD_SMD_energy_SP_v1,not_applicable,8,3000,1.74,ready,
SP0231,smd_energy_sp,A011_QM1_M1,S007,runs/orca/sp/SP0231/SP0231.inp,fc5d1b4a7a8612a929c3e9be937fb8c48a520ddd5489c50ea1396b4c61d4120d,tier1:redox:A011:S007:q-1:m1,858fe9c1797d7b7087bd4e98d3c607ccfae413451b4e6ac98f6c134211400962,b1d32a50d1fd87e81e116e3b12ba076a4f1510bbc975de790b7e2914ba7cda1b,bdfff4b97121e7d5cdb7f0d658e82efa6da3238c090896ee64609097ef51a0f3,5354a41abcf5c9ec0284d6b1ca8f682d95d1d3d35ed8eb419826839e8ce6f8b6,jhtvs-ft0806-sp-v3,T2_wB97X-D3_def2-TZVPD_SMD_energy_SP_v1,not_applicable,8,3000,1.74,ready,
SP0232,smd_energy_sp,D001_QP2_M1,S007,runs/orca/sp/SP0232/SP0232.inp,4a0710701b5e0f1769c446fb4f59775d311fa995f6b6a4ff06f0c77066415162,surrogate:sigma_preopt:D001:S007:q2:m1,3a9c036d6ecc4617fda35014cd33afb0eef4783a8741f93aaea436c3cae43428,b1d32a50d1fd87e81e116e3b12ba076a4f1510bbc975de790b7e2914ba7cda1b,bdfff4b97121e7d5cdb7f0d658e82efa6da3238c090896ee64609097ef51a0f3,dfc494bea7d7661b31118d8d2c316a3a66e12fe6a66b069ad1248e0039db0925,jhtvs-ft0806-sp-v3,T2_wB97X-D3_def2-TZVPD_SMD_energy_SP_v1,not_applicable,8,3000,4.22,ready,
SP0233,smd_energy_sp,D022_QP2_M1,S007,runs/orca/sp/SP0233/SP0233.inp,9126a43870dc4a0ba1d9044804bf48f44b736e7466e20859b0a904e2a3779d0c,surrogate:sigma_preopt:D022:S007:q2:m1,9830ed110adc8a735203a1483a79952a3af875737d532f014d522694c1a7e94a,b1d32a50d1fd87e81e116e3b12ba076a4f1510bbc975de790b7e2914ba7cda1b,bdfff4b97121e7d5cdb7f0d658e82efa6da3238c090896ee64609097ef51a0f3,80a0d0fbd787fd6fffaf8c785529961aa71c93f22a0ef06e53a3ff6a1f5d28d0,jhtvs-ft0806-sp-v3,T2_wB97X-D3_def2-TZVPD_SMD_energy_SP_v1,not_applicable,8,3000,4.22,ready,
SP0234,smd_energy_sp,D027_QP2_M1,S007,runs/orca/sp/SP0234/SP0234.inp,ab6180b5b20c19c7e96d2b0297e8318a82b79882cc1a45abc807d8abb7536f37,surrogate:sigma_preopt:D027:S007:q2:m1,14cf6af33d6b4c4124e8763c7ea4dc70e2f6397cc60387dd9ae78272eb82f330,b1d32a50d1fd87e81e116e3b12ba076a4f1510bbc975de790b7e2914ba7cda1b,bdfff4b97121e7d5cdb7f0d658e82efa6da3238c090896ee64609097ef51a0f3,400507ba5f23f09992d79280a31087d7fe4642aa228e95999837d4805238e469,jhtvs-ft0806-sp-v3,T2_wB97X-D3_def2-TZVPD_SMD_energy_SP_v1,not_applicable,8,3000,4.22,ready,
SP0235,smd_energy_sp,D096_QP2_M1,S007,runs/orca/sp/SP0235/SP0235.inp,44fa24dd86f02648d1b29cd5c5e54364620d6181b1104c92dd1c81bd364e6039,surrogate:sigma_preopt:D096:S007:q2:m1,ae65f5a43123f47b7b61a76ee61e92f62213e4ca6f00a6b32652b7cc0e056843,b1d32a50d1fd87e81e116e3b12ba076a4f1510bbc975de790b7e2914ba7cda1b,bdfff4b97121e7d5cdb7f0d658e82efa6da3238c090896ee64609097ef51a0f3,c85b94ebc7dc8068690fc5828488e6614fbaf84f461577741fdcf4b70271982d,jhtvs-ft0806-sp-v3,T2_wB97X-D3_def2-TZVPD_SMD_energy_SP_v1,not_applicable,8,3000,4.22,ready,
SP0236,smd_energy_sp,M001_Q0_M1,S007,runs/orca/sp/SP0236/SP0236.inp,99b9eb6b50594a0eea6c9746b9587d9c80649184af6848b932a7a89eab20afaf,tier1:redox:M001:S007:q0:m1,b458c47279b694ee51f4c8d0769d0acc2667ccb2d9e72b90282448e861367cbb,b1d32a50d1fd87e81e116e3b12ba076a4f1510bbc975de790b7e2914ba7cda1b,bdfff4b97121e7d5cdb7f0d658e82efa6da3238c090896ee64609097ef51a0f3,48507606090bfefb975f19dcbcd81988909411453ae4a61b0738637b96d72ca3,jhtvs-ft0806-sp-v3,T2_wB97X-D3_def2-TZVPD_SMD_energy_SP_v1,not_applicable,8,3000,1.74,ready,
SP0237,smd_energy_sp,M001_QP1_M2,S007,runs/orca/sp/SP0237/SP0237.inp,8d0bf720cbae65875aa6d14c6c0fb5e831fc5821c1fb03b181daada6fc77e49b,tier1:redox:M001:S007:q1:m2,428fa172a7829dfed423c028310a52bfc26e51f58c8545e525e373d9440c7ffa,b1d32a50d1fd87e81e116e3b12ba076a4f1510bbc975de790b7e2914ba7cda1b,bdfff4b97121e7d5cdb7f0d658e82efa6da3238c090896ee64609097ef51a0f3,d0ed3db97ad69181c6d7a1ed6f15bb3d2e1d93e04c42f3e3bb86c70a3d3f9fd8,jhtvs-ft0806-sp-v3,T2_wB97X-D3_def2-TZVPD_SMD_energy_SP_v1,not_applicable,8,3000,1.74,ready,
SP0238,smd_energy_sp,M022_Q0_M1,S007,runs/orca/sp/SP0238/SP0238.inp,1c4df90dd8238d52c06172df2d2afc1e3c19051002db6a393c147314cb015a1f,tier1:redox:M022:S007:q0:m1,5782a0b94a12e8051c2d73c098c6ff3f35aa9c5a53347c376a7bca42c0f77b29,b1d32a50d1fd87e81e116e3b12ba076a4f1510bbc975de790b7e2914ba7cda1b,bdfff4b97121e7d5cdb7f0d658e82efa6da3238c090896ee64609097ef51a0f3,31805b315e7c16a423c08a31472d15c621882cdcf2ed543aa42b6d0baa728b35,jhtvs-ft0806-sp-v3,T2_wB97X-D3_def2-TZVPD_SMD_energy_SP_v1,not_applicable,8,3000,1.74,ready,
SP0239,smd_energy_sp,M022_QP1_M2,S007,runs/orca/sp/SP0239/SP0239.inp,271190aca760f485c11238c4148b221b3ffba7b611434cc0664bc7145b3ae12d,tier1:redox:M022:S007:q1:m2,afd11b5b31da29b482d6b032676ad7363d97442a4d47beb802b6b121206a00a1,b1d32a50d1fd87e81e116e3b12ba076a4f1510bbc975de790b7e2914ba7cda1b,bdfff4b97121e7d5cdb7f0d658e82efa6da3238c090896ee64609097ef51a0f3,60eaec12952e075aca5354eed824456a8046f8a8ce958e04a825022f5b677c39,jhtvs-ft0806-sp-v3,T2_wB97X-D3_def2-TZVPD_SMD_energy_SP_v1,not_applicable,8,3000,1.74,ready,
SP0240,smd_energy_sp,M027_QP1_M2,S007,runs/orca/sp/SP0240/SP0240.inp,327bc54429cc81015a79ae784acc833ebef3ef49f96b6480b60ad332ad439dc9,tier1:redox:M027:S007:q1:m2,7ce2e270e80655a45c9be88294a17b63058452f56ddedee728164c218ee63c60,b1d32a50d1fd87e81e116e3b12ba076a4f1510bbc975de790b7e2914ba7cda1b,bdfff4b97121e7d5cdb7f0d658e82efa6da3238c090896ee64609097ef51a0f3,f51328b77cbf0f1d857d974f2b43df4cd4cc5839d20fe967ad1f59b704df7b35,jhtvs-ft0806-sp-v3,T2_wB97X-D3_def2-TZVPD_SMD_energy_SP_v1,not_applicable,8,3000,1.74,ready,
SP0241,smd_energy_sp,M036_Q0_M1,S007,runs/orca/sp/SP0241/SP0241.inp,e1c8a5f30c8c3cb24aeae42fef814886dbabe0d004c032a100da83cb51ccb76e,tier1:redox:M036:S007:q0:m1,788d4a36805239a746a1332377583918d90dbd673df5c5e0228738b732c96565,b1d32a50d1fd87e81e116e3b12ba076a4f1510bbc975de790b7e2914ba7cda1b,bdfff4b97121e7d5cdb7f0d658e82efa6da3238c090896ee64609097ef51a0f3,891d47e17bb1ef9184e2a934ef74f5498777cfb8ceb462019219c5ed435ab93a,jhtvs-ft0806-sp-v3,T2_wB97X-D3_def2-TZVPD_SMD_energy_SP_v1,not_applicable,8,3000,1.74,ready,
SP0242,smd_energy_sp,M036_QP1_M2,S007,runs/orca/sp/SP0242/SP0242.inp,397e3dde807f7384626d3ed3846d62db6db7a696c36ca91f7e884e41b06e76ca,tier1:redox:M036:S007:q1:m2,c24eb32062cf0930415d0cb8ed8a83bb062bb6f2b5cb258f14b67f79bab357c2,b1d32a50d1fd87e81e116e3b12ba076a4f1510bbc975de790b7e2914ba7cda1b,bdfff4b97121e7d5cdb7f0d658e82efa6da3238c090896ee64609097ef51a0f3,8c12acfccc4d681538b6db4b44a64058816a8b3f920bcb1d5782a4316f47d252,jhtvs-ft0806-sp-v3,T2_wB97X-D3_def2-TZVPD_SMD_energy_SP_v1,not_applicable,8,3000,1.74,ready,
SP0243,smd_energy_sp,M050_Q0_M1,S007,runs/orca/sp/SP0243/SP0243.inp,19c7ea2e3d5f6600e93ec897389eddc9376ee40d28eeb2d2bbbafd218710542e,tier1:redox:M050:S007:q0:m1,f4c5485f85d833cb653ff1f4ea11ae6a148980d711422dfd4a88652a6c51c807,b1d32a50d1fd87e81e116e3b12ba076a4f1510bbc975de790b7e2914ba7cda1b,bdfff4b97121e7d5cdb7f0d658e82efa6da3238c090896ee64609097ef51a0f3,8abd94a6e4ceb2ccf17d41fa1b465b55ab0be0b48d7e59b94f943950adb6ad3a,jhtvs-ft0806-sp-v3,T2_wB97X-D3_def2-TZVPD_SMD_energy_SP_v1,not_applicable,8,3000,1.74,ready,
SP0244,smd_energy_sp,M050_QP1_M2,S007,runs/orca/sp/SP0244/SP0244.inp,c561aa31dec6c887b47a7251dcffb6619c15caee75d413705b081dfecf349dd2,tier1:redox:M050:S007:q1:m2,b4bc0b31f8b179307242745d37438c031cd107da9bb929e2ad7b6b7591648afd,b1d32a50d1fd87e81e116e3b12ba076a4f1510bbc975de790b7e2914ba7cda1b,bdfff4b97121e7d5cdb7f0d658e82efa6da3238c090896ee64609097ef51a0f3,24cdff2aaf349d3cdbad9e44ca7d33661bbf2b06614a676ef86940bf4e1273a9,jhtvs-ft0806-sp-v3,T2_wB97X-D3_def2-TZVPD_SMD_energy_SP_v1,not_applicable,8,3000,1.74,ready,
SP0245,smd_energy_sp,M069_Q0_M1,S007,runs/orca/sp/SP0245/SP0245.inp,493756f8f3cfa3e82a9ea9c4dc09edabb3ad04d388516a222827f087d4b21208,tier1:redox:M069:S007:q0:m1,37286d64e995d51a792ec493d676c3be99988fbfc92ecf452e7a223ae517173d,b1d32a50d1fd87e81e116e3b12ba076a4f1510bbc975de790b7e2914ba7cda1b,bdfff4b97121e7d5cdb7f0d658e82efa6da3238c090896ee64609097ef51a0f3,d184f65cd30d9e082c9225c24a7f2dfbb6300f597c02e27e5cf7e487787244d7,jhtvs-ft0806-sp-v3,T2_wB97X-D3_def2-TZVPD_SMD_energy_SP_v1,not_applicable,8,3000,1.74,ready,
SP0246,smd_energy_sp,M069_QP1_M2,S007,runs/orca/sp/SP0246/SP0246.inp,ec8ae8e7b8fd0c2b0df2ce22141ec7be6703468894c7dd245439c224dbe4b021,tier1:redox:M069:S007:q1:m2,a14efe17feced5b1f3745a3f614f9904b33fd887765bc6a97a2600f196529847,b1d32a50d1fd87e81e116e3b12ba076a4f1510bbc975de790b7e2914ba7cda1b,bdfff4b97121e7d5cdb7f0d658e82efa6da3238c090896ee64609097ef51a0f3,dea03f07a78bbe8fdebabd431aaac1ccbb34e48cff3a0f06ad2f41203c67a714,jhtvs-ft0806-sp-v3,T2_wB97X-D3_def2-TZVPD_SMD_energy_SP_v1,not_applicable,8,3000,1.74,ready,
SP0247,smd_energy_sp,M083_Q0_M1,S007,runs/orca/sp/SP0247/SP0247.inp,a9bcdd04e6c1d69e48621b3b57da2db3acce212f3bd2a92ade2093bb30367584,tier1:redox:M083:S007:q0:m1,fde8dc0ef70a15d3055ec4f4998112c45d77386c9cff0a3e1411105eac4cb87f,b1d32a50d1fd87e81e116e3b12ba076a4f1510bbc975de790b7e2914ba7cda1b,bdfff4b97121e7d5cdb7f0d658e82efa6da3238c090896ee64609097ef51a0f3,35db9cfd94daaa8c831fe874b2276c04b8a29cbaf7ef082bde02c85bc984d649,jhtvs-ft0806-sp-v3,T2_wB97X-D3_def2-TZVPD_SMD_energy_SP_v1,not_applicable,8,3000,1.74,ready,
SP0248,smd_energy_sp,M083_QP1_M2,S007,runs/orca/sp/SP0248/SP0248.inp,2d0f2e0b55d012bd7b79159c505d7c182495eadbf22c31e9ec6df8729be6b787,tier1:redox:M083:S007:q1:m2,8e4c685c3a72293d22fd59597f497558697c75cd1dc555ff04a449d8e4589d93,b1d32a50d1fd87e81e116e3b12ba076a4f1510bbc975de790b7e2914ba7cda1b,bdfff4b97121e7d5cdb7f0d658e82efa6da3238c090896ee64609097ef51a0f3,a7016b01e8f576564eec69a869a456964ce42aba11499d3649e85eaf2c494b34,jhtvs-ft0806-sp-v3,T2_wB97X-D3_def2-TZVPD_SMD_energy_SP_v1,not_applicable,8,3000,1.74,ready,
SP0249,smd_energy_sp,M084_Q0_M1,S007,runs/orca/sp/SP0249/SP0249.inp,9a9d85d16c442166c92841cd34af155ae889148a54dfb2bbd419d3f47a2d38f7,tier1:redox:M084:S007:q0:m1,f0fa9049c202397975ca18ff6213839e0fb68bfcc383c7fb3f81ac538c88dd75,b1d32a50d1fd87e81e116e3b12ba076a4f1510bbc975de790b7e2914ba7cda1b,bdfff4b97121e7d5cdb7f0d658e82efa6da3238c090896ee64609097ef51a0f3,8b99dbc123d4c0b3142bb92b39db1591b43d9fc9bf876167e0dc0dff37c35536,jhtvs-ft0806-sp-v3,T2_wB97X-D3_def2-TZVPD_SMD_energy_SP_v1,not_applicable,8,3000,1.74,ready,
SP0250,smd_energy_sp,M084_QP1_M2,S007,runs/orca/sp/SP0250/SP0250.inp,00e8164047b5b9f2f910aae3bab1c6c510ed4fbc0245e3b1421956fdacf4115b,tier1:redox:M084:S007:q1:m2,a757d4a0c8c90be8a38a00504803d99ebc352935ccad090c949e8e762bca86f2,b1d32a50d1fd87e81e116e3b12ba076a4f1510bbc975de790b7e2914ba7cda1b,bdfff4b97121e7d5cdb7f0d658e82efa6da3238c090896ee64609097ef51a0f3,cd1296031166ebee7439fdf6a54b0c95d52643eb3721d7bae2b0b44b269da3d9,jhtvs-ft0806-sp-v3,T2_wB97X-D3_def2-TZVPD_SMD_energy_SP_v1,not_applicable,8,3000,1.74,ready,
SP0251,smd_energy_sp,M096_Q0_M1,S007,runs/orca/sp/SP0251/SP0251.inp,3f8ff5eaaa65ef84759b2096fb14a623724a03e0925858f01cb3413299bc8464,tier1:redox:M096:S007:q0:m1,9c623be9377b887c70570a350fb7b39347dcbd9e7fbcba42e604bf26ab939b43,b1d32a50d1fd87e81e116e3b12ba076a4f1510bbc975de790b7e2914ba7cda1b,bdfff4b97121e7d5cdb7f0d658e82efa6da3238c090896ee64609097ef51a0f3,dc42494603045ce85d19e01808c5c03d426fd2e059f12cb27b937c0aaaf40b70,jhtvs-ft0806-sp-v3,T2_wB97X-D3_def2-TZVPD_SMD_energy_SP_v1,not_applicable,8,3000,1.74,ready,
SP0252,smd_energy_sp,M096_QP1_M2,S007,runs/orca/sp/SP0252/SP0252.inp,b0a6e5c2078cfec50c2bebaa68feaaf6ef081b3a168e6f724575bd1661be7310,tier1:redox:M096:S007:q1:m2,1a00ebf0af022d308fef92354ee6969913144a8d7ffb79e2dd6c429ffc215046,b1d32a50d1fd87e81e116e3b12ba076a4f1510bbc975de790b7e2914ba7cda1b,bdfff4b97121e7d5cdb7f0d658e82efa6da3238c090896ee64609097ef51a0f3,f63ca2b545dd8da9e78816e2cdcd12f303ee4c3b583a99e62e4ffa4fdcac8ce1,jhtvs-ft0806-sp-v3,T2_wB97X-D3_def2-TZVPD_SMD_energy_SP_v1,not_applicable,8,3000,1.74,ready,
SP0253,smd_energy_sp,S007_Q0_M1,S007,runs/orca/sp/SP0253/SP0253.inp,46552a19d27016303dfed2e98b05b3f01a634d173c01504342066e88202f9347,tier1:redox:S007:S007:q0:m1,a2490ce875ee6775a847addd2f54b67f3f6bdd5ea22b75dc9f199bd19430fc44,b1d32a50d1fd87e81e116e3b12ba076a4f1510bbc975de790b7e2914ba7cda1b,bdfff4b97121e7d5cdb7f0d658e82efa6da3238c090896ee64609097ef51a0f3,05d01c7e9d8278b3af31afb77f7217e7546d0da52175ab9d1c06e236424f9653,jhtvs-ft0806-sp-v3,T2_wB97X-D3_def2-TZVPD_SMD_energy_SP_v1,not_applicable,8,3000,1.74,ready,
SP0254,smd_energy_sp,S007_QP1_M2,S007,runs/orca/sp/SP0254/SP0254.inp,6defec7786e9152eb2628217f8d6b605f1be4af8d69604651a7e5c49155c4920,tier1:redox:S007:S007:q1:m2,c7af52b7c1e79dae778fdfeafcbcd47649ef9b175d439064e5f40974913f046e,b1d32a50d1fd87e81e116e3b12ba076a4f1510bbc975de790b7e2914ba7cda1b,bdfff4b97121e7d5cdb7f0d658e82efa6da3238c090896ee64609097ef51a0f3,cafe67620e8b327b6749eabf177404758f7a3d39d05eab41ab00efa3f944982b,jhtvs-ft0806-sp-v3,T2_wB97X-D3_def2-TZVPD_SMD_energy_SP_v1,not_applicable,8,3000,1.74,ready,
SP0255,smd_energy_sp,A002_Q0_M2,S008,runs/orca/sp/SP0255/SP0255.inp,00ae097ec2f03ee58daf03b54f7652c4a3c803bb59c2d6ca92675b607dfa002a,tier1:redox:A002:S008:q0:m2,9c911056e0272330262d4581ca84e5a2199d661de3d1255ff665e7e3d4c3ef36,db5885de49cc709f6674fc164be562158c5d5d811fffe5edb26c03db360f6770,20f0b3d9e5e1b001b6b4d198f6d4b5b60911007a3f3e091edb170082f568fb26,2b3ab9a4cb36e5c1dbda863e21edd779fc09addabb8f69dfab1f78411a1f0c58,jhtvs-ft0806-sp-v3,T2_wB97X-D3_def2-TZVPD_SMD_energy_SP_v1,not_applicable,8,3000,1.74,ready,
SP0256,smd_energy_sp,A002_QM1_M1,S008,runs/orca/sp/SP0256/SP0256.inp,106f4e3b79f22b639c086f6451b095c051d94b09967659e2674ab996946eef70,tier1:redox:A002:S008:q-1:m1,a48f9fc39b26020709693d15ef4bff19ac400aefd516a1fd501c687038049c00,db5885de49cc709f6674fc164be562158c5d5d811fffe5edb26c03db360f6770,20f0b3d9e5e1b001b6b4d198f6d4b5b60911007a3f3e091edb170082f568fb26,99da0e3632c722715f8e482719ce1cd3ecdf7441bc9a3b6261a792d1e5f51589,jhtvs-ft0806-sp-v3,T2_wB97X-D3_def2-TZVPD_SMD_energy_SP_v1,not_applicable,8,3000,1.74,ready,
SP0257,smd_energy_sp,A005_Q0_M2,S008,runs/orca/sp/SP0257/SP0257.inp,fb1381a10cde4e7703a89527b9fc743a642b5e4362efa4a10578fc40ae9d2f16,tier1:redox:A005:S008:q0:m2,88aa8b5ad0a0c27d56ff72df90afe05fa96d77ab835138efcf112cba004615bb,db5885de49cc709f6674fc164be562158c5d5d811fffe5edb26c03db360f6770,20f0b3d9e5e1b001b6b4d198f6d4b5b60911007a3f3e091edb170082f568fb26,fc692ddfab0f4be0f70ba83c36690016ef16d03a349ca97f52cd1c3cf118b8d1,jhtvs-ft0806-sp-v3,T2_wB97X-D3_def2-TZVPD_SMD_energy_SP_v1,not_applicable,8,3000,1.74,ready,
SP0258,smd_energy_sp,A005_QM1_M1,S008,runs/orca/sp/SP0258/SP0258.inp,58306695e0e0ccd896d35cedc95138dc82e8f86dde978378f1e3d9573c29081e,tier1:redox:A005:S008:q-1:m1,d172fbcc264951fa5933b139ee6ed9e6fffdef642e82112ba0858eee0079afdf,db5885de49cc709f6674fc164be562158c5d5d811fffe5edb26c03db360f6770,20f0b3d9e5e1b001b6b4d198f6d4b5b60911007a3f3e091edb170082f568fb26,99570c56f2ebc040f4f65d3ff5ab13aad2b51c78b33b5b85f18f3b885164bd38,jhtvs-ft0806-sp-v3,T2_wB97X-D3_def2-TZVPD_SMD_energy_SP_v1,not_applicable,8,3000,1.74,ready,
SP0259,smd_energy_sp,A007_Q0_M2,S008,runs/orca/sp/SP0259/SP0259.inp,7ff8cbfa67be58d4013c6b63165ffdb9079872b2f0e372948a763b60edd25028,tier1:redox:A007:S008:q0:m2,ff6b2cd9a64c2fd51f537bfd6f83e76c7eb1dc9b3002d54e2f3e0dbd0c4c10ea,db5885de49cc709f6674fc164be562158c5d5d811fffe5edb26c03db360f6770,20f0b3d9e5e1b001b6b4d198f6d4b5b60911007a3f3e091edb170082f568fb26,1c89c4f37403b89e2c2ffef815e5285e89219dc27c251a5c071b95a56bdcbb6c,jhtvs-ft0806-sp-v3,T2_wB97X-D3_def2-TZVPD_SMD_energy_SP_v1,not_applicable,8,3000,1.74,ready,
SP0260,smd_energy_sp,A007_QM1_M1,S008,runs/orca/sp/SP0260/SP0260.inp,7e03b89b4a3f95d41df7c5258566cad090453346f37309ebd108e51b7675438c,tier1:redox:A007:S008:q-1:m1,3291ec162d97ba7c8f4a3dfb37520f70f4c59c3a077c98ad5d5bbb5c2a7f96da,db5885de49cc709f6674fc164be562158c5d5d811fffe5edb26c03db360f6770,20f0b3d9e5e1b001b6b4d198f6d4b5b60911007a3f3e091edb170082f568fb26,e9f3716db8709ade5ab0ee09dfa078aeab9835c4bc3ac4c17fbca08ac0d53f0f,jhtvs-ft0806-sp-v3,T2_wB97X-D3_def2-TZVPD_SMD_energy_SP_v1,not_applicable,8,3000,1.74,ready,
SP0261,smd_energy_sp,D022_QP2_M1,S008,runs/orca/sp/SP0261/SP0261.inp,9a1ee528bf0c5b123a16886149a279c1f02c867d64d015a5048693c0a23ffcb5,surrogate:sigma_preopt:D022:S008:q2:m1,fc526f77b58c8308ee11b077bf8ac756842bf381b916524453ee91135fcd11c8,db5885de49cc709f6674fc164be562158c5d5d811fffe5edb26c03db360f6770,20f0b3d9e5e1b001b6b4d198f6d4b5b60911007a3f3e091edb170082f568fb26,c0fc61d29fe3770a6b1fa3c9763363a61aea687ca32616387796e718eaca2928,jhtvs-ft0806-sp-v3,T2_wB97X-D3_def2-TZVPD_SMD_energy_SP_v1,not_applicable,8,3000,4.22,ready,
SP0262,smd_energy_sp,D027_QP2_M1,S008,runs/orca/sp/SP0262/SP0262.inp,e9c2f92c347d829bbc106a03849bcbf9942515c57dbc5fbcf65d84e6b5b6b89d,surrogate:sigma_preopt:D027:S008:q2:m1,9c45e5388911074ad9df1a1a9745a1a578f9d26f334a048a101613fa03cc15a1,db5885de49cc709f6674fc164be562158c5d5d811fffe5edb26c03db360f6770,20f0b3d9e5e1b001b6b4d198f6d4b5b60911007a3f3e091edb170082f568fb26,f08bce2a2b7513530fe1cc400231a46ab628ee04a4b6192b839b1228169e40cb,jhtvs-ft0806-sp-v3,T2_wB97X-D3_def2-TZVPD_SMD_energy_SP_v1,not_applicable,8,3000,4.22,ready,
SP0263,smd_energy_sp,D055_QP2_M1,S008,runs/orca/sp/SP0263/SP0263.inp,a55839cc15d5e92b2a65133fcde0db2ac73356cad27c873498a2fe2333f6729c,surrogate:sigma_preopt:D055:S008:q2:m1,2fcf9da0fc996fed34595d441637ffbab39a08d07d80042adab1dd78c72b2c43,db5885de49cc709f6674fc164be562158c5d5d811fffe5edb26c03db360f6770,20f0b3d9e5e1b001b6b4d198f6d4b5b60911007a3f3e091edb170082f568fb26,18fb7f4442b28d2a2d8fe675896008e86271c59527487a9eaf9aeee340ce96b0,jhtvs-ft0806-sp-v3,T2_wB97X-D3_def2-TZVPD_SMD_energy_SP_v1,not_applicable,8,3000,4.22,ready,
SP0264,smd_energy_sp,D089_QP2_M1,S008,runs/orca/sp/SP0264/SP0264.inp,aa96198c370e54117de3ebb411053a8feefcca2c86a7223e28e2d69d8612d5e0,surrogate:sigma_preopt:D089:S008:q2:m1,b2b01d822057fdcb799e279ee62f0432991ebd020e1dd6f1de58f2936287cee5,db5885de49cc709f6674fc164be562158c5d5d811fffe5edb26c03db360f6770,20f0b3d9e5e1b001b6b4d198f6d4b5b60911007a3f3e091edb170082f568fb26,54af6dab85d9055682fc6494ab997cc7b69bb2768cac8d2915a485473c2eec43,jhtvs-ft0806-sp-v3,T2_wB97X-D3_def2-TZVPD_SMD_energy_SP_v1,not_applicable,8,3000,4.22,ready,
SP0265,smd_energy_sp,M017_Q0_M1,S008,runs/orca/sp/SP0265/SP0265.inp,1bd01df281258f819622ffaba3f5a711a60d8aa4d568567440f2d614e0cf25c5,tier1:redox:M017:S008:q0:m1,5407b06cbcb4d2506fa48e12cf1055a55c76f839fcfa027dc7c2359cc945e3e8,db5885de49cc709f6674fc164be562158c5d5d811fffe5edb26c03db360f6770,20f0b3d9e5e1b001b6b4d198f6d4b5b60911007a3f3e091edb170082f568fb26,3265bf677e463629e8239d17fdb6dc5e645f3b3c7f8824bc94b0f96e94d21df4,jhtvs-ft0806-sp-v3,T2_wB97X-D3_def2-TZVPD_SMD_energy_SP_v1,not_applicable,8,3000,1.74,ready,
SP0266,smd_energy_sp,M017_QP1_M2,S008,runs/orca/sp/SP0266/SP0266.inp,62ea171c74d74f35f92fe33493a0709757504c2ab05164681880c4061c8369c0,tier1:redox:M017:S008:q1:m2,0e228c97fe8322cc17f11bcee332ad222e34ce8ebaeec962a112f30c7f0a365b,db5885de49cc709f6674fc164be562158c5d5d811fffe5edb26c03db360f6770,20f0b3d9e5e1b001b6b4d198f6d4b5b60911007a3f3e091edb170082f568fb26,b9e34d49c9765fb817aa5284c7af366e7f5b9b9f9649162aaefc2d2f282efb27,jhtvs-ft0806-sp-v3,T2_wB97X-D3_def2-TZVPD_SMD_energy_SP_v1,not_applicable,8,3000,1.74,ready,
SP0267,smd_energy_sp,M022_Q0_M1,S008,runs/orca/sp/SP0267/SP0267.inp,f34938e89b5a4974f5f633b9bcdf865597eb88bdc8e5782e9b3955b5cd923588,tier1:redox:M022:S008:q0:m1,bf49c4e914d7e0f2f859afb840fa5b0e433b2b5b42199e6a76d29e9d05918b6a,db5885de49cc709f6674fc164be562158c5d5d811fffe5edb26c03db360f6770,20f0b3d9e5e1b001b6b4d198f6d4b5b60911007a3f3e091edb170082f568fb26,6b0fb6e96d33876cdcb6018757fe758dd9cfc034429bd1cadb918040d8362a81,jhtvs-ft0806-sp-v3,T2_wB97X-D3_def2-TZVPD_SMD_energy_SP_v1,not_applicable,8,3000,1.74,ready,
SP0268,smd_energy_sp,M022_QP1_M2,S008,runs/orca/sp/SP0268/SP0268.inp,625798cce3b954fa202a73917206159a6504dadb5dfa0eb9629b42af6cc17546,tier1:redox:M022:S008:q1:m2,e21cce1aa60708196ceb382de68543add47a7508f08b82ede3509d8b6ce7069c,db5885de49cc709f6674fc164be562158c5d5d811fffe5edb26c03db360f6770,20f0b3d9e5e1b001b6b4d198f6d4b5b60911007a3f3e091edb170082f568fb26,abee18c78eae9514863c6943c9163d3d0f399717e30fac8de9ea09d699e850dc,jhtvs-ft0806-sp-v3,T2_wB97X-D3_def2-TZVPD_SMD_energy_SP_v1,not_applicable,8,3000,1.74,ready,
SP0269,smd_energy_sp,M027_QP1_M2,S008,runs/orca/sp/SP0269/SP0269.inp,db54c6b2892a5fb9c737cec3428a13e06c63565c08167b50026efe1361823c59,tier1:redox:M027:S008:q1:m2,bab1a4dc4b6b84fc28ccf7da962b9a9b30614d260495386d027922d72ff18013,db5885de49cc709f6674fc164be562158c5d5d811fffe5edb26c03db360f6770,20f0b3d9e5e1b001b6b4d198f6d4b5b60911007a3f3e091edb170082f568fb26,4344f623b1c7ee5699ac595629bf853facbeb849ab4f0c1ad5cba44efc69c267,jhtvs-ft0806-sp-v3,T2_wB97X-D3_def2-TZVPD_SMD_energy_SP_v1,not_applicable,8,3000,1.74,ready,
SP0270,smd_energy_sp,M055_Q0_M1,S008,runs/orca/sp/SP0270/SP0270.inp,b7db485ba9f44f3d3dda1c318e992673bfa158db4beaac2687e9fe1f8deb43e9,tier1:redox:M055:S008:q0:m1,ea5f4d36dd0c3a97ecb89b9539bca4ad5fa2900a2ca47820ce8494ba6211afff,db5885de49cc709f6674fc164be562158c5d5d811fffe5edb26c03db360f6770,20f0b3d9e5e1b001b6b4d198f6d4b5b60911007a3f3e091edb170082f568fb26,a27a304204b97c80a93f3fb16c4cafec9832b2479d9e31aad04c49839af1b315,jhtvs-ft0806-sp-v3,T2_wB97X-D3_def2-TZVPD_SMD_energy_SP_v1,not_applicable,8,3000,1.74,ready,
SP0271,smd_energy_sp,M055_QP1_M2,S008,runs/orca/sp/SP0271/SP0271.inp,eab4dda28a6b6e33f3c8f531b36186d8ccff7d08f930020b1459877203d1bb7e,tier1:redox:M055:S008:q1:m2,02680670f5d65d042552eb1721308856596718e4f7f445431fc438cb5796d281,db5885de49cc709f6674fc164be562158c5d5d811fffe5edb26c03db360f6770,20f0b3d9e5e1b001b6b4d198f6d4b5b60911007a3f3e091edb170082f568fb26,f9d132b4894757edf2617cdd87e55cf1f3670649ec95a2b2783f54ed15c62ea3,jhtvs-ft0806-sp-v3,T2_wB97X-D3_def2-TZVPD_SMD_energy_SP_v1,not_applicable,8,3000,1.74,ready,
SP0272,smd_energy_sp,M074_Q0_M1,S008,runs/orca/sp/SP0272/SP0272.inp,b282a2b3c98591a9aa6c6635b45a38a4c0d23b9d83df3fe329c1c5cae1381b0f,tier1:redox:M074:S008:q0:m1,b2aceba40289122dc80c4a193b31e621bd4ae39453caf4b68727b649b4e415ce,db5885de49cc709f6674fc164be562158c5d5d811fffe5edb26c03db360f6770,20f0b3d9e5e1b001b6b4d198f6d4b5b60911007a3f3e091edb170082f568fb26,78841f8f2be19925610ad7cfa0d407d0a47f28d50c34ddd39a1efee1f88a3212,jhtvs-ft0806-sp-v3,T2_wB97X-D3_def2-TZVPD_SMD_energy_SP_v1,not_applicable,8,3000,1.74,ready,
SP0273,smd_energy_sp,M074_QP1_M2,S008,runs/orca/sp/SP0273/SP0273.inp,ce7740f693fda61657f2c7da0d9752a2cc2f4d879aa9db2605a7b059271cb97b,tier1:redox:M074:S008:q1:m2,dbad914acaf041ade73bc1ff37ad82999fee37dfe180ecbad9c5f9cad51148d2,db5885de49cc709f6674fc164be562158c5d5d811fffe5edb26c03db360f6770,20f0b3d9e5e1b001b6b4d198f6d4b5b60911007a3f3e091edb170082f568fb26,6da08f2642b5a2259c2b4f4f59ff7a9d65a658ffd13036692684a2259a6cd832,jhtvs-ft0806-sp-v3,T2_wB97X-D3_def2-TZVPD_SMD_energy_SP_v1,not_applicable,8,3000,1.74,ready,
SP0274,smd_energy_sp,M084_Q0_M1,S008,runs/orca/sp/SP0274/SP0274.inp,8909cd960a3abf3d88a233af6513e2acef826e2883112e6d75fa75c10c6776ca,tier1:redox:M084:S008:q0:m1,ff363d39f7606d791c0b725aeb53efbca0ef16760cd38b0175338a06e03cfe71,db5885de49cc709f6674fc164be562158c5d5d811fffe5edb26c03db360f6770,20f0b3d9e5e1b001b6b4d198f6d4b5b60911007a3f3e091edb170082f568fb26,a0e2b8b5fd52b4a90dd75cdb47deb998a1b6a6517ada6d7ee287c2306f4f57e1,jhtvs-ft0806-sp-v3,T2_wB97X-D3_def2-TZVPD_SMD_energy_SP_v1,not_applicable,8,3000,1.74,ready,
SP0275,smd_energy_sp,M084_QP1_M2,S008,runs/orca/sp/SP0275/SP0275.inp,bc9e673d7bbf336ce3575e6743648791608050cca6f0b040dbee0d4173da0911,tier1:redox:M084:S008:q1:m2,1b46f55503cd82b6f52f278eac039b22e202e7e45a9bb2b1b7b395217871f63e,db5885de49cc709f6674fc164be562158c5d5d811fffe5edb26c03db360f6770,20f0b3d9e5e1b001b6b4d198f6d4b5b60911007a3f3e091edb170082f568fb26,f833e1b5d687378a75f24f94afab539a015b1248bbe120d3d58522f6e62ca11a,jhtvs-ft0806-sp-v3,T2_wB97X-D3_def2-TZVPD_SMD_energy_SP_v1,not_applicable,8,3000,1.74,ready,
SP0276,smd_energy_sp,M089_Q0_M1,S008,runs/orca/sp/SP0276/SP0276.inp,1f59cd03467dc40af2fcbcf25e991c686e64a716b4f5fe32eaf6e1cf40c48c00,tier1:redox:M089:S008:q0:m1,f53366a65543f48ad9ce74b56332d07b7e526ca059533280099794597314e56c,db5885de49cc709f6674fc164be562158c5d5d811fffe5edb26c03db360f6770,20f0b3d9e5e1b001b6b4d198f6d4b5b60911007a3f3e091edb170082f568fb26,8f1f70f4cdc593e439db9d3b7f65962b100ec76c8d22e256d17d1fc8ec8d1290,jhtvs-ft0806-sp-v3,T2_wB97X-D3_def2-TZVPD_SMD_energy_SP_v1,not_applicable,8,3000,1.74,ready,
SP0277,smd_energy_sp,M089_QP1_M2,S008,runs/orca/sp/SP0277/SP0277.inp,18cfcec22672470461cb9bf4af960d53f1d88362c0b4ffc935f59af0092af33b,tier1:redox:M089:S008:q1:m2,3680b8641453534b18be89a6d86394e50db5235d8f10bc8c3f195745ed7eee11,db5885de49cc709f6674fc164be562158c5d5d811fffe5edb26c03db360f6770,20f0b3d9e5e1b001b6b4d198f6d4b5b60911007a3f3e091edb170082f568fb26,9525cd63dbf996376eeefaf7a0630e7791f44a7402fa8f250b770eec5845e4d6,jhtvs-ft0806-sp-v3,T2_wB97X-D3_def2-TZVPD_SMD_energy_SP_v1,not_applicable,8,3000,1.74,ready,
SP0278,smd_energy_sp,S008_Q0_M1,S008,runs/orca/sp/SP0278/SP0278.inp,e9e38a464f4684a01a8bb92383f7e35f213a957ca31935da0355de2c449c16bc,tier1:redox:S008:S008:q0:m1,2502feca89fe320e9c6a243262e7c9f3b48391cfc3f6ca4c73d304a33b34bf12,db5885de49cc709f6674fc164be562158c5d5d811fffe5edb26c03db360f6770,20f0b3d9e5e1b001b6b4d198f6d4b5b60911007a3f3e091edb170082f568fb26,9b334389bb6f87080c9dc97f8d51b60509d736e530411aa0b58ab5e0f9262eca,jhtvs-ft0806-sp-v3,T2_wB97X-D3_def2-TZVPD_SMD_energy_SP_v1,not_applicable,8,3000,1.74,ready,
SP0279,smd_energy_sp,S008_QP1_M2,S008,runs/orca/sp/SP0279/SP0279.inp,20f2199acf10d331a87dd6f681b42544d21b15847e85275beea9200307322514,tier1:redox:S008:S008:q1:m2,fe699ce152e79729a7dcaae55a91db2a8961a2d022bd0ee8d5f33248ab0421f2,db5885de49cc709f6674fc164be562158c5d5d811fffe5edb26c03db360f6770,20f0b3d9e5e1b001b6b4d198f6d4b5b60911007a3f3e091edb170082f568fb26,561092381d5f86f2e1acb9c9703093a49b98c588cb9f86baf0bad2487a03ab09,jhtvs-ft0806-sp-v3,T2_wB97X-D3_def2-TZVPD_SMD_energy_SP_v1,not_applicable,8,3000,1.74,ready,
SP0280,smd_energy_sp,A002_Q0_M2,S009,runs/orca/sp/SP0280/SP0280.inp,da206ccd4563cf861eaab9cb55e67c1e22f8fc7bc5454857c364729bc1388d10,tier1:redox:A002:S009:q0:m2,a2bc50aee9a2c9d27e46619c47e11551f333ea5006dc8001d0a28ed02d6428eb,3762de9c5172934e9e191da8237f760ff32b89d20d82fa4cd7c8d2d42bc425c5,b96c0bc277f09cdc2543087aff275075346c6237811069703b3b5bf8b66007ec,13c1eb69602157df62553a4ac9bf691943bcff371673c1385dc8df055230b5c1,jhtvs-ft0806-sp-v3,T2_wB97X-D3_def2-TZVPD_SMD_energy_SP_v1,not_applicable,8,3000,1.74,ready,
SP0281,smd_energy_sp,A002_QM1_M1,S009,runs/orca/sp/SP0281/SP0281.inp,d06216466c2db87af059fb9dddbb12cdb4b2968d0be3a2efbf45b90ee6f245e7,tier1:redox:A002:S009:q-1:m1,1f9e718b03224d4138b4f0f68beee9b1d34f5b97a3da4868e6acf7d4c70d9644,3762de9c5172934e9e191da8237f760ff32b89d20d82fa4cd7c8d2d42bc425c5,b96c0bc277f09cdc2543087aff275075346c6237811069703b3b5bf8b66007ec,a0d065a4c1a7206fed8299c458ac4f8971140c914a0f38fac92513e874782142,jhtvs-ft0806-sp-v3,T2_wB97X-D3_def2-TZVPD_SMD_energy_SP_v1,not_applicable,8,3000,1.74,ready,
SP0282,smd_energy_sp,A005_Q0_M2,S009,runs/orca/sp/SP0282/SP0282.inp,a19837bcd81a87e7b273bb05771fbdd66f53c660d2a426d3d37742de5e40d306,tier1:redox:A005:S009:q0:m2,767345af021c311c6a42aa1cd2659f9573c7e3307064063d772f3f2e95a4790a,3762de9c5172934e9e191da8237f760ff32b89d20d82fa4cd7c8d2d42bc425c5,b96c0bc277f09cdc2543087aff275075346c6237811069703b3b5bf8b66007ec,9b4bba5e660407a0452c618a07b70d37bb3acaf12e05a2c01296912d4448c661,jhtvs-ft0806-sp-v3,T2_wB97X-D3_def2-TZVPD_SMD_energy_SP_v1,not_applicable,8,3000,1.74,ready,
SP0283,smd_energy_sp,A005_QM1_M1,S009,runs/orca/sp/SP0283/SP0283.inp,4b871a65cee638a18538d551dcb38f6fd46cd3f7f4370853271d305a529f473d,tier1:redox:A005:S009:q-1:m1,c4dd624f7bc57c444816144a714e118a2e8bef64213f48a0f3986796f299fa7d,3762de9c5172934e9e191da8237f760ff32b89d20d82fa4cd7c8d2d42bc425c5,b96c0bc277f09cdc2543087aff275075346c6237811069703b3b5bf8b66007ec,15a2968e3a41cca838c02ffc1f06529ec13f340265f3eb924c44122cae6ca844,jhtvs-ft0806-sp-v3,T2_wB97X-D3_def2-TZVPD_SMD_energy_SP_v1,not_applicable,8,3000,1.74,ready,
SP0284,smd_energy_sp,D022_QP2_M1,S009,runs/orca/sp/SP0284/SP0284.inp,8651b8a6c9e7bb6ec0fadf79d0d7d34ffc1ea016a0f71d0091284f0372d44e31,surrogate:sigma_preopt:D022:S009:q2:m1,ebfba36061c8263270eb1fc15bdd5a845cfdf50bfae9900a18ff4ef2063a784b,3762de9c5172934e9e191da8237f760ff32b89d20d82fa4cd7c8d2d42bc425c5,b96c0bc277f09cdc2543087aff275075346c6237811069703b3b5bf8b66007ec,03e0a399b1940b6d6e823824b1d820aceb3fe2c3aece103c689ed3e9ce182070,jhtvs-ft0806-sp-v3,T2_wB97X-D3_def2-TZVPD_SMD_energy_SP_v1,not_applicable,8,3000,4.22,ready,
SP0285,smd_energy_sp,D027_QP2_M1,S009,runs/orca/sp/SP0285/SP0285.inp,9b1cf4433b6c6f29968ee256bbb3f8ab48edefa140b8d0ad1fd15eb3f941ce7a,surrogate:sigma_preopt:D027:S009:q2:m1,6f5ff5049ad3f92c2195c419550858d33e81b61a4f0cc18b31eb3d0a8385eff7,3762de9c5172934e9e191da8237f760ff32b89d20d82fa4cd7c8d2d42bc425c5,b96c0bc277f09cdc2543087aff275075346c6237811069703b3b5bf8b66007ec,5f7645ab24e52230bf5a2817420d0cae26e04d80ec2f5c86daf1f730638fb237,jhtvs-ft0806-sp-v3,T2_wB97X-D3_def2-TZVPD_SMD_energy_SP_v1,not_applicable,8,3000,4.22,ready,
SP0286,smd_energy_sp,M022_Q0_M1,S009,runs/orca/sp/SP0286/SP0286.inp,83060d57ea4a119c9a7d4d3cdaa24b731003aaf34868c38f964467aeb5e16c69,tier1:redox:M022:S009:q0:m1,610a34feb7b70ef131484edb4d16afddbedc04a807609b5821ae7c53c84b14c0,3762de9c5172934e9e191da8237f760ff32b89d20d82fa4cd7c8d2d42bc425c5,b96c0bc277f09cdc2543087aff275075346c6237811069703b3b5bf8b66007ec,88ac99b7cfbf17718090c44558d1debf58b2561c2d0368acaa3bab6203258230,jhtvs-ft0806-sp-v3,T2_wB97X-D3_def2-TZVPD_SMD_energy_SP_v1,not_applicable,8,3000,1.74,ready,
SP0287,smd_energy_sp,M022_QP1_M2,S009,runs/orca/sp/SP0287/SP0287.inp,c8922946987e4b4f98fb40c1caf013dcdb2d5a5bf39538519438d919d733e38a,tier1:redox:M022:S009:q1:m2,a3e0a71bdf7e3d64c6ad2509907658ab5e77384b20c8cd56fa8f2fdb0d6a21c9,3762de9c5172934e9e191da8237f760ff32b89d20d82fa4cd7c8d2d42bc425c5,b96c0bc277f09cdc2543087aff275075346c6237811069703b3b5bf8b66007ec,bc9f44bbcd48d445c4d9ac4bb810360584027b21df9ddb70d06dfb53c03ae703,jhtvs-ft0806-sp-v3,T2_wB97X-D3_def2-TZVPD_SMD_energy_SP_v1,not_applicable,8,3000,1.74,ready,
SP0288,smd_energy_sp,M027_QP1_M2,S009,runs/orca/sp/SP0288/SP0288.inp,993f7e70879c54ead98dd192f2a6439b7e4040a1a6de2b12c51e55273e618026,tier1:redox:M027:S009:q1:m2,4773e01bba0d0dca40a32514b33d70d9a2c0b46a09c56d216c26a3c1252b32bc,3762de9c5172934e9e191da8237f760ff32b89d20d82fa4cd7c8d2d42bc425c5,b96c0bc277f09cdc2543087aff275075346c6237811069703b3b5bf8b66007ec,8e0a52527c0368636a5be81f03b4bbcb79766e7113e14a931273ce709b8793ea,jhtvs-ft0806-sp-v3,T2_wB97X-D3_def2-TZVPD_SMD_energy_SP_v1,not_applicable,8,3000,1.74,ready,
SP0289,smd_energy_sp,M084_Q0_M1,S009,runs/orca/sp/SP0289/SP0289.inp,8b8487a520998a3252b02c84effb5690701a8582073bda15a7c39eaaebedf61a,tier1:redox:M084:S009:q0:m1,959d65742fe9027b453a97968b290e64d072dcc33fd60d808dac2776736311bd,3762de9c5172934e9e191da8237f760ff32b89d20d82fa4cd7c8d2d42bc425c5,b96c0bc277f09cdc2543087aff275075346c6237811069703b3b5bf8b66007ec,63a8768137ab531eabd583927645ffd0bf031190396cc986bc39b9c995bf0aae,jhtvs-ft0806-sp-v3,T2_wB97X-D3_def2-TZVPD_SMD_energy_SP_v1,not_applicable,8,3000,1.74,ready,
SP0290,smd_energy_sp,M084_QP1_M2,S009,runs/orca/sp/SP0290/SP0290.inp,5fe0db0317355aa56edcbcc020b0a7546b04878401cdee13710824952cd2bfae,tier1:redox:M084:S009:q1:m2,53017bbba873f737c893717f5e6e8631ae2f569731436fa13c0802d881fa6153,3762de9c5172934e9e191da8237f760ff32b89d20d82fa4cd7c8d2d42bc425c5,b96c0bc277f09cdc2543087aff275075346c6237811069703b3b5bf8b66007ec,cb10c826ea4a850dbc1bf6168ec995727c7fabbfd9cd50bbf133e833c1715b08,jhtvs-ft0806-sp-v3,T2_wB97X-D3_def2-TZVPD_SMD_energy_SP_v1,not_applicable,8,3000,1.74,ready,
SP0291,smd_energy_sp,S009_Q0_M1,S009,runs/orca/sp/SP0291/SP0291.inp,d77eaecae5abd5854665ddd399729dc3c13046823ea60a44f66608a2cf81dc97,tier1:redox:S009:S009:q0:m1,ea84c7f7e693eb100e0990b1284aaf9d04696cd991740696d7b0b94c98fdcf34,3762de9c5172934e9e191da8237f760ff32b89d20d82fa4cd7c8d2d42bc425c5,b96c0bc277f09cdc2543087aff275075346c6237811069703b3b5bf8b66007ec,344bf0f1188e18fae03b25d521d05e6a89cef8da8436fcb60b43d84f2d3e5ac1,jhtvs-ft0806-sp-v3,T2_wB97X-D3_def2-TZVPD_SMD_energy_SP_v1,not_applicable,8,3000,1.74,ready,
SP0292,smd_energy_sp,S009_QP1_M2,S009,runs/orca/sp/SP0292/SP0292.inp,c7e970e6667b184b4394e3b16e46c85fa247900471980f5e9dfa956f9dbed997,tier1:redox:S009:S009:q1:m2,59060b29fb87c86dbebfa3f1bec258489aa3c61bc80fe0da7d4c3179d1ee10b0,3762de9c5172934e9e191da8237f760ff32b89d20d82fa4cd7c8d2d42bc425c5,b96c0bc277f09cdc2543087aff275075346c6237811069703b3b5bf8b66007ec,5169fae40bcfbade02a8175b820d2db48567c5ca09bf92ccb3447e02c7331b95,jhtvs-ft0806-sp-v3,T2_wB97X-D3_def2-TZVPD_SMD_energy_SP_v1,not_applicable,8,3000,1.74,ready,
SP0293,smd_energy_sp,A002_Q0_M2,S010,runs/orca/sp/SP0293/SP0293.inp,ca8e7ceb0a44b04149423c489fc6e9cade45296afb0795b30425ea2c84727972,tier1:redox:A002:S010:q0:m2,5f2d356204585e7a3a870bbc2d21616e69e3b5e16c7eccfaab562a800a406fc6,f3dc5f0765cc40c174acd002103d9641a879c4185439df60b68c90bbd68abd5f,b88e190a80414bc4a098f4732a9c5f791c1157e2f7c12087b194e03bfee03079,d91c28325f8b516b75a2ca31fac5d3e47b2c3825670fe29d66ea41dff2b1dd4e,jhtvs-ft0806-sp-v3,T2_wB97X-D3_def2-TZVPD_SMD_energy_SP_v1,not_applicable,8,3000,1.74,ready,
SP0294,smd_energy_sp,A002_QM1_M1,S010,runs/orca/sp/SP0294/SP0294.inp,4925ff59159c44f83e41ea31b4505a4a9bf45f7f2ed8e4598a5d1659386b3c15,tier1:redox:A002:S010:q-1:m1,7d31c42110b4593b77ad4f0633e0ce238aba19bf2ff06e3347360040b56d2cbf,f3dc5f0765cc40c174acd002103d9641a879c4185439df60b68c90bbd68abd5f,b88e190a80414bc4a098f4732a9c5f791c1157e2f7c12087b194e03bfee03079,43f9827bb2df8cbbb4c7a1ce7399e21d659bf4b1012366ca903c2aa3d5f4f78d,jhtvs-ft0806-sp-v3,T2_wB97X-D3_def2-TZVPD_SMD_energy_SP_v1,not_applicable,8,3000,1.74,ready,
SP0295,smd_energy_sp,A005_Q0_M2,S010,runs/orca/sp/SP0295/SP0295.inp,43df74c4f2911def3a5e79e311016af434f1ddea39d415bd9dca77f6011c24c2,tier1:redox:A005:S010:q0:m2,f0b24cb990af921ba79c19ff94b4f480701f2172760658e5f75ab311b27881f7,f3dc5f0765cc40c174acd002103d9641a879c4185439df60b68c90bbd68abd5f,b88e190a80414bc4a098f4732a9c5f791c1157e2f7c12087b194e03bfee03079,33de5f6442bbd14ebaaec0f7f5f7f1d3c3e1bea8639c25cf4a9cd40c5738c96c,jhtvs-ft0806-sp-v3,T2_wB97X-D3_def2-TZVPD_SMD_energy_SP_v1,not_applicable,8,3000,1.74,ready,
SP0296,smd_energy_sp,A005_QM1_M1,S010,runs/orca/sp/SP0296/SP0296.inp,686f356aeab17e087ed4c0582d1e7afe049d58813fd470100d232b1ec27b77a4,tier1:redox:A005:S010:q-1:m1,a8d4c17667f2d2b925ce7aa4caf2e1389d201caabd2a8b1e1c67c4bc967c52ae,f3dc5f0765cc40c174acd002103d9641a879c4185439df60b68c90bbd68abd5f,b88e190a80414bc4a098f4732a9c5f791c1157e2f7c12087b194e03bfee03079,5e3bc96bd0555bcabc75be545caa7997b26277b1bbbdd8f385acf9abc5e482e9,jhtvs-ft0806-sp-v3,T2_wB97X-D3_def2-TZVPD_SMD_energy_SP_v1,not_applicable,8,3000,1.74,ready,
SP0297,smd_energy_sp,D022_QP2_M1,S010,runs/orca/sp/SP0297/SP0297.inp,4d63eea0b7772a7fe82e6d4c5793910c15a40efcb8f39d4ffe1f3d04db3ff0f9,surrogate:sigma_preopt:D022:S010:q2:m1,9e458201d006b009e6fcdb19e182eceac3a34c16beeaa82d0bf0923d203fb2c4,f3dc5f0765cc40c174acd002103d9641a879c4185439df60b68c90bbd68abd5f,b88e190a80414bc4a098f4732a9c5f791c1157e2f7c12087b194e03bfee03079,1f075639f3138f6f974411e62c8c664497a7c2a22605a14b2681d77540ad7416,jhtvs-ft0806-sp-v3,T2_wB97X-D3_def2-TZVPD_SMD_energy_SP_v1,not_applicable,8,3000,4.22,ready,
SP0298,smd_energy_sp,D027_QP2_M1,S010,runs/orca/sp/SP0298/SP0298.inp,4152dd9d9c620b3e2ad3421e33e2aaa4f31ab04ee52d687dc926e471fc9d52f4,surrogate:sigma_preopt:D027:S010:q2:m1,c90e3fd49f181fbc49c27d645d6b866a1edf7ece3d73fcbb0aaf7e2dde3fb205,f3dc5f0765cc40c174acd002103d9641a879c4185439df60b68c90bbd68abd5f,b88e190a80414bc4a098f4732a9c5f791c1157e2f7c12087b194e03bfee03079,a6635cb483463597ca6865023b65b382f2d8ce52a417176d6c69f657cf5e60c7,jhtvs-ft0806-sp-v3,T2_wB97X-D3_def2-TZVPD_SMD_energy_SP_v1,not_applicable,8,3000,4.22,ready,
SP0299,smd_energy_sp,M022_Q0_M1,S010,runs/orca/sp/SP0299/SP0299.inp,e6f10fea33e9b642f86bfbff0368d2d6a9da947eb3363d4cd410b908c8d37098,tier1:redox:M022:S010:q0:m1,b65c21bf1618bbc6f9d7b4b1bd1d99d1924a8a4c1e0829d0f3636eed3eb461ff,f3dc5f0765cc40c174acd002103d9641a879c4185439df60b68c90bbd68abd5f,b88e190a80414bc4a098f4732a9c5f791c1157e2f7c12087b194e03bfee03079,1242ae3ac45296a4895a230f54e7ce17c04c6c25a2a8387ebe1be6e92646e422,jhtvs-ft0806-sp-v3,T2_wB97X-D3_def2-TZVPD_SMD_energy_SP_v1,not_applicable,8,3000,1.74,ready,
SP0300,smd_energy_sp,M022_QP1_M2,S010,runs/orca/sp/SP0300/SP0300.inp,68956d46c51996d489f72a234d63c7fa71cd5ef6afd7e9bff4bfe2beeade55ca,tier1:redox:M022:S010:q1:m2,db6a50bb347eed3f508665b01e2714b31f28b360cd9dfaddfb73a3972d24619c,f3dc5f0765cc40c174acd002103d9641a879c4185439df60b68c90bbd68abd5f,b88e190a80414bc4a098f4732a9c5f791c1157e2f7c12087b194e03bfee03079,9b403e0cefe68e9e26a50c6ceba091739721b3aa9ddd43157959dbbfb2e31be2,jhtvs-ft0806-sp-v3,T2_wB97X-D3_def2-TZVPD_SMD_energy_SP_v1,not_applicable,8,3000,1.74,ready,
SP0301,smd_energy_sp,M027_QP1_M2,S010,runs/orca/sp/SP0301/SP0301.inp,ad6353a221427cefe9c49822067ea4b2b533a9d0873dcec1a612da1cbb01d9e3,tier1:redox:M027:S010:q1:m2,b9f8566be70f1c9f2240b564e475cc73cc209cdd246bd85309ff35889afe8885,f3dc5f0765cc40c174acd002103d9641a879c4185439df60b68c90bbd68abd5f,b88e190a80414bc4a098f4732a9c5f791c1157e2f7c12087b194e03bfee03079,1644dd86d833bf8fbdccf88e3cf10a1685f03bf160e8eb3c8475e914cfe5587d,jhtvs-ft0806-sp-v3,T2_wB97X-D3_def2-TZVPD_SMD_energy_SP_v1,not_applicable,8,3000,1.74,ready,
SP0302,smd_energy_sp,M084_Q0_M1,S010,runs/orca/sp/SP0302/SP0302.inp,b8200b55c37a0f0689d9bc173bd026e0c26069aca2a95ab3bb14488f15c6964b,tier1:redox:M084:S010:q0:m1,1af41ca13546420952c94f140275dfbee2ff07468a405560910400ab2292b8a1,f3dc5f0765cc40c174acd002103d9641a879c4185439df60b68c90bbd68abd5f,b88e190a80414bc4a098f4732a9c5f791c1157e2f7c12087b194e03bfee03079,3838b3f36ea31fcdfcb1e20ca1ec4dcc41c7c4767df843cfa5a9ac4e47a4ba30,jhtvs-ft0806-sp-v3,T2_wB97X-D3_def2-TZVPD_SMD_energy_SP_v1,not_applicable,8,3000,1.74,ready,
SP0303,smd_energy_sp,M084_QP1_M2,S010,runs/orca/sp/SP0303/SP0303.inp,d5abbca6bcfddff2606e854654cb31e74b10d76863dbc4ed45256cfb07bc0e9a,tier1:redox:M084:S010:q1:m2,d584e9304f60cfd54f613de8bc459283bbf1294cc51819a85ee4ecafe40a6dfd,f3dc5f0765cc40c174acd002103d9641a879c4185439df60b68c90bbd68abd5f,b88e190a80414bc4a098f4732a9c5f791c1157e2f7c12087b194e03bfee03079,3b231abbff9972364c21d1087c9829837b7ad854e232e370704f45cf9251bebe,jhtvs-ft0806-sp-v3,T2_wB97X-D3_def2-TZVPD_SMD_energy_SP_v1,not_applicable,8,3000,1.74,ready,
SP0304,smd_energy_sp,S010_Q0_M1,S010,runs/orca/sp/SP0304/SP0304.inp,0da45993db87dfd43e0f2bab0ed99256e4d54477bae3bb17594f917b4761b193,tier1:redox:S010:S010:q0:m1,c77a5be1cfca229f5f858be64206379b212aa421cfee78f9a0321bd9b4cc3c4a,f3dc5f0765cc40c174acd002103d9641a879c4185439df60b68c90bbd68abd5f,b88e190a80414bc4a098f4732a9c5f791c1157e2f7c12087b194e03bfee03079,aba034dc43f83d16501e436a103a073b1e7087ad0ab2607f3c151a3c3fa8ebed,jhtvs-ft0806-sp-v3,T2_wB97X-D3_def2-TZVPD_SMD_energy_SP_v1,not_applicable,8,3000,1.74,ready,
SP0305,smd_energy_sp,S010_QP1_M2,S010,runs/orca/sp/SP0305/SP0305.inp,ddb0f3c8a93a1874da2f08e27600c39298b281441069eeddee3d272838aca399,tier1:redox:S010:S010:q1:m2,06f224dde8dcc2ca613e04d06ab007ece9f77df8c605f6cf39a9c1c579d5b4c5,f3dc5f0765cc40c174acd002103d9641a879c4185439df60b68c90bbd68abd5f,b88e190a80414bc4a098f4732a9c5f791c1157e2f7c12087b194e03bfee03079,12a4d2559fe79d50ccada6575328ad7b7ae734e36a9bec8feb935d1f9b3eb754,jhtvs-ft0806-sp-v3,T2_wB97X-D3_def2-TZVPD_SMD_energy_SP_v1,not_applicable,8,3000,1.74,ready,
SP0306,smd_energy_sp,A002_Q0_M2,S011,runs/orca/sp/SP0306/SP0306.inp,7c2ff70b471a44ff33babaa8ddb73c9939ebeb48e2ded5117a6138e40020c0fe,tier1:redox:A002:S011:q0:m2,a2f3d5336632da19de425f4ce59852b8908a3c5e52754a47356fe2a23962ecd3,6291d651ef2f652d7d62ed30a194c0b1850313b02754f55ad0583ff3834bb373,a30bedf4bdd1a1f4fe3537eff26456de80870e0d221a1d3bb9427086b6dad759,51f167dbf0b68290691cf1acd9f42614d74cd517592905c0e091f875d9fa740c,jhtvs-ft0806-sp-v3,T2_wB97X-D3_def2-TZVPD_SMD_energy_SP_v1,not_applicable,8,3000,1.74,ready,
SP0307,smd_energy_sp,A002_QM1_M1,S011,runs/orca/sp/SP0307/SP0307.inp,37fb7a1f15e60ee7c71bd5e3d570a04c1c96dbfca0c1250e36dc115220360a12,tier1:redox:A002:S011:q-1:m1,50b1ff2384c518b2205f23960a3e189f5e5081b61bfad5785bc2581a16bcce63,6291d651ef2f652d7d62ed30a194c0b1850313b02754f55ad0583ff3834bb373,a30bedf4bdd1a1f4fe3537eff26456de80870e0d221a1d3bb9427086b6dad759,d5f7eab15364ed197d6a0857c84c34915a9b95a2a23072cbe9ce34eb4ac36a68,jhtvs-ft0806-sp-v3,T2_wB97X-D3_def2-TZVPD_SMD_energy_SP_v1,not_applicable,8,3000,1.74,ready,
SP0308,smd_energy_sp,A005_Q0_M2,S011,runs/orca/sp/SP0308/SP0308.inp,71143f8aab293024a1ca7d334d1bc51c6df2ea222de7915cb5cc724a5c29fffe,tier1:redox:A005:S011:q0:m2,84f6412222ab3de3da46968acfd54701baf1ffc4c898431b19a9b0712e642e15,6291d651ef2f652d7d62ed30a194c0b1850313b02754f55ad0583ff3834bb373,a30bedf4bdd1a1f4fe3537eff26456de80870e0d221a1d3bb9427086b6dad759,3274ab950d4af6c90bb6afb68f9e9062c5431fe48e5d3cedf4453eac13676858,jhtvs-ft0806-sp-v3,T2_wB97X-D3_def2-TZVPD_SMD_energy_SP_v1,not_applicable,8,3000,1.74,ready,
SP0309,smd_energy_sp,A005_QM1_M1,S011,runs/orca/sp/SP0309/SP0309.inp,8e8c528d1e938085d49c52a882f5f44ba2b3d24728ace017c3b5eb186595d24d,tier1:redox:A005:S011:q-1:m1,44bacb12e86d615980958236c39641a58641554daa7646f412b40c650a1f1135,6291d651ef2f652d7d62ed30a194c0b1850313b02754f55ad0583ff3834bb373,a30bedf4bdd1a1f4fe3537eff26456de80870e0d221a1d3bb9427086b6dad759,d09f4d64ea9c3c40a510a434038ec6431774deca87e9324a22b35c97ec901b47,jhtvs-ft0806-sp-v3,T2_wB97X-D3_def2-TZVPD_SMD_energy_SP_v1,not_applicable,8,3000,1.74,ready,
SP0310,smd_energy_sp,A007_Q0_M2,S011,runs/orca/sp/SP0310/SP0310.inp,3ac0e39081910e64155a868daae3a20368d3a4c1f59f1399790f84303defeef7,tier1:redox:A007:S011:q0:m2,6044c7605d30f1ade0217a0abbb38be95120eca82f8338ae96d439c21ca2697a,6291d651ef2f652d7d62ed30a194c0b1850313b02754f55ad0583ff3834bb373,a30bedf4bdd1a1f4fe3537eff26456de80870e0d221a1d3bb9427086b6dad759,475765aa35d8c60c0319acb9641816aaa7089134a197f628a892974679b6a33b,jhtvs-ft0806-sp-v3,T2_wB97X-D3_def2-TZVPD_SMD_energy_SP_v1,not_applicable,8,3000,1.74,ready,
SP0311,smd_energy_sp,A007_QM1_M1,S011,runs/orca/sp/SP0311/SP0311.inp,89d03c044968be9f2e7fcb3a4ec289e7b17048a7b9e0e2681546729e33143a7a,tier1:redox:A007:S011:q-1:m1,e4a5fafbceb40acf647a549b612fb64e99b6b1c63fcfadda15836d96fc7efd52,6291d651ef2f652d7d62ed30a194c0b1850313b02754f55ad0583ff3834bb373,a30bedf4bdd1a1f4fe3537eff26456de80870e0d221a1d3bb9427086b6dad759,9e03924bb0bfc2a6b07291ffcbbcfc0b930d5c595da6767a0e6cdd2fbdeff9f1,jhtvs-ft0806-sp-v3,T2_wB97X-D3_def2-TZVPD_SMD_energy_SP_v1,not_applicable,8,3000,1.74,ready,
SP0312,smd_energy_sp,D007_QP2_M1,S011,runs/orca/sp/SP0312/SP0312.inp,93d0e5d4ae929a837b484815d65650ec7805abddb6e9129963c9f03cee3457ca,surrogate:sigma_preopt:D007:S011:q2:m1,c8cde41807ca08f33e71d0b4509839a71fc895e508a57f70a0d1dc9240bd49a0,6291d651ef2f652d7d62ed30a194c0b1850313b02754f55ad0583ff3834bb373,a30bedf4bdd1a1f4fe3537eff26456de80870e0d221a1d3bb9427086b6dad759,462b4ff6dfa08c3ea98ca1dfe646ac7cb1735b9178505d7ae310dff7ea8df4c0,jhtvs-ft0806-sp-v3,T2_wB97X-D3_def2-TZVPD_SMD_energy_SP_v1,not_applicable,8,3000,4.22,ready,
SP0313,smd_energy_sp,D022_QP2_M1,S011,runs/orca/sp/SP0313/SP0313.inp,0bf94ed1d7dbee6b95c9e5f39003da047f4c4847de06a36525750371e953f069,surrogate:sigma_preopt:D022:S011:q2:m1,7be761cab2c1339389e37d1316e39ac441d1d88355bd7038ed9e298a70226cfa,6291d651ef2f652d7d62ed30a194c0b1850313b02754f55ad0583ff3834bb373,a30bedf4bdd1a1f4fe3537eff26456de80870e0d221a1d3bb9427086b6dad759,2974c5a0c4b8ccae6838fab0485ef10fe16ed68194b8de7108152c4344f80f69,jhtvs-ft0806-sp-v3,T2_wB97X-D3_def2-TZVPD_SMD_energy_SP_v1,not_applicable,8,3000,4.22,ready,
SP0314,smd_energy_sp,D024_QP2_M1,S011,runs/orca/sp/SP0314/SP0314.inp,6b641e4f4a08c8ee512d88da024144482b4e7c66f74c840e0d43138ebfcd1ebb,surrogate:sigma_preopt:D024:S011:q2:m1,609419d3b563236b99aac7c506f8c317001e354842cf90d906ba8afce5bc1a74,6291d651ef2f652d7d62ed30a194c0b1850313b02754f55ad0583ff3834bb373,a30bedf4bdd1a1f4fe3537eff26456de80870e0d221a1d3bb9427086b6dad759,57dddf24a341d4b33f9ef8bc810250c4453cdff46537b56132fe683198f71323,jhtvs-ft0806-sp-v3,T2_wB97X-D3_def2-TZVPD_SMD_energy_SP_v1,not_applicable,8,3000,4.22,ready,
SP0315,smd_energy_sp,D027_QP2_M1,S011,runs/orca/sp/SP0315/SP0315.inp,f513de5156407aa724151ab559517d581443019462e582e3c490e657d24a70a0,surrogate:sigma_preopt:D027:S011:q2:m1,855808d74066e9b1c80739e6c4452c0845240eea80eded2dcae88bbe7b82ffec,6291d651ef2f652d7d62ed30a194c0b1850313b02754f55ad0583ff3834bb373,a30bedf4bdd1a1f4fe3537eff26456de80870e0d221a1d3bb9427086b6dad759,5ff8ae30edb521eddd18142631a91c5a365025911e54b024d0489f449fa1679a,jhtvs-ft0806-sp-v3,T2_wB97X-D3_def2-TZVPD_SMD_energy_SP_v1,not_applicable,8,3000,4.22,ready,
SP0316,smd_energy_sp,D038_QP2_M1,S011,runs/orca/sp/SP0316/SP0316.inp,d01fd51d7052d194344a496d8163ebaabb87421897df59a6610c27e9754afe68,surrogate:sigma_preopt:D038:S011:q2:m1,dc1d87cf46e0d585869d0cce9169e3d0056b0b140e4ccc2abb36509aa1ab1282,6291d651ef2f652d7d62ed30a194c0b1850313b02754f55ad0583ff3834bb373,a30bedf4bdd1a1f4fe3537eff26456de80870e0d221a1d3bb9427086b6dad759,138c27c19b299239bbddf02bf04bc7c58420758e9389ceaab9cdeb3387ef5867,jhtvs-ft0806-sp-v3,T2_wB97X-D3_def2-TZVPD_SMD_energy_SP_v1,not_applicable,8,3000,4.22,ready,
SP0317,smd_energy_sp,D055_QP2_M1,S011,runs/orca/sp/SP0317/SP0317.inp,5f849b9f7cd76daf94178c74c2165fc86dfa46cf90204ff472295807a34f73dc,surrogate:sigma_preopt:D055:S011:q2:m1,7a7bb61fa33dd7d7d02de58fa36e2dd83de315bfb357967ab38cfb0299d05006,6291d651ef2f652d7d62ed30a194c0b1850313b02754f55ad0583ff3834bb373,a30bedf4bdd1a1f4fe3537eff26456de80870e0d221a1d3bb9427086b6dad759,477d6f8e46d0d94ff9c80657e14093e2b3d788f7910f4ebd405bf66586c4f457,jhtvs-ft0806-sp-v3,T2_wB97X-D3_def2-TZVPD_SMD_energy_SP_v1,not_applicable,8,3000,4.22,ready,
SP0318,smd_energy_sp,D070_QP2_M1,S011,runs/orca/sp/SP0318/SP0318.inp,0513a14c7f20c5aeb5a3d654a6dba7e3fccf35c8ae0ceba25ca5f00560fc4aa4,surrogate:sigma_preopt:D070:S011:q2:m1,1b2cf59fa3152bebbfa663d7e8e4ecf21e0662af48093abc827e9a9647acd841,6291d651ef2f652d7d62ed30a194c0b1850313b02754f55ad0583ff3834bb373,a30bedf4bdd1a1f4fe3537eff26456de80870e0d221a1d3bb9427086b6dad759,83059fd4b8f5ed99e8b7f939113ce2ed80f654cc6f89d8aadf2fd4dc37239495,jhtvs-ft0806-sp-v3,T2_wB97X-D3_def2-TZVPD_SMD_energy_SP_v1,not_applicable,8,3000,4.22,ready,
SP0319,smd_energy_sp,D084_QP2_M1,S011,runs/orca/sp/SP0319/SP0319.inp,320891368aa3028141afd0edcec4d4ce54aa26aff6c539eebe3ddaf91fc52dc6,surrogate:sigma_preopt:D084:S011:q2:m1,719f013d823d84a371f8e712fbc720d13e3d8eac7262164ea00a7add04299ac5,6291d651ef2f652d7d62ed30a194c0b1850313b02754f55ad0583ff3834bb373,a30bedf4bdd1a1f4fe3537eff26456de80870e0d221a1d3bb9427086b6dad759,c79807a52b12bc585957fce7e14b7c77fa4c2abeb88c6597282781b314503e1c,jhtvs-ft0806-sp-v3,T2_wB97X-D3_def2-TZVPD_SMD_energy_SP_v1,not_applicable,8,3000,4.22,ready,
SP0320,smd_energy_sp,M007_Q0_M1,S011,runs/orca/sp/SP0320/SP0320.inp,9b1c0ed4ee139e2b889b6b18dda53648314315308e29be03e7eab4042c7a75e6,tier1:redox:M007:S011:q0:m1,b7eedded779d8ad5a63aedae9966a6e202db1106bf52eae1d223508976e471bb,6291d651ef2f652d7d62ed30a194c0b1850313b02754f55ad0583ff3834bb373,a30bedf4bdd1a1f4fe3537eff26456de80870e0d221a1d3bb9427086b6dad759,ebcc5d7877491bb7b4a92eaf3486c15f6fd2e3c0ca0078a33bd4157ceda27a86,jhtvs-ft0806-sp-v3,T2_wB97X-D3_def2-TZVPD_SMD_energy_SP_v1,not_applicable,8,3000,1.74,ready,
SP0321,smd_energy_sp,M007_QP1_M2,S011,runs/orca/sp/SP0321/SP0321.inp,52d53dc157f5faa02844c464034752d5b33a8f8ac9038330552b9966ca218e97,tier1:redox:M007:S011:q1:m2,9a1a836ff22f57605b5be26a312b21f8f17fe6d3733a32931bdb4568b32d69e8,6291d651ef2f652d7d62ed30a194c0b1850313b02754f55ad0583ff3834bb373,a30bedf4bdd1a1f4fe3537eff26456de80870e0d221a1d3bb9427086b6dad759,802690bd6af4d748f757640225c7cb61f66fe8e301e02fdb7d418ff95e507076,jhtvs-ft0806-sp-v3,T2_wB97X-D3_def2-TZVPD_SMD_energy_SP_v1,not_applicable,8,3000,1.74,ready,
SP0322,smd_energy_sp,M022_Q0_M1,S011,runs/orca/sp/SP0322/SP0322.inp,7e2baf67a6fa86a1b64b5ec0ac6cf8459fcf7013c5923936ab828601928e28ed,tier1:redox:M022:S011:q0:m1,cfb27b146426798833f81e148f6d9a29fd243257e5f518f0b729586d4a74f04d,6291d651ef2f652d7d62ed30a194c0b1850313b02754f55ad0583ff3834bb373,a30bedf4bdd1a1f4fe3537eff26456de80870e0d221a1d3bb9427086b6dad759,f6dacb8c2cea82c699a46376fc8c39d57cf83c1acc1992c12b146f1f36d246db,jhtvs-ft0806-sp-v3,T2_wB97X-D3_def2-TZVPD_SMD_energy_SP_v1,not_applicable,8,3000,1.74,ready,
SP0323,smd_energy_sp,M022_QP1_M2,S011,runs/orca/sp/SP0323/SP0323.inp,d11922642958c4a1edc74a819fef2e905afa84b14f5db84b89587a56c30fa4a6,tier1:redox:M022:S011:q1:m2,fa5e428070ba3aed2359570899f76ca92e0458bd94e35fa654a8734069ddd0a5,6291d651ef2f652d7d62ed30a194c0b1850313b02754f55ad0583ff3834bb373,a30bedf4bdd1a1f4fe3537eff26456de80870e0d221a1d3bb9427086b6dad759,2b0e96a4e363d12c780e4cffd4e0ced95319847904f00e4a22d8f193356f7198,jhtvs-ft0806-sp-v3,T2_wB97X-D3_def2-TZVPD_SMD_energy_SP_v1,not_applicable,8,3000,1.74,ready,
SP0324,smd_energy_sp,M024_Q0_M1,S011,runs/orca/sp/SP0324/SP0324.inp,e0fdacd63a9ea3fd03052902bc0b6b4f820366bb3e31b003df6c04439fbe192a,tier1:redox:M024:S011:q0:m1,5477dfe822554076fb4c472bbf3d2bbd1ce0239136dd69137246bfb24085376b,6291d651ef2f652d7d62ed30a194c0b1850313b02754f55ad0583ff3834bb373,a30bedf4bdd1a1f4fe3537eff26456de80870e0d221a1d3bb9427086b6dad759,4a805e49ae41572f05560fd953a19702c3d261817aef3eb0d6ceff1015f6dac6,jhtvs-ft0806-sp-v3,T2_wB97X-D3_def2-TZVPD_SMD_energy_SP_v1,not_applicable,8,3000,1.74,ready,
SP0325,smd_energy_sp,M024_QP1_M2,S011,runs/orca/sp/SP0325/SP0325.inp,9ed47a4455d4801b38801927ea00b1726434dedf132905d63d5d02dfc1bdcce3,tier1:redox:M024:S011:q1:m2,9d30b25b9b62f33973e6720e51376b7a04fb4e4d87cfb4a4f140ee7113f637ee,6291d651ef2f652d7d62ed30a194c0b1850313b02754f55ad0583ff3834bb373,a30bedf4bdd1a1f4fe3537eff26456de80870e0d221a1d3bb9427086b6dad759,ec7677d25317f440803c69c2ae965edc31235d8a10f517097c9f37594328b4b2,jhtvs-ft0806-sp-v3,T2_wB97X-D3_def2-TZVPD_SMD_energy_SP_v1,not_applicable,8,3000,1.74,ready,
SP0326,smd_energy_sp,M027_QP1_M2,S011,runs/orca/sp/SP0326/SP0326.inp,8a37739b0006171657f29aa6bf006904eee17336d7f094df2a8dc4c15f3b983f,tier1:redox:M027:S011:q1:m2,7818c51065247f5bf3facef28fc1031cae5de97f9ecc1e76dc06b3f82309a737,6291d651ef2f652d7d62ed30a194c0b1850313b02754f55ad0583ff3834bb373,a30bedf4bdd1a1f4fe3537eff26456de80870e0d221a1d3bb9427086b6dad759,02bcd1e9fdd0db03d77677f48b52b20d2aa53c37daf4f2c279ce5276f566d590,jhtvs-ft0806-sp-v3,T2_wB97X-D3_def2-TZVPD_SMD_energy_SP_v1,not_applicable,8,3000,1.74,ready,
SP0327,smd_energy_sp,M038_Q0_M1,S011,runs/orca/sp/SP0327/SP0327.inp,dc82fa2ce06465d02ef4926bf248557706ced624ceeb01c91f0f3990448177db,tier1:redox:M038:S011:q0:m1,de203e7b9db4c75b9a8e65138869787b3afef8fec9f56ffeb99d55324bac4553,6291d651ef2f652d7d62ed30a194c0b1850313b02754f55ad0583ff3834bb373,a30bedf4bdd1a1f4fe3537eff26456de80870e0d221a1d3bb9427086b6dad759,db30bee86e6ce2eb73479e10a5ce95f71167070fb710e0019a3f195d1c00bcb9,jhtvs-ft0806-sp-v3,T2_wB97X-D3_def2-TZVPD_SMD_energy_SP_v1,not_applicable,8,3000,1.74,ready,
SP0328,smd_energy_sp,M038_QP1_M2,S011,runs/orca/sp/SP0328/SP0328.inp,177f8608d6757d5878c922a8b3fc0531575b5a0ed18b5aee2bbfc995ecdb00e9,tier1:redox:M038:S011:q1:m2,7496917fb33be17492a22d8a41468dede62e45b4e344e8ec6fe30b7a4916322f,6291d651ef2f652d7d62ed30a194c0b1850313b02754f55ad0583ff3834bb373,a30bedf4bdd1a1f4fe3537eff26456de80870e0d221a1d3bb9427086b6dad759,10f1f6d4a25c8fee4910ca85bbac80cb56ed4d9b2f3ceeb1433b6d66845da150,jhtvs-ft0806-sp-v3,T2_wB97X-D3_def2-TZVPD_SMD_energy_SP_v1,not_applicable,8,3000,1.74,ready,
SP0329,smd_energy_sp,M055_Q0_M1,S011,runs/orca/sp/SP0329/SP0329.inp,fd7ec8a3468bffcd2efa97d1abb8183e7b180b071b57783bc16bb4756aeb8e54,tier1:redox:M055:S011:q0:m1,9708274bed8c49938ce24bccf1345f2bb0d2a26e2711792dbba708b8b9af65d4,6291d651ef2f652d7d62ed30a194c0b1850313b02754f55ad0583ff3834bb373,a30bedf4bdd1a1f4fe3537eff26456de80870e0d221a1d3bb9427086b6dad759,c823f68ef0c29cec11bc23cb63092f0abaf360cff19fcda660037b8565b76456,jhtvs-ft0806-sp-v3,T2_wB97X-D3_def2-TZVPD_SMD_energy_SP_v1,not_applicable,8,3000,1.74,ready,
SP0330,smd_energy_sp,M055_QP1_M2,S011,runs/orca/sp/SP0330/SP0330.inp,0d515b1c77ab4c99895100ef4f0730a348235c83abd8da71d78ed6a3987d7c5e,tier1:redox:M055:S011:q1:m2,ee0fa151707816146c3e61dc22c26ec5d9401d0d6c0d0c5c8f6578d24446c652,6291d651ef2f652d7d62ed30a194c0b1850313b02754f55ad0583ff3834bb373,a30bedf4bdd1a1f4fe3537eff26456de80870e0d221a1d3bb9427086b6dad759,f11c90d042bdaece0c2c663bb4b6dba1b8144dd97e28e3f6d217f74c0bcdc7b8,jhtvs-ft0806-sp-v3,T2_wB97X-D3_def2-TZVPD_SMD_energy_SP_v1,not_applicable,8,3000,1.74,ready,
SP0331,smd_energy_sp,M070_Q0_M1,S011,runs/orca/sp/SP0331/SP0331.inp,2e88c00faf791d1080a05d687307a87e1cca27990b9af8a6db93fe806cf4ea35,tier1:redox:M070:S011:q0:m1,f9ae7fce8532e5a8e7550560f36b46c83520e42fad28cd81e31bbeeb5c6841b4,6291d651ef2f652d7d62ed30a194c0b1850313b02754f55ad0583ff3834bb373,a30bedf4bdd1a1f4fe3537eff26456de80870e0d221a1d3bb9427086b6dad759,5489808e115eb86e8755aed41797373feecc6b9b43987508aa402d40651b9563,jhtvs-ft0806-sp-v3,T2_wB97X-D3_def2-TZVPD_SMD_energy_SP_v1,not_applicable,8,3000,1.74,ready,
SP0332,smd_energy_sp,M070_QP1_M2,S011,runs/orca/sp/SP0332/SP0332.inp,ca9a76d359813f91083742afa0e7e2b87a1d97a603aa8daeffbdfd465f69ef02,tier1:redox:M070:S011:q1:m2,a97b8732d6c3ce45bad431c19b4a3a86e2eaff7b719ca4e0c58bec4b3ed41a22,6291d651ef2f652d7d62ed30a194c0b1850313b02754f55ad0583ff3834bb373,a30bedf4bdd1a1f4fe3537eff26456de80870e0d221a1d3bb9427086b6dad759,773a1b7634e9cf441058734b817b415bff1df7fec480082c1cd38fa0aed59c04,jhtvs-ft0806-sp-v3,T2_wB97X-D3_def2-TZVPD_SMD_energy_SP_v1,not_applicable,8,3000,1.74,ready,
SP0333,smd_energy_sp,M084_Q0_M1,S011,runs/orca/sp/SP0333/SP0333.inp,1107df6cb857507c9edf2147054ea35e5ee973b11b80fcbd1a4e548eef8f4a80,tier1:redox:M084:S011:q0:m1,4d7cbd1d83f600bf3178752ab6bd5ae40d9b9744af9c0002edfdaeacf0bbab1d,6291d651ef2f652d7d62ed30a194c0b1850313b02754f55ad0583ff3834bb373,a30bedf4bdd1a1f4fe3537eff26456de80870e0d221a1d3bb9427086b6dad759,ee923e13c350ce14af3170cccbdf5d35a3ccf2c661f917cc573e2f7cac1b5099,jhtvs-ft0806-sp-v3,T2_wB97X-D3_def2-TZVPD_SMD_energy_SP_v1,not_applicable,8,3000,1.74,ready,
SP0334,smd_energy_sp,M084_QP1_M2,S011,runs/orca/sp/SP0334/SP0334.inp,5eb71fdd9d33c51d36bbda4b56378f913053733166856db62733269e6ab79827,tier1:redox:M084:S011:q1:m2,55d72742710269920eab979659c8e8fa06772fe4626ce6a73dffb9eabb72c5dc,6291d651ef2f652d7d62ed30a194c0b1850313b02754f55ad0583ff3834bb373,a30bedf4bdd1a1f4fe3537eff26456de80870e0d221a1d3bb9427086b6dad759,9f240d969c4ae54a38adf378582b2151aa1bc83c4e616a2596a401e76925bbbf,jhtvs-ft0806-sp-v3,T2_wB97X-D3_def2-TZVPD_SMD_energy_SP_v1,not_applicable,8,3000,1.74,ready,
SP0335,smd_energy_sp,M097_Q0_M1,S011,runs/orca/sp/SP0335/SP0335.inp,7ed6bfa8598157a37a8d40f5c75c714e55a2eb1526ae05cde99bda5840f2d07d,tier1:redox:M097:S011:q0:m1,73cd3b68eced0906d00f022cf0222847a8432b43929d9136afde5191298fa42c,6291d651ef2f652d7d62ed30a194c0b1850313b02754f55ad0583ff3834bb373,a30bedf4bdd1a1f4fe3537eff26456de80870e0d221a1d3bb9427086b6dad759,fa98172e78d0167018684f13788cfec2cfdaf56db702fd21383f77339701a981,jhtvs-ft0806-sp-v3,T2_wB97X-D3_def2-TZVPD_SMD_energy_SP_v1,not_applicable,8,3000,1.74,ready,
SP0336,smd_energy_sp,M097_QP1_M2,S011,runs/orca/sp/SP0336/SP0336.inp,06877478100e50409e3327f21dd805d57d956df47a4cb861798ea5db3002dff9,tier1:redox:M097:S011:q1:m2,33491dc54203f7ca7d79d4787f68cdecfea02d801a0bf822e8683272b74d0e92,6291d651ef2f652d7d62ed30a194c0b1850313b02754f55ad0583ff3834bb373,a30bedf4bdd1a1f4fe3537eff26456de80870e0d221a1d3bb9427086b6dad759,ff4389cc99a5e4cc6d910c131effa9ccdca53e5e790c0cf3fc5b8c85eb63e700,jhtvs-ft0806-sp-v3,T2_wB97X-D3_def2-TZVPD_SMD_energy_SP_v1,not_applicable,8,3000,1.74,ready,
SP0337,smd_energy_sp,S011_Q0_M1,S011,runs/orca/sp/SP0337/SP0337.inp,2610c9c84963b70655085be9fed18c725806ab780f35de99b4a747394b7044ae,tier1:redox:S011:S011:q0:m1,e785a57ac0d76e2aa84f94653172207feee3d64556291e1567e719d136e86088,6291d651ef2f652d7d62ed30a194c0b1850313b02754f55ad0583ff3834bb373,a30bedf4bdd1a1f4fe3537eff26456de80870e0d221a1d3bb9427086b6dad759,cc0bd2bd8aa2869963df66e1e7152f3ec9481c2d8a53da8150978e4007ab0b9d,jhtvs-ft0806-sp-v3,T2_wB97X-D3_def2-TZVPD_SMD_energy_SP_v1,not_applicable,8,3000,1.74,ready,
SP0338,smd_energy_sp,S011_QP1_M2,S011,runs/orca/sp/SP0338/SP0338.inp,de7911d9e344e1b97731a0b410bd084c6fb519a933b97607363083a681d09f56,tier1:redox:S011:S011:q1:m2,275cf39adf540f22b31bf52c067028c582dfad6e1c8165221f146afb35844456,6291d651ef2f652d7d62ed30a194c0b1850313b02754f55ad0583ff3834bb373,a30bedf4bdd1a1f4fe3537eff26456de80870e0d221a1d3bb9427086b6dad759,0f9a5ce99397b547a96d646360d2715032dd259ed00871d2634079830838690e,jhtvs-ft0806-sp-v3,T2_wB97X-D3_def2-TZVPD_SMD_energy_SP_v1,not_applicable,8,3000,1.74,ready,
SP0339,smd_energy_sp,A002_Q0_M2,S012,runs/orca/sp/SP0339/SP0339.inp,faab352eb2507a1343e0eeaac753078292a1886d9203d0559622bc84e68df00c,tier1:redox:A002:S012:q0:m2,f738efd02253c992e8934900b876fdb9d2a696d4327d050aa9212cd8e90fdbf6,da86540057750ed3d8a2e780e5f7bb29ff8a2618dff1085d2b3c9e0794cef692,11fa88dcb57823d53c0e7944ee495b04d8a78637f2ba1d73a28eb906b2733b7f,628a1abecfba31921e5b65cc445fb4b97cb7880c822f33f0a3807bfd3753ce54,jhtvs-ft0806-sp-v3,T2_wB97X-D3_def2-TZVPD_SMD_energy_SP_v1,not_applicable,8,3000,1.74,ready,
SP0340,smd_energy_sp,A002_QM1_M1,S012,runs/orca/sp/SP0340/SP0340.inp,063f71077f20beea3a4605c0b0cf6ba7fdb322c43563e7763b3282d0ad21aa88,tier1:redox:A002:S012:q-1:m1,22d23c4f5daa182d978af66d1ae6858d8891f9851d0cda6d8cad31088c19bed6,da86540057750ed3d8a2e780e5f7bb29ff8a2618dff1085d2b3c9e0794cef692,11fa88dcb57823d53c0e7944ee495b04d8a78637f2ba1d73a28eb906b2733b7f,0941679af376dd978ce2b4453533cc75d39331db0044faf623000d1089c738be,jhtvs-ft0806-sp-v3,T2_wB97X-D3_def2-TZVPD_SMD_energy_SP_v1,not_applicable,8,3000,1.74,ready,
SP0341,smd_energy_sp,A003_Q0_M2,S012,runs/orca/sp/SP0341/SP0341.inp,4917919ba0cb531dee3929cd7600220ab3f838275a786f32fe66bcb0705d60b0,tier1:redox:A003:S012:q0:m2,a034103c6dbbc21f425e5aa9c983055f4bccaca36d803528c3a3b2fb45781038,da86540057750ed3d8a2e780e5f7bb29ff8a2618dff1085d2b3c9e0794cef692,11fa88dcb57823d53c0e7944ee495b04d8a78637f2ba1d73a28eb906b2733b7f,1bf7176f871ca2275ec2335ff0d4988e86cbeb78caa871a60028a3383c81b99d,jhtvs-ft0806-sp-v3,T2_wB97X-D3_def2-TZVPD_SMD_energy_SP_v1,not_applicable,8,3000,1.74,ready,
SP0342,smd_energy_sp,A003_QM1_M1,S012,runs/orca/sp/SP0342/SP0342.inp,10e8e0e2923f99bcc4b46c9616407caff457acbf133310d216e0401c49452f5d,tier1:redox:A003:S012:q-1:m1,71d00862d7b6c452070e1d1caf4eb4bc7e37c274686da993750b72f357a0e3ff,da86540057750ed3d8a2e780e5f7bb29ff8a2618dff1085d2b3c9e0794cef692,11fa88dcb57823d53c0e7944ee495b04d8a78637f2ba1d73a28eb906b2733b7f,e916e5780c9e9fa27d42a3d8aa199a806ac96940c6db91d57224e489bc8ea41c,jhtvs-ft0806-sp-v3,T2_wB97X-D3_def2-TZVPD_SMD_energy_SP_v1,not_applicable,8,3000,1.74,ready,
SP0343,smd_energy_sp,A005_Q0_M2,S012,runs/orca/sp/SP0343/SP0343.inp,78f9a26f960b8d63615e4ba8b33173197cbc429847fb5a6cc11d7f01d524c25c,tier1:redox:A005:S012:q0:m2,5c20bb88701f144c55b2272d3a96cd82defba83286bcde51bae4ef9f73d40124,da86540057750ed3d8a2e780e5f7bb29ff8a2618dff1085d2b3c9e0794cef692,11fa88dcb57823d53c0e7944ee495b04d8a78637f2ba1d73a28eb906b2733b7f,1312a6e15211465d6d49da28f09e7286a0c5119e5162b1942474ad7357013028,jhtvs-ft0806-sp-v3,T2_wB97X-D3_def2-TZVPD_SMD_energy_SP_v1,not_applicable,8,3000,1.74,ready,
SP0344,smd_energy_sp,A005_QM1_M1,S012,runs/orca/sp/SP0344/SP0344.inp,196330ba10010f1b20cd4b3964833efe14286e2f191485316af8e5ad842d7e27,tier1:redox:A005:S012:q-1:m1,d206d6d78be89a236b7a8f257b27303b4d63e7a87d45d52d3d96911df348b8fc,da86540057750ed3d8a2e780e5f7bb29ff8a2618dff1085d2b3c9e0794cef692,11fa88dcb57823d53c0e7944ee495b04d8a78637f2ba1d73a28eb906b2733b7f,620100b9781738eccb9537687d7f44d5caa0e6cad9784a9c57ce7fb8c4e55d31,jhtvs-ft0806-sp-v3,T2_wB97X-D3_def2-TZVPD_SMD_energy_SP_v1,not_applicable,8,3000,1.74,ready,
SP0345,smd_energy_sp,A008_Q0_M2,S012,runs/orca/sp/SP0345/SP0345.inp,a622ca0f5c49feeefa69d5069b44c3f407338928f3ee67f7afdfa8ed3d517ca7,tier1:redox:A008:S012:q0:m2,2efd59eda5a772763aafb5c2e54b9ab3c4d3badcf1baf61b1c9def86f334a697,da86540057750ed3d8a2e780e5f7bb29ff8a2618dff1085d2b3c9e0794cef692,11fa88dcb57823d53c0e7944ee495b04d8a78637f2ba1d73a28eb906b2733b7f,449da14a31ddc5a6119912cda9bebaf07989d91d2a43bcc23469d22857060fc4,jhtvs-ft0806-sp-v3,T2_wB97X-D3_def2-TZVPD_SMD_energy_SP_v1,not_applicable,8,3000,1.74,ready,
SP0346,smd_energy_sp,A008_QM1_M1,S012,runs/orca/sp/SP0346/SP0346.inp,12f11c928fb504427ad4e38035ad7eb206eb82f8653c7c3c5147f0c6b9b3751a,tier1:redox:A008:S012:q-1:m1,19a703ca355b8abde2c656c7bf5cf8c06b2519cf893d527e2a280ae3075b6d4a,da86540057750ed3d8a2e780e5f7bb29ff8a2618dff1085d2b3c9e0794cef692,11fa88dcb57823d53c0e7944ee495b04d8a78637f2ba1d73a28eb906b2733b7f,6f5a6fd28150e2f3dbd49812291dfe8a3f2aece8cb1c46c8e525e783dde8f070,jhtvs-ft0806-sp-v3,T2_wB97X-D3_def2-TZVPD_SMD_energy_SP_v1,not_applicable,8,3000,1.74,ready,
SP0347,smd_energy_sp,D022_QP2_M1,S012,runs/orca/sp/SP0347/SP0347.inp,d76a0c75d76a9600ac6097db7324691c66008b226aa8f32a53b39d3268ff1d50,surrogate:sigma_preopt:D022:S012:q2:m1,c124013ec33cae4bae8c632aa93983f10008f4e5000c81f680a3a09b49e5dfa3,da86540057750ed3d8a2e780e5f7bb29ff8a2618dff1085d2b3c9e0794cef692,11fa88dcb57823d53c0e7944ee495b04d8a78637f2ba1d73a28eb906b2733b7f,b2ccd808510abc3e6a5c31394435a1cd2005d637361e378d8a7f1e863a193af0,jhtvs-ft0806-sp-v3,T2_wB97X-D3_def2-TZVPD_SMD_energy_SP_v1,not_applicable,8,3000,4.22,ready,
SP0348,smd_energy_sp,D026_QP2_M1,S012,runs/orca/sp/SP0348/SP0348.inp,2c7e11bcb4aa778858ed1bf86caee180c4d22e0ac743d680695601e05ed3d7bf,surrogate:sigma_preopt:D026:S012:q2:m1,8515a7d414d5bb9ee8fc7853dd99ba4edf3a04e395e333572ef68cfd6ce4a190,da86540057750ed3d8a2e780e5f7bb29ff8a2618dff1085d2b3c9e0794cef692,11fa88dcb57823d53c0e7944ee495b04d8a78637f2ba1d73a28eb906b2733b7f,7ee9b5fd4e5d363da5a63cfd5de5957345145a3fbacb1bdce60e6bc810b96732,jhtvs-ft0806-sp-v3,T2_wB97X-D3_def2-TZVPD_SMD_energy_SP_v1,not_applicable,8,3000,4.22,ready,
SP0349,smd_energy_sp,D027_QP2_M1,S012,runs/orca/sp/SP0349/SP0349.inp,1a23ba338a8a56746ed733dd395bb5434cfe082db1fcd7c8bbcb8b8e576f7299,surrogate:sigma_preopt:D027:S012:q2:m1,836c8608ef7dc38c2288a94bf5d34d3f701e09135701a9512364af5e484816b1,da86540057750ed3d8a2e780e5f7bb29ff8a2618dff1085d2b3c9e0794cef692,11fa88dcb57823d53c0e7944ee495b04d8a78637f2ba1d73a28eb906b2733b7f,19105987d140e5e930703c8a25ba1f43fcba59aee433c041ae83ac7d7793f0ba,jhtvs-ft0806-sp-v3,T2_wB97X-D3_def2-TZVPD_SMD_energy_SP_v1,not_applicable,8,3000,4.22,ready,
SP0350,smd_energy_sp,D042_QP2_M1,S012,runs/orca/sp/SP0350/SP0350.inp,67dc574f4f0b4ae8787648e0cf6f898b570435dcc19754ab9e2450bfdd154fe9,surrogate:sigma_preopt:D042:S012:q2:m1,2d1533564bafeee5487c1143a5d0d30ed87baded9b0f70293038b4211db475c6,da86540057750ed3d8a2e780e5f7bb29ff8a2618dff1085d2b3c9e0794cef692,11fa88dcb57823d53c0e7944ee495b04d8a78637f2ba1d73a28eb906b2733b7f,12d26df9f4c4089462d40dfb3c5d74a23345a18f41e05aa31328b2dcb7278fab,jhtvs-ft0806-sp-v3,T2_wB97X-D3_def2-TZVPD_SMD_energy_SP_v1,not_applicable,8,3000,4.22,ready,
SP0351,smd_energy_sp,D058_QP2_M1,S012,runs/orca/sp/SP0351/SP0351.inp,3c7c29e186b5ef12a8f8c9f6523b14996a94413cf9d791c27e70356bfb2cbe2f,surrogate:sigma_preopt:D058:S012:q2:m1,8fac1ef4c0dc18181e9d71c513a0db237018c648bd20c5cca1fdc9cf1aaaa2e7,da86540057750ed3d8a2e780e5f7bb29ff8a2618dff1085d2b3c9e0794cef692,11fa88dcb57823d53c0e7944ee495b04d8a78637f2ba1d73a28eb906b2733b7f,b00203931e49b10d75cfe33a282fdb226aafad553ac95743eeba54e07350c56b,jhtvs-ft0806-sp-v3,T2_wB97X-D3_def2-TZVPD_SMD_energy_SP_v1,not_applicable,8,3000,4.22,ready,
SP0352,smd_energy_sp,D086_QP2_M1,S012,runs/orca/sp/SP0352/SP0352.inp,3a9e4a8cfd28308956cb23c47ab42a14ad5378ecee1dcd604a5c50e464285e9c,surrogate:sigma_preopt:D086:S012:q2:m1,4f0be36c99e280e61a1b5c3bd90906ddb045484d117cb15eef8a89174f3e46cb,da86540057750ed3d8a2e780e5f7bb29ff8a2618dff1085d2b3c9e0794cef692,11fa88dcb57823d53c0e7944ee495b04d8a78637f2ba1d73a28eb906b2733b7f,7f090aa9870a78757a39fe627abb2931edca6aad114d2b5f721fcea101a986b2,jhtvs-ft0806-sp-v3,T2_wB97X-D3_def2-TZVPD_SMD_energy_SP_v1,not_applicable,8,3000,4.22,ready,
SP0353,smd_energy_sp,M013_Q0_M1,S012,runs/orca/sp/SP0353/SP0353.inp,3cc33e3ec719cc80afefdc0333d80856ad7c233bcaad73170f6575ddcf8c3219,tier1:redox:M013:S012:q0:m1,39425162005a81dae0d5e723dbae2c06b3a0fb1f6af4cf1dc72f9705f2560b78,da86540057750ed3d8a2e780e5f7bb29ff8a2618dff1085d2b3c9e0794cef692,11fa88dcb57823d53c0e7944ee495b04d8a78637f2ba1d73a28eb906b2733b7f,ed80c313d7d01f7cdda1cbb961f9241212a2e475ec38191fa82d4cafc5328b23,jhtvs-ft0806-sp-v3,T2_wB97X-D3_def2-TZVPD_SMD_energy_SP_v1,not_applicable,8,3000,1.74,ready,
SP0354,smd_energy_sp,M013_QP1_M2,S012,runs/orca/sp/SP0354/SP0354.inp,ac99177063ab4fd8a03fe13805f13c53027a8fd8806d3dddb5de7a8173a8c9ef,tier1:redox:M013:S012:q1:m2,e2fb518530a4d1eb20b322c52774472b8b3c337ddeb08d6e5bc56c3530d7e16a,da86540057750ed3d8a2e780e5f7bb29ff8a2618dff1085d2b3c9e0794cef692,11fa88dcb57823d53c0e7944ee495b04d8a78637f2ba1d73a28eb906b2733b7f,a7464698f2436e67843835fe2e262b2057a652afd2e05ef6dc91c9bcf950bbc7,jhtvs-ft0806-sp-v3,T2_wB97X-D3_def2-TZVPD_SMD_energy_SP_v1,not_applicable,8,3000,1.74,ready,
SP0355,smd_energy_sp,M022_Q0_M1,S012,runs/orca/sp/SP0355/SP0355.inp,a95d28a67212a0e4743c057873ae70ed00cf475c7ba73135ccdd5ef845056a71,tier1:redox:M022:S012:q0:m1,3eb1848c0c9cb0b95be501586ae9c4f857a339b5533f36880155e5a91a71e046,da86540057750ed3d8a2e780e5f7bb29ff8a2618dff1085d2b3c9e0794cef692,11fa88dcb57823d53c0e7944ee495b04d8a78637f2ba1d73a28eb906b2733b7f,9af348472d64813957a523865458f1c59a1bf148065075ab1dda0fdbe739065b,jhtvs-ft0806-sp-v3,T2_wB97X-D3_def2-TZVPD_SMD_energy_SP_v1,not_applicable,8,3000,1.74,ready,
SP0356,smd_energy_sp,M022_QP1_M2,S012,runs/orca/sp/SP0356/SP0356.inp,e04d396debbad4da48eb137ef142f96a98f44d9d4b51e069ed554aea8dfb670c,tier1:redox:M022:S012:q1:m2,2dc98f906707d7c9daded4ebb00b321e132f67d0d5d8c7bef9310a4bff3d980c,da86540057750ed3d8a2e780e5f7bb29ff8a2618dff1085d2b3c9e0794cef692,11fa88dcb57823d53c0e7944ee495b04d8a78637f2ba1d73a28eb906b2733b7f,f5405b0763ff452c68fe1890f92e069dcc6b28d635ea412489dc8c1255500e01,jhtvs-ft0806-sp-v3,T2_wB97X-D3_def2-TZVPD_SMD_energy_SP_v1,not_applicable,8,3000,1.74,ready,
SP0357,smd_energy_sp,M026_Q0_M1,S012,runs/orca/sp/SP0357/SP0357.inp,1e87c27121909d2563cfb52ea801c6a87700daacdf51f6d87b7f08ea0e2ca9d4,tier1:redox:M026:S012:q0:m1,42763d63aa52ed4e554bc331fce07b787420bb0029d3710db46b1fe7cbfe8158,da86540057750ed3d8a2e780e5f7bb29ff8a2618dff1085d2b3c9e0794cef692,11fa88dcb57823d53c0e7944ee495b04d8a78637f2ba1d73a28eb906b2733b7f,20004e3b981200c5de1e88acf3d31df5adfffe45ce8e5b7c6c6e95693b30bed5,jhtvs-ft0806-sp-v3,T2_wB97X-D3_def2-TZVPD_SMD_energy_SP_v1,not_applicable,8,3000,1.74,ready,
SP0358,smd_energy_sp,M026_QP1_M2,S012,runs/orca/sp/SP0358/SP0358.inp,fdb54510ff95fbc82aa3b17c63243f454488a4dc090ff9319f59f0e29b1e9112,tier1:redox:M026:S012:q1:m2,52daaed76469cb72fc89ffcce6f0517b44ae12b6855e6d7a516f1461f8020604,da86540057750ed3d8a2e780e5f7bb29ff8a2618dff1085d2b3c9e0794cef692,11fa88dcb57823d53c0e7944ee495b04d8a78637f2ba1d73a28eb906b2733b7f,6c0897b32a2b3d67da0dc6d65eaa0029b5d5d57b411f8e7eb4921220f8319137,jhtvs-ft0806-sp-v3,T2_wB97X-D3_def2-TZVPD_SMD_energy_SP_v1,not_applicable,8,3000,1.74,ready,
SP0359,smd_energy_sp,M027_QP1_M2,S012,runs/orca/sp/SP0359/SP0359.inp,516dfeccb3f0b0af80e9c27bbc43532564c1da9d2125dc050b3dad2fac4ebe8a,tier1:redox:M027:S012:q1:m2,e28c2803da12c100a7e306a7c55c0e7b42c9da1ba3ac40c84c81165ade81532d,da86540057750ed3d8a2e780e5f7bb29ff8a2618dff1085d2b3c9e0794cef692,11fa88dcb57823d53c0e7944ee495b04d8a78637f2ba1d73a28eb906b2733b7f,1eae408e395bcb946601a15bf6eb95bd1bd17f2baaef666285f959ba3b5a6065,jhtvs-ft0806-sp-v3,T2_wB97X-D3_def2-TZVPD_SMD_energy_SP_v1,not_applicable,8,3000,1.74,ready,
SP0360,smd_energy_sp,M042_Q0_M1,S012,runs/orca/sp/SP0360/SP0360.inp,c2671e9ec5dc5c5af6bc006d6854f23e338068abe4dc62a4e42848407692d9a9,tier1:redox:M042:S012:q0:m1,882ba25cb87a4b4ddac47b2f6802f6b533233ed8166c7d94c2ca36204a103f4f,da86540057750ed3d8a2e780e5f7bb29ff8a2618dff1085d2b3c9e0794cef692,11fa88dcb57823d53c0e7944ee495b04d8a78637f2ba1d73a28eb906b2733b7f,62c8afe02829d22fb76e67497e97ada1fa28f5d220aa522c4c74f2b11771b212,jhtvs-ft0806-sp-v3,T2_wB97X-D3_def2-TZVPD_SMD_energy_SP_v1,not_applicable,8,3000,1.74,ready,
SP0361,smd_energy_sp,M042_QP1_M2,S012,runs/orca/sp/SP0361/SP0361.inp,abab1c3563af13a2393344f6ec3847aaf05bdbae1dba602f68e65de129790141,tier1:redox:M042:S012:q1:m2,c9c8db4675983f7fd80a0d21e9c14999d0b81e2d2187d40288511d5880dc1891,da86540057750ed3d8a2e780e5f7bb29ff8a2618dff1085d2b3c9e0794cef692,11fa88dcb57823d53c0e7944ee495b04d8a78637f2ba1d73a28eb906b2733b7f,1f7e3dc41599713e58bf62203bbfbd563016311ddbeb7354f7f1d67dc3bb0cb2,jhtvs-ft0806-sp-v3,T2_wB97X-D3_def2-TZVPD_SMD_energy_SP_v1,not_applicable,8,3000,1.74,ready,
SP0362,smd_energy_sp,M058_Q0_M1,S012,runs/orca/sp/SP0362/SP0362.inp,6dfd978ae364b46558712f75739b01585d2c940c004e5fea4a5bd63f05f6531d,tier1:redox:M058:S012:q0:m1,8467d94f16cbad95501a081b716a39fb1a7116334468e3f7510b2bfc53315251,da86540057750ed3d8a2e780e5f7bb29ff8a2618dff1085d2b3c9e0794cef692,11fa88dcb57823d53c0e7944ee495b04d8a78637f2ba1d73a28eb906b2733b7f,571d97720adadef8ed7b0b5fb54c681c6542d3397db0e12db307c1a33535f3a0,jhtvs-ft0806-sp-v3,T2_wB97X-D3_def2-TZVPD_SMD_energy_SP_v1,not_applicable,8,3000,1.74,ready,
SP0363,smd_energy_sp,M058_QP1_M2,S012,runs/orca/sp/SP0363/SP0363.inp,30d91105f8a371961696acf5d3079eb22e8ce56bc073636b3727eddf364aa367,tier1:redox:M058:S012:q1:m2,f28f164f3da979fcee87708e75754b0cd95d4e5cfacef65b88ce4d679eb62266,da86540057750ed3d8a2e780e5f7bb29ff8a2618dff1085d2b3c9e0794cef692,11fa88dcb57823d53c0e7944ee495b04d8a78637f2ba1d73a28eb906b2733b7f,0a9311468c881574cc4e75214185ad87a69e43a34b90972f1599db9164351904,jhtvs-ft0806-sp-v3,T2_wB97X-D3_def2-TZVPD_SMD_energy_SP_v1,not_applicable,8,3000,1.74,ready,
SP0364,smd_energy_sp,M074_Q0_M1,S012,runs/orca/sp/SP0364/SP0364.inp,fd86aed340ec65e693e3dd4562f0094cfd98a3087420b59f24ed57a4f027d4d2,tier1:redox:M074:S012:q0:m1,3da041d51d5c57f7ac0b363286fc9254a5bbc8d325a01c80bdacf1d82ef6b7ea,da86540057750ed3d8a2e780e5f7bb29ff8a2618dff1085d2b3c9e0794cef692,11fa88dcb57823d53c0e7944ee495b04d8a78637f2ba1d73a28eb906b2733b7f,6e194b0c641e6102f81b6b8375dffc6dfc4fc8f907b2ce4ce8012db8308a4599,jhtvs-ft0806-sp-v3,T2_wB97X-D3_def2-TZVPD_SMD_energy_SP_v1,not_applicable,8,3000,1.74,ready,
SP0365,smd_energy_sp,M074_QP1_M2,S012,runs/orca/sp/SP0365/SP0365.inp,ede4d61f999b1f5e9720ea6eb9d7aececd247c1679a6f637f9862a64000cc62e,tier1:redox:M074:S012:q1:m2,4196427c93543a59d97eb73297581cf7ac4e7d9413dbba7f949432ceb7a3225c,da86540057750ed3d8a2e780e5f7bb29ff8a2618dff1085d2b3c9e0794cef692,11fa88dcb57823d53c0e7944ee495b04d8a78637f2ba1d73a28eb906b2733b7f,8a369970d54abd035b4dc1cbc90d6505e6fca7cf5c6c95af03c14f4bc97bd3a8,jhtvs-ft0806-sp-v3,T2_wB97X-D3_def2-TZVPD_SMD_energy_SP_v1,not_applicable,8,3000,1.74,ready,
SP0366,smd_energy_sp,M084_Q0_M1,S012,runs/orca/sp/SP0366/SP0366.inp,0580e680d40f3b7e7044c0b0b3f039a835bb85d03a4a6da3c539fd1f453f64aa,tier1:redox:M084:S012:q0:m1,ab802b0d0144d25c509ba3347f0fe7dccf393a5e6bc57531398362a5ceaafe28,da86540057750ed3d8a2e780e5f7bb29ff8a2618dff1085d2b3c9e0794cef692,11fa88dcb57823d53c0e7944ee495b04d8a78637f2ba1d73a28eb906b2733b7f,ce04887d5d8206b31a7727fbc0d6e728c559e262eb17efb7aba723d29204f455,jhtvs-ft0806-sp-v3,T2_wB97X-D3_def2-TZVPD_SMD_energy_SP_v1,not_applicable,8,3000,1.74,ready,
SP0367,smd_energy_sp,M084_QP1_M2,S012,runs/orca/sp/SP0367/SP0367.inp,e6e7f037b96d7ed654f81505f0b88068ded6690861d6ca9686fd82b92f56a71a,tier1:redox:M084:S012:q1:m2,597b4bac12fd75a57b7c87526c3b77f789e5df009aa6c601d5c8b97a28cf9bdd,da86540057750ed3d8a2e780e5f7bb29ff8a2618dff1085d2b3c9e0794cef692,11fa88dcb57823d53c0e7944ee495b04d8a78637f2ba1d73a28eb906b2733b7f,0dcf1ffceaad24f360c1539cb712f2a300b1608e2a7a28a55e63dfa38c9c714c,jhtvs-ft0806-sp-v3,T2_wB97X-D3_def2-TZVPD_SMD_energy_SP_v1,not_applicable,8,3000,1.74,ready,
SP0368,smd_energy_sp,M086_Q0_M1,S012,runs/orca/sp/SP0368/SP0368.inp,94ce474749c4deed156dd0902715ecf5096454a43ed732ebf1117a6c7700f5fa,tier1:redox:M086:S012:q0:m1,014d952fad4994c53a5f8872bc98e55b7f3200769e7275595f8aa6bb06026ffd,da86540057750ed3d8a2e780e5f7bb29ff8a2618dff1085d2b3c9e0794cef692,11fa88dcb57823d53c0e7944ee495b04d8a78637f2ba1d73a28eb906b2733b7f,865048048e430d4d0ae987febbb35221e137d60d1262e46ca73bcf6669f46605,jhtvs-ft0806-sp-v3,T2_wB97X-D3_def2-TZVPD_SMD_energy_SP_v1,not_applicable,8,3000,1.74,ready,
SP0369,smd_energy_sp,M086_QP1_M2,S012,runs/orca/sp/SP0369/SP0369.inp,7bcb65bf38a1ab25c60f844ca1e0082892c124474d9e5e499bd1a7b776ef26f1,tier1:redox:M086:S012:q1:m2,eeeb0c38c3d61def6325dd02e16cc0a44e776a056ef384a0da43fb77e420cd39,da86540057750ed3d8a2e780e5f7bb29ff8a2618dff1085d2b3c9e0794cef692,11fa88dcb57823d53c0e7944ee495b04d8a78637f2ba1d73a28eb906b2733b7f,4de8ee80dfda1d46f6b38c3348a7bdf7be16751f580a7ecd7df6745b64fe2090,jhtvs-ft0806-sp-v3,T2_wB97X-D3_def2-TZVPD_SMD_energy_SP_v1,not_applicable,8,3000,1.74,ready,
SP0370,smd_energy_sp,S012_Q0_M1,S012,runs/orca/sp/SP0370/SP0370.inp,957c83d6ee8bb7f81be5e8aa3fcd378d5c9edf0e9a220cdb8554feff6b580c44,tier1:redox:S012:S012:q0:m1,08f2dbae1076ad26cde3cd4c58c105d1dfa7a8da5c48a7e3788da58f49d9736f,da86540057750ed3d8a2e780e5f7bb29ff8a2618dff1085d2b3c9e0794cef692,11fa88dcb57823d53c0e7944ee495b04d8a78637f2ba1d73a28eb906b2733b7f,dd6241062404ba5018bebfa0dacb368a38f2984587253814d6b39622bd0e997c,jhtvs-ft0806-sp-v3,T2_wB97X-D3_def2-TZVPD_SMD_energy_SP_v1,not_applicable,8,3000,1.74,ready,
SP0371,smd_energy_sp,S012_QP1_M2,S012,runs/orca/sp/SP0371/SP0371.inp,83be2119ff3ab5d4fba1dc6797acd39b36ecdb2bb2a87e473886c14d55149df1,tier1:redox:S012:S012:q1:m2,4fcf48f559184811866e9d5fcdc718f9e77258aa95087c9015e83a7d638733d0,da86540057750ed3d8a2e780e5f7bb29ff8a2618dff1085d2b3c9e0794cef692,11fa88dcb57823d53c0e7944ee495b04d8a78637f2ba1d73a28eb906b2733b7f,08c9c481bfab8b89bbb699625b9dccd7d228f9c3b6fff4c07f97ac4ffd19d587,jhtvs-ft0806-sp-v3,T2_wB97X-D3_def2-TZVPD_SMD_energy_SP_v1,not_applicable,8,3000,1.74,ready,
SP0372,smd_energy_sp,A002_Q0_M2,S013,runs/orca/sp/SP0372/SP0372.inp,6db68d7018655157437c42dbb62259346404b1e768015b0b752c2dd94571d90d,tier1:redox:A002:S013:q0:m2,00878b9ac14ecfe00af9742c61ef17a4e8f2b9b55a4555ce36d0be0681ebce30,4e4d8798a8ddd3145f43702dce184be916d116ae33b50a1ed0694fdd41eb88ba,67229d2454073e6f21af2831a065a118d624e639641d479e6f6e9f47dd134c38,c12d7d4a054357dcc779e6da48ce6e563c904026456662a65cb3ba7e0c4badc2,jhtvs-ft0806-sp-v3,T2_wB97X-D3_def2-TZVPD_SMD_energy_SP_v1,not_applicable,8,3000,1.74,ready,
SP0373,smd_energy_sp,A002_QM1_M1,S013,runs/orca/sp/SP0373/SP0373.inp,88478f80e253afaaaab8fe9c95875d19ad7024712072d9be16fd3a171e904fd9,tier1:redox:A002:S013:q-1:m1,3014ab67324b201d4180942da5ccb4b4d9fa3882220d6ae86b024518a6977976,4e4d8798a8ddd3145f43702dce184be916d116ae33b50a1ed0694fdd41eb88ba,67229d2454073e6f21af2831a065a118d624e639641d479e6f6e9f47dd134c38,27cab1047af0ad454edd58b3a2b057566a4fbf6e10f9921fc8eba2033de8b366,jhtvs-ft0806-sp-v3,T2_wB97X-D3_def2-TZVPD_SMD_energy_SP_v1,not_applicable,8,3000,1.74,ready,
SP0374,smd_energy_sp,A005_Q0_M2,S013,runs/orca/sp/SP0374/SP0374.inp,4abf985d733d50a94c873298d8537dba843c3c143e11def34419061432867e1d,tier1:redox:A005:S013:q0:m2,9a8e09674802cc8bf30e517ea898f68f494d8bf029dc8cd78ca31b275f242c5f,4e4d8798a8ddd3145f43702dce184be916d116ae33b50a1ed0694fdd41eb88ba,67229d2454073e6f21af2831a065a118d624e639641d479e6f6e9f47dd134c38,a8595e682f3b552ccaa94224ca0702990f1733c5cc66c3be0b8a2226ea3d6344,jhtvs-ft0806-sp-v3,T2_wB97X-D3_def2-TZVPD_SMD_energy_SP_v1,not_applicable,8,3000,1.74,ready,
SP0375,smd_energy_sp,A005_QM1_M1,S013,runs/orca/sp/SP0375/SP0375.inp,5eb689cd4db1897f552ba38ab094d799a51c2e6e90469ff0b99c2cadb63e4894,tier1:redox:A005:S013:q-1:m1,5fdaa52b66a9140d254a5addb64aed26e95aac92497703125ed308702fac83fd,4e4d8798a8ddd3145f43702dce184be916d116ae33b50a1ed0694fdd41eb88ba,67229d2454073e6f21af2831a065a118d624e639641d479e6f6e9f47dd134c38,d227b1c509934bee734b0ad8d8fd2589cb45505ad63e47791779d7286770c5f1,jhtvs-ft0806-sp-v3,T2_wB97X-D3_def2-TZVPD_SMD_energy_SP_v1,not_applicable,8,3000,1.74,ready,
SP0376,smd_energy_sp,A010_Q0_M2,S013,runs/orca/sp/SP0376/SP0376.inp,3ac3bf8a27c2333004ee56069fd6d2ee093721d300f2e71aed9a6c84f5176f9e,tier1:redox:A010:S013:q0:m2,31445a51dc522fde9e65c8b8f3bf7f4acecf25765f97fb269811615515d999c5,4e4d8798a8ddd3145f43702dce184be916d116ae33b50a1ed0694fdd41eb88ba,67229d2454073e6f21af2831a065a118d624e639641d479e6f6e9f47dd134c38,01c0765368043d9216ada8aa7f4ab5aec3e9bdc5b8d951057cbe4a20fff4f606,jhtvs-ft0806-sp-v3,T2_wB97X-D3_def2-TZVPD_SMD_energy_SP_v1,not_applicable,8,3000,1.74,ready,
SP0377,smd_energy_sp,A010_QM1_M1,S013,runs/orca/sp/SP0377/SP0377.inp,1c092d43f126ac32ed5a3a58f5d2ee5317b9828e087c1c81ef315f8c7265bd1b,tier1:redox:A010:S013:q-1:m1,eb63c75f01b5b1adccc020e5a6ef20dedff3dca59876fd1a357792454e0f9a36,4e4d8798a8ddd3145f43702dce184be916d116ae33b50a1ed0694fdd41eb88ba,67229d2454073e6f21af2831a065a118d624e639641d479e6f6e9f47dd134c38,3e04b806d8cd72343f4985f39c84e2850cee10fe6aec050636286ee14b2d9443,jhtvs-ft0806-sp-v3,T2_wB97X-D3_def2-TZVPD_SMD_energy_SP_v1,not_applicable,8,3000,1.74,ready,
SP0378,smd_energy_sp,D022_QP2_M1,S013,runs/orca/sp/SP0378/SP0378.inp,d07589524c03f802b8dd88da5b687350b5368c13edcb71e3d10771a113577678,surrogate:sigma_preopt:D022:S013:q2:m1,9550f8221cba8cc6843c182d56d917bfd4940b730f2cca5e8db0fcc2016a7d86,4e4d8798a8ddd3145f43702dce184be916d116ae33b50a1ed0694fdd41eb88ba,67229d2454073e6f21af2831a065a118d624e639641d479e6f6e9f47dd134c38,64f9443da27f57e02a8aca33b4919517a8d4cf257152b80b8c0164079565b4c2,jhtvs-ft0806-sp-v3,T2_wB97X-D3_def2-TZVPD_SMD_energy_SP_v1,not_applicable,8,3000,4.22,ready,
SP0379,smd_energy_sp,D027_QP2_M1,S013,runs/orca/sp/SP0379/SP0379.inp,555bfd78ce64f6f3daba12fd2c8293b99829d6fbb3cda23fe83f2a37a753ede0,surrogate:sigma_preopt:D027:S013:q2:m1,39669b6097d0fccda528edc212d9363d5f2bbfff64e8ab095f6baf226925ddb3,4e4d8798a8ddd3145f43702dce184be916d116ae33b50a1ed0694fdd41eb88ba,67229d2454073e6f21af2831a065a118d624e639641d479e6f6e9f47dd134c38,f11ec10e096be13bd85f78522ddd5ae58683482cf2e1ff1657a301716f50d6f3,jhtvs-ft0806-sp-v3,T2_wB97X-D3_def2-TZVPD_SMD_energy_SP_v1,not_applicable,8,3000,4.22,ready,
SP0380,smd_energy_sp,D068_QP2_M1,S013,runs/orca/sp/SP0380/SP0380.inp,40e03ae3badd4d3f7f5e18c491a92441eb606da7b534b6b863f7733326971a7f,surrogate:sigma_preopt:D068:S013:q2:m1,c4e17598457df65982bb1dd07b22796f8fe306fc2baaeeb4abc033ffe398cc44,4e4d8798a8ddd3145f43702dce184be916d116ae33b50a1ed0694fdd41eb88ba,67229d2454073e6f21af2831a065a118d624e639641d479e6f6e9f47dd134c38,4dee7d97cdcbaaea71773edce9982b2646d41c80361b44325cc90c9178fc87eb,jhtvs-ft0806-sp-v3,T2_wB97X-D3_def2-TZVPD_SMD_energy_SP_v1,not_applicable,8,3000,4.22,ready,
SP0381,smd_energy_sp,D078_QP2_M1,S013,runs/orca/sp/SP0381/SP0381.inp,a17821adc9370c03db241dbcaad319b63e772df25b5f47d9283b61c83f25dc8c,surrogate:sigma_preopt:D078:S013:q2:m1,d96618a415fed33bbc6b127850618a2cf82c22938ddad1936f5a8c90d2e89934,4e4d8798a8ddd3145f43702dce184be916d116ae33b50a1ed0694fdd41eb88ba,67229d2454073e6f21af2831a065a118d624e639641d479e6f6e9f47dd134c38,23be95a71b84b8c052649af5c012d50246ff94e494df48f3c0e66e8e485c78b4,jhtvs-ft0806-sp-v3,T2_wB97X-D3_def2-TZVPD_SMD_energy_SP_v1,not_applicable,8,3000,4.22,ready,
SP0382,smd_energy_sp,D094_QP2_M1,S013,runs/orca/sp/SP0382/SP0382.inp,f8a15a0056ac7c394a12ef23dd14107ea450ba4a0d37e1aa8fe9b1ac2361a3d9,surrogate:sigma_preopt:D094:S013:q2:m1,60a6399e381d791d98a1170164dd8d05b24c54c1d88f320cdd28a7da3f535a32,4e4d8798a8ddd3145f43702dce184be916d116ae33b50a1ed0694fdd41eb88ba,67229d2454073e6f21af2831a065a118d624e639641d479e6f6e9f47dd134c38,678aa9b95ac6a1022a7dcf6a17355fc9ba37aa201aa79c06e7efae17c5a35a69,jhtvs-ft0806-sp-v3,T2_wB97X-D3_def2-TZVPD_SMD_energy_SP_v1,not_applicable,8,3000,4.22,ready,
SP0383,smd_energy_sp,M017_Q0_M1,S013,runs/orca/sp/SP0383/SP0383.inp,3b01266462b53aa40d3c798ca47802415ba26f936f71843210339c4e1d6fe6d5,tier1:redox:M017:S013:q0:m1,7b3fba20f04cd2f59413f3767facad489344bf444a35899fc3c832b73e125004,4e4d8798a8ddd3145f43702dce184be916d116ae33b50a1ed0694fdd41eb88ba,67229d2454073e6f21af2831a065a118d624e639641d479e6f6e9f47dd134c38,f8499d9220ce6db50f15a933cc70cd5f96e8040ec02de1df57f561cfdb03e6bd,jhtvs-ft0806-sp-v3,T2_wB97X-D3_def2-TZVPD_SMD_energy_SP_v1,not_applicable,8,3000,1.74,ready,
SP0384,smd_energy_sp,M017_QP1_M2,S013,runs/orca/sp/SP0384/SP0384.inp,d3c31a845c5120ae09c1ba1832c04049bda49215bbc024c0023030ef4647f7aa,tier1:redox:M017:S013:q1:m2,376403e2be616b75ce4a6c8d810523727c34ff6679f5ff670efaba389719784e,4e4d8798a8ddd3145f43702dce184be916d116ae33b50a1ed0694fdd41eb88ba,67229d2454073e6f21af2831a065a118d624e639641d479e6f6e9f47dd134c38,e54e6036a474df3f9cf8f61c465ed21f8314031f268589777107b22eb2b2b3c4,jhtvs-ft0806-sp-v3,T2_wB97X-D3_def2-TZVPD_SMD_energy_SP_v1,not_applicable,8,3000,1.74,ready,
SP0385,smd_energy_sp,M022_Q0_M1,S013,runs/orca/sp/SP0385/SP0385.inp,424e1353fcce4259f8f73693e7b8ea4eb9fdbe1452d3d4a79ee869561c62d3d2,tier1:redox:M022:S013:q0:m1,58f474c68cceaada64edb350741641fb50191bb6a128b9424cb21156314e2480,4e4d8798a8ddd3145f43702dce184be916d116ae33b50a1ed0694fdd41eb88ba,67229d2454073e6f21af2831a065a118d624e639641d479e6f6e9f47dd134c38,fdbeb1c8ccda53de6ceaca1513002e593c266a40a04576ec5600372b9f65fa77,jhtvs-ft0806-sp-v3,T2_wB97X-D3_def2-TZVPD_SMD_energy_SP_v1,not_applicable,8,3000,1.74,ready,
SP0386,smd_energy_sp,M022_QP1_M2,S013,runs/orca/sp/SP0386/SP0386.inp,b9378d0aa6f2f0aff6ebd70ef9c748632a6b0bcb0420423842f51c0b9505cc44,tier1:redox:M022:S013:q1:m2,62eda6335ae7d848f414fd1fa7e92789559ab68e1104085e8a1c34384237b88e,4e4d8798a8ddd3145f43702dce184be916d116ae33b50a1ed0694fdd41eb88ba,67229d2454073e6f21af2831a065a118d624e639641d479e6f6e9f47dd134c38,596226fd5ca2bdb5b4deebc35ec3e922dea9285abf2f4e46e404c6aa4e1d1796,jhtvs-ft0806-sp-v3,T2_wB97X-D3_def2-TZVPD_SMD_energy_SP_v1,not_applicable,8,3000,1.74,ready,
SP0387,smd_energy_sp,M027_QP1_M2,S013,runs/orca/sp/SP0387/SP0387.inp,dcea06b7bc6024d03f7dc1b62fe659a4d8b1235a2b9369edd5635b9d7760d7ae,tier1:redox:M027:S013:q1:m2,90254451af37bf38700ef42b4edbd03dbc8eecf07d6b7b867bf82445013e95ef,4e4d8798a8ddd3145f43702dce184be916d116ae33b50a1ed0694fdd41eb88ba,67229d2454073e6f21af2831a065a118d624e639641d479e6f6e9f47dd134c38,bbb779e3e97aa1127b0c1402fd78352368306a139cd7fde60f0750b310a0b09e,jhtvs-ft0806-sp-v3,T2_wB97X-D3_def2-TZVPD_SMD_energy_SP_v1,not_applicable,8,3000,1.74,ready,
SP0388,smd_energy_sp,M031_Q0_M1,S013,runs/orca/sp/SP0388/SP0388.inp,78490f2c94f62e2245c73edfb48b4d1c2bfb51775ae6693baf66d4310795e86c,tier1:redox:M031:S013:q0:m1,d0f9e698cb7b224cc65ca3dae6de75bf074074d13fbf315d8d5040c4cb650f7c,4e4d8798a8ddd3145f43702dce184be916d116ae33b50a1ed0694fdd41eb88ba,67229d2454073e6f21af2831a065a118d624e639641d479e6f6e9f47dd134c38,25046533a5d3365e4aa312f2ba91885b483e8099dc1761d9edf8eba25a3b9984,jhtvs-ft0806-sp-v3,T2_wB97X-D3_def2-TZVPD_SMD_energy_SP_v1,not_applicable,8,3000,1.74,ready,
SP0389,smd_energy_sp,M031_QP1_M2,S013,runs/orca/sp/SP0389/SP0389.inp,ec290e26fb8f51e626d8b8190dda0fa87530cccb98e303079b63a8c637bac95d,tier1:redox:M031:S013:q1:m2,c93396321c5907ebfae923741ef05defcf37a401be087b25e696fbbc42f22369,4e4d8798a8ddd3145f43702dce184be916d116ae33b50a1ed0694fdd41eb88ba,67229d2454073e6f21af2831a065a118d624e639641d479e6f6e9f47dd134c38,a587d618a422de8a3e1f36e38468215bc699f360a6d93c69a348a7857370c7f5,jhtvs-ft0806-sp-v3,T2_wB97X-D3_def2-TZVPD_SMD_energy_SP_v1,not_applicable,8,3000,1.74,ready,
SP0390,smd_energy_sp,M048_Q0_M1,S013,runs/orca/sp/SP0390/SP0390.inp,24ab438293805fbafc5b422b7d2e3ea1692bbaa42f2dcf050ebce6d22e9d837a,tier1:redox:M048:S013:q0:m1,bc266319647aa1aa82224b6c363faab72400cda9caf0288ea9545f16eeb38230,4e4d8798a8ddd3145f43702dce184be916d116ae33b50a1ed0694fdd41eb88ba,67229d2454073e6f21af2831a065a118d624e639641d479e6f6e9f47dd134c38,efa44dadc1de6fc61c3b6f8b420a1f75fd39bc3ce47c9740a25fef2cd6f93c1d,jhtvs-ft0806-sp-v3,T2_wB97X-D3_def2-TZVPD_SMD_energy_SP_v1,not_applicable,8,3000,1.74,ready,
SP0391,smd_energy_sp,M048_QP1_M2,S013,runs/orca/sp/SP0391/SP0391.inp,b6ce266f969c803a7313d720ca07700bd5c33aba0c36671f2b906e28779acdd6,tier1:redox:M048:S013:q1:m2,7f8d218e2523ca187d5890cbd93ad0b49c1cebc4630cb0a4ac295bf3fcaa8fa4,4e4d8798a8ddd3145f43702dce184be916d116ae33b50a1ed0694fdd41eb88ba,67229d2454073e6f21af2831a065a118d624e639641d479e6f6e9f47dd134c38,0051810b0d403789193f0f3cde501310dc0e6bb05e7ffc4efd03c820b35c5e58,jhtvs-ft0806-sp-v3,T2_wB97X-D3_def2-TZVPD_SMD_energy_SP_v1,not_applicable,8,3000,1.74,ready,
SP0392,smd_energy_sp,M068_Q0_M1,S013,runs/orca/sp/SP0392/SP0392.inp,22929aab943dc895fedd8f46da768776ad740de5efadfc081317cd11e3c5456a,tier1:redox:M068:S013:q0:m1,0a35370d9f57898ade8184c97945839e701323a3397f7b5420cb9d5b105c94f2,4e4d8798a8ddd3145f43702dce184be916d116ae33b50a1ed0694fdd41eb88ba,67229d2454073e6f21af2831a065a118d624e639641d479e6f6e9f47dd134c38,1511319c12a40f075ceddb4f74fc40af1386c65bb0ff18820f5120aec743878a,jhtvs-ft0806-sp-v3,T2_wB97X-D3_def2-TZVPD_SMD_energy_SP_v1,not_applicable,8,3000,1.74,ready,
SP0393,smd_energy_sp,M068_QP1_M2,S013,runs/orca/sp/SP0393/SP0393.inp,d7a77a30b5dedf060da84db8a7e7dca761731add0eb9e12edb59c7ec9258330c,tier1:redox:M068:S013:q1:m2,efba66b042f6fd5f7b0ed3f84e77454231ec1c1ddfd4de292e73822bd30d51b5,4e4d8798a8ddd3145f43702dce184be916d116ae33b50a1ed0694fdd41eb88ba,67229d2454073e6f21af2831a065a118d624e639641d479e6f6e9f47dd134c38,c09fb96c236ccf05df9ed5c69bc2c435bfe3577cbb33fd2fb5a53e5d8a15e5b7,jhtvs-ft0806-sp-v3,T2_wB97X-D3_def2-TZVPD_SMD_energy_SP_v1,not_applicable,8,3000,1.74,ready,
SP0394,smd_energy_sp,M078_Q0_M1,S013,runs/orca/sp/SP0394/SP0394.inp,e3f867e1e740a591fe069af8e3bcac0b84e34eea063830593632e153f615fc21,tier1:redox:M078:S013:q0:m1,c13be356d798efc4f56b6932d46b291383dd62bb7e70f7117384a5ad18ce27cf,4e4d8798a8ddd3145f43702dce184be916d116ae33b50a1ed0694fdd41eb88ba,67229d2454073e6f21af2831a065a118d624e639641d479e6f6e9f47dd134c38,3e9471ccbdba7a4a9c6c7270ac392e18b4a0b2598af39d2670d1f8d5d2c667d3,jhtvs-ft0806-sp-v3,T2_wB97X-D3_def2-TZVPD_SMD_energy_SP_v1,not_applicable,8,3000,1.74,ready,
SP0395,smd_energy_sp,M078_QP1_M2,S013,runs/orca/sp/SP0395/SP0395.inp,0987ffcfd2bd1a2a30f6279710e9c895608fa3b481ba80bb4e70fea884f54e1c,tier1:redox:M078:S013:q1:m2,51c5af7ec3a8cb1c232d95261fc909ec961fd2d3fe2e11b64f8be361816228f6,4e4d8798a8ddd3145f43702dce184be916d116ae33b50a1ed0694fdd41eb88ba,67229d2454073e6f21af2831a065a118d624e639641d479e6f6e9f47dd134c38,8bae0ac61f07e5456c039853cd32b3828593e55e84867b9d0acf83ecf3156c9b,jhtvs-ft0806-sp-v3,T2_wB97X-D3_def2-TZVPD_SMD_energy_SP_v1,not_applicable,8,3000,1.74,ready,
SP0396,smd_energy_sp,M084_Q0_M1,S013,runs/orca/sp/SP0396/SP0396.inp,ba2ddc911d47f38bfb6b3ee642f16743b1c8d05b7882d6aced3844fe352cb260,tier1:redox:M084:S013:q0:m1,49ef7f3b4ad58340913a2599e7bbe368f8b1b5957532712ba262a8b749392df4,4e4d8798a8ddd3145f43702dce184be916d116ae33b50a1ed0694fdd41eb88ba,67229d2454073e6f21af2831a065a118d624e639641d479e6f6e9f47dd134c38,f3cf2cab7e4acf170a57cfaf1230e5bf9f8b447a84f0dc6017aed683a4831dc0,jhtvs-ft0806-sp-v3,T2_wB97X-D3_def2-TZVPD_SMD_energy_SP_v1,not_applicable,8,3000,1.74,ready,
SP0397,smd_energy_sp,M084_QP1_M2,S013,runs/orca/sp/SP0397/SP0397.inp,b4e8f8276651ab2642c14baddd9be81c530ba900b71820b52963c9cc0ef46a8a,tier1:redox:M084:S013:q1:m2,883fda12e42ab8e324ae9123196e7bf3ae30c1be8fded36f85cee8b571d09d69,4e4d8798a8ddd3145f43702dce184be916d116ae33b50a1ed0694fdd41eb88ba,67229d2454073e6f21af2831a065a118d624e639641d479e6f6e9f47dd134c38,4d1d651171a3f8d2632598aba85f8d9fb787ef3a93d15763b9583337663267b9,jhtvs-ft0806-sp-v3,T2_wB97X-D3_def2-TZVPD_SMD_energy_SP_v1,not_applicable,8,3000,1.74,ready,
SP0398,smd_energy_sp,M094_Q0_M1,S013,runs/orca/sp/SP0398/SP0398.inp,d8b81e892df003f53ec694bf22ab0d0f909e9254c18473693d99fd33f26dad73,tier1:redox:M094:S013:q0:m1,17a174977317f84dfdce0e078cc94eb78f59f8795ec95d61643ea460f24a3091,4e4d8798a8ddd3145f43702dce184be916d116ae33b50a1ed0694fdd41eb88ba,67229d2454073e6f21af2831a065a118d624e639641d479e6f6e9f47dd134c38,8217cd7b45d4e0dbedc1482d5731028ae51a463a1505268be97ff277a2923fed,jhtvs-ft0806-sp-v3,T2_wB97X-D3_def2-TZVPD_SMD_energy_SP_v1,not_applicable,8,3000,1.74,ready,
SP0399,smd_energy_sp,M094_QP1_M2,S013,runs/orca/sp/SP0399/SP0399.inp,1be746f4b2a603515cf19d7c0e500a07fe2952ea04e212fe3975770eba5502a2,tier1:redox:M094:S013:q1:m2,c4658ae1851098a29807a4f411963bfe523778c97534854ecce23c424af598ea,4e4d8798a8ddd3145f43702dce184be916d116ae33b50a1ed0694fdd41eb88ba,67229d2454073e6f21af2831a065a118d624e639641d479e6f6e9f47dd134c38,c8b4d4505e64f82c15557746605693cadfc7494b205384f41149bed13f485912,jhtvs-ft0806-sp-v3,T2_wB97X-D3_def2-TZVPD_SMD_energy_SP_v1,not_applicable,8,3000,1.74,ready,
SP0400,smd_energy_sp,S013_Q0_M1,S013,runs/orca/sp/SP0400/SP0400.inp,fc9884a03e1e96c874c60427b8a3346849ae0083defbbe4c1b7f944066ec75e8,tier1:redox:S013:S013:q0:m1,e70562abbae3f3232e4c377ef1e9f94cd7803f2c4407aa5baa9de711ec46c907,4e4d8798a8ddd3145f43702dce184be916d116ae33b50a1ed0694fdd41eb88ba,67229d2454073e6f21af2831a065a118d624e639641d479e6f6e9f47dd134c38,149ba7c52e304e0cfc155de40bbbe96b550212679a32511991a70e0f2718cba2,jhtvs-ft0806-sp-v3,T2_wB97X-D3_def2-TZVPD_SMD_energy_SP_v1,not_applicable,8,3000,1.74,ready,
SP0401,smd_energy_sp,S013_QP1_M2,S013,runs/orca/sp/SP0401/SP0401.inp,75a4813d01e7aa7c1347e4394d647c71a793d0fe3b050b7988397c107c9994d3,tier1:redox:S013:S013:q1:m2,f11505225ff5967e6f76299eff9d7b4528310053ba1ad87fb71d23887b7d0da8,4e4d8798a8ddd3145f43702dce184be916d116ae33b50a1ed0694fdd41eb88ba,67229d2454073e6f21af2831a065a118d624e639641d479e6f6e9f47dd134c38,6658aa605101bdf69046792362710283a1c72b6e854ca716573f3b74bb7b67a6,jhtvs-ft0806-sp-v3,T2_wB97X-D3_def2-TZVPD_SMD_energy_SP_v1,not_applicable,8,3000,1.74,ready,
SP0402,smd_energy_sp,A002_Q0_M2,S014,runs/orca/sp/SP0402/SP0402.inp,0af51a4ad25644ab6acae815283b09c61f7c106f416df06d1c3f23be97234715,tier1:redox:A002:S014:q0:m2,d5ee73a39e0e4cb6bcadb713df8795513a5f8e179fec0dcf2737fbce10aaec2a,324097c41807b7e6817904843b527672ce0d49fc46207474c203fe1de130c4a5,b7f52e6ef6da111a52a77d0b266ba6e1ccc5ab663aefe1540ece486880320841,970a358599e96a776b20350e3c7c58718240af41b32175960e18a8ffac9651e2,jhtvs-ft0806-sp-v3,T2_wB97X-D3_def2-TZVPD_SMD_energy_SP_v1,not_applicable,8,3000,1.74,ready,
SP0403,smd_energy_sp,A002_QM1_M1,S014,runs/orca/sp/SP0403/SP0403.inp,26facae36efac68926cb716bfa3c5d718f77b6bfeb80e27182d36fa733d55f3a,tier1:redox:A002:S014:q-1:m1,660ddbd845a98587d4eea9304d07b044184bc599591f2f0a709186c2402e4172,324097c41807b7e6817904843b527672ce0d49fc46207474c203fe1de130c4a5,b7f52e6ef6da111a52a77d0b266ba6e1ccc5ab663aefe1540ece486880320841,1d03da830180572fd35116c84ad989ff07f30c509c0f547a30e15cb517d6b083,jhtvs-ft0806-sp-v3,T2_wB97X-D3_def2-TZVPD_SMD_energy_SP_v1,not_applicable,8,3000,1.74,ready,
SP0404,smd_energy_sp,A005_Q0_M2,S014,runs/orca/sp/SP0404/SP0404.inp,2544440947d3d3d0d83b37bab3b0df7fa23a9a85f1f7745483b6262793536126,tier1:redox:A005:S014:q0:m2,a85178f6967b7d0cc92d65318f921c7aeebcd6e1d44d1021e9ea071bc05f3d59,324097c41807b7e6817904843b527672ce0d49fc46207474c203fe1de130c4a5,b7f52e6ef6da111a52a77d0b266ba6e1ccc5ab663aefe1540ece486880320841,a5f6e6bad09cad35dcdb59889fca41b081510f74eeeec1059b141bb777075920,jhtvs-ft0806-sp-v3,T2_wB97X-D3_def2-TZVPD_SMD_energy_SP_v1,not_applicable,8,3000,1.74,ready,
SP0405,smd_energy_sp,A005_QM1_M1,S014,runs/orca/sp/SP0405/SP0405.inp,71d8b0a6f51621c61e99a562b668e3129feeb47955763266cc1cd9970c9d543b,tier1:redox:A005:S014:q-1:m1,2c50d21ea8bd604ccb9b4c42365b65a9cd8f0a3eaead9ae4789d7867b47d6ed0,324097c41807b7e6817904843b527672ce0d49fc46207474c203fe1de130c4a5,b7f52e6ef6da111a52a77d0b266ba6e1ccc5ab663aefe1540ece486880320841,e53bd4b38227d1e67d74dcfaf88ce09626fbc40571d30bda2626f3d01d9cae52,jhtvs-ft0806-sp-v3,T2_wB97X-D3_def2-TZVPD_SMD_energy_SP_v1,not_applicable,8,3000,1.74,ready,
SP0406,smd_energy_sp,D022_QP2_M1,S014,runs/orca/sp/SP0406/SP0406.inp,851e28941435dffab452f32d326feaa59376942201fea57b59bd80ac5b5f77fa,surrogate:sigma_preopt:D022:S014:q2:m1,1fe4a4541108c7a76b23296eb4e078f66d5dc5787f7256bc09c4e1487f864fcf,324097c41807b7e6817904843b527672ce0d49fc46207474c203fe1de130c4a5,b7f52e6ef6da111a52a77d0b266ba6e1ccc5ab663aefe1540ece486880320841,45df1416e9b583a11eec48788bc781b66117599fd2053c7407e17417ce61ceea,jhtvs-ft0806-sp-v3,T2_wB97X-D3_def2-TZVPD_SMD_energy_SP_v1,not_applicable,8,3000,4.22,ready,
SP0407,smd_energy_sp,D027_QP2_M1,S014,runs/orca/sp/SP0407/SP0407.inp,0fa128919f88833119cc74aa7457f6df4619c9948e58e5842c05b0ecb7057f70,surrogate:sigma_preopt:D027:S014:q2:m1,306c029c1c79f56cf6a9deed981a66f4b49df183c2bbbaaedfecf9d9461e9a67,324097c41807b7e6817904843b527672ce0d49fc46207474c203fe1de130c4a5,b7f52e6ef6da111a52a77d0b266ba6e1ccc5ab663aefe1540ece486880320841,ea746e65a9438b6bd96a141e5c723e501382d10a305c201029fdbf5a815adc40,jhtvs-ft0806-sp-v3,T2_wB97X-D3_def2-TZVPD_SMD_energy_SP_v1,not_applicable,8,3000,4.22,ready,
SP0408,smd_energy_sp,D070_QP2_M1,S014,runs/orca/sp/SP0408/SP0408.inp,e360be0e3efe757d46c4395a3be2ac40afbdd5135a213f3646b53cee57af0f39,surrogate:sigma_preopt:D070:S014:q2:m1,60afaa1f047a2ca42cce24a17601710f2a2e65a3ee2e4236fdf77c22e4867548,324097c41807b7e6817904843b527672ce0d49fc46207474c203fe1de130c4a5,b7f52e6ef6da111a52a77d0b266ba6e1ccc5ab663aefe1540ece486880320841,28ee3e4256c08c214164127b84158267cd1bfe7ddd469073b8ed5419348659cc,jhtvs-ft0806-sp-v3,T2_wB97X-D3_def2-TZVPD_SMD_energy_SP_v1,not_applicable,8,3000,4.22,ready,
SP0409,smd_energy_sp,D086_QP2_M1,S014,runs/orca/sp/SP0409/SP0409.inp,9683a75550f855f795e05a8ad8f96f3a3d1f8a70d028286d07d276026ea2beb1,surrogate:sigma_preopt:D086:S014:q2:m1,3f9626f005a8b3850ba3bc12254971c80e5184066eaecf7584eeebd1fd808e5a,324097c41807b7e6817904843b527672ce0d49fc46207474c203fe1de130c4a5,b7f52e6ef6da111a52a77d0b266ba6e1ccc5ab663aefe1540ece486880320841,be77eea3f1b01a2feee327b60222696c667dd8f3b8b5ac238c437e2f5aa0377c,jhtvs-ft0806-sp-v3,T2_wB97X-D3_def2-TZVPD_SMD_energy_SP_v1,not_applicable,8,3000,4.22,ready,
SP0410,smd_energy_sp,M014_Q0_M1,S014,runs/orca/sp/SP0410/SP0410.inp,e688665558d97c9a8ec614fa0a58d472b920c1f3396dcdb97e8fdd442adf3fca,tier1:redox:M014:S014:q0:m1,f4ddfc185a85d1ae2c7de3885168767b54c647e847bb5e0811db8f59ce775567,324097c41807b7e6817904843b527672ce0d49fc46207474c203fe1de130c4a5,b7f52e6ef6da111a52a77d0b266ba6e1ccc5ab663aefe1540ece486880320841,0361a8985f490bf943519ac3170c328dd293a5e650de3d695384fd6ae5173f70,jhtvs-ft0806-sp-v3,T2_wB97X-D3_def2-TZVPD_SMD_energy_SP_v1,not_applicable,8,3000,1.74,ready,
SP0411,smd_energy_sp,M014_QP1_M2,S014,runs/orca/sp/SP0411/SP0411.inp,f90a9f9561565e9c3ee6275803b1f29ae283f97e7e1755e256ddc63e9dfcf12d,tier1:redox:M014:S014:q1:m2,5b548451431127b645a45403d5dc8ab281d32632f923eaa2a7fff26cc8e156cd,324097c41807b7e6817904843b527672ce0d49fc46207474c203fe1de130c4a5,b7f52e6ef6da111a52a77d0b266ba6e1ccc5ab663aefe1540ece486880320841,ca5846867a7f640dda4a888600ce09596d9dbc428722dd424d23a48b8ef06e11,jhtvs-ft0806-sp-v3,T2_wB97X-D3_def2-TZVPD_SMD_energy_SP_v1,not_applicable,8,3000,1.74,ready,
SP0412,smd_energy_sp,M022_Q0_M1,S014,runs/orca/sp/SP0412/SP0412.inp,302ad4d927d5e6417299c696d5a6e4cc687977792d73b576ade49cee2e27ca5b,tier1:redox:M022:S014:q0:m1,bfa887e199692e6513ff1fcce4edfc7113c9f89b757b325d5bf8b1d88980a37d,324097c41807b7e6817904843b527672ce0d49fc46207474c203fe1de130c4a5,b7f52e6ef6da111a52a77d0b266ba6e1ccc5ab663aefe1540ece486880320841,a7dd6ccc73313610cb52e61010d2dade4f16a9d4c9b0b7799bf60141b71c9813,jhtvs-ft0806-sp-v3,T2_wB97X-D3_def2-TZVPD_SMD_energy_SP_v1,not_applicable,8,3000,1.74,ready,
SP0413,smd_energy_sp,M022_QP1_M2,S014,runs/orca/sp/SP0413/SP0413.inp,305bced73a1e9122bc3567401204bb4d0d8d14ab735db951b4bb1e1717362e2f,tier1:redox:M022:S014:q1:m2,fe49cd2c37ab992762821f524709015cabb5f055be57eff4bbaaaebe2e7fdcd5,324097c41807b7e6817904843b527672ce0d49fc46207474c203fe1de130c4a5,b7f52e6ef6da111a52a77d0b266ba6e1ccc5ab663aefe1540ece486880320841,856cca6451b6ace773ce448c3522dd87a1d54384ae2d9759f5a6741122116748,jhtvs-ft0806-sp-v3,T2_wB97X-D3_def2-TZVPD_SMD_energy_SP_v1,not_applicable,8,3000,1.74,ready,
SP0414,smd_energy_sp,M027_QP1_M2,S014,runs/orca/sp/SP0414/SP0414.inp,fa1f562792aa0a7fd5538e14e0180753e4648f282f8bcee348d1f563ebf2cd14,tier1:redox:M027:S014:q1:m2,bd77f3fa0705efc2228aca7e9d48857166a8baffe739e46721f240ef81ed3b86,324097c41807b7e6817904843b527672ce0d49fc46207474c203fe1de130c4a5,b7f52e6ef6da111a52a77d0b266ba6e1ccc5ab663aefe1540ece486880320841,2fc78c3d9338ecdc2d38b8576b3b09a448d648122c2a17a92fbb2d55f1714151,jhtvs-ft0806-sp-v3,T2_wB97X-D3_def2-TZVPD_SMD_energy_SP_v1,not_applicable,8,3000,1.74,ready,
SP0415,smd_energy_sp,M031_Q0_M1,S014,runs/orca/sp/SP0415/SP0415.inp,4eee2580449c84cf060f11dd01937cbd353bfc367790649951b1a22e98924364,tier1:redox:M031:S014:q0:m1,57200625b3732d9e2fe6f8d1674b6ad02a5bec7b6293a3e2d972a7c0e96888de,324097c41807b7e6817904843b527672ce0d49fc46207474c203fe1de130c4a5,b7f52e6ef6da111a52a77d0b266ba6e1ccc5ab663aefe1540ece486880320841,9b167ec0711e360147abcf064768473fd5f3605f5c094c0b3734fa9da41f06a4,jhtvs-ft0806-sp-v3,T2_wB97X-D3_def2-TZVPD_SMD_energy_SP_v1,not_applicable,8,3000,1.74,ready,
SP0416,smd_energy_sp,M031_QP1_M2,S014,runs/orca/sp/SP0416/SP0416.inp,f731015e7c199e507cc8a35ac67a1be9f130a07050bd7644c7b4c8397beb20c6,tier1:redox:M031:S014:q1:m2,0541bbec7c4451872ed4e6ec66bd7f8d7a061de7a18d03c80713a8ea0527f0ee,324097c41807b7e6817904843b527672ce0d49fc46207474c203fe1de130c4a5,b7f52e6ef6da111a52a77d0b266ba6e1ccc5ab663aefe1540ece486880320841,9baa92d3f07db702f67fa665b25e534bb0952dd9c1b0ad25bd538f39752240c6,jhtvs-ft0806-sp-v3,T2_wB97X-D3_def2-TZVPD_SMD_energy_SP_v1,not_applicable,8,3000,1.74,ready,
SP0417,smd_energy_sp,M070_Q0_M1,S014,runs/orca/sp/SP0417/SP0417.inp,90351ec3e14641d63e5f005c51f35a820c679053c211822ddf2938b3d02534d9,tier1:redox:M070:S014:q0:m1,663b8c9b2fd1f900f83007ac00ada950dc304a637c513dc7d764e29897582bc8,324097c41807b7e6817904843b527672ce0d49fc46207474c203fe1de130c4a5,b7f52e6ef6da111a52a77d0b266ba6e1ccc5ab663aefe1540ece486880320841,7640d0096d51dcd646347f4f027a679f8d57028953b2ae143453d2752eb1b51a,jhtvs-ft0806-sp-v3,T2_wB97X-D3_def2-TZVPD_SMD_energy_SP_v1,not_applicable,8,3000,1.74,ready,
SP0418,smd_energy_sp,M070_QP1_M2,S014,runs/orca/sp/SP0418/SP0418.inp,4dab573d5395fc03e361ba571fde9b0357f80f61776c561178ad9f7594c188cb,tier1:redox:M070:S014:q1:m2,a41d3ee7f340b5230f55140262ec1b799479963dc25739b3c930f42ab02fe114,324097c41807b7e6817904843b527672ce0d49fc46207474c203fe1de130c4a5,b7f52e6ef6da111a52a77d0b266ba6e1ccc5ab663aefe1540ece486880320841,3a657160852e5e28bbb53e3a9235a4da2ffd9df2de5963204bab3edd7d69aa32,jhtvs-ft0806-sp-v3,T2_wB97X-D3_def2-TZVPD_SMD_energy_SP_v1,not_applicable,8,3000,1.74,ready,
SP0419,smd_energy_sp,M084_Q0_M1,S014,runs/orca/sp/SP0419/SP0419.inp,fa66a13753228e5335c240245b1e8fbd4baafd5e769aed4fefce10aa236ef41f,tier1:redox:M084:S014:q0:m1,0aab9b8a2134291e502be20bf61f4f3bc635027ed04bc4aa32dea1cc05b14ac9,324097c41807b7e6817904843b527672ce0d49fc46207474c203fe1de130c4a5,b7f52e6ef6da111a52a77d0b266ba6e1ccc5ab663aefe1540ece486880320841,3041085b1a49593709a74ab48b4c13d5a1c9185bd8a7d778ce5edaa5bf60c383,jhtvs-ft0806-sp-v3,T2_wB97X-D3_def2-TZVPD_SMD_energy_SP_v1,not_applicable,8,3000,1.74,ready,
SP0420,smd_energy_sp,M084_QP1_M2,S014,runs/orca/sp/SP0420/SP0420.inp,4efcc69abf9c6708ced1ad7ecc71a931b51378d6aa1feadc7de8c89fab0a27d2,tier1:redox:M084:S014:q1:m2,f90bcf855b5923e2b6f1987931caf1cfd69b3627fc2e210cf04818ece483ed7d,324097c41807b7e6817904843b527672ce0d49fc46207474c203fe1de130c4a5,b7f52e6ef6da111a52a77d0b266ba6e1ccc5ab663aefe1540ece486880320841,ef61e5952b8003d7e85c13ec154fa6e7f5e45629e5378984ae571a7e68407c5a,jhtvs-ft0806-sp-v3,T2_wB97X-D3_def2-TZVPD_SMD_energy_SP_v1,not_applicable,8,3000,1.74,ready,
SP0421,smd_energy_sp,M086_Q0_M1,S014,runs/orca/sp/SP0421/SP0421.inp,f900d83cde3199c5ba6d64008cac1e9ed0262beb0a2ad5a66841fa0987b5353e,tier1:redox:M086:S014:q0:m1,bcb5b07b2223d6ea9afea06fc11ef4a5dba58a4451303265d86485f04e52c1fc,324097c41807b7e6817904843b527672ce0d49fc46207474c203fe1de130c4a5,b7f52e6ef6da111a52a77d0b266ba6e1ccc5ab663aefe1540ece486880320841,911317949cf97583bf3f64eabe9767bdd3acc8df85dd2c35499e4a395471082a,jhtvs-ft0806-sp-v3,T2_wB97X-D3_def2-TZVPD_SMD_energy_SP_v1,not_applicable,8,3000,1.74,ready,
SP0422,smd_energy_sp,M086_QP1_M2,S014,runs/orca/sp/SP0422/SP0422.inp,7253419b1f9218c16318779f845564713d496620ba9c214f8ec94d3a1469b1a1,tier1:redox:M086:S014:q1:m2,304a4c82a804ae499a4eab77d92b3ea4793c0f624d33dbe01484a553687c1929,324097c41807b7e6817904843b527672ce0d49fc46207474c203fe1de130c4a5,b7f52e6ef6da111a52a77d0b266ba6e1ccc5ab663aefe1540ece486880320841,9620f1fce75ae3f00a70691e9da276a678d612ed267a0d9d0a3fe9e6933ddb44,jhtvs-ft0806-sp-v3,T2_wB97X-D3_def2-TZVPD_SMD_energy_SP_v1,not_applicable,8,3000,1.74,ready,
SP0423,smd_energy_sp,S014_Q0_M1,S014,runs/orca/sp/SP0423/SP0423.inp,69f0bea0bb2aa98d98f55621e4316493622c28b9cd09f3345283e20c187a79b1,tier1:redox:S014:S014:q0:m1,eea550e799ddafb598220bdf4eb57ff36694a37c09f38df537fd0d6003e7202e,324097c41807b7e6817904843b527672ce0d49fc46207474c203fe1de130c4a5,b7f52e6ef6da111a52a77d0b266ba6e1ccc5ab663aefe1540ece486880320841,602f2c616e73be8d2d992fe4bab4399bc7d157fcbd90d0ebc80a0d05473a4fb1,jhtvs-ft0806-sp-v3,T2_wB97X-D3_def2-TZVPD_SMD_energy_SP_v1,not_applicable,8,3000,1.74,ready,
SP0424,smd_energy_sp,S014_QP1_M2,S014,runs/orca/sp/SP0424/SP0424.inp,8366c5638d86b01c79e72f9eaa9c05cce72da5509b9ce69d872af5fbe63506f2,tier1:redox:S014:S014:q1:m2,a4bf165bf4378aedef3d6bd02b953856fec476822b850315f6f952b0044ff5ad,324097c41807b7e6817904843b527672ce0d49fc46207474c203fe1de130c4a5,b7f52e6ef6da111a52a77d0b266ba6e1ccc5ab663aefe1540ece486880320841,7a357465eba4c1bad118c2104c78a216d2703adc5fd73de77836a12d9820135d,jhtvs-ft0806-sp-v3,T2_wB97X-D3_def2-TZVPD_SMD_energy_SP_v1,not_applicable,8,3000,1.74,ready,
SP0425,smd_energy_sp,A001_Q0_M2,S015,runs/orca/sp/SP0425/SP0425.inp,530dd1a6ed35f178bd03c24a3d9ca505edc4662f15e3dfd9d623857a94dfa4b8,tier1:redox:A001:S015:q0:m2,bf8235bc9b22b4137e234e48144d098d7471f50df8a376ead81e7fe43f2ba108,05dbdeea7d49eff66852393bde536a0453ee8596c7067b7556fa2f596a73e926,250b11e3df7588ed3e8e16a830801c1df7ed9954eede0a83d421ae7951183831,97a40223cf1fed0e0f684dcd26e4627d97174e2be8c83d693933def25552371d,jhtvs-ft0806-sp-v3,T2_wB97X-D3_def2-TZVPD_SMD_energy_SP_v1,not_applicable,8,3000,1.74,ready,
SP0426,smd_energy_sp,A001_QM1_M1,S015,runs/orca/sp/SP0426/SP0426.inp,f3987f68ed5541c8cb7f814f9702ad833328b4d337dadb2de5f34f9341b70e6f,tier1:redox:A001:S015:q-1:m1,d1177f00b12706e1416d551386bd94e5aec36a65dc396fc3db997cb3dbce0c06,05dbdeea7d49eff66852393bde536a0453ee8596c7067b7556fa2f596a73e926,250b11e3df7588ed3e8e16a830801c1df7ed9954eede0a83d421ae7951183831,491f874a9c328742d5cdb5b178766b19e3de6940fe98245a97a48727abb42f1f,jhtvs-ft0806-sp-v3,T2_wB97X-D3_def2-TZVPD_SMD_energy_SP_v1,not_applicable,8,3000,1.74,ready,
SP0427,smd_energy_sp,A002_Q0_M2,S015,runs/orca/sp/SP0427/SP0427.inp,09e56820e4187ed581ec5bb6ebbc9006d5a4166c2644fa0e31ccf828a786b8d4,tier1:redox:A002:S015:q0:m2,7b3d115bc0d34d90183a9e5841e90e2351144095451b221b59f2c8ebe44dfd76,05dbdeea7d49eff66852393bde536a0453ee8596c7067b7556fa2f596a73e926,250b11e3df7588ed3e8e16a830801c1df7ed9954eede0a83d421ae7951183831,0398fa5cc3de29307740f533d2f556ab8c9f6d22898ef2779c2b21eba095fafa,jhtvs-ft0806-sp-v3,T2_wB97X-D3_def2-TZVPD_SMD_energy_SP_v1,not_applicable,8,3000,1.74,ready,
SP0428,smd_energy_sp,A002_QM1_M1,S015,runs/orca/sp/SP0428/SP0428.inp,16f3062b6263ccb5269e3a3d08e8241a8bc2e98d095624740fd4e9194b8cb443,tier1:redox:A002:S015:q-1:m1,d1c6bc6a484486a659c55d5aa9df17407e39ccadb9961c358d206e8f724a2087,05dbdeea7d49eff66852393bde536a0453ee8596c7067b7556fa2f596a73e926,250b11e3df7588ed3e8e16a830801c1df7ed9954eede0a83d421ae7951183831,b0f6b2b269f6ef460646341d92937744bd9d40b4a9d01e6f858111890e3010d4,jhtvs-ft0806-sp-v3,T2_wB97X-D3_def2-TZVPD_SMD_energy_SP_v1,not_applicable,8,3000,1.74,ready,
SP0429,smd_energy_sp,A005_Q0_M2,S015,runs/orca/sp/SP0429/SP0429.inp,7d4a0d80d7245f5e6c63c8fcd6aa7810b644102890cb8ead645b00bac39d9800,tier1:redox:A005:S015:q0:m2,401b9687edf100dc9d20ebe9fe0af91870ddfffe2dcef64682d0517d0fc100f8,05dbdeea7d49eff66852393bde536a0453ee8596c7067b7556fa2f596a73e926,250b11e3df7588ed3e8e16a830801c1df7ed9954eede0a83d421ae7951183831,779cdc3dbbafce02f7afd8d225a23edcf05f8b923664e9fbeb3094ae01559581,jhtvs-ft0806-sp-v3,T2_wB97X-D3_def2-TZVPD_SMD_energy_SP_v1,not_applicable,8,3000,1.74,ready,
SP0430,smd_energy_sp,A005_QM1_M1,S015,runs/orca/sp/SP0430/SP0430.inp,205a6a37cb1aa2d5cf380153a1c8cc31a43117de794d936c63e2b36e79aedee9,tier1:redox:A005:S015:q-1:m1,a74842081b2f3cb5c6601d8efcd8b491bc01059497aca60995faaed50c6a5d24,05dbdeea7d49eff66852393bde536a0453ee8596c7067b7556fa2f596a73e926,250b11e3df7588ed3e8e16a830801c1df7ed9954eede0a83d421ae7951183831,4f9e3e7a7211684b9b9527b23de69e91cdeec3edd73b43d3bfb47923e78f5f4e,jhtvs-ft0806-sp-v3,T2_wB97X-D3_def2-TZVPD_SMD_energy_SP_v1,not_applicable,8,3000,1.74,ready,
SP0431,smd_energy_sp,A009_Q0_M2,S015,runs/orca/sp/SP0431/SP0431.inp,241c87e76db19d428690df434c7db9a2752c288670a2b87709ef1dd48862cf95,tier1:redox:A009:S015:q0:m2,036dbdac50360a5cb037521bf076851649479ec4d34599d5ac1dc5f2fe80baa7,05dbdeea7d49eff66852393bde536a0453ee8596c7067b7556fa2f596a73e926,250b11e3df7588ed3e8e16a830801c1df7ed9954eede0a83d421ae7951183831,dc6ea80e1b249d8933d685c4499525c01bcef6ab774e3b68c53e480a1d0ad29a,jhtvs-ft0806-sp-v3,T2_wB97X-D3_def2-TZVPD_SMD_energy_SP_v1,not_applicable,8,3000,1.74,ready,
SP0432,smd_energy_sp,A009_QM1_M1,S015,runs/orca/sp/SP0432/SP0432.inp,94a399be999182678670a1f9eefeebedea0495aeca99a5e9eea931f5421f2617,tier1:redox:A009:S015:q-1:m1,fe6e7fbf1aef53dc940962d1621c97b08e93e90c06f2eecb3d9184d80a6b7a30,05dbdeea7d49eff66852393bde536a0453ee8596c7067b7556fa2f596a73e926,250b11e3df7588ed3e8e16a830801c1df7ed9954eede0a83d421ae7951183831,3b645e42285d519e8a04c336a1a6556dca94a0f64b733ce33a5acc963b20a916,jhtvs-ft0806-sp-v3,T2_wB97X-D3_def2-TZVPD_SMD_energy_SP_v1,not_applicable,8,3000,1.74,ready,
SP0433,smd_energy_sp,D001_QP2_M1,S015,runs/orca/sp/SP0433/SP0433.inp,f47d3d85101efbf8d56e80f753c50cba046943db4f94638198259848545faaf1,surrogate:sigma_preopt:D001:S015:q2:m1,6639a1556ec0fb2492b0dfc778fe6f22e7649ecccb765fb06087e3ee5b42e3dd,05dbdeea7d49eff66852393bde536a0453ee8596c7067b7556fa2f596a73e926,250b11e3df7588ed3e8e16a830801c1df7ed9954eede0a83d421ae7951183831,9e54b064a2fa1a5ff4ae12ca01f7cfb44c0bb24423e08287091c76966f1b7a12,jhtvs-ft0806-sp-v3,T2_wB97X-D3_def2-TZVPD_SMD_energy_SP_v1,not_applicable,8,3000,4.22,ready,
SP0434,smd_energy_sp,D022_QP2_M1,S015,runs/orca/sp/SP0434/SP0434.inp,f46236b79bdd7fe0ec877b1f7f4eafa66e3d46d529effc24ae92c470011d6178,surrogate:sigma_preopt:D022:S015:q2:m1,18efad02fa2335aa6ca21d2488e9eb5087eeb1045a8bfa346a57bf1947859e55,05dbdeea7d49eff66852393bde536a0453ee8596c7067b7556fa2f596a73e926,250b11e3df7588ed3e8e16a830801c1df7ed9954eede0a83d421ae7951183831,18e43ac0caaf4806b04cc026aa522627362180a8fcf2c04283e2a0136e7de443,jhtvs-ft0806-sp-v3,T2_wB97X-D3_def2-TZVPD_SMD_energy_SP_v1,not_applicable,8,3000,4.22,ready,
SP0435,smd_energy_sp,D027_QP2_M1,S015,runs/orca/sp/SP0435/SP0435.inp,41ce18cd7d5d125de3883868bcc64a7ebb9175dacb0c297f3e0ad3391c0aa9aa,surrogate:sigma_preopt:D027:S015:q2:m1,f13c824d462e19f7698e60f14106fe34aa318cafe35bcc52c92f225036c61b72,05dbdeea7d49eff66852393bde536a0453ee8596c7067b7556fa2f596a73e926,250b11e3df7588ed3e8e16a830801c1df7ed9954eede0a83d421ae7951183831,9475867b1d53de18a78bfe9790ed3260447dcac2051239bddce15f3f5e475c4f,jhtvs-ft0806-sp-v3,T2_wB97X-D3_def2-TZVPD_SMD_energy_SP_v1,not_applicable,8,3000,4.22,ready,
SP0436,smd_energy_sp,D042_QP2_M1,S015,runs/orca/sp/SP0436/SP0436.inp,3a728f6c3a13122e96eaf35f4efe87144ecaf69812d4b2f2500ad39852d24645,surrogate:sigma_preopt:D042:S015:q2:m1,0f1320e6ef97c53c0af35de2fa10bc04824eff6ee9093437977447aa06bf78fe,05dbdeea7d49eff66852393bde536a0453ee8596c7067b7556fa2f596a73e926,250b11e3df7588ed3e8e16a830801c1df7ed9954eede0a83d421ae7951183831,b055bbba7b9ee1f492be1cee53c5255716ccd33a4ea8a77e8b220dfb85e77eaf,jhtvs-ft0806-sp-v3,T2_wB97X-D3_def2-TZVPD_SMD_energy_SP_v1,not_applicable,8,3000,4.22,ready,
SP0437,smd_energy_sp,D055_QP2_M1,S015,runs/orca/sp/SP0437/SP0437.inp,ebb4bdcc30058086a876b7307cd2ab126bb3b344cf140d11265c476f6502a081,surrogate:sigma_preopt:D055:S015:q2:m1,793ce0a14e141a5b6a0b7f9ea2141c6baf89b2030a6618aac3153fdf5fe08c8d,05dbdeea7d49eff66852393bde536a0453ee8596c7067b7556fa2f596a73e926,250b11e3df7588ed3e8e16a830801c1df7ed9954eede0a83d421ae7951183831,ecbcc346a49af61d111ae5230f38a49d3bbd9844aafc9d7a7e827ce213033adf,jhtvs-ft0806-sp-v3,T2_wB97X-D3_def2-TZVPD_SMD_energy_SP_v1,not_applicable,8,3000,4.22,ready,
SP0438,smd_energy_sp,D089_QP2_M1,S015,runs/orca/sp/SP0438/SP0438.inp,c36013564f742959b80e2b5858fa451a61a061ab19b8f833ab7fe2532e317508,surrogate:sigma_preopt:D089:S015:q2:m1,8793eb5bb526552d7161e117e4332e3b3d9133b75754781e308c203b57044b6e,05dbdeea7d49eff66852393bde536a0453ee8596c7067b7556fa2f596a73e926,250b11e3df7588ed3e8e16a830801c1df7ed9954eede0a83d421ae7951183831,d917ae2dc32ed593a5cec3b6b7e1663cefd1cb1e6c6d67f2739e327c223118b7,jhtvs-ft0806-sp-v3,T2_wB97X-D3_def2-TZVPD_SMD_energy_SP_v1,not_applicable,8,3000,4.22,ready,
SP0439,smd_energy_sp,M001_Q0_M1,S015,runs/orca/sp/SP0439/SP0439.inp,a3816802e7a92945064ba5e036b58103a6ae0debfc88571074da654851c5699b,tier1:redox:M001:S015:q0:m1,4c459960e91ffeb6d180b3ca44b4249875c412c1c4293fd320805964efe14a19,05dbdeea7d49eff66852393bde536a0453ee8596c7067b7556fa2f596a73e926,250b11e3df7588ed3e8e16a830801c1df7ed9954eede0a83d421ae7951183831,f60ecc8331560b62b420dce299fbadafc25f3efa9bb76d8cb60c79efa14525c0,jhtvs-ft0806-sp-v3,T2_wB97X-D3_def2-TZVPD_SMD_energy_SP_v1,not_applicable,8,3000,1.74,ready,
SP0440,smd_energy_sp,M001_QP1_M2,S015,runs/orca/sp/SP0440/SP0440.inp,2a2cfa302b861e6e42915091dcfe18674615008120f0b8ac53070d545158a007,tier1:redox:M001:S015:q1:m2,d690116cb4c95481934aab568ce55143dd67ae100923205c565c6ce2766e86ec,05dbdeea7d49eff66852393bde536a0453ee8596c7067b7556fa2f596a73e926,250b11e3df7588ed3e8e16a830801c1df7ed9954eede0a83d421ae7951183831,5c5f72196446a37585947e627bcc2ac687bb5a2426e7dbda3e598eb3697071af,jhtvs-ft0806-sp-v3,T2_wB97X-D3_def2-TZVPD_SMD_energy_SP_v1,not_applicable,8,3000,1.74,ready,
SP0441,smd_energy_sp,M022_Q0_M1,S015,runs/orca/sp/SP0441/SP0441.inp,b4c4e7666498f5d80bf7da6562ded9acbb79f78a4ff9242447e875afa145b331,tier1:redox:M022:S015:q0:m1,b2fd47376ec0a993a9845435cf228f632665956f21380cb913f2bb4d3283b8b7,05dbdeea7d49eff66852393bde536a0453ee8596c7067b7556fa2f596a73e926,250b11e3df7588ed3e8e16a830801c1df7ed9954eede0a83d421ae7951183831,255d581eb4c2238366a53a96938015a0dc7987a5016277164372fb1278a7d092,jhtvs-ft0806-sp-v3,T2_wB97X-D3_def2-TZVPD_SMD_energy_SP_v1,not_applicable,8,3000,1.74,ready,
SP0442,smd_energy_sp,M022_QP1_M2,S015,runs/orca/sp/SP0442/SP0442.inp,f92fb71c45fed1e96a3628a72202ea133e5f7b5f096486e87a7c1f251f489e5d,tier1:redox:M022:S015:q1:m2,2546e9f53bc29d1b98952f6127dbbf91fd5cdb01b4aaabd50d69afa7e7322f4b,05dbdeea7d49eff66852393bde536a0453ee8596c7067b7556fa2f596a73e926,250b11e3df7588ed3e8e16a830801c1df7ed9954eede0a83d421ae7951183831,bc782be07e9317777815f911c2711d3639c23c9b10110e70f549fb2d113b4018,jhtvs-ft0806-sp-v3,T2_wB97X-D3_def2-TZVPD_SMD_energy_SP_v1,not_applicable,8,3000,1.74,ready,
SP0443,smd_energy_sp,M027_Q0_M1,S015,runs/orca/sp/SP0443/SP0443.inp,d656682dbce7f119e01509cf04f5a4a713eb6f4732c4504d383c558feb99de62,tier1:redox:M027:S015:q0:m1,a87b3e7ae1ee29836cdc2c73fc38dfbf1ba41a2815e86ae923b2255f5cca5bab,05dbdeea7d49eff66852393bde536a0453ee8596c7067b7556fa2f596a73e926,250b11e3df7588ed3e8e16a830801c1df7ed9954eede0a83d421ae7951183831,c3fb9dc1e8c35ca85c031c98c4437251bb2d059baee24bed820b4a68fc94a284,jhtvs-ft0806-sp-v3,T2_wB97X-D3_def2-TZVPD_SMD_energy_SP_v1,not_applicable,8,3000,1.74,ready,
SP0444,smd_energy_sp,M027_QP1_M2,S015,runs/orca/sp/SP0444/SP0444.inp,647e339a777da3da2d442401d752a15f70162035eb5254b7f8fac9ba4a2a50d9,tier1:redox:M027:S015:q1:m2,000b94d82c1c14ba42848de3ecac46d649e7a5e8edc6d9ea8402f7d44557c009,05dbdeea7d49eff66852393bde536a0453ee8596c7067b7556fa2f596a73e926,250b11e3df7588ed3e8e16a830801c1df7ed9954eede0a83d421ae7951183831,4eab26eae2fc2d743f870c2b50917c4565038f008a533de1d1fd62fdca08c458,jhtvs-ft0806-sp-v3,T2_wB97X-D3_def2-TZVPD_SMD_energy_SP_v1,not_applicable,8,3000,1.74,ready,
SP0445,smd_energy_sp,M042_Q0_M1,S015,runs/orca/sp/SP0445/SP0445.inp,82689fc5baefb3a080e781699ef7f40e0a297f3b2a57c2c225733d11a84b1d2d,tier1:redox:M042:S015:q0:m1,8ee55f3b6e08097822ca64c91ab58a54298170f4ea858ffd4bd3c879f8b8b88e,05dbdeea7d49eff66852393bde536a0453ee8596c7067b7556fa2f596a73e926,250b11e3df7588ed3e8e16a830801c1df7ed9954eede0a83d421ae7951183831,ea85b836d9a2e7a241dde1fe08c384e18c02351d4723b8951773f44acda525cd,jhtvs-ft0806-sp-v3,T2_wB97X-D3_def2-TZVPD_SMD_energy_SP_v1,not_applicable,8,3000,1.74,ready,
SP0446,smd_energy_sp,M042_QP1_M2,S015,runs/orca/sp/SP0446/SP0446.inp,f4c0de0a65f36fb8de506607735ecd6cf1b97c123c4fee9b3dedded5a1cbe455,tier1:redox:M042:S015:q1:m2,bfe3ab5a849b7dacdb33c6e93d0f963ceb3042388e50d3913b0207c79bcc8e5e,05dbdeea7d49eff66852393bde536a0453ee8596c7067b7556fa2f596a73e926,250b11e3df7588ed3e8e16a830801c1df7ed9954eede0a83d421ae7951183831,42652341879c5dafb30dfc5a5f28b71a4c044aa2886397b048f0fda704a9607b,jhtvs-ft0806-sp-v3,T2_wB97X-D3_def2-TZVPD_SMD_energy_SP_v1,not_applicable,8,3000,1.74,ready,
SP0447,smd_energy_sp,M055_Q0_M1,S015,runs/orca/sp/SP0447/SP0447.inp,c8a6f3bea0f16719f9b70d5f24659e50c89303bcec19d86fd96912ab890c1baa,tier1:redox:M055:S015:q0:m1,fbb3f7d3fa35eb9872f1aec6fbb8515971e451c27de47c12d9e3cacefaedf212,05dbdeea7d49eff66852393bde536a0453ee8596c7067b7556fa2f596a73e926,250b11e3df7588ed3e8e16a830801c1df7ed9954eede0a83d421ae7951183831,005a602c4f5b1e3b9d97309221477d3af29e0ca42b136e52554cf938b56655b8,jhtvs-ft0806-sp-v3,T2_wB97X-D3_def2-TZVPD_SMD_energy_SP_v1,not_applicable,8,3000,1.74,ready,
SP0448,smd_energy_sp,M055_QP1_M2,S015,runs/orca/sp/SP0448/SP0448.inp,1f4880b40c33fa0ee6fd7744d71c2d2ccb094e0a3421bbbf24bbf61bfb602f62,tier1:redox:M055:S015:q1:m2,e569ea20fc1d5f7c28ccee774958b1eddae4c98da87a41cb4b88b975fb3dff1b,05dbdeea7d49eff66852393bde536a0453ee8596c7067b7556fa2f596a73e926,250b11e3df7588ed3e8e16a830801c1df7ed9954eede0a83d421ae7951183831,01823d17124400a757897e65f35cab03b381484df0744a062f1c97bcb5b52415,jhtvs-ft0806-sp-v3,T2_wB97X-D3_def2-TZVPD_SMD_energy_SP_v1,not_applicable,8,3000,1.74,ready,
SP0449,smd_energy_sp,M069_Q0_M1,S015,runs/orca/sp/SP0449/SP0449.inp,5d2ed3b676a4e2225ec2e57097bea0cf3e509a72e1776839c60ed194f52a1be6,tier1:redox:M069:S015:q0:m1,1f48b8f7962206684ce63f5617137e9f7f19054de8e7b9fbabb53d19ee27cf6e,05dbdeea7d49eff66852393bde536a0453ee8596c7067b7556fa2f596a73e926,250b11e3df7588ed3e8e16a830801c1df7ed9954eede0a83d421ae7951183831,bc4bd7ac09fa3982a0158eaad0a6dc0c44debab6465aac96b76bbf9ab0278dbc,jhtvs-ft0806-sp-v3,T2_wB97X-D3_def2-TZVPD_SMD_energy_SP_v1,not_applicable,8,3000,1.74,ready,
SP0450,smd_energy_sp,M069_QP1_M2,S015,runs/orca/sp/SP0450/SP0450.inp,32be6e272a7f789e2691553e035222ba3bdc4232377b25de61e52aa28b348979,tier1:redox:M069:S015:q1:m2,d78d874a34c71864c68dcc0ae246e06b4a643a876c50864ffda86f8d3c0397cc,05dbdeea7d49eff66852393bde536a0453ee8596c7067b7556fa2f596a73e926,250b11e3df7588ed3e8e16a830801c1df7ed9954eede0a83d421ae7951183831,5419376aa4665eb2804b53f30a6d3cc1f943ac10c50a0e38393969c8573e2680,jhtvs-ft0806-sp-v3,T2_wB97X-D3_def2-TZVPD_SMD_energy_SP_v1,not_applicable,8,3000,1.74,ready,
SP0451,smd_energy_sp,M084_Q0_M1,S015,runs/orca/sp/SP0451/SP0451.inp,d2085582fd8c1512a94e646cc324a6e285b918b77f09d244309a0e39cf4c4f39,tier1:redox:M084:S015:q0:m1,9995f640eb3bcff6081d8a02fefd3aa620005e89e97498f706fe11f614748621,05dbdeea7d49eff66852393bde536a0453ee8596c7067b7556fa2f596a73e926,250b11e3df7588ed3e8e16a830801c1df7ed9954eede0a83d421ae7951183831,1f35c639e84283d301497e2e6cf2ec5590ab838e3604d3f9839fd3bfb972c84e,jhtvs-ft0806-sp-v3,T2_wB97X-D3_def2-TZVPD_SMD_energy_SP_v1,not_applicable,8,3000,1.74,ready,
SP0452,smd_energy_sp,M084_QP1_M2,S015,runs/orca/sp/SP0452/SP0452.inp,274aa9b6cea2c9c60254ec3edd7199e21b8301b79fcd0be58df4ab4d1347369a,tier1:redox:M084:S015:q1:m2,2771ab2738da20a791a15b9e9a9dc35670d3c635a7dfae1d46f31ce001d6c1bc,05dbdeea7d49eff66852393bde536a0453ee8596c7067b7556fa2f596a73e926,250b11e3df7588ed3e8e16a830801c1df7ed9954eede0a83d421ae7951183831,4bb87b069dfbd105a4b79974bbd069cbf3f6e4fcf5e15661bcd05e4307cb3626,jhtvs-ft0806-sp-v3,T2_wB97X-D3_def2-TZVPD_SMD_energy_SP_v1,not_applicable,8,3000,1.74,ready,
SP0453,smd_energy_sp,M089_Q0_M1,S015,runs/orca/sp/SP0453/SP0453.inp,caa27817c0dcd2cb5702bbca7228e48bb77a731b83fca853f231a4f142d06f8d,tier1:redox:M089:S015:q0:m1,321400931aab7638369a5f283f67db29bf81ad1eca1c06242a2a5b048653a9fb,05dbdeea7d49eff66852393bde536a0453ee8596c7067b7556fa2f596a73e926,250b11e3df7588ed3e8e16a830801c1df7ed9954eede0a83d421ae7951183831,b30a13f263b22e4f67d325000dfabdc3ea96f7ef6ff8d2b743c719221f971f53,jhtvs-ft0806-sp-v3,T2_wB97X-D3_def2-TZVPD_SMD_energy_SP_v1,not_applicable,8,3000,1.74,ready,
SP0454,smd_energy_sp,M089_QP1_M2,S015,runs/orca/sp/SP0454/SP0454.inp,0eccd33360f800aa9dba3b71128c17b2774256eeaac2db32aba6c808c1551fb6,tier1:redox:M089:S015:q1:m2,132685828c099d3f0a47e8ffa1875ccdca93a7da8feefcf0646e3650706fb589,05dbdeea7d49eff66852393bde536a0453ee8596c7067b7556fa2f596a73e926,250b11e3df7588ed3e8e16a830801c1df7ed9954eede0a83d421ae7951183831,c97053218c1192f6fd60a3789b4486ae9c8f7f5ba2f6d65c1d3ea59034ce19b5,jhtvs-ft0806-sp-v3,T2_wB97X-D3_def2-TZVPD_SMD_energy_SP_v1,not_applicable,8,3000,1.74,ready,
SP0455,smd_energy_sp,S015_Q0_M1,S015,runs/orca/sp/SP0455/SP0455.inp,d4137793b6790b8b949bfedcaf1c8416077141dee66a353023e78fa6f60e3cfc,tier1:redox:S015:S015:q0:m1,d9d6ece01e4dd6fb3340b2e60ec62824d0a7c63e46be0dd6bfbd4014a0fc51a0,05dbdeea7d49eff66852393bde536a0453ee8596c7067b7556fa2f596a73e926,250b11e3df7588ed3e8e16a830801c1df7ed9954eede0a83d421ae7951183831,eaf063b43c32615e33b119cbcfa4084b6080052246c333352988876c73c5b150,jhtvs-ft0806-sp-v3,T2_wB97X-D3_def2-TZVPD_SMD_energy_SP_v1,not_applicable,8,3000,1.74,ready,
SP0456,smd_energy_sp,S015_QP1_M2,S015,runs/orca/sp/SP0456/SP0456.inp,01ee1bfde9cc704e9e2d6c1e471a3af2d0a2c2261e4c2d07650442801652f3e9,tier1:redox:S015:S015:q1:m2,00e81b385ee04441a4088d25ccdf9b810349ecc4944b93641e51550b0ac726f5,05dbdeea7d49eff66852393bde536a0453ee8596c7067b7556fa2f596a73e926,250b11e3df7588ed3e8e16a830801c1df7ed9954eede0a83d421ae7951183831,d7bc7659c1e96398ce90824804e294dd3376f589ff5d3f610dbcaab947afe904,jhtvs-ft0806-sp-v3,T2_wB97X-D3_def2-TZVPD_SMD_energy_SP_v1,not_applicable,8,3000,1.74,ready,
SP0457,smd_energy_sp,A002_Q0_M2,S016,runs/orca/sp/SP0457/SP0457.inp,e3a6b03098c2bc65abce4f611bddd004486f87c49bef800d680c9829bdbe2c6d,tier1:redox:A002:S016:q0:m2,8b38344bca5ef8269a31c265647e2560a3cef5ee5d70c7ba9fd0af2dc241e008,52547a40ce41486a7fe9d4c90401a978aec516425cb5f231668ef5b77905b868,45b71b41a4ba5a7cd7d6908d95ea1f83b8e85bd4eb374d3df0b2f5b333cb5d52,1f143b3ae8518d32b254de9ab83b698708453d78f9b8f76863f65553b3eb9daf,jhtvs-ft0806-sp-v3,T2_wB97X-D3_def2-TZVPD_SMD_energy_SP_v1,not_applicable,8,3000,1.74,ready,
SP0458,smd_energy_sp,A002_QM1_M1,S016,runs/orca/sp/SP0458/SP0458.inp,e36e9aaafa44548d5ff4a51ec7959c19e2aadb6a779bfe47a5ea526d5fa93a00,tier1:redox:A002:S016:q-1:m1,9b3026b63a50780b71bd233cb1830d8185374d68bfb865e6d07cf386be5fc67e,52547a40ce41486a7fe9d4c90401a978aec516425cb5f231668ef5b77905b868,45b71b41a4ba5a7cd7d6908d95ea1f83b8e85bd4eb374d3df0b2f5b333cb5d52,fcc4c148ce6fc759d4a4d2f0ec43fcda4496697b5e506fbeec2d599a680ba428,jhtvs-ft0806-sp-v3,T2_wB97X-D3_def2-TZVPD_SMD_energy_SP_v1,not_applicable,8,3000,1.74,ready,
SP0459,smd_energy_sp,A005_Q0_M2,S016,runs/orca/sp/SP0459/SP0459.inp,602214e819e39dd3d63df4dd3fa8461c68f36e5fc33eff88ec736b234ca29cf2,tier1:redox:A005:S016:q0:m2,595af1708ffc813682fd3c2af5ee80ef02f8ee45d0d718a6334e04da4a76328f,52547a40ce41486a7fe9d4c90401a978aec516425cb5f231668ef5b77905b868,45b71b41a4ba5a7cd7d6908d95ea1f83b8e85bd4eb374d3df0b2f5b333cb5d52,d2328d54c25d7e09728826c9f3c5b37d30fdbe99c828aeaa4870439447658deb,jhtvs-ft0806-sp-v3,T2_wB97X-D3_def2-TZVPD_SMD_energy_SP_v1,not_applicable,8,3000,1.74,ready,
SP0460,smd_energy_sp,A005_QM1_M1,S016,runs/orca/sp/SP0460/SP0460.inp,8427bde2565c53019140c44f2018894953b8421854ac433f7d3331fdcfa6fc32,tier1:redox:A005:S016:q-1:m1,9981daaec3d8498d96eb64aa1bed27d2e32e6ab3817c249bb3e42ad9994d6ff8,52547a40ce41486a7fe9d4c90401a978aec516425cb5f231668ef5b77905b868,45b71b41a4ba5a7cd7d6908d95ea1f83b8e85bd4eb374d3df0b2f5b333cb5d52,7016d3712fc055b3f6c98e169a5eec62d4706d03ac0022ec7d3b18087b02f803,jhtvs-ft0806-sp-v3,T2_wB97X-D3_def2-TZVPD_SMD_energy_SP_v1,not_applicable,8,3000,1.74,ready,
SP0461,smd_energy_sp,A006_Q0_M2,S016,runs/orca/sp/SP0461/SP0461.inp,5273d8fe6e134a72102dd56d0ddb83bc18abdc9f24d9546675832e219c364479,tier1:redox:A006:S016:q0:m2,f463017c978eb3816fc2ddf10a0947d489ba5566cf1eca2f012c38f18de06144,52547a40ce41486a7fe9d4c90401a978aec516425cb5f231668ef5b77905b868,45b71b41a4ba5a7cd7d6908d95ea1f83b8e85bd4eb374d3df0b2f5b333cb5d52,c2dfa538b25f3ebf05b7312b4c7624f7ebdc14d88802cca201a3c439588b6079,jhtvs-ft0806-sp-v3,T2_wB97X-D3_def2-TZVPD_SMD_energy_SP_v1,not_applicable,8,3000,1.74,ready,
SP0462,smd_energy_sp,A006_QM1_M1,S016,runs/orca/sp/SP0462/SP0462.inp,7510e860b6083519771b7406e98d64627debcb57e1e20e0e73aa0832bc767734,tier1:redox:A006:S016:q-1:m1,e9a2a1b8a02c0b58a1227fb5899fc94955b71a61cd1c5f391f7492d79a6ab803,52547a40ce41486a7fe9d4c90401a978aec516425cb5f231668ef5b77905b868,45b71b41a4ba5a7cd7d6908d95ea1f83b8e85bd4eb374d3df0b2f5b333cb5d52,4c543ad243dfbaa18a2cf3e562e8e37a4ec6699f4134aadceae4e7ed540cd9a2,jhtvs-ft0806-sp-v3,T2_wB97X-D3_def2-TZVPD_SMD_energy_SP_v1,not_applicable,8,3000,1.74,ready,
SP0463,smd_energy_sp,D007_QP2_M1,S016,runs/orca/sp/SP0463/SP0463.inp,d1e6dbeb74633906db9debafb4a00e2d5b4b6ba8a5ba9ac2e872f0a4a6e4de33,surrogate:sigma_preopt:D007:S016:q2:m1,2f82a50b2f366c622f57867713ee8b618c40ac1376577f8e1f671d05daaefae3,52547a40ce41486a7fe9d4c90401a978aec516425cb5f231668ef5b77905b868,45b71b41a4ba5a7cd7d6908d95ea1f83b8e85bd4eb374d3df0b2f5b333cb5d52,bea0b1e00ffb82457656fe56326b0edf181d786b2f7e13987c06757d8201c438,jhtvs-ft0806-sp-v3,T2_wB97X-D3_def2-TZVPD_SMD_energy_SP_v1,not_applicable,8,3000,4.22,ready,
SP0464,smd_energy_sp,D022_QP2_M1,S016,runs/orca/sp/SP0464/SP0464.inp,9878fd1f1ed1fb60b3c0d56d3dd28e9d82953107de6a93a824835305544c792a,surrogate:sigma_preopt:D022:S016:q2:m1,6182053be4352b6e099dbca30ef7d7efab6e7d4bf3490b0c39855b70c1a459b6,52547a40ce41486a7fe9d4c90401a978aec516425cb5f231668ef5b77905b868,45b71b41a4ba5a7cd7d6908d95ea1f83b8e85bd4eb374d3df0b2f5b333cb5d52,2834cd957c2d4d75c21dfaae90ebcc9337b65e9f3e3ae4f7e4dbf913efda4a90,jhtvs-ft0806-sp-v3,T2_wB97X-D3_def2-TZVPD_SMD_energy_SP_v1,not_applicable,8,3000,4.22,ready,
SP0465,smd_energy_sp,D027_QP2_M1,S016,runs/orca/sp/SP0465/SP0465.inp,09dc335062de932a0958241b8b64a0abc290d96f77ec06a5cd54f247f41c30d4,surrogate:sigma_preopt:D027:S016:q2:m1,b72c1cdedd4c7892331005d0e872861393bce43513d67b0686f56ced2febdc16,52547a40ce41486a7fe9d4c90401a978aec516425cb5f231668ef5b77905b868,45b71b41a4ba5a7cd7d6908d95ea1f83b8e85bd4eb374d3df0b2f5b333cb5d52,be4bf78b9758d3d94dc35da7595338a3c94a1100aba1547b2355bfb328495371,jhtvs-ft0806-sp-v3,T2_wB97X-D3_def2-TZVPD_SMD_energy_SP_v1,not_applicable,8,3000,4.22,ready,
SP0466,smd_energy_sp,D058_QP2_M1,S016,runs/orca/sp/SP0466/SP0466.inp,397447e454b17fb0da7403be200501b38d0196cc1d311a2f1579543cda998773,surrogate:sigma_preopt:D058:S016:q2:m1,1585e6393a03373b46a31f9dee92f207e25e5c8a75bd911c27ec910a7b1396a2,52547a40ce41486a7fe9d4c90401a978aec516425cb5f231668ef5b77905b868,45b71b41a4ba5a7cd7d6908d95ea1f83b8e85bd4eb374d3df0b2f5b333cb5d52,c46e2f339245e502b1a76fce4d413e1c8e9e6fd7437333d8466eb4a84b310a40,jhtvs-ft0806-sp-v3,T2_wB97X-D3_def2-TZVPD_SMD_energy_SP_v1,not_applicable,8,3000,4.22,ready,
SP0467,smd_energy_sp,D070_QP2_M1,S016,runs/orca/sp/SP0467/SP0467.inp,c00ddddbec21d76a54b89fc76311f3db549374499a46ab47fc4e547becce4f18,surrogate:sigma_preopt:D070:S016:q2:m1,1d0083b9c0ad3179e2583eba62846fca26ceecffefcb0a398be99ed872934a96,52547a40ce41486a7fe9d4c90401a978aec516425cb5f231668ef5b77905b868,45b71b41a4ba5a7cd7d6908d95ea1f83b8e85bd4eb374d3df0b2f5b333cb5d52,9ffc1d8e1de21d4a63a5cc7f1b98039f5ebd3aa2369b81730c19783bcbfafeb9,jhtvs-ft0806-sp-v3,T2_wB97X-D3_def2-TZVPD_SMD_energy_SP_v1,not_applicable,8,3000,4.22,ready,
SP0468,smd_energy_sp,D084_QP2_M1,S016,runs/orca/sp/SP0468/SP0468.inp,7cf39d4a99daedcf78f5181817a81bad7bdaf39de4b444fe56314f4bfec40afa,surrogate:sigma_preopt:D084:S016:q2:m1,2c9e32a7784a1a45398ad3236076354c225dcd5f6f8bd08f957dad359e110572,52547a40ce41486a7fe9d4c90401a978aec516425cb5f231668ef5b77905b868,45b71b41a4ba5a7cd7d6908d95ea1f83b8e85bd4eb374d3df0b2f5b333cb5d52,72e205011e7b7c0d37fc5491787e0ae581c61d9edbb5af0aaaf5ae27410aa5d5,jhtvs-ft0806-sp-v3,T2_wB97X-D3_def2-TZVPD_SMD_energy_SP_v1,not_applicable,8,3000,4.22,ready,
SP0469,smd_energy_sp,M007_Q0_M1,S016,runs/orca/sp/SP0469/SP0469.inp,bce578782b72401c0294577f216fa1ca9c0d6ce2986e29c9698286e41e9ff0bf,tier1:redox:M007:S016:q0:m1,54e7d79387530729c9d115bf65b184b937f220055229f539bc23fb432b1bab04,52547a40ce41486a7fe9d4c90401a978aec516425cb5f231668ef5b77905b868,45b71b41a4ba5a7cd7d6908d95ea1f83b8e85bd4eb374d3df0b2f5b333cb5d52,1e1d3a17adad19e8d29ff06e0952b191cdad96de281ba8f0594735d0f35a3d09,jhtvs-ft0806-sp-v3,T2_wB97X-D3_def2-TZVPD_SMD_energy_SP_v1,not_applicable,8,3000,1.74,ready,
SP0470,smd_energy_sp,M007_QP1_M2,S016,runs/orca/sp/SP0470/SP0470.inp,4df49efec41239eec630f8f82f0d64a63fe91316a3225028eb9075896c35518d,tier1:redox:M007:S016:q1:m2,2f16f3a1bb890c19a389972f4274dfbb4e259ff52fa7733a616949d1ed7f2a31,52547a40ce41486a7fe9d4c90401a978aec516425cb5f231668ef5b77905b868,45b71b41a4ba5a7cd7d6908d95ea1f83b8e85bd4eb374d3df0b2f5b333cb5d52,53e37bebe1e2e4ba259e76a2c85eb21e86d6ed3dc5a0a1e240a621c0765c48da,jhtvs-ft0806-sp-v3,T2_wB97X-D3_def2-TZVPD_SMD_energy_SP_v1,not_applicable,8,3000,1.74,ready,
SP0471,smd_energy_sp,M022_Q0_M1,S016,runs/orca/sp/SP0471/SP0471.inp,094beb7c849f0365072c6b089c3f84a5ab412f52600c7ddc10f98832e5d2e584,tier1:redox:M022:S016:q0:m1,327651e7fd1c3f4780d668e30691b63583df10a5e0b814caad14640d43c94779,52547a40ce41486a7fe9d4c90401a978aec516425cb5f231668ef5b77905b868,45b71b41a4ba5a7cd7d6908d95ea1f83b8e85bd4eb374d3df0b2f5b333cb5d52,09fee458f630379f1001a1a10ada5beb32c457b6404486f6d101589e7b7806cf,jhtvs-ft0806-sp-v3,T2_wB97X-D3_def2-TZVPD_SMD_energy_SP_v1,not_applicable,8,3000,1.74,ready,
SP0472,smd_energy_sp,M022_QP1_M2,S016,runs/orca/sp/SP0472/SP0472.inp,74374a60f7f794e961e39ed2c1226220e08b55a3ba739428816d2d842509cbad,tier1:redox:M022:S016:q1:m2,4ccf739a2ccc682795a33afd01823d31c56e607aa7f7462dd3145732e9c55501,52547a40ce41486a7fe9d4c90401a978aec516425cb5f231668ef5b77905b868,45b71b41a4ba5a7cd7d6908d95ea1f83b8e85bd4eb374d3df0b2f5b333cb5d52,3fc0f33a2ba46cab167ba9837190cbdcee1d9a8a81d8e8298cc43dbbfaf489f9,jhtvs-ft0806-sp-v3,T2_wB97X-D3_def2-TZVPD_SMD_energy_SP_v1,not_applicable,8,3000,1.74,ready,
SP0473,smd_energy_sp,M027_QP1_M2,S016,runs/orca/sp/SP0473/SP0473.inp,1b95e6b0c67af7c54e639c37087e7f180ce5051c8733dffdeb5273eabfd74b97,tier1:redox:M027:S016:q1:m2,f3d2afc57f8ce4aad525751bfa8afe93a762e8e1ad92876354caee5aa401af5f,52547a40ce41486a7fe9d4c90401a978aec516425cb5f231668ef5b77905b868,45b71b41a4ba5a7cd7d6908d95ea1f83b8e85bd4eb374d3df0b2f5b333cb5d52,1d6beae2d09544215a00e9d1acdafc2950ef0102759bdc7ab76e5aa89ef0ee94,jhtvs-ft0806-sp-v3,T2_wB97X-D3_def2-TZVPD_SMD_energy_SP_v1,not_applicable,8,3000,1.74,ready,
SP0474,smd_energy_sp,M047_Q0_M1,S016,runs/orca/sp/SP0474/SP0474.inp,21e9d93acabf9d76dd570c807c6e5247e6a95a7ed90b26d6af54a455c9a7dadf,tier1:redox:M047:S016:q0:m1,2f228a8657a7999ac8e6d40c615079b545657c611a37a92f7e4398b7f18c5bd4,52547a40ce41486a7fe9d4c90401a978aec516425cb5f231668ef5b77905b868,45b71b41a4ba5a7cd7d6908d95ea1f83b8e85bd4eb374d3df0b2f5b333cb5d52,049b059c0aa05a3247dc1a7c94bcfb08bf735744eddc36df37fb3ade9744663e,jhtvs-ft0806-sp-v3,T2_wB97X-D3_def2-TZVPD_SMD_energy_SP_v1,not_applicable,8,3000,1.74,ready,
SP0475,smd_energy_sp,M047_QP1_M2,S016,runs/orca/sp/SP0475/SP0475.inp,b786054813397fee0cab9d5089a8e943a2c5af5db097b9fc871c136080ccb48b,tier1:redox:M047:S016:q1:m2,e262837280b0706e7e5bd1fa68d07a9fc8fe29f23826624a643ebf67ba0669ce,52547a40ce41486a7fe9d4c90401a978aec516425cb5f231668ef5b77905b868,45b71b41a4ba5a7cd7d6908d95ea1f83b8e85bd4eb374d3df0b2f5b333cb5d52,db3cc0f595e8f0b08325bfb0898cb55658467ce3a62fd113af5c91f275517ac2,jhtvs-ft0806-sp-v3,T2_wB97X-D3_def2-TZVPD_SMD_energy_SP_v1,not_applicable,8,3000,1.74,ready,
SP0476,smd_energy_sp,M058_Q0_M1,S016,runs/orca/sp/SP0476/SP0476.inp,3197e75417a22222e886a940128a02b70c230af289ddbbb94cab93f0e6e6d7bb,tier1:redox:M058:S016:q0:m1,bc47bf497d0aa0b0fef80a2c1ef409cc75bedf8598d3ad08969b54705be3dd49,52547a40ce41486a7fe9d4c90401a978aec516425cb5f231668ef5b77905b868,45b71b41a4ba5a7cd7d6908d95ea1f83b8e85bd4eb374d3df0b2f5b333cb5d52,6490c01c7bd6068c8058bae4c2184f8c333799a9177fe6583d38b118713e3be3,jhtvs-ft0806-sp-v3,T2_wB97X-D3_def2-TZVPD_SMD_energy_SP_v1,not_applicable,8,3000,1.74,ready,
SP0477,smd_energy_sp,M058_QP1_M2,S016,runs/orca/sp/SP0477/SP0477.inp,f81536d3357495585a07745bf730729ffc386da567eeb107b18d56dc2ca4372e,tier1:redox:M058:S016:q1:m2,0a519950653f8771eecfd578f01fe54259cc80055a08d84def85ae76053b239c,52547a40ce41486a7fe9d4c90401a978aec516425cb5f231668ef5b77905b868,45b71b41a4ba5a7cd7d6908d95ea1f83b8e85bd4eb374d3df0b2f5b333cb5d52,90eae2a59885ea2df405cfd001988d85ea04143844c0506f941c9ebdaaf47068,jhtvs-ft0806-sp-v3,T2_wB97X-D3_def2-TZVPD_SMD_energy_SP_v1,not_applicable,8,3000,1.74,ready,
SP0478,smd_energy_sp,M070_Q0_M1,S016,runs/orca/sp/SP0478/SP0478.inp,3443c5ecf651508fcfc6c55b111aefcddea8e478d8342b1ce333d172f01be14c,tier1:redox:M070:S016:q0:m1,7b2f6c8b4ebbe6e40bd38378be01ec4a1e5a1da1c2125e60c076481f73c75c6e,52547a40ce41486a7fe9d4c90401a978aec516425cb5f231668ef5b77905b868,45b71b41a4ba5a7cd7d6908d95ea1f83b8e85bd4eb374d3df0b2f5b333cb5d52,9cd7c8adc73d56cfad518c8d810d730025021f8480bfccbb5f6ce65eb72c02ef,jhtvs-ft0806-sp-v3,T2_wB97X-D3_def2-TZVPD_SMD_energy_SP_v1,not_applicable,8,3000,1.74,ready,
SP0479,smd_energy_sp,M070_QP1_M2,S016,runs/orca/sp/SP0479/SP0479.inp,bfe85ad8265b5b64a88d45c54cec8f383bbca0632c6e67d326d7a9d58ef47ef1,tier1:redox:M070:S016:q1:m2,fb7b316df9b84d0ae22a1b22c14ad7a469d14b4482fbcac774ee3dc61f115073,52547a40ce41486a7fe9d4c90401a978aec516425cb5f231668ef5b77905b868,45b71b41a4ba5a7cd7d6908d95ea1f83b8e85bd4eb374d3df0b2f5b333cb5d52,05953d4824fabf985af7a4f005e342ea7f704e4f95006febcf27d1efbcb13e96,jhtvs-ft0806-sp-v3,T2_wB97X-D3_def2-TZVPD_SMD_energy_SP_v1,not_applicable,8,3000,1.74,ready,
SP0480,smd_energy_sp,M083_Q0_M1,S016,runs/orca/sp/SP0480/SP0480.inp,38986681df79cbd5572b8bec54a33ad99c6a74108b32d65e39ac2da8bcb94d45,tier1:redox:M083:S016:q0:m1,b6a9fdd67c415037c201494aae8ba050b0ab15e1b806c0d2908010eb6565e23b,52547a40ce41486a7fe9d4c90401a978aec516425cb5f231668ef5b77905b868,45b71b41a4ba5a7cd7d6908d95ea1f83b8e85bd4eb374d3df0b2f5b333cb5d52,164e5a5f5fd8066ac6496a303780686a1702a738215bca7812275eb3591d9d87,jhtvs-ft0806-sp-v3,T2_wB97X-D3_def2-TZVPD_SMD_energy_SP_v1,not_applicable,8,3000,1.74,ready,
SP0481,smd_energy_sp,M083_QP1_M2,S016,runs/orca/sp/SP0481/SP0481.inp,26211ce7b201373beb94f4e698dbb38679a98d96c8700e56387c562cc88e8e10,tier1:redox:M083:S016:q1:m2,09b21abbf6e118e68510ed26aefb82f53ea907ae66d6709ba5fd998ffe9b8ef2,52547a40ce41486a7fe9d4c90401a978aec516425cb5f231668ef5b77905b868,45b71b41a4ba5a7cd7d6908d95ea1f83b8e85bd4eb374d3df0b2f5b333cb5d52,cdfcf658254f1f57fcac8bfbd20e8e5db8e8b6c6aef7386246700b4e6cca998b,jhtvs-ft0806-sp-v3,T2_wB97X-D3_def2-TZVPD_SMD_energy_SP_v1,not_applicable,8,3000,1.74,ready,
SP0482,smd_energy_sp,M084_Q0_M1,S016,runs/orca/sp/SP0482/SP0482.inp,4ec82e1cf4f849655522d9dece396647600b3787dcdc1503a7860fee1bc64b33,tier1:redox:M084:S016:q0:m1,a8e5ba0a8b45c17e6fbab79dd330ecad4c7d1e2bdb8d7b8ea5f5f8a905a81d8d,52547a40ce41486a7fe9d4c90401a978aec516425cb5f231668ef5b77905b868,45b71b41a4ba5a7cd7d6908d95ea1f83b8e85bd4eb374d3df0b2f5b333cb5d52,bcfe8fe2fe8c593fe0b2a2231546767234a19a7212e797579e1e041ba81db2b9,jhtvs-ft0806-sp-v3,T2_wB97X-D3_def2-TZVPD_SMD_energy_SP_v1,not_applicable,8,3000,1.74,ready,
SP0483,smd_energy_sp,M084_QP1_M2,S016,runs/orca/sp/SP0483/SP0483.inp,4d2ad40fda5ea09ca010a3145ddfde35e0a21928aa9f288fa9b16791cc03386b,tier1:redox:M084:S016:q1:m2,bbd6fb827694cd18bda2e741a56261339147c824be54fce0e0b5d18280a14fa0,52547a40ce41486a7fe9d4c90401a978aec516425cb5f231668ef5b77905b868,45b71b41a4ba5a7cd7d6908d95ea1f83b8e85bd4eb374d3df0b2f5b333cb5d52,bf790546cfd62b4efe8a3439e61c2ca9ef4e0b3e259b7446e586e79601e984d0,jhtvs-ft0806-sp-v3,T2_wB97X-D3_def2-TZVPD_SMD_energy_SP_v1,not_applicable,8,3000,1.74,ready,
SP0484,smd_energy_sp,S016_Q0_M1,S016,runs/orca/sp/SP0484/SP0484.inp,8fc71c3392d8d185964668e86017f3a87ae50f9a801fa638e6ab7a39ae11a374,tier1:redox:S016:S016:q0:m1,dd0a79977434fdd07fcd3de0c98b642c17b198aed08bb5d9e535ad3d22b03569,52547a40ce41486a7fe9d4c90401a978aec516425cb5f231668ef5b77905b868,45b71b41a4ba5a7cd7d6908d95ea1f83b8e85bd4eb374d3df0b2f5b333cb5d52,aa2ed0a57c10603a669a466d41a03ab5bb832c1711c5c8895091030b0a25b375,jhtvs-ft0806-sp-v3,T2_wB97X-D3_def2-TZVPD_SMD_energy_SP_v1,not_applicable,8,3000,1.74,ready,
SP0485,smd_energy_sp,S016_QP1_M2,S016,runs/orca/sp/SP0485/SP0485.inp,1da2bbb0f5ec8e16b62312804e33897fe5228f0387672833c048d1ef0be7be9a,tier1:redox:S016:S016:q1:m2,9456af08642f962cfb675f0504aa22ea49eb751f5db35f66fb58fafa607446d8,52547a40ce41486a7fe9d4c90401a978aec516425cb5f231668ef5b77905b868,45b71b41a4ba5a7cd7d6908d95ea1f83b8e85bd4eb374d3df0b2f5b333cb5d52,b65e4b6ecfb50cddfcd0b4659af75328b3a2e9ac699e327a422d60c7da3e3b52,jhtvs-ft0806-sp-v3,T2_wB97X-D3_def2-TZVPD_SMD_energy_SP_v1,not_applicable,8,3000,1.74,ready,
SP0486,smd_energy_sp,A002_Q0_M2,S017,runs/orca/sp/SP0486/SP0486.inp,71ad94eb37675796d05a1fcc61c2d62b4f3cbb2969ded9daabb3196a81c6f71d,tier1:redox:A002:S017:q0:m2,d8bb42ec8ec22c4af2329ffaf10e144d8a3f3188e0a99e07f25ce80f366c52d0,6dd988edb26c90d3fe035c8ae74f8e63336d90c9a3a4324caadf46c12b91c02e,1dda48776c318e0509679fb60584571ea415cd30241f2845dd815ced49d9a036,1042284d526853438b55abee68b6c2426f84c839fab8d2800ee149c6b6e7e7f9,jhtvs-ft0806-sp-v3,T2_wB97X-D3_def2-TZVPD_SMD_energy_SP_v1,not_applicable,8,3000,1.74,ready,
SP0487,smd_energy_sp,A002_QM1_M1,S017,runs/orca/sp/SP0487/SP0487.inp,8399341862bffe180123a74e89a0df71bae7f854917a58bb1e814363e6692410,tier1:redox:A002:S017:q-1:m1,237b010df545897f0dcb7c49abeb601581adef79c31e0c038af394467e117235,6dd988edb26c90d3fe035c8ae74f8e63336d90c9a3a4324caadf46c12b91c02e,1dda48776c318e0509679fb60584571ea415cd30241f2845dd815ced49d9a036,0af2b7cf04484252b02dfc6afea7fee1d5919768ea6497847310d0dbfc4e6f7f,jhtvs-ft0806-sp-v3,T2_wB97X-D3_def2-TZVPD_SMD_energy_SP_v1,not_applicable,8,3000,1.74,ready,
SP0488,smd_energy_sp,A003_Q0_M2,S017,runs/orca/sp/SP0488/SP0488.inp,f4f570bb3ee0e67d72e4c93f5989c065edeab9b03c3c883112a71a2896713465,tier1:redox:A003:S017:q0:m2,714211617cc25288304156d2488c4de81ef9ff7c5e10514cf133476b44cf8e37,6dd988edb26c90d3fe035c8ae74f8e63336d90c9a3a4324caadf46c12b91c02e,1dda48776c318e0509679fb60584571ea415cd30241f2845dd815ced49d9a036,82754ed084aecb5cbcf169c370856b5de925285dedf807915908e172427f03ba,jhtvs-ft0806-sp-v3,T2_wB97X-D3_def2-TZVPD_SMD_energy_SP_v1,not_applicable,8,3000,1.74,ready,
SP0489,smd_energy_sp,A003_QM1_M1,S017,runs/orca/sp/SP0489/SP0489.inp,016f5f42def3d06fc44b78c40a44469ca91ec86636b11a5b6c55f3dfa95f50ec,tier1:redox:A003:S017:q-1:m1,c5f2ac4d2e671efe8e622a4f151c77c9de77d4e6509334e38334d992d604632c,6dd988edb26c90d3fe035c8ae74f8e63336d90c9a3a4324caadf46c12b91c02e,1dda48776c318e0509679fb60584571ea415cd30241f2845dd815ced49d9a036,9b0a879cd86eb5bd929d305062f2e4daa04cb037095fbd13cce531d0f22e4b0c,jhtvs-ft0806-sp-v3,T2_wB97X-D3_def2-TZVPD_SMD_energy_SP_v1,not_applicable,8,3000,1.74,ready,
SP0490,smd_energy_sp,A005_Q0_M2,S017,runs/orca/sp/SP0490/SP0490.inp,6f1820595cf4aa3b2488aa5b7246e35ae7aa7b1a1b39f247800d1b97ae2f2afe,tier1:redox:A005:S017:q0:m2,3a730dc1bc20a5967db003d8160338f9bb052b3f718bb134b95a1898a855c7fd,6dd988edb26c90d3fe035c8ae74f8e63336d90c9a3a4324caadf46c12b91c02e,1dda48776c318e0509679fb60584571ea415cd30241f2845dd815ced49d9a036,da7de5b294cbf001f513753d11adcbfd6512b42b5548898f7d45e581911a99d8,jhtvs-ft0806-sp-v3,T2_wB97X-D3_def2-TZVPD_SMD_energy_SP_v1,not_applicable,8,3000,1.74,ready,
SP0491,smd_energy_sp,A005_QM1_M1,S017,runs/orca/sp/SP0491/SP0491.inp,8fa78c5795676fb20643d163c45112da3546d3f62b36545a7d01632ed19e9a4b,tier1:redox:A005:S017:q-1:m1,49b328acc6de0aec3ed84f1363bbe96279ccf7634e8f21880918948c06a56463,6dd988edb26c90d3fe035c8ae74f8e63336d90c9a3a4324caadf46c12b91c02e,1dda48776c318e0509679fb60584571ea415cd30241f2845dd815ced49d9a036,db629979d61068149b0234f7f05beec6789d8da263f01b3899adf965bcb99702,jhtvs-ft0806-sp-v3,T2_wB97X-D3_def2-TZVPD_SMD_energy_SP_v1,not_applicable,8,3000,1.74,ready,
SP0492,smd_energy_sp,A007_Q0_M2,S017,runs/orca/sp/SP0492/SP0492.inp,a2b32d0717ec479df7e75e327d9dbf69f2571148d7c56f7cab7e66fa7156a9e2,tier1:redox:A007:S017:q0:m2,e89a5f13b4526559359349b578360ca4dd02d0b8a827203802b5d48b53fa6351,6dd988edb26c90d3fe035c8ae74f8e63336d90c9a3a4324caadf46c12b91c02e,1dda48776c318e0509679fb60584571ea415cd30241f2845dd815ced49d9a036,101fa4a8502b2b308ff840101be406dbcec2c2d8d73e582957d36d0d979f0472,jhtvs-ft0806-sp-v3,T2_wB97X-D3_def2-TZVPD_SMD_energy_SP_v1,not_applicable,8,3000,1.74,ready,
SP0493,smd_energy_sp,A007_QM1_M1,S017,runs/orca/sp/SP0493/SP0493.inp,6a605c91c756973b2d2712c83e8a523fd33d20110ae998f2261c86d998182c34,tier1:redox:A007:S017:q-1:m1,7c1c695b55a18fbe2f38961c4d7c2abdef451ad0cda5222a9bd491076856e0d9,6dd988edb26c90d3fe035c8ae74f8e63336d90c9a3a4324caadf46c12b91c02e,1dda48776c318e0509679fb60584571ea415cd30241f2845dd815ced49d9a036,fc47a163ff63d0c9f6dfc92753c76bc7a9a6dd12fdef8de39f19dbf5b9f4dc5a,jhtvs-ft0806-sp-v3,T2_wB97X-D3_def2-TZVPD_SMD_energy_SP_v1,not_applicable,8,3000,1.74,ready,
SP0494,smd_energy_sp,A011_Q0_M2,S017,runs/orca/sp/SP0494/SP0494.inp,2a54f98a3c011ea4b78f645f26edc23187cdcfa8e071bd7e6483c9b5b47e1853,tier1:redox:A011:S017:q0:m2,4ef4f79c50ca1be022a9ca3dd5c0a459465049e58668e44e5beb63440a3f12d3,6dd988edb26c90d3fe035c8ae74f8e63336d90c9a3a4324caadf46c12b91c02e,1dda48776c318e0509679fb60584571ea415cd30241f2845dd815ced49d9a036,6d6dc029624b3ed9dc1ba43fc8b4a2f471c448679990c7dfb79e8ca4e492ed25,jhtvs-ft0806-sp-v3,T2_wB97X-D3_def2-TZVPD_SMD_energy_SP_v1,not_applicable,8,3000,1.74,ready,
SP0495,smd_energy_sp,A011_QM1_M1,S017,runs/orca/sp/SP0495/SP0495.inp,5470a8d073de3dc41dbba71657a0b2ef763cf0d643f3752fb42b172a655b5a49,tier1:redox:A011:S017:q-1:m1,e6ae1f1806c7692a1ceacdf6478d0b9af35ba97d86ebd0f6720d0adc1b3856b4,6dd988edb26c90d3fe035c8ae74f8e63336d90c9a3a4324caadf46c12b91c02e,1dda48776c318e0509679fb60584571ea415cd30241f2845dd815ced49d9a036,7ae2515a5f367443cce9f031ab9dcc6544d3fe78671d00a2e5a79f870940f968,jhtvs-ft0806-sp-v3,T2_wB97X-D3_def2-TZVPD_SMD_energy_SP_v1,not_applicable,8,3000,1.74,ready,
SP0496,smd_energy_sp,D022_QP2_M1,S017,runs/orca/sp/SP0496/SP0496.inp,f8f31f4d7e2df4dc6343972ec07edb607b160603ff5d1350a210c986224d5115,surrogate:sigma_preopt:D022:S017:q2:m1,3f3658d00f8ed3f0b4eb957df3fb2fc0be9d33237a246134fde2c59db694ef3a,6dd988edb26c90d3fe035c8ae74f8e63336d90c9a3a4324caadf46c12b91c02e,1dda48776c318e0509679fb60584571ea415cd30241f2845dd815ced49d9a036,4fe1faff57288a57c5fc70a77d16e3899b7650244754f1c77b3aa9dfffdfbb32,jhtvs-ft0806-sp-v3,T2_wB97X-D3_def2-TZVPD_SMD_energy_SP_v1,not_applicable,8,3000,4.22,ready,
SP0497,smd_energy_sp,D024_QP2_M1,S017,runs/orca/sp/SP0497/SP0497.inp,82305e8b3305cd27d07b8681978dd697caec35b8968bcf14d23a414936bd7056,surrogate:sigma_preopt:D024:S017:q2:m1,9e538774b5d9701bbe71cd5dcf4f4bed415c00457ffc2c758da23a3720b5db34,6dd988edb26c90d3fe035c8ae74f8e63336d90c9a3a4324caadf46c12b91c02e,1dda48776c318e0509679fb60584571ea415cd30241f2845dd815ced49d9a036,bd74a3fd339cef60f96b120629f3c87d4200a443951f34afc2ba636e1441912c,jhtvs-ft0806-sp-v3,T2_wB97X-D3_def2-TZVPD_SMD_energy_SP_v1,not_applicable,8,3000,4.22,ready,
SP0498,smd_energy_sp,D027_QP2_M1,S017,runs/orca/sp/SP0498/SP0498.inp,cbf5be5bbfcddc041a12e6275712bbbf30be0197dd5c59cd3d919c0a41ce5827,surrogate:sigma_preopt:D027:S017:q2:m1,5b8738dceafb1370fa3457eaeabf600cb99a6560fe04827623e644940157f10b,6dd988edb26c90d3fe035c8ae74f8e63336d90c9a3a4324caadf46c12b91c02e,1dda48776c318e0509679fb60584571ea415cd30241f2845dd815ced49d9a036,abd2ac263dffdbb321ac55db65c0462278caabef5d2d1bfd7ca720bb218b2868,jhtvs-ft0806-sp-v3,T2_wB97X-D3_def2-TZVPD_SMD_energy_SP_v1,not_applicable,8,3000,4.22,ready,
SP0499,smd_energy_sp,D060_QP2_M1,S017,runs/orca/sp/SP0499/SP0499.inp,196e21dde8f777ae2e0b430232471cfaabd1d56f717015bc9bc9ac31eac57db9,surrogate:sigma_preopt:D060:S017:q2:m1,0658d2420ffc19d60aaad8fe4ec7cace39835a2bf419e05801e47c6f6af107d6,6dd988edb26c90d3fe035c8ae74f8e63336d90c9a3a4324caadf46c12b91c02e,1dda48776c318e0509679fb60584571ea415cd30241f2845dd815ced49d9a036,f01caf7e0654c7a192b7b560ac145c0596328aa7a05c4e7665197d8bc0eb675f,jhtvs-ft0806-sp-v3,T2_wB97X-D3_def2-TZVPD_SMD_energy_SP_v1,not_applicable,8,3000,4.22,ready,
SP0500,smd_energy_sp,D096_QP2_M1,S017,runs/orca/sp/SP0500/SP0500.inp,f12a26cd62a2dd89821b4ab0cf88655b0e0031555ad2fba515aa1ec0b970e8d9,surrogate:sigma_preopt:D096:S017:q2:m1,22574640c8d11a20ff700ebff460da5bb8f860b9d872823fce104624236fcc57,6dd988edb26c90d3fe035c8ae74f8e63336d90c9a3a4324caadf46c12b91c02e,1dda48776c318e0509679fb60584571ea415cd30241f2845dd815ced49d9a036,7e4d3ed1a3eaf275d515174b642e8be6ec207fc9271993a5f31a2e708a0d383e,jhtvs-ft0806-sp-v3,T2_wB97X-D3_def2-TZVPD_SMD_energy_SP_v1,not_applicable,8,3000,4.22,ready,
SP0501,smd_energy_sp,M013_Q0_M1,S017,runs/orca/sp/SP0501/SP0501.inp,8aca3999dc2c5c94ef20d9c5b985bf763ba7c648c85187cc9d8421e76c63d0bc,tier1:redox:M013:S017:q0:m1,db574b798c807d2e9b6671abd277bb309c515c1f7763c7c6716c59a3471d3228,6dd988edb26c90d3fe035c8ae74f8e63336d90c9a3a4324caadf46c12b91c02e,1dda48776c318e0509679fb60584571ea415cd30241f2845dd815ced49d9a036,948bca60eece842f5f72ceeba57ecc543df26494043a1ca2250e53b2502e2ab0,jhtvs-ft0806-sp-v3,T2_wB97X-D3_def2-TZVPD_SMD_energy_SP_v1,not_applicable,8,3000,1.74,ready,
SP0502,smd_energy_sp,M013_QP1_M2,S017,runs/orca/sp/SP0502/SP0502.inp,33f38c43673eb6135e4763e5a5469601443fc3cc3f0502f9972411cdb51bf295,tier1:redox:M013:S017:q1:m2,04ecbdc438272f6b8c4cb523656b847c0e919dabba024d1dd7a1d8720ff785be,6dd988edb26c90d3fe035c8ae74f8e63336d90c9a3a4324caadf46c12b91c02e,1dda48776c318e0509679fb60584571ea415cd30241f2845dd815ced49d9a036,cfdf615959e738f683c47e99f3dfead85435a4b939b19b2678856fc54a0307f0,jhtvs-ft0806-sp-v3,T2_wB97X-D3_def2-TZVPD_SMD_energy_SP_v1,not_applicable,8,3000,1.74,ready,
SP0503,smd_energy_sp,M022_Q0_M1,S017,runs/orca/sp/SP0503/SP0503.inp,682592dceb8efdeaa3d2fe45232d34203c54c58d2cf37df68a6d9d56d5015b9b,tier1:redox:M022:S017:q0:m1,0a988ba38c2cb677831f9f0423e576cdea238b4ff152c939fc96824ea46d8c66,6dd988edb26c90d3fe035c8ae74f8e63336d90c9a3a4324caadf46c12b91c02e,1dda48776c318e0509679fb60584571ea415cd30241f2845dd815ced49d9a036,3c60147dd7d006e3273ca2fde877dfbb252ad297370235c9c5e2cf2c43a2c768,jhtvs-ft0806-sp-v3,T2_wB97X-D3_def2-TZVPD_SMD_energy_SP_v1,not_applicable,8,3000,1.74,ready,
SP0504,smd_energy_sp,M022_QP1_M2,S017,runs/orca/sp/SP0504/SP0504.inp,bf7c95615a3311d11d32a42723408c10e0b956a26d46fd7fbbccd53d3f3ef45f,tier1:redox:M022:S017:q1:m2,f52f84ce7f3ef27e85fead01a0602b55ab9a8aa16e999359031c8d87bf61cc5d,6dd988edb26c90d3fe035c8ae74f8e63336d90c9a3a4324caadf46c12b91c02e,1dda48776c318e0509679fb60584571ea415cd30241f2845dd815ced49d9a036,f5a2caf659a5ae7ff9db99649470b39adbeb14160f86117845cfb9adef5aa24c,jhtvs-ft0806-sp-v3,T2_wB97X-D3_def2-TZVPD_SMD_energy_SP_v1,not_applicable,8,3000,1.74,ready,
SP0505,smd_energy_sp,M024_Q0_M1,S017,runs/orca/sp/SP0505/SP0505.inp,7b3ba0173cd081b0cdf4d1223a1c891e88b1f66fca4c6cd08277739dc8a687cd,tier1:redox:M024:S017:q0:m1,268c3bb6e833b5a1b9cd1ca79e8aa5206ffde8fe749ebef925acf0ac2260c15a,6dd988edb26c90d3fe035c8ae74f8e63336d90c9a3a4324caadf46c12b91c02e,1dda48776c318e0509679fb60584571ea415cd30241f2845dd815ced49d9a036,7f7336a267c08527b5614ce88f84f17e84495c426bd5268b2ff932f895bbc14d,jhtvs-ft0806-sp-v3,T2_wB97X-D3_def2-TZVPD_SMD_energy_SP_v1,not_applicable,8,3000,1.74,ready,
SP0506,smd_energy_sp,M024_QP1_M2,S017,runs/orca/sp/SP0506/SP0506.inp,bfea697d9801dc087587c073662639161ad28795c3f066d0b844042f1526fc2a,tier1:redox:M024:S017:q1:m2,cb94bf54a610f043178375b6e55f559df75780a4bbd6775455b8b9c83b634d4a,6dd988edb26c90d3fe035c8ae74f8e63336d90c9a3a4324caadf46c12b91c02e,1dda48776c318e0509679fb60584571ea415cd30241f2845dd815ced49d9a036,5d18ef0edfcf49c5add02e7edcc51ed57533a7925735bc754adeab19ed4cba2c,jhtvs-ft0806-sp-v3,T2_wB97X-D3_def2-TZVPD_SMD_energy_SP_v1,not_applicable,8,3000,1.74,ready,
SP0507,smd_energy_sp,M027_QP1_M2,S017,runs/orca/sp/SP0507/SP0507.inp,c4bc3177f7faaa74f3f14e52478f00ce8030a1eb70c7dad56b3379ab6cb0c9c5,tier1:redox:M027:S017:q1:m2,f0564140fb0db05ce255a3c8fa5687c3fa5d06c67f93852a7d2dbf4b0d790d79,6dd988edb26c90d3fe035c8ae74f8e63336d90c9a3a4324caadf46c12b91c02e,1dda48776c318e0509679fb60584571ea415cd30241f2845dd815ced49d9a036,20f129e76af4a285e1638b429e317fc7294d125ca42a381548812ffd2531cee9,jhtvs-ft0806-sp-v3,T2_wB97X-D3_def2-TZVPD_SMD_energy_SP_v1,not_applicable,8,3000,1.74,ready,
SP0508,smd_energy_sp,M036_Q0_M1,S017,runs/orca/sp/SP0508/SP0508.inp,779126c15207144e2ca51183ecd3a9b6b0ab63953d8ef81004354862d2f8537e,tier1:redox:M036:S017:q0:m1,fc5febb2883cfbbf1394315ef2292349a493f731b724445c7781c363e45094c2,6dd988edb26c90d3fe035c8ae74f8e63336d90c9a3a4324caadf46c12b91c02e,1dda48776c318e0509679fb60584571ea415cd30241f2845dd815ced49d9a036,fea26fe0bf22fda8c12bc863d95bb169f872d9c4cd0e70890783b2e076513899,jhtvs-ft0806-sp-v3,T2_wB97X-D3_def2-TZVPD_SMD_energy_SP_v1,not_applicable,8,3000,1.74,ready,
SP0509,smd_energy_sp,M036_QP1_M2,S017,runs/orca/sp/SP0509/SP0509.inp,8dc6b3826a6682b16d22484273932d43f0875ecb8bf49f022c6d07206e32e523,tier1:redox:M036:S017:q1:m2,428ae8b09382ac89ffc77cf70ba73a30c1c094271e5ff0d1729faedfc933e7c2,6dd988edb26c90d3fe035c8ae74f8e63336d90c9a3a4324caadf46c12b91c02e,1dda48776c318e0509679fb60584571ea415cd30241f2845dd815ced49d9a036,0559f7e975ae5bf2e4004fbfc32961b25e418084ed69788b0abb6959b46dde2c,jhtvs-ft0806-sp-v3,T2_wB97X-D3_def2-TZVPD_SMD_energy_SP_v1,not_applicable,8,3000,1.74,ready,
SP0510,smd_energy_sp,M060_Q0_M1,S017,runs/orca/sp/SP0510/SP0510.inp,80ac373b5d6efdba5405df26d02101b41ff4fa7561174b087bf4ac560ea1e7d3,tier1:redox:M060:S017:q0:m1,6a92ac4d5f4763a8ff7a0398e877e6f5847c09f40ec31a860a0442da43df1cff,6dd988edb26c90d3fe035c8ae74f8e63336d90c9a3a4324caadf46c12b91c02e,1dda48776c318e0509679fb60584571ea415cd30241f2845dd815ced49d9a036,2110c4e4b91ca408f69cdea3e1ddd8052b57d4cf801c2b4515e3c0c9b5843138,jhtvs-ft0806-sp-v3,T2_wB97X-D3_def2-TZVPD_SMD_energy_SP_v1,not_applicable,8,3000,1.74,ready,
SP0511,smd_energy_sp,M060_QP1_M2,S017,runs/orca/sp/SP0511/SP0511.inp,24ef4b4f7ffa094107e4a453275f5e5ca6b12c89ee9e41bd9a52e3b230e3352e,tier1:redox:M060:S017:q1:m2,966e1e0abd2e6e8b63f35f02db3dde5b2ddc26b2f595154ed2d27e568b141555,6dd988edb26c90d3fe035c8ae74f8e63336d90c9a3a4324caadf46c12b91c02e,1dda48776c318e0509679fb60584571ea415cd30241f2845dd815ced49d9a036,a9519cf09312537624b00e6d8e3635f08e64d0bdd8d278a3c831227aa794c989,jhtvs-ft0806-sp-v3,T2_wB97X-D3_def2-TZVPD_SMD_energy_SP_v1,not_applicable,8,3000,1.74,ready,
SP0512,smd_energy_sp,M074_Q0_M1,S017,runs/orca/sp/SP0512/SP0512.inp,9b4f3539c0101c0ba6a5f6ce6f5214bde6825b38b49414c44d12f401c2118bcd,tier1:redox:M074:S017:q0:m1,318f531d3a1b7d42e1186fb9b726a8f68dc766e20b0899eac7ce3accfde0a9ed,6dd988edb26c90d3fe035c8ae74f8e63336d90c9a3a4324caadf46c12b91c02e,1dda48776c318e0509679fb60584571ea415cd30241f2845dd815ced49d9a036,d6a23025060a5de77e33c15621be45cde7f43a197c4a82481f8360405954799d,jhtvs-ft0806-sp-v3,T2_wB97X-D3_def2-TZVPD_SMD_energy_SP_v1,not_applicable,8,3000,1.74,ready,
SP0513,smd_energy_sp,M074_QP1_M2,S017,runs/orca/sp/SP0513/SP0513.inp,ded05a18284cc031d949515ccc8afc1c70150077cfe2494666d4fad3933f7554,tier1:redox:M074:S017:q1:m2,a5ceb5231274de822e4ffcd6ad474720209db7888d22d22964b450a232c2dd98,6dd988edb26c90d3fe035c8ae74f8e63336d90c9a3a4324caadf46c12b91c02e,1dda48776c318e0509679fb60584571ea415cd30241f2845dd815ced49d9a036,e24267c846476a62da1c8a2fca68606c2931988fe0f1283394571901bfc27232,jhtvs-ft0806-sp-v3,T2_wB97X-D3_def2-TZVPD_SMD_energy_SP_v1,not_applicable,8,3000,1.74,ready,
SP0514,smd_energy_sp,M084_Q0_M1,S017,runs/orca/sp/SP0514/SP0514.inp,b6b9dcbc697b3c8c7d2b6615f779480ee8327d2e99c201e4e8720697012c2676,tier1:redox:M084:S017:q0:m1,ef95aa9f0528a6cfe71314b6624b013be771cedb8171df994ec330244e728827,6dd988edb26c90d3fe035c8ae74f8e63336d90c9a3a4324caadf46c12b91c02e,1dda48776c318e0509679fb60584571ea415cd30241f2845dd815ced49d9a036,0016e7baddef4d848007e84410654cf530a4817bc9aafb6635584dea1185a95e,jhtvs-ft0806-sp-v3,T2_wB97X-D3_def2-TZVPD_SMD_energy_SP_v1,not_applicable,8,3000,1.74,ready,
SP0515,smd_energy_sp,M084_QP1_M2,S017,runs/orca/sp/SP0515/SP0515.inp,82cfddf21adea19a57d837b948665064154332df10712bad3d22c556120a678d,tier1:redox:M084:S017:q1:m2,a6a0adb6d446cc04757b971d760718688ce7a37365a6c881b16fcfbc967c8507,6dd988edb26c90d3fe035c8ae74f8e63336d90c9a3a4324caadf46c12b91c02e,1dda48776c318e0509679fb60584571ea415cd30241f2845dd815ced49d9a036,4ca9676586cbc03709247d1f0eaf7e01f8ca6dc5064b91d76d47449869322d60,jhtvs-ft0806-sp-v3,T2_wB97X-D3_def2-TZVPD_SMD_energy_SP_v1,not_applicable,8,3000,1.74,ready,
SP0516,smd_energy_sp,M096_Q0_M1,S017,runs/orca/sp/SP0516/SP0516.inp,3887e64f030838c5027de43863f4ede92403249a316b55473da933117231dd6e,tier1:redox:M096:S017:q0:m1,f458dbe9dac8f22bae6e6c14849e04ed308bf360b92c68a348aedf543bb6bb30,6dd988edb26c90d3fe035c8ae74f8e63336d90c9a3a4324caadf46c12b91c02e,1dda48776c318e0509679fb60584571ea415cd30241f2845dd815ced49d9a036,a0ea03243c8e3fb21f623521c1916b88b2e8b3f8f8d89eb9457f8b15d915c411,jhtvs-ft0806-sp-v3,T2_wB97X-D3_def2-TZVPD_SMD_energy_SP_v1,not_applicable,8,3000,1.74,ready,
SP0517,smd_energy_sp,M096_QP1_M2,S017,runs/orca/sp/SP0517/SP0517.inp,ca36e6be18a6ee702c7dd4b13905e3b94e49ae31f21a4964a9e0d662176dce60,tier1:redox:M096:S017:q1:m2,b45a5be364e8715f9307ddc6cffdbcccdfc859aa152d96b047c61395eff42334,6dd988edb26c90d3fe035c8ae74f8e63336d90c9a3a4324caadf46c12b91c02e,1dda48776c318e0509679fb60584571ea415cd30241f2845dd815ced49d9a036,9bd195cf249441c49453183cff7dce6327464f1cea964169bad5a0c35fb4cda3,jhtvs-ft0806-sp-v3,T2_wB97X-D3_def2-TZVPD_SMD_energy_SP_v1,not_applicable,8,3000,1.74,ready,
SP0518,smd_energy_sp,S017_Q0_M1,S017,runs/orca/sp/SP0518/SP0518.inp,db12236eb1febf46aef3f89f086f23ab36d4ff04cc5320afaab6a0ed4a06a570,tier1:redox:S017:S017:q0:m1,c3370e476ccbe6ee5f810d62d7897417cd937102fc79eac5861c4294f8ec00f7,6dd988edb26c90d3fe035c8ae74f8e63336d90c9a3a4324caadf46c12b91c02e,1dda48776c318e0509679fb60584571ea415cd30241f2845dd815ced49d9a036,1d07a1c1e801210691edb5ea35caa8b4ee4acf968478994264bb43bbb546e0ac,jhtvs-ft0806-sp-v3,T2_wB97X-D3_def2-TZVPD_SMD_energy_SP_v1,not_applicable,8,3000,1.74,ready,
SP0519,smd_energy_sp,S017_QP1_M2,S017,runs/orca/sp/SP0519/SP0519.inp,dfc543fde4aede7a6123635b0f4285082593811cc7b24606849cf0bf3ee9395e,tier1:redox:S017:S017:q1:m2,641444e1e53300ca2a52e20876fc6c3b1f487c6c052a2effa0e3c58b481342d1,6dd988edb26c90d3fe035c8ae74f8e63336d90c9a3a4324caadf46c12b91c02e,1dda48776c318e0509679fb60584571ea415cd30241f2845dd815ced49d9a036,6383c9dfa79f8fe82300fb2059ee6e07c69a1ec24433edfa365680d195387814,jhtvs-ft0806-sp-v3,T2_wB97X-D3_def2-TZVPD_SMD_energy_SP_v1,not_applicable,8,3000,1.74,ready,
SP0520,smd_energy_sp,A002_Q0_M2,S018,runs/orca/sp/SP0520/SP0520.inp,84c02a45d4e58f05f23ef4e0057ebc6a35933b06893798c12f4af149c823e7af,tier1:redox:A002:S018:q0:m2,59ef8a945d2e96630fd35cfe01bc6daa6da566fad0a44d8a266ade9739cbe23f,3d4d3eb0c57c75fa70ba6672f7c63242a91990ff94349e2191c60e7376e0bfc2,ef569ae7e60dd958377b074d3a6602a23ba3c78b4f658715e97ce39cd4785322,997bf5832d58b5c2e6b30c598a68881b7c1ec93af1d518a65d4b2692887d872d,jhtvs-ft0806-sp-v3,T2_wB97X-D3_def2-TZVPD_SMD_energy_SP_v1,not_applicable,8,3000,1.74,ready,
SP0521,smd_energy_sp,A002_QM1_M1,S018,runs/orca/sp/SP0521/SP0521.inp,4a04ac4c2130ba3f5aaf841c85be2fec507cb7174c1d11f0920c3c72990595dc,tier1:redox:A002:S018:q-1:m1,484f39a50d10992dd399cad1562b657a97aeca66ed256b80f87959db54710a14,3d4d3eb0c57c75fa70ba6672f7c63242a91990ff94349e2191c60e7376e0bfc2,ef569ae7e60dd958377b074d3a6602a23ba3c78b4f658715e97ce39cd4785322,4a074fc146f870284f61d36dfc2491e6da69b9307b540d6ce0ea35d61c3c283e,jhtvs-ft0806-sp-v3,T2_wB97X-D3_def2-TZVPD_SMD_energy_SP_v1,not_applicable,8,3000,1.74,ready,
SP0522,smd_energy_sp,A004_Q0_M2,S018,runs/orca/sp/SP0522/SP0522.inp,76e136abba5a8b35c7f7bdbefacb6a8c7284f0afa7e32660d4084c48b2a22bbf,tier1:redox:A004:S018:q0:m2,ed8337721b15a145cef9852cb4fb3ea465369ffb870037d5920cf3aa8c51bbc3,3d4d3eb0c57c75fa70ba6672f7c63242a91990ff94349e2191c60e7376e0bfc2,ef569ae7e60dd958377b074d3a6602a23ba3c78b4f658715e97ce39cd4785322,d540e34ee77cc40000e0468c22bf9c2238fe7496f7317cde8008c3ae7473f8a2,jhtvs-ft0806-sp-v3,T2_wB97X-D3_def2-TZVPD_SMD_energy_SP_v1,not_applicable,8,3000,1.74,ready,
SP0523,smd_energy_sp,A004_QM1_M1,S018,runs/orca/sp/SP0523/SP0523.inp,611c1110e5d996ec4d562866f5157f9f99b5f8a26d5178e51acb4141addc0ef6,tier1:redox:A004:S018:q-1:m1,c252cba98dc8ba69248d733207fdce63d885deedc9ed5f04a6e4c08bc9282fde,3d4d3eb0c57c75fa70ba6672f7c63242a91990ff94349e2191c60e7376e0bfc2,ef569ae7e60dd958377b074d3a6602a23ba3c78b4f658715e97ce39cd4785322,1c582b3e4476163e0b4fabe40d4a0580b1b96e7472e8c067612825386abe7410,jhtvs-ft0806-sp-v3,T2_wB97X-D3_def2-TZVPD_SMD_energy_SP_v1,not_applicable,8,3000,1.74,ready,
SP0524,smd_energy_sp,A005_Q0_M2,S018,runs/orca/sp/SP0524/SP0524.inp,e6968d0046d036679cf4bc11e43b1c5707b2fd848f8088e2534645b05b5ff23c,tier1:redox:A005:S018:q0:m2,63a5986721e6c25fe20d7a9c14dccfd60aa162a2fffc5e68daa352dbecfc7787,3d4d3eb0c57c75fa70ba6672f7c63242a91990ff94349e2191c60e7376e0bfc2,ef569ae7e60dd958377b074d3a6602a23ba3c78b4f658715e97ce39cd4785322,16bb0a50aa8a4217027526b838d57720ec381d200987c6a585ef37428a65add4,jhtvs-ft0806-sp-v3,T2_wB97X-D3_def2-TZVPD_SMD_energy_SP_v1,not_applicable,8,3000,1.74,ready,
SP0525,smd_energy_sp,A005_QM1_M1,S018,runs/orca/sp/SP0525/SP0525.inp,b88e6ebd3b5307f11c240652b46dced5f4e973673a915e5ebecfe1856069993b,tier1:redox:A005:S018:q-1:m1,cbc1d72a66df7d8a7d9b42043fe7e59dacc9924b85d0ad7431c45e066ee4f331,3d4d3eb0c57c75fa70ba6672f7c63242a91990ff94349e2191c60e7376e0bfc2,ef569ae7e60dd958377b074d3a6602a23ba3c78b4f658715e97ce39cd4785322,36a02bc82df7f26035052f11ab55955e915f360a592b735ec84c6ed51c341647,jhtvs-ft0806-sp-v3,T2_wB97X-D3_def2-TZVPD_SMD_energy_SP_v1,not_applicable,8,3000,1.74,ready,
SP0526,smd_energy_sp,A008_Q0_M2,S018,runs/orca/sp/SP0526/SP0526.inp,de384f32341575f594e34d722b1ad4e1d376408b6cb2bfecd1bb7b476d601ed9,tier1:redox:A008:S018:q0:m2,692a2e5a11d5d2b0bb5bac09ae0b0c51e5699d44462bbec015a653283880f165,3d4d3eb0c57c75fa70ba6672f7c63242a91990ff94349e2191c60e7376e0bfc2,ef569ae7e60dd958377b074d3a6602a23ba3c78b4f658715e97ce39cd4785322,c21733c4e6b1b1df37a4463172e451fdaf29197a219b9d170afdf7edc3646920,jhtvs-ft0806-sp-v3,T2_wB97X-D3_def2-TZVPD_SMD_energy_SP_v1,not_applicable,8,3000,1.74,ready,
SP0527,smd_energy_sp,A008_QM1_M1,S018,runs/orca/sp/SP0527/SP0527.inp,2fa29b05bdd7a34ecab6c22a6952e2bd86bd6fcb4cad96b70dc5167308661e21,tier1:redox:A008:S018:q-1:m1,178ccf029888bd4a194ce2f2bf76f745ecacc6316a7e5c4658713ff7a79a6150,3d4d3eb0c57c75fa70ba6672f7c63242a91990ff94349e2191c60e7376e0bfc2,ef569ae7e60dd958377b074d3a6602a23ba3c78b4f658715e97ce39cd4785322,87b62121681735280222cba7adcfc23df6414db426d00ccde57c9a34217abad5,jhtvs-ft0806-sp-v3,T2_wB97X-D3_def2-TZVPD_SMD_energy_SP_v1,not_applicable,8,3000,1.74,ready,
SP0528,smd_energy_sp,D022_QP2_M1,S018,runs/orca/sp/SP0528/SP0528.inp,b95b675e6aed715a61c0c4d33f4df1f5a9304cdd64900f5beb8432da69199b0e,surrogate:sigma_preopt:D022:S018:q2:m1,6e58a8c1e20d9bde5a0501084e3791183c47a4ff3ecbdae605095024104c5c61,3d4d3eb0c57c75fa70ba6672f7c63242a91990ff94349e2191c60e7376e0bfc2,ef569ae7e60dd958377b074d3a6602a23ba3c78b4f658715e97ce39cd4785322,8d34dbbf235ebf99d2b0b7520601a50e2fe7fdc42f2b698cd4b3cd0c183fdbe9,jhtvs-ft0806-sp-v3,T2_wB97X-D3_def2-TZVPD_SMD_energy_SP_v1,not_applicable,8,3000,4.22,ready,
SP0529,smd_energy_sp,D026_QP2_M1,S018,runs/orca/sp/SP0529/SP0529.inp,9c068496a7e1aa5362cbaac819686d11fb761088ad333d3f1a0057497fce9147,surrogate:sigma_preopt:D026:S018:q2:m1,bf83579b214f8411f278f283c51a85e02e94b6c39d430cadd7d18f2a58565971,3d4d3eb0c57c75fa70ba6672f7c63242a91990ff94349e2191c60e7376e0bfc2,ef569ae7e60dd958377b074d3a6602a23ba3c78b4f658715e97ce39cd4785322,d299c631da56d2338a7898cfc3b362f69a4ba39132eed601dfd7c9aab3270ce9,jhtvs-ft0806-sp-v3,T2_wB97X-D3_def2-TZVPD_SMD_energy_SP_v1,not_applicable,8,3000,4.22,ready,
SP0530,smd_energy_sp,D027_QP2_M1,S018,runs/orca/sp/SP0530/SP0530.inp,1f9eca591a0ae8158ff842b62a864ad5fc6de755c5e9b71c763d6b262409a036,surrogate:sigma_preopt:D027:S018:q2:m1,9da7558a9536687613804810a7eb33503956abbb5bdd02d195bb7775fd940c81,3d4d3eb0c57c75fa70ba6672f7c63242a91990ff94349e2191c60e7376e0bfc2,ef569ae7e60dd958377b074d3a6602a23ba3c78b4f658715e97ce39cd4785322,1b75d009241cdcc1b89629ee793ce0f1526b3eaca23967ad94657898deeb2bd7,jhtvs-ft0806-sp-v3,T2_wB97X-D3_def2-TZVPD_SMD_energy_SP_v1,not_applicable,8,3000,4.22,ready,
SP0531,smd_energy_sp,D038_QP2_M1,S018,runs/orca/sp/SP0531/SP0531.inp,6855f47e85644bc39850f9959368d3bd11b95ebd87f1c434e98396d8d73516c3,surrogate:sigma_preopt:D038:S018:q2:m1,faa73c0b3d165412110f22151e0e768341c5c70aa3a5f6aec6f0d17dd17174fc,3d4d3eb0c57c75fa70ba6672f7c63242a91990ff94349e2191c60e7376e0bfc2,ef569ae7e60dd958377b074d3a6602a23ba3c78b4f658715e97ce39cd4785322,821baeb1697220260bcd42c784b53d452028b0e53892a2546e59c6ecffc0a8aa,jhtvs-ft0806-sp-v3,T2_wB97X-D3_def2-TZVPD_SMD_energy_SP_v1,not_applicable,8,3000,4.22,ready,
SP0532,smd_energy_sp,D077_QP2_M1,S018,runs/orca/sp/SP0532/SP0532.inp,d224082fc0bac7a457f2e612932754fe124b18cd0d37e889f3b09204bfaabad9,surrogate:sigma_preopt:D077:S018:q2:m1,6d1fc6fc48702708a11cbd662d43b73980fa3ba9a0fb4c7f24dad745e7fe3875,3d4d3eb0c57c75fa70ba6672f7c63242a91990ff94349e2191c60e7376e0bfc2,ef569ae7e60dd958377b074d3a6602a23ba3c78b4f658715e97ce39cd4785322,588d90287e779533be6764d659d4abc5b353b0fc714e462b846e7ded5144ff8b,jhtvs-ft0806-sp-v3,T2_wB97X-D3_def2-TZVPD_SMD_energy_SP_v1,not_applicable,8,3000,4.22,ready,
SP0533,smd_energy_sp,D086_QP2_M1,S018,runs/orca/sp/SP0533/SP0533.inp,c107b7f58f25dc006b3e486ab5cb01d602cc0705c9977a36bac86b35d64d693e,surrogate:sigma_preopt:D086:S018:q2:m1,26543b9b7289f1cac794cba929b6f288b55ebc739db92c01ed8a8959824b4853,3d4d3eb0c57c75fa70ba6672f7c63242a91990ff94349e2191c60e7376e0bfc2,ef569ae7e60dd958377b074d3a6602a23ba3c78b4f658715e97ce39cd4785322,7aac18d7ae4027e096e73e8c395efa6f816ce0b393004ce1710e70d84d690d7f,jhtvs-ft0806-sp-v3,T2_wB97X-D3_def2-TZVPD_SMD_energy_SP_v1,not_applicable,8,3000,4.22,ready,
SP0534,smd_energy_sp,M014_Q0_M1,S018,runs/orca/sp/SP0534/SP0534.inp,838251b54833701520be4f9eb57a36cd538f7fa6b0b850f4d5fedd0b902784e2,tier1:redox:M014:S018:q0:m1,1767f1b60d942630e1d44e9e5706a3904c33ef16d1c9577a437d63491b30579e,3d4d3eb0c57c75fa70ba6672f7c63242a91990ff94349e2191c60e7376e0bfc2,ef569ae7e60dd958377b074d3a6602a23ba3c78b4f658715e97ce39cd4785322,0e1b8603f8540205e1a94adce5fc698107bf26a2b3929f9fc643bfccf8cd9805,jhtvs-ft0806-sp-v3,T2_wB97X-D3_def2-TZVPD_SMD_energy_SP_v1,not_applicable,8,3000,1.74,ready,
SP0535,smd_energy_sp,M014_QP1_M2,S018,runs/orca/sp/SP0535/SP0535.inp,519108ed57345ca465a39720779bb4c872cdbfc5ff5f845b084711f24a4ba979,tier1:redox:M014:S018:q1:m2,6dff0a83f40fef4fdcfceb28b9292eecdc09b6d5a1bc4fcd75246d10631396e0,3d4d3eb0c57c75fa70ba6672f7c63242a91990ff94349e2191c60e7376e0bfc2,ef569ae7e60dd958377b074d3a6602a23ba3c78b4f658715e97ce39cd4785322,a22f34330f7f015d885540502725f1c90b94adc84d85a27fc3267dd8e9a22b4c,jhtvs-ft0806-sp-v3,T2_wB97X-D3_def2-TZVPD_SMD_energy_SP_v1,not_applicable,8,3000,1.74,ready,
SP0536,smd_energy_sp,M022_Q0_M1,S018,runs/orca/sp/SP0536/SP0536.inp,560d2e2a499b1f6c681b51f9d588e6c147b65246f59b88aecf71d01c317b2e4e,tier1:redox:M022:S018:q0:m1,eaa40f6cf101e800654d066f897b2661b509ee0dc6205bb8247ce143bc68605e,3d4d3eb0c57c75fa70ba6672f7c63242a91990ff94349e2191c60e7376e0bfc2,ef569ae7e60dd958377b074d3a6602a23ba3c78b4f658715e97ce39cd4785322,fee4e43ba88015e46f0bd554bdcd00db2eb88a2ff873128b06297a5f3cb90bde,jhtvs-ft0806-sp-v3,T2_wB97X-D3_def2-TZVPD_SMD_energy_SP_v1,not_applicable,8,3000,1.74,ready,
SP0537,smd_energy_sp,M022_QP1_M2,S018,runs/orca/sp/SP0537/SP0537.inp,ed7a3dc3e4ed428bf9018aaf6d38c1c7ca0f830959b1c394d6bd7333669e6697,tier1:redox:M022:S018:q1:m2,aca6a6ea5d2aee7a48d53554395000527c7c177cb1eda7812e49ad35e7788849,3d4d3eb0c57c75fa70ba6672f7c63242a91990ff94349e2191c60e7376e0bfc2,ef569ae7e60dd958377b074d3a6602a23ba3c78b4f658715e97ce39cd4785322,737ca462b3de6319c418203961ac505b5692ec53e0d5dca75f737ab6f6e091ea,jhtvs-ft0806-sp-v3,T2_wB97X-D3_def2-TZVPD_SMD_energy_SP_v1,not_applicable,8,3000,1.74,ready,
SP0538,smd_energy_sp,M026_Q0_M1,S018,runs/orca/sp/SP0538/SP0538.inp,478c88bb73725d5183f70af46bdd9a2ce3c8a92205b87feaaa6391ada65c52e0,tier1:redox:M026:S018:q0:m1,29d1e00e67082477a9cf76a1fa99a93ecd418287efdf65ea69d1d12abf0dae6b,3d4d3eb0c57c75fa70ba6672f7c63242a91990ff94349e2191c60e7376e0bfc2,ef569ae7e60dd958377b074d3a6602a23ba3c78b4f658715e97ce39cd4785322,d0d0681f4036ddd83e9d9f47f09753315d74755aabfd6edcdbc6bcbcdb7c7f16,jhtvs-ft0806-sp-v3,T2_wB97X-D3_def2-TZVPD_SMD_energy_SP_v1,not_applicable,8,3000,1.74,ready,
SP0539,smd_energy_sp,M026_QP1_M2,S018,runs/orca/sp/SP0539/SP0539.inp,e4bc5f16e6903a23de15fd1223c69dfffec83c7694ac0f30fa2d948bcca5b8a7,tier1:redox:M026:S018:q1:m2,42a1d9699bcecd2965767c4857190a5e8a332e40fa09ba9f93e42181de6a90cc,3d4d3eb0c57c75fa70ba6672f7c63242a91990ff94349e2191c60e7376e0bfc2,ef569ae7e60dd958377b074d3a6602a23ba3c78b4f658715e97ce39cd4785322,52c1be59f8ddfed9e0cb6b2c6317836890de65a23165f9cd8dab8f97a87d435c,jhtvs-ft0806-sp-v3,T2_wB97X-D3_def2-TZVPD_SMD_energy_SP_v1,not_applicable,8,3000,1.74,ready,
SP0540,smd_energy_sp,M027_QP1_M2,S018,runs/orca/sp/SP0540/SP0540.inp,d9dddf9030a7caa45f6c075041481e613514e6f7f613363f875f17139fcb6a39,tier1:redox:M027:S018:q1:m2,1fff2dbd0fb561fa8ef5841e38983f86ef2cb3e37aba1de92f84f88e213e9141,3d4d3eb0c57c75fa70ba6672f7c63242a91990ff94349e2191c60e7376e0bfc2,ef569ae7e60dd958377b074d3a6602a23ba3c78b4f658715e97ce39cd4785322,f89ac7efdd557085b072cfc2c1fa024bab5b480f7d63ebac982a7cfe24dd0878,jhtvs-ft0806-sp-v3,T2_wB97X-D3_def2-TZVPD_SMD_energy_SP_v1,not_applicable,8,3000,1.74,ready,
SP0541,smd_energy_sp,M038_Q0_M1,S018,runs/orca/sp/SP0541/SP0541.inp,bb301499fade918a876211eb2f1fd4915f3337bf2c476c53b964efdc6b411cd0,tier1:redox:M038:S018:q0:m1,902c35eb59c9f1b4779d18362c4f5aba5985d233a229bc783839a082d1b74e5e,3d4d3eb0c57c75fa70ba6672f7c63242a91990ff94349e2191c60e7376e0bfc2,ef569ae7e60dd958377b074d3a6602a23ba3c78b4f658715e97ce39cd4785322,0a6b3398d4058f07252512e9cb5016a0bcc085b0df6af9c26014da9cd22c6a7f,jhtvs-ft0806-sp-v3,T2_wB97X-D3_def2-TZVPD_SMD_energy_SP_v1,not_applicable,8,3000,1.74,ready,
SP0542,smd_energy_sp,M038_QP1_M2,S018,runs/orca/sp/SP0542/SP0542.inp,f620af804af5ac01c95079332b98cdaee18cba556466894afb89bc88abf83eef,tier1:redox:M038:S018:q1:m2,95d320584b98ab89c343f2e3d7625fe1c3dfd8a052118164c4a12357f6fdde48,3d4d3eb0c57c75fa70ba6672f7c63242a91990ff94349e2191c60e7376e0bfc2,ef569ae7e60dd958377b074d3a6602a23ba3c78b4f658715e97ce39cd4785322,3c0076d57521bc3f3984bca0f7d9f9f9d2bc8ce76ef98b121c4bdf43806aafb8,jhtvs-ft0806-sp-v3,T2_wB97X-D3_def2-TZVPD_SMD_energy_SP_v1,not_applicable,8,3000,1.74,ready,
SP0543,smd_energy_sp,M050_Q0_M1,S018,runs/orca/sp/SP0543/SP0543.inp,9df6e94c003790afab9427d5111ad01b15b3da1ccfd394c5fdd47954277a02e3,tier1:redox:M050:S018:q0:m1,d425f6dc21645b3b27151b5f4e25df002df676ba381973c293cb05e37ae43559,3d4d3eb0c57c75fa70ba6672f7c63242a91990ff94349e2191c60e7376e0bfc2,ef569ae7e60dd958377b074d3a6602a23ba3c78b4f658715e97ce39cd4785322,90841056d0ea493387c065f7f9276a4ede044cb8576cda8371f1c0681f1f6c01,jhtvs-ft0806-sp-v3,T2_wB97X-D3_def2-TZVPD_SMD_energy_SP_v1,not_applicable,8,3000,1.74,ready,
SP0544,smd_energy_sp,M050_QP1_M2,S018,runs/orca/sp/SP0544/SP0544.inp,412753f57967f9e3d0e0ea5e542a7dbdc1495535224434fd5561c2473376fab5,tier1:redox:M050:S018:q1:m2,be13f3fb6931515ce453e037b2dba2c54c410e5f4cef04599d4b54f919a82f98,3d4d3eb0c57c75fa70ba6672f7c63242a91990ff94349e2191c60e7376e0bfc2,ef569ae7e60dd958377b074d3a6602a23ba3c78b4f658715e97ce39cd4785322,59f549164adc7acd947f968cccebd0cceed3f74b54adee762b8099bce22e4d33,jhtvs-ft0806-sp-v3,T2_wB97X-D3_def2-TZVPD_SMD_energy_SP_v1,not_applicable,8,3000,1.74,ready,
SP0545,smd_energy_sp,M077_Q0_M1,S018,runs/orca/sp/SP0545/SP0545.inp,5a4a8fd80d89b8a44e1189ec20b0489eaf6c221ef6699a6860af9ec2685131d7,tier1:redox:M077:S018:q0:m1,2ad6b178fd631b2f78662d2622015c6cdd5a6f7b38039efbe0e4f8ee652aa8d2,3d4d3eb0c57c75fa70ba6672f7c63242a91990ff94349e2191c60e7376e0bfc2,ef569ae7e60dd958377b074d3a6602a23ba3c78b4f658715e97ce39cd4785322,1aefb19dfaf1d5b346f5e7fbccfefdb20ce27ba2d795a212c3aa084f456e6469,jhtvs-ft0806-sp-v3,T2_wB97X-D3_def2-TZVPD_SMD_energy_SP_v1,not_applicable,8,3000,1.74,ready,
SP0546,smd_energy_sp,M077_QP1_M2,S018,runs/orca/sp/SP0546/SP0546.inp,4c9b130f9dbdf95c777425286b34606dfe2831de67c725a944cdc3a051851edd,tier1:redox:M077:S018:q1:m2,e1ed24bbc9176ffccf58c2fd36662a77873c89b630b2caf9e1055a01a51d84b4,3d4d3eb0c57c75fa70ba6672f7c63242a91990ff94349e2191c60e7376e0bfc2,ef569ae7e60dd958377b074d3a6602a23ba3c78b4f658715e97ce39cd4785322,1a760ddefd7e438173618d2f4387d0969e6c48ad73367403d68d54984581efbb,jhtvs-ft0806-sp-v3,T2_wB97X-D3_def2-TZVPD_SMD_energy_SP_v1,not_applicable,8,3000,1.74,ready,
SP0547,smd_energy_sp,M084_Q0_M1,S018,runs/orca/sp/SP0547/SP0547.inp,1de9ba896b99a01668e47f860017bd7f2141c7fd00e86de444727cb3592e4ebe,tier1:redox:M084:S018:q0:m1,11f62de7fe3e3b280c9f3367ed0db3aff423d038aec8faee51900d32b786906e,3d4d3eb0c57c75fa70ba6672f7c63242a91990ff94349e2191c60e7376e0bfc2,ef569ae7e60dd958377b074d3a6602a23ba3c78b4f658715e97ce39cd4785322,840e6b4b9154c9fb89043f85687ef7a8fd617d237a5cc2ed6b06e4717ee2b0a4,jhtvs-ft0806-sp-v3,T2_wB97X-D3_def2-TZVPD_SMD_energy_SP_v1,not_applicable,8,3000,1.74,ready,
SP0548,smd_energy_sp,M084_QP1_M2,S018,runs/orca/sp/SP0548/SP0548.inp,da96e1059746ff61337a1b61a99b0826e73cfbf1d4a39ec56ba745c71e40868d,tier1:redox:M084:S018:q1:m2,1e98bc1279e69060626344ec114fe851e49d0fca87d2ea8a736d4b658635c2b4,3d4d3eb0c57c75fa70ba6672f7c63242a91990ff94349e2191c60e7376e0bfc2,ef569ae7e60dd958377b074d3a6602a23ba3c78b4f658715e97ce39cd4785322,39f9a90741e3b800239e4210e679e67e5ea090eb1aa962765db38e28d5416993,jhtvs-ft0806-sp-v3,T2_wB97X-D3_def2-TZVPD_SMD_energy_SP_v1,not_applicable,8,3000,1.74,ready,
SP0549,smd_energy_sp,M086_Q0_M1,S018,runs/orca/sp/SP0549/SP0549.inp,f2be929d9c76771bd73ed2acbc26848b4d64dd7d3ae03b33d045d7059bdfb0a6,tier1:redox:M086:S018:q0:m1,54edacb821487e1e8004fd0172ff43698b576bc2a960b55703b1bc3d1272bb66,3d4d3eb0c57c75fa70ba6672f7c63242a91990ff94349e2191c60e7376e0bfc2,ef569ae7e60dd958377b074d3a6602a23ba3c78b4f658715e97ce39cd4785322,19a50aa4b710d41f3f75ebf4a8264c830adce32b67eca3b67c60fd0a19b3c498,jhtvs-ft0806-sp-v3,T2_wB97X-D3_def2-TZVPD_SMD_energy_SP_v1,not_applicable,8,3000,1.74,ready,
SP0550,smd_energy_sp,M086_QP1_M2,S018,runs/orca/sp/SP0550/SP0550.inp,539bfd39cec75e0853e37f8295255b3aa5cc972bb0274becab8c0a2e4f1e0538,tier1:redox:M086:S018:q1:m2,ed3aef906dca6bf18d8839ddb9dd71ab40dc120f98df6dc273b876f524398321,3d4d3eb0c57c75fa70ba6672f7c63242a91990ff94349e2191c60e7376e0bfc2,ef569ae7e60dd958377b074d3a6602a23ba3c78b4f658715e97ce39cd4785322,150b065e7370f7446cdbc12f2d149c1f4b0293ce5a59fe2e31c308d89af91dcc,jhtvs-ft0806-sp-v3,T2_wB97X-D3_def2-TZVPD_SMD_energy_SP_v1,not_applicable,8,3000,1.74,ready,
SP0551,smd_energy_sp,M097_Q0_M1,S018,runs/orca/sp/SP0551/SP0551.inp,fa57371b2fbe045469df10d6baac890f6513fa91f46388f773834ebdc9731f6d,tier1:redox:M097:S018:q0:m1,725f7f4fb72c6ffe6a0f2c0d49ec170c16a4e954118b1f2134f082c07e9be539,3d4d3eb0c57c75fa70ba6672f7c63242a91990ff94349e2191c60e7376e0bfc2,ef569ae7e60dd958377b074d3a6602a23ba3c78b4f658715e97ce39cd4785322,a9608a76fa4fd40f01256a0f2d0c99561d3ce381e02ab9bbff820414be3fc491,jhtvs-ft0806-sp-v3,T2_wB97X-D3_def2-TZVPD_SMD_energy_SP_v1,not_applicable,8,3000,1.74,ready,
SP0552,smd_energy_sp,M097_QP1_M2,S018,runs/orca/sp/SP0552/SP0552.inp,d25c2da00eaa0a64c662cea60092ab9bdfc677da29f3b809be3a5b17944a2db4,tier1:redox:M097:S018:q1:m2,afa7d633cf29b9a0270b83ad4df54b260ba8e6b2c107bc083e6418a94de6b31c,3d4d3eb0c57c75fa70ba6672f7c63242a91990ff94349e2191c60e7376e0bfc2,ef569ae7e60dd958377b074d3a6602a23ba3c78b4f658715e97ce39cd4785322,7c149bec0b8b053b129f8db6955a270efaa6c34c10e3006fc9bbbb83e417d91c,jhtvs-ft0806-sp-v3,T2_wB97X-D3_def2-TZVPD_SMD_energy_SP_v1,not_applicable,8,3000,1.74,ready,
SP0553,smd_energy_sp,S018_Q0_M1,S018,runs/orca/sp/SP0553/SP0553.inp,5e1131c7f6d291e72850c73e2cb06a2e99286d7ce3f6dcfee65767f3dad06d51,tier1:redox:S018:S018:q0:m1,d270747734229e431eacc733c15bb3e5bfcb11da7872879acdb8bbdab79f4443,3d4d3eb0c57c75fa70ba6672f7c63242a91990ff94349e2191c60e7376e0bfc2,ef569ae7e60dd958377b074d3a6602a23ba3c78b4f658715e97ce39cd4785322,ce86769d227def8f2c255b42728772a600d3ca585746874a14d1ac66b96e532c,jhtvs-ft0806-sp-v3,T2_wB97X-D3_def2-TZVPD_SMD_energy_SP_v1,not_applicable,8,3000,1.74,ready,
SP0554,smd_energy_sp,S018_QP1_M2,S018,runs/orca/sp/SP0554/SP0554.inp,720acecd0dd1df1d28eb07dd4d535f68813ef75ae6045bf76f8d5c0ee0e0f4a4,tier1:redox:S018:S018:q1:m2,07d2759c5882c9d7c6eca15eff9d79066dfb11e0a348620e1b9f891a8e4a8ba0,3d4d3eb0c57c75fa70ba6672f7c63242a91990ff94349e2191c60e7376e0bfc2,ef569ae7e60dd958377b074d3a6602a23ba3c78b4f658715e97ce39cd4785322,3066495f55416d71733775e4814a00059d1eea4196845ee8080b124fd7ca8d8a,jhtvs-ft0806-sp-v3,T2_wB97X-D3_def2-TZVPD_SMD_energy_SP_v1,not_applicable,8,3000,1.74,ready,
SP0555,smd_energy_sp,A002_Q0_M2,S019,runs/orca/sp/SP0555/SP0555.inp,39349327e98afffda890548b25f5820c8ab84cd39aece0cd20911fae9ff84f85,tier1:redox:A002:S019:q0:m2,a05172d4f3a75b25d8f0a03a40dd05585e1e3e965af72263f2b10bd8e88acd1c,a3facc222d7cc01be926f7a10b2e78391f50547eb26bd65af90c004a5a738e04,69d78d2d4f888ddb9027dcc9606780a007b747a23d25aca70853714127a4e644,6313dca17304f80477c85b6be61213b2634d6f7c4e63e365987689a3756cb535,jhtvs-ft0806-sp-v3,T2_wB97X-D3_def2-TZVPD_SMD_energy_SP_v1,not_applicable,8,3000,1.74,ready,
SP0556,smd_energy_sp,A002_QM1_M1,S019,runs/orca/sp/SP0556/SP0556.inp,8563d7411aac5796725db7aa2feb24987c71c12646fdd8060a9dcc8ec2098aee,tier1:redox:A002:S019:q-1:m1,80043e8fd13e9c1d2cdd9e8ce4ff80cfb3c68e20c6f144ae5409ccb4771f8e9e,a3facc222d7cc01be926f7a10b2e78391f50547eb26bd65af90c004a5a738e04,69d78d2d4f888ddb9027dcc9606780a007b747a23d25aca70853714127a4e644,4dfd2c732e5f178af1a4defb1f52ceaa1dd22c1b245fa356d8ba192b38ddb192,jhtvs-ft0806-sp-v3,T2_wB97X-D3_def2-TZVPD_SMD_energy_SP_v1,not_applicable,8,3000,1.74,ready,
SP0557,smd_energy_sp,A005_Q0_M2,S019,runs/orca/sp/SP0557/SP0557.inp,1d7daefbfc46fddfdf6ff9dc0777971135764f9e86659072ae55371205acfe8f,tier1:redox:A005:S019:q0:m2,3451092a9cbeb1eeb1fe4e6cc6f5a92c6e1c3869b2cf0d930814127ec0a450b4,a3facc222d7cc01be926f7a10b2e78391f50547eb26bd65af90c004a5a738e04,69d78d2d4f888ddb9027dcc9606780a007b747a23d25aca70853714127a4e644,cfcdc71ba4a0b99ef92b49a724f8d02ea5f9fe470eee193d08cbc433ed1bea77,jhtvs-ft0806-sp-v3,T2_wB97X-D3_def2-TZVPD_SMD_energy_SP_v1,not_applicable,8,3000,1.74,ready,
SP0558,smd_energy_sp,A005_QM1_M1,S019,runs/orca/sp/SP0558/SP0558.inp,2288735c590b4eb7f9e8fcc7c7d5faab0d4d85f9b833e4b6fd8878f61cbad21f,tier1:redox:A005:S019:q-1:m1,584c4d1c75fcb34f5118182402ba518616d8a92f829c3e920e9f2108f9104fb5,a3facc222d7cc01be926f7a10b2e78391f50547eb26bd65af90c004a5a738e04,69d78d2d4f888ddb9027dcc9606780a007b747a23d25aca70853714127a4e644,4d6f5df70a20f8dfc641183290425cce8260b29ba80db42bae448c28cecd4a18,jhtvs-ft0806-sp-v3,T2_wB97X-D3_def2-TZVPD_SMD_energy_SP_v1,not_applicable,8,3000,1.74,ready,
SP0559,smd_energy_sp,D022_QP2_M1,S019,runs/orca/sp/SP0559/SP0559.inp,a645bb46d3076f98a53e588ad396c190893876a8faa6b5522410c51066ebbeb2,surrogate:sigma_preopt:D022:S019:q2:m1,40db1e5521244acd86b167d46b3565644263f6555dafd054674959bb9eab41ef,a3facc222d7cc01be926f7a10b2e78391f50547eb26bd65af90c004a5a738e04,69d78d2d4f888ddb9027dcc9606780a007b747a23d25aca70853714127a4e644,1dadcfbb784126926967e286a4f6d9790f4cec5ac243558a7094bc6bfb98c73d,jhtvs-ft0806-sp-v3,T2_wB97X-D3_def2-TZVPD_SMD_energy_SP_v1,not_applicable,8,3000,4.22,ready,
SP0560,smd_energy_sp,D027_QP2_M1,S019,runs/orca/sp/SP0560/SP0560.inp,fb3dcc6618e555a39131e324d9356023c8871a851df28d73dedb08e49a8cda94,surrogate:sigma_preopt:D027:S019:q2:m1,36a0ced2bd557b8b1819f3bf9c0d03306cea01e9dbcf2251e2dae9c25c666983,a3facc222d7cc01be926f7a10b2e78391f50547eb26bd65af90c004a5a738e04,69d78d2d4f888ddb9027dcc9606780a007b747a23d25aca70853714127a4e644,d2da84042992071be3d5b7aadc91a4540f4cd6e90e67a1be09ac0f900e39040d,jhtvs-ft0806-sp-v3,T2_wB97X-D3_def2-TZVPD_SMD_energy_SP_v1,not_applicable,8,3000,4.22,ready,
SP0561,smd_energy_sp,M022_Q0_M1,S019,runs/orca/sp/SP0561/SP0561.inp,1ddb7e789b4402bf9c557de75f35d72ff50ce8fbe510e638332cffbe72c2b3d9,tier1:redox:M022:S019:q0:m1,a63f8e8fcdef0fe46884d08795c9db93d8343b6ab703c35cd85e5117b7dc5174,a3facc222d7cc01be926f7a10b2e78391f50547eb26bd65af90c004a5a738e04,69d78d2d4f888ddb9027dcc9606780a007b747a23d25aca70853714127a4e644,3e1855ede9a787e37c9a122d6bde7e17395caf778e5dcf49ee556861569e42e2,jhtvs-ft0806-sp-v3,T2_wB97X-D3_def2-TZVPD_SMD_energy_SP_v1,not_applicable,8,3000,1.74,ready,
SP0562,smd_energy_sp,M022_QP1_M2,S019,runs/orca/sp/SP0562/SP0562.inp,625717cdd3c150e38991917c8c32925eebd4e6068024f84c433a9ae6a82b221e,tier1:redox:M022:S019:q1:m2,4e08f5c52cefc47cc3b841e4dcd16d7dd4df08299a4f92ac2e3903c52ce94d90,a3facc222d7cc01be926f7a10b2e78391f50547eb26bd65af90c004a5a738e04,69d78d2d4f888ddb9027dcc9606780a007b747a23d25aca70853714127a4e644,e21f5ee833e80fc31b519241a7841d104138344eab45dc8e491dddbe32531607,jhtvs-ft0806-sp-v3,T2_wB97X-D3_def2-TZVPD_SMD_energy_SP_v1,not_applicable,8,3000,1.74,ready,
SP0563,smd_energy_sp,M027_QP1_M2,S019,runs/orca/sp/SP0563/SP0563.inp,af32197963eb3172a31fa516b6c8fbfd34e25b28ca306dcc1b4093e4a59c643e,tier1:redox:M027:S019:q1:m2,5a6560a423fc47e31a7726f37d600e312fb05fa8f67f44af951c5401ee95d034,a3facc222d7cc01be926f7a10b2e78391f50547eb26bd65af90c004a5a738e04,69d78d2d4f888ddb9027dcc9606780a007b747a23d25aca70853714127a4e644,976f64667cd5172aeca0caed5ffca5b648836cdffbb5c4ad302e9cd173591326,jhtvs-ft0806-sp-v3,T2_wB97X-D3_def2-TZVPD_SMD_energy_SP_v1,not_applicable,8,3000,1.74,ready,
SP0564,smd_energy_sp,M084_Q0_M1,S019,runs/orca/sp/SP0564/SP0564.inp,e392042231dece7b16721ecab69ea24fb37048dbb448a23a75f909a96fc61da7,tier1:redox:M084:S019:q0:m1,353a0d6ee401265527dc410605c64832ef6563916dec277bd59ae60b77f07a7a,a3facc222d7cc01be926f7a10b2e78391f50547eb26bd65af90c004a5a738e04,69d78d2d4f888ddb9027dcc9606780a007b747a23d25aca70853714127a4e644,da9b8e8a616dd3960f425f0384b696078613da1bca774b8a71ed9a673ff12b86,jhtvs-ft0806-sp-v3,T2_wB97X-D3_def2-TZVPD_SMD_energy_SP_v1,not_applicable,8,3000,1.74,ready,
SP0565,smd_energy_sp,M084_QP1_M2,S019,runs/orca/sp/SP0565/SP0565.inp,b8e1e5ea50d4a58543ed45cfccd23dd82cc36bad54ff7284386ddbfa170052a2,tier1:redox:M084:S019:q1:m2,3ceb615af272f6aa2065fd06b629607a2061f29f8c8fcecea7985d84b97af8a3,a3facc222d7cc01be926f7a10b2e78391f50547eb26bd65af90c004a5a738e04,69d78d2d4f888ddb9027dcc9606780a007b747a23d25aca70853714127a4e644,76ff9e5d96d975178f539bc12a5bd682cadde58ff2df01f01ec7c600aa283c9d,jhtvs-ft0806-sp-v3,T2_wB97X-D3_def2-TZVPD_SMD_energy_SP_v1,not_applicable,8,3000,1.74,ready,
SP0566,smd_energy_sp,S019_Q0_M1,S019,runs/orca/sp/SP0566/SP0566.inp,0f5fd8e96a58b02090b72d3d7738af9594e807b19e3992fa1b4b80aa112db6a4,tier1:redox:S019:S019:q0:m1,d121490422b318b181dc2e6eacbfb9a83f924fb0b9b10d351a001b26d91a7975,a3facc222d7cc01be926f7a10b2e78391f50547eb26bd65af90c004a5a738e04,69d78d2d4f888ddb9027dcc9606780a007b747a23d25aca70853714127a4e644,f7e0949793cc41617d78238e73fa54441a4864d6b9d2afaa0fc34c5438376caa,jhtvs-ft0806-sp-v3,T2_wB97X-D3_def2-TZVPD_SMD_energy_SP_v1,not_applicable,8,3000,1.74,ready,
SP0567,smd_energy_sp,S019_QP1_M2,S019,runs/orca/sp/SP0567/SP0567.inp,022c679899f7a486a8b612e4e8718b4d58b41021ea571a839622d31ba38bbcfe,tier1:redox:S019:S019:q1:m2,f000fd6305399c667717ac61a4c0a38596f4f1e4bfbec49cdfcc8c727a7d04fa,a3facc222d7cc01be926f7a10b2e78391f50547eb26bd65af90c004a5a738e04,69d78d2d4f888ddb9027dcc9606780a007b747a23d25aca70853714127a4e644,fd93fb9f342313fecea5841dca4087789d7f2f3b49360459b4dd8d1e4db2c1ea,jhtvs-ft0806-sp-v3,T2_wB97X-D3_def2-TZVPD_SMD_energy_SP_v1,not_applicable,8,3000,1.74,ready,
SP0568,smd_energy_sp,A002_Q0_M2,S020,runs/orca/sp/SP0568/SP0568.inp,9639478772a458e76e6db79468d493d8390d28321efcddc3906559b6ede7ab76,tier1:redox:A002:S020:q0:m2,37d329225d49186470c36b3bd8873158fb4ee58324cbddd13642e81926604b2c,3935c21039cdfc5ab28a4b45e91678fe76dc8f6c545a2a554537d470ab2db4ae,d48fe8bbbb3e707d38def27624e11c98a4e3f7cfd40b589390c4f3ef11116750,6dc46353069f4a867d97d02f879a7a9620e370b3e90ffb284bead39a127cf259,jhtvs-ft0806-sp-v3,T2_wB97X-D3_def2-TZVPD_SMD_energy_SP_v1,not_applicable,8,3000,1.74,ready,
SP0569,smd_energy_sp,A002_QM1_M1,S020,runs/orca/sp/SP0569/SP0569.inp,0f5b70d86e12bcb1872fd53b49660182ca526edcfbad96b046065d52c4ba5ded,tier1:redox:A002:S020:q-1:m1,bf2a1b3916f307883d5d0332dedf890e28514b8aa4c5c73faeaa3e4743503734,3935c21039cdfc5ab28a4b45e91678fe76dc8f6c545a2a554537d470ab2db4ae,d48fe8bbbb3e707d38def27624e11c98a4e3f7cfd40b589390c4f3ef11116750,47a206701e6f14ff591eae46443abd43527d759cd44f84fa9aaf2a988f939a99,jhtvs-ft0806-sp-v3,T2_wB97X-D3_def2-TZVPD_SMD_energy_SP_v1,not_applicable,8,3000,1.74,ready,
SP0570,smd_energy_sp,A005_Q0_M2,S020,runs/orca/sp/SP0570/SP0570.inp,f06a62ecc79baa72a6fadf9761ea6296a9ce0e5372c5c147bbc991905c47d5de,tier1:redox:A005:S020:q0:m2,ef86ebf958a1ddb00855e8199e77d751f602179b805240dc446f36db8a2b1bb1,3935c21039cdfc5ab28a4b45e91678fe76dc8f6c545a2a554537d470ab2db4ae,d48fe8bbbb3e707d38def27624e11c98a4e3f7cfd40b589390c4f3ef11116750,7410189ab250d50edab74f848cee811fcf765e2c8ecf3ecd4bcc5913c54ec18d,jhtvs-ft0806-sp-v3,T2_wB97X-D3_def2-TZVPD_SMD_energy_SP_v1,not_applicable,8,3000,1.74,ready,
SP0571,smd_energy_sp,A005_QM1_M1,S020,runs/orca/sp/SP0571/SP0571.inp,839ec5d250ecfcc3206b1d28205010c083b06ee231b27011821e1d5f30d91570,tier1:redox:A005:S020:q-1:m1,87172762704cea11226337e1ff5ce2014b9a1cf3fca3566e45378256a76c374c,3935c21039cdfc5ab28a4b45e91678fe76dc8f6c545a2a554537d470ab2db4ae,d48fe8bbbb3e707d38def27624e11c98a4e3f7cfd40b589390c4f3ef11116750,0f30d9adff0618f680c1662ca7b42158c945becf82398f105a125f3917607a40,jhtvs-ft0806-sp-v3,T2_wB97X-D3_def2-TZVPD_SMD_energy_SP_v1,not_applicable,8,3000,1.74,ready,
SP0572,smd_energy_sp,A010_Q0_M2,S020,runs/orca/sp/SP0572/SP0572.inp,5f6bf036c82249601be2988429eb5e4272c7d6985d0fc37df4c5df9ff3ab7e39,tier1:redox:A010:S020:q0:m2,b46b8e19f4c8a359e3e200afa9e7c8c4e841da39a0016e3961180087a2405d1a,3935c21039cdfc5ab28a4b45e91678fe76dc8f6c545a2a554537d470ab2db4ae,d48fe8bbbb3e707d38def27624e11c98a4e3f7cfd40b589390c4f3ef11116750,c7adacb277adb015eb26badfb6de61bb28fa94f70007bb350fbb1e2e0d1abdaa,jhtvs-ft0806-sp-v3,T2_wB97X-D3_def2-TZVPD_SMD_energy_SP_v1,not_applicable,8,3000,1.74,ready,
SP0573,smd_energy_sp,A010_QM1_M1,S020,runs/orca/sp/SP0573/SP0573.inp,5e46fedf6b9b90b14a281f00f143aa9406c9bc3bc7e02388fead31ca84338060,tier1:redox:A010:S020:q-1:m1,5574979ba1bea685f3ce089c724a20b3aef41dcda3ad0f29df4150ebcd3b4be9,3935c21039cdfc5ab28a4b45e91678fe76dc8f6c545a2a554537d470ab2db4ae,d48fe8bbbb3e707d38def27624e11c98a4e3f7cfd40b589390c4f3ef11116750,3eb3156b7b9f494d33e2f4309c9f857698da8d12c2c48ef4551534829744db03,jhtvs-ft0806-sp-v3,T2_wB97X-D3_def2-TZVPD_SMD_energy_SP_v1,not_applicable,8,3000,1.74,ready,
SP0574,smd_energy_sp,D022_QP2_M1,S020,runs/orca/sp/SP0574/SP0574.inp,2af5a40be1379b69ff2f9fd03d69316316d37664a8449966579efa2c4a07acb4,surrogate:sigma_preopt:D022:S020:q2:m1,46bf7c2f586184876ba6467f27b0d4f7304245da4a16376538fbc5894bcbdf2a,3935c21039cdfc5ab28a4b45e91678fe76dc8f6c545a2a554537d470ab2db4ae,d48fe8bbbb3e707d38def27624e11c98a4e3f7cfd40b589390c4f3ef11116750,13ea54cbecffe57f351545d7414c7a3d0a9410d6396266267c8084f4c6e3e71a,jhtvs-ft0806-sp-v3,T2_wB97X-D3_def2-TZVPD_SMD_energy_SP_v1,not_applicable,8,3000,4.22,ready,
SP0575,smd_energy_sp,D027_QP2_M1,S020,runs/orca/sp/SP0575/SP0575.inp,d4f4399cca108c07ae31de5952566f2ae0a85f7015550be2170a6e71a1c6c8ff,surrogate:sigma_preopt:D027:S020:q2:m1,a6bbafdaf5a33237c77a0a1197ba3925d2f6aed9f24c88bb649fd918615e2ffe,3935c21039cdfc5ab28a4b45e91678fe76dc8f6c545a2a554537d470ab2db4ae,d48fe8bbbb3e707d38def27624e11c98a4e3f7cfd40b589390c4f3ef11116750,4646663cad995084ce256c94b5253695f995882b60021351913b1aab5f379de5,jhtvs-ft0806-sp-v3,T2_wB97X-D3_def2-TZVPD_SMD_energy_SP_v1,not_applicable,8,3000,4.22,ready,
SP0576,smd_energy_sp,D068_QP2_M1,S020,runs/orca/sp/SP0576/SP0576.inp,8dcc223b5f488b9388844556defbdc8079757cf4b87048dcfe6c85ca77021ba1,surrogate:sigma_preopt:D068:S020:q2:m1,84f7dde3fa57c175ebc28f235bca7bda6408db8f28c1f9f37408e842c9a92f41,3935c21039cdfc5ab28a4b45e91678fe76dc8f6c545a2a554537d470ab2db4ae,d48fe8bbbb3e707d38def27624e11c98a4e3f7cfd40b589390c4f3ef11116750,93d5fbe2ed6dff456235411af89dfe14cbf77f83876a86561c54bcb7b77c4f83,jhtvs-ft0806-sp-v3,T2_wB97X-D3_def2-TZVPD_SMD_energy_SP_v1,not_applicable,8,3000,4.22,ready,
SP0577,smd_energy_sp,D078_QP2_M1,S020,runs/orca/sp/SP0577/SP0577.inp,55ffc6c837679009ef4651bc758be40c6a77eed2b28601b1d28805d4ec821397,surrogate:sigma_preopt:D078:S020:q2:m1,c4f8062a4c5a98fe12c055e744a334075e48b84f54cf6412bef30be4c34b4c31,3935c21039cdfc5ab28a4b45e91678fe76dc8f6c545a2a554537d470ab2db4ae,d48fe8bbbb3e707d38def27624e11c98a4e3f7cfd40b589390c4f3ef11116750,653c74d5827c728be4c96c45dfa04455ae48d32db006774eb3809cdd1110d1bd,jhtvs-ft0806-sp-v3,T2_wB97X-D3_def2-TZVPD_SMD_energy_SP_v1,not_applicable,8,3000,4.22,ready,
SP0578,smd_energy_sp,D094_QP2_M1,S020,runs/orca/sp/SP0578/SP0578.inp,24ac485b9f73ad6fe910b10cb83149c11c7e67d1948fc2e3b1746ebc1ad4cb16,surrogate:sigma_preopt:D094:S020:q2:m1,7adac6c6e1841a4dae6b7ffac58ab97b187d4dabc61a256ae3278de2525d673c,3935c21039cdfc5ab28a4b45e91678fe76dc8f6c545a2a554537d470ab2db4ae,d48fe8bbbb3e707d38def27624e11c98a4e3f7cfd40b589390c4f3ef11116750,d69bd50682c8ab26dcda8a04df926edcf24fe5b9691eb62bae303110524b860e,jhtvs-ft0806-sp-v3,T2_wB97X-D3_def2-TZVPD_SMD_energy_SP_v1,not_applicable,8,3000,4.22,ready,
SP0579,smd_energy_sp,M017_Q0_M1,S020,runs/orca/sp/SP0579/SP0579.inp,d8cf60da348546a766caa79ad7968816409e3495ca5ce70df394bc3eaad66d5e,tier1:redox:M017:S020:q0:m1,601d8a06a77de48f3612fdb9a17eb7488782b8891a33eb0f8ca8a8d94f751972,3935c21039cdfc5ab28a4b45e91678fe76dc8f6c545a2a554537d470ab2db4ae,d48fe8bbbb3e707d38def27624e11c98a4e3f7cfd40b589390c4f3ef11116750,9a37c484c17389f3f4dde6978f25230f59aeffefbd68287ff3b4592e0276d7d9,jhtvs-ft0806-sp-v3,T2_wB97X-D3_def2-TZVPD_SMD_energy_SP_v1,not_applicable,8,3000,1.74,ready,
SP0580,smd_energy_sp,M017_QP1_M2,S020,runs/orca/sp/SP0580/SP0580.inp,156711f659b4ca8974bf620378e52940dfe0436fe8714048601712b1b839f13b,tier1:redox:M017:S020:q1:m2,30e0a294dcf5f1305e1987516d3e481386f1d18ba20647ecc65e4a88d70bc89b,3935c21039cdfc5ab28a4b45e91678fe76dc8f6c545a2a554537d470ab2db4ae,d48fe8bbbb3e707d38def27624e11c98a4e3f7cfd40b589390c4f3ef11116750,1960bb9fbf1a1eedf6e660fb6c29131a66a14f22ccbefd4610312559efcfef78,jhtvs-ft0806-sp-v3,T2_wB97X-D3_def2-TZVPD_SMD_energy_SP_v1,not_applicable,8,3000,1.74,ready,
SP0581,smd_energy_sp,M022_Q0_M1,S020,runs/orca/sp/SP0581/SP0581.inp,7ea5a65270c783d43604e96b2efaa3a334ac854a76b31417c92fa05cb4028d25,tier1:redox:M022:S020:q0:m1,851d56f9a7a91265fbf417c447fff7ec88ec90e700066dd4d4a137e78478beaf,3935c21039cdfc5ab28a4b45e91678fe76dc8f6c545a2a554537d470ab2db4ae,d48fe8bbbb3e707d38def27624e11c98a4e3f7cfd40b589390c4f3ef11116750,5604dba896b834c0cfbfdeec05bc5dfaa70e3198b69537f57c2e019ae0189e4e,jhtvs-ft0806-sp-v3,T2_wB97X-D3_def2-TZVPD_SMD_energy_SP_v1,not_applicable,8,3000,1.74,ready,
SP0582,smd_energy_sp,M022_QP1_M2,S020,runs/orca/sp/SP0582/SP0582.inp,d1d36886eb39d70def117c7939c81e4d7e869e4cbfa9ab1f5441d221548c692c,tier1:redox:M022:S020:q1:m2,6653e9851d4c25ca85bb7665dd6a4dfc170adfd658b46f3fce6a4760e33f88ea,3935c21039cdfc5ab28a4b45e91678fe76dc8f6c545a2a554537d470ab2db4ae,d48fe8bbbb3e707d38def27624e11c98a4e3f7cfd40b589390c4f3ef11116750,1bd590ac739ded5889e95645b1927968262588c910cb7c871c1e5124efbb27a2,jhtvs-ft0806-sp-v3,T2_wB97X-D3_def2-TZVPD_SMD_energy_SP_v1,not_applicable,8,3000,1.74,ready,
SP0583,smd_energy_sp,M027_QP1_M2,S020,runs/orca/sp/SP0583/SP0583.inp,2b903fb721eea6033780a6d295268b22a7b07e7bab0fcc770a4f993409ed88e3,tier1:redox:M027:S020:q1:m2,ff13e8c17ab626a7e38e5a8626d9470c7bf854b9bc0bb2c3c53e24fc2fb68371,3935c21039cdfc5ab28a4b45e91678fe76dc8f6c545a2a554537d470ab2db4ae,d48fe8bbbb3e707d38def27624e11c98a4e3f7cfd40b589390c4f3ef11116750,81a390aae6d5150924b4a90acfb4b6c337d5342cba21cbee4f0f369e32a8be6c,jhtvs-ft0806-sp-v3,T2_wB97X-D3_def2-TZVPD_SMD_energy_SP_v1,not_applicable,8,3000,1.74,ready,
SP0584,smd_energy_sp,M031_Q0_M1,S020,runs/orca/sp/SP0584/SP0584.inp,b7cabb34b6725627c77a6632da47f874656cd61f1c0e4b8fb1de956d24b32a4b,tier1:redox:M031:S020:q0:m1,2ff190a0084e0fec8286daa29c6dd13bf5d3175952e1c1a15c393edb3ff1c5d8,3935c21039cdfc5ab28a4b45e91678fe76dc8f6c545a2a554537d470ab2db4ae,d48fe8bbbb3e707d38def27624e11c98a4e3f7cfd40b589390c4f3ef11116750,0901a88d1a87de7dea9c392ea7c2df5246bbde4da92e0e2d64f251b431141c69,jhtvs-ft0806-sp-v3,T2_wB97X-D3_def2-TZVPD_SMD_energy_SP_v1,not_applicable,8,3000,1.74,ready,
SP0585,smd_energy_sp,M031_QP1_M2,S020,runs/orca/sp/SP0585/SP0585.inp,3bd991b83809063e1c86892e688e41dc79363dce4133d48acbe32ea5c887d7e1,tier1:redox:M031:S020:q1:m2,3e3e4bdd9a6c3ddf136221e51a79731eccae1475300091dbc77e3eb5facfe981,3935c21039cdfc5ab28a4b45e91678fe76dc8f6c545a2a554537d470ab2db4ae,d48fe8bbbb3e707d38def27624e11c98a4e3f7cfd40b589390c4f3ef11116750,297ed132d489b0b6dbd4d7a0008e6a6cb98fc29cb523ab387adbd15c4c792551,jhtvs-ft0806-sp-v3,T2_wB97X-D3_def2-TZVPD_SMD_energy_SP_v1,not_applicable,8,3000,1.74,ready,
SP0586,smd_energy_sp,M048_Q0_M1,S020,runs/orca/sp/SP0586/SP0586.inp,f86942932f91eabc9a2fd9cd585704e62a43ced00dff742f918da6822fd42e2a,tier1:redox:M048:S020:q0:m1,d09a9214134518dbade02943e2aa45bccb486204df70c0792e9e87e3bc1298b8,3935c21039cdfc5ab28a4b45e91678fe76dc8f6c545a2a554537d470ab2db4ae,d48fe8bbbb3e707d38def27624e11c98a4e3f7cfd40b589390c4f3ef11116750,fdb00b502a693ccd5297cbef53462c5ee5961b9ddaab3dd25ebd182a01c98794,jhtvs-ft0806-sp-v3,T2_wB97X-D3_def2-TZVPD_SMD_energy_SP_v1,not_applicable,8,3000,1.74,ready,
SP0587,smd_energy_sp,M048_QP1_M2,S020,runs/orca/sp/SP0587/SP0587.inp,e932536aa7ad4cfd159623c8a340bde09f4964cf34cf82d1726149aa06577df5,tier1:redox:M048:S020:q1:m2,bdce8e693e7e074b96a665ef18d801a4178558902d3f7335c836cfb4fb84e4b5,3935c21039cdfc5ab28a4b45e91678fe76dc8f6c545a2a554537d470ab2db4ae,d48fe8bbbb3e707d38def27624e11c98a4e3f7cfd40b589390c4f3ef11116750,ebb3f70e2ec9a02583699494376e82078bcdd51e1ec4f8ce9f6c28e5e3539145,jhtvs-ft0806-sp-v3,T2_wB97X-D3_def2-TZVPD_SMD_energy_SP_v1,not_applicable,8,3000,1.74,ready,
SP0588,smd_energy_sp,M068_Q0_M1,S020,runs/orca/sp/SP0588/SP0588.inp,f2c6273be86411b6de539095305e24256b35243fafb9980098dc59644f7b01f8,tier1:redox:M068:S020:q0:m1,68543ce0a8f8bc02beb995028c20357057897108c7d9799cdf6daf321a830a4d,3935c21039cdfc5ab28a4b45e91678fe76dc8f6c545a2a554537d470ab2db4ae,d48fe8bbbb3e707d38def27624e11c98a4e3f7cfd40b589390c4f3ef11116750,5a49401e2caea3906476a6fdf00afc5d0c21dd5f9a6c4d6ced46671136a50d4c,jhtvs-ft0806-sp-v3,T2_wB97X-D3_def2-TZVPD_SMD_energy_SP_v1,not_applicable,8,3000,1.74,ready,
SP0589,smd_energy_sp,M068_QP1_M2,S020,runs/orca/sp/SP0589/SP0589.inp,269a4897a229ad75e2b7935eeed17e38d4848480fd5312825123d3c1d1b928b5,tier1:redox:M068:S020:q1:m2,01fcea3ac8584561bdda7cc9739de25bc3e12ea8d50d6e1dfd33b0665303a132,3935c21039cdfc5ab28a4b45e91678fe76dc8f6c545a2a554537d470ab2db4ae,d48fe8bbbb3e707d38def27624e11c98a4e3f7cfd40b589390c4f3ef11116750,b94051ae6431299f077f76082ad9edcb08f3259c8c3d50ceb4b085bbdf9838a7,jhtvs-ft0806-sp-v3,T2_wB97X-D3_def2-TZVPD_SMD_energy_SP_v1,not_applicable,8,3000,1.74,ready,
SP0590,smd_energy_sp,M078_Q0_M1,S020,runs/orca/sp/SP0590/SP0590.inp,7074fec41c99f4d6c61095863501a8759cb2c3329e717ccce821df6bc8567b54,tier1:redox:M078:S020:q0:m1,abe66703f369ce9cd13263c96baa34b60aaf65f65c2384000bdbe6108fd07d9d,3935c21039cdfc5ab28a4b45e91678fe76dc8f6c545a2a554537d470ab2db4ae,d48fe8bbbb3e707d38def27624e11c98a4e3f7cfd40b589390c4f3ef11116750,0b7203bb6832c63228bfa5a404e0ce49289037a965f17226ed4471dd1b4787b3,jhtvs-ft0806-sp-v3,T2_wB97X-D3_def2-TZVPD_SMD_energy_SP_v1,not_applicable,8,3000,1.74,ready,
SP0591,smd_energy_sp,M078_QP1_M2,S020,runs/orca/sp/SP0591/SP0591.inp,9cc84a97c2be4d62315aae641ba51d095ce3cc764df30edf15bca140a90ed6ce,tier1:redox:M078:S020:q1:m2,a051236336c7e2ff3eb5f61aea6e414049bf73ca8d2a516d6b9822e08f807830,3935c21039cdfc5ab28a4b45e91678fe76dc8f6c545a2a554537d470ab2db4ae,d48fe8bbbb3e707d38def27624e11c98a4e3f7cfd40b589390c4f3ef11116750,e5aacabd00ccf6a8fb13548cf8b20d6645440cf1be46bde34fb18b9c276e6a59,jhtvs-ft0806-sp-v3,T2_wB97X-D3_def2-TZVPD_SMD_energy_SP_v1,not_applicable,8,3000,1.74,ready,
SP0592,smd_energy_sp,M084_Q0_M1,S020,runs/orca/sp/SP0592/SP0592.inp,dc1b394ad8ad04b4b1d5e0915c006ee587dfc369810eb0e9246e8005e0ab0a55,tier1:redox:M084:S020:q0:m1,a6efe63efb5894fda87fa1efd14be790ff3f6c796b31971cc6c2a0a2f6f12cc5,3935c21039cdfc5ab28a4b45e91678fe76dc8f6c545a2a554537d470ab2db4ae,d48fe8bbbb3e707d38def27624e11c98a4e3f7cfd40b589390c4f3ef11116750,493fefcecd726d636fa11eb871b3b869d93ec9d3a3a129612fc4084726d4d101,jhtvs-ft0806-sp-v3,T2_wB97X-D3_def2-TZVPD_SMD_energy_SP_v1,not_applicable,8,3000,1.74,ready,
SP0593,smd_energy_sp,M084_QP1_M2,S020,runs/orca/sp/SP0593/SP0593.inp,8e860c6b4de6e1fec34bf2cdf9475b0572ad807f7b54be65d478cb02549603af,tier1:redox:M084:S020:q1:m2,7019ceea44f09fe1cc28238ac2d3df047be54d6e8386972311e642730a8da542,3935c21039cdfc5ab28a4b45e91678fe76dc8f6c545a2a554537d470ab2db4ae,d48fe8bbbb3e707d38def27624e11c98a4e3f7cfd40b589390c4f3ef11116750,004554194a2c45f1c5c909657fc33f80c42ee775c2a0de9b49942dee4589c574,jhtvs-ft0806-sp-v3,T2_wB97X-D3_def2-TZVPD_SMD_energy_SP_v1,not_applicable,8,3000,1.74,ready,
SP0594,smd_energy_sp,M094_Q0_M1,S020,runs/orca/sp/SP0594/SP0594.inp,491dd00686201508e42a2af40a252909668c7f0fab26574c82648831851df423,tier1:redox:M094:S020:q0:m1,f05e9b51b6b10a390286cf97364a4a6623c17a89970bb7b521cc1add682ac8e6,3935c21039cdfc5ab28a4b45e91678fe76dc8f6c545a2a554537d470ab2db4ae,d48fe8bbbb3e707d38def27624e11c98a4e3f7cfd40b589390c4f3ef11116750,5744511162983f63dcf87473d4f574072c10f8dfbe661652e807748e429b5bf9,jhtvs-ft0806-sp-v3,T2_wB97X-D3_def2-TZVPD_SMD_energy_SP_v1,not_applicable,8,3000,1.74,ready,
SP0595,smd_energy_sp,M094_QP1_M2,S020,runs/orca/sp/SP0595/SP0595.inp,fb6f9d944b7ce5613b7b90773eb8fb5c640b286c3032080db995ee12c3cda39c,tier1:redox:M094:S020:q1:m2,b95664c0839e8e8338e1a1103a4d49572c1e800f4cb6e39b5ac911b1734da6f7,3935c21039cdfc5ab28a4b45e91678fe76dc8f6c545a2a554537d470ab2db4ae,d48fe8bbbb3e707d38def27624e11c98a4e3f7cfd40b589390c4f3ef11116750,14d93edc54fa8f351cc5088ea5b3bdf813085758d02fee3b7448f8d596f5b1f6,jhtvs-ft0806-sp-v3,T2_wB97X-D3_def2-TZVPD_SMD_energy_SP_v1,not_applicable,8,3000,1.74,ready,
SP0596,smd_energy_sp,S020_Q0_M1,S020,runs/orca/sp/SP0596/SP0596.inp,aa36f8d116176292d76221e1159aa6019f30b8dedb296fdd832f8619f9e7ca90,tier1:redox:S020:S020:q0:m1,ffa36ed4f8702208968c96d125df9ddc990f684327add3acaf1a7b74057c0c32,3935c21039cdfc5ab28a4b45e91678fe76dc8f6c545a2a554537d470ab2db4ae,d48fe8bbbb3e707d38def27624e11c98a4e3f7cfd40b589390c4f3ef11116750,89939c6d17089bc2acc051ad8cafa6ee5f97a4db9e03211448f6824d5267fb2f,jhtvs-ft0806-sp-v3,T2_wB97X-D3_def2-TZVPD_SMD_energy_SP_v1,not_applicable,8,3000,1.74,ready,
SP0597,smd_energy_sp,S020_QP1_M2,S020,runs/orca/sp/SP0597/SP0597.inp,a17a11bedec3ed3cb2ecfd7e45a8c55015f0487b35e373733e04bbd6ca2d6468,tier1:redox:S020:S020:q1:m2,dab36c37bb4ba54d4c29b26851aff4a0724deb18f22690a4d43f89576c9fca02,3935c21039cdfc5ab28a4b45e91678fe76dc8f6c545a2a554537d470ab2db4ae,d48fe8bbbb3e707d38def27624e11c98a4e3f7cfd40b589390c4f3ef11116750,d0a51bc1adeb15d1c78436be3f75a6bdeb744a79ae5eb67e8d3deda038c917b1,jhtvs-ft0806-sp-v3,T2_wB97X-D3_def2-TZVPD_SMD_energy_SP_v1,not_applicable,8,3000,1.74,ready,
SP0598,smd_energy_sp,A002_Q0_M2,S021,runs/orca/sp/SP0598/SP0598.inp,0801b74052e4209c8a4a8ccd7a11dcd0a161f6b07103c16cbed4bec67c2e8b65,tier1:redox:A002:S021:q0:m2,285d0bcff4f9ecf69b0f3045b481c8b69e4727f496940035e84c0024ac6c2bca,ced952afa0bd6fb8b35b61a3c56c551bb5a5c9a2f8e1059b4b63477b54b0c3e8,40fe24f4e766a28944b5d28fe0eb45ec26de5c269109b6b15a97178be92db0f2,e99f1a0e23bef646c2071b9401d150f2c0f4e372c0045171dad1eeb3727c4234,jhtvs-ft0806-sp-v3,T2_wB97X-D3_def2-TZVPD_SMD_energy_SP_v1,not_applicable,8,3000,1.74,ready,
SP0599,smd_energy_sp,A002_QM1_M1,S021,runs/orca/sp/SP0599/SP0599.inp,134da596ad6e4a91c4767f2591635be62811ec2a571425648742aff47005676f,tier1:redox:A002:S021:q-1:m1,5d62c5b1ca0c4f7300cc29c07b66849ac27f9edd3ba22ddd25152f61ec0bf486,ced952afa0bd6fb8b35b61a3c56c551bb5a5c9a2f8e1059b4b63477b54b0c3e8,40fe24f4e766a28944b5d28fe0eb45ec26de5c269109b6b15a97178be92db0f2,88dedcc8db869fd9aad0de544ccc7902f9db53db84bc768d1fab164b1ceacbf6,jhtvs-ft0806-sp-v3,T2_wB97X-D3_def2-TZVPD_SMD_energy_SP_v1,not_applicable,8,3000,1.74,ready,
SP0600,smd_energy_sp,A005_Q0_M2,S021,runs/orca/sp/SP0600/SP0600.inp,7d2e97a7ab0b2a901374be8b303cf8f2a880702ca655866e708192e47b606a47,tier1:redox:A005:S021:q0:m2,8adf35b83d722649acf026fad97dfdcf1c34ebf471d89afb4e5aa21056d9062a,ced952afa0bd6fb8b35b61a3c56c551bb5a5c9a2f8e1059b4b63477b54b0c3e8,40fe24f4e766a28944b5d28fe0eb45ec26de5c269109b6b15a97178be92db0f2,56eb500a4a889b2651154c41b3f0a06e4ced9891e0b94cf98734d9746d39e9dd,jhtvs-ft0806-sp-v3,T2_wB97X-D3_def2-TZVPD_SMD_energy_SP_v1,not_applicable,8,3000,1.74,ready,
SP0601,smd_energy_sp,A005_QM1_M1,S021,runs/orca/sp/SP0601/SP0601.inp,74a6d5bcd1b0dc772c98a025dc12f8764aa433772572a08f15a0d1ed1ddbd814,tier1:redox:A005:S021:q-1:m1,f13ac56b12834801b2edd2fcc6612475dafdbfcc662f1da777033e481fdec9f6,ced952afa0bd6fb8b35b61a3c56c551bb5a5c9a2f8e1059b4b63477b54b0c3e8,40fe24f4e766a28944b5d28fe0eb45ec26de5c269109b6b15a97178be92db0f2,519541611559432b9ef58ce5df10c40d51b09fd01f352dd7dc77b8d8f91fff48,jhtvs-ft0806-sp-v3,T2_wB97X-D3_def2-TZVPD_SMD_energy_SP_v1,not_applicable,8,3000,1.74,ready,
SP0602,smd_energy_sp,D022_QP2_M1,S021,runs/orca/sp/SP0602/SP0602.inp,20cff19fc19c4fabce3bef1de9dcf6752b6fe0128f96726cc81ec8772f4d8609,surrogate:sigma_preopt:D022:S021:q2:m1,7bd6f53fe01c554cb1adb3e78b906c9f1eef9cac91722cbdc7bc0dc48c587d14,ced952afa0bd6fb8b35b61a3c56c551bb5a5c9a2f8e1059b4b63477b54b0c3e8,40fe24f4e766a28944b5d28fe0eb45ec26de5c269109b6b15a97178be92db0f2,79b3501b2bdb0c79b34ee0d8de6a2a78de4eb222e793ede263f86fb03265613a,jhtvs-ft0806-sp-v3,T2_wB97X-D3_def2-TZVPD_SMD_energy_SP_v1,not_applicable,8,3000,4.22,ready,
SP0603,smd_energy_sp,D027_QP2_M1,S021,runs/orca/sp/SP0603/SP0603.inp,3e22481e731508cac5e9f37d5347217171fb6bc2ef41c01e302548d2d6bc8026,surrogate:sigma_preopt:D027:S021:q2:m1,d0410271a829079b2c1018e731fe793074eb35dfd33444af18474dda6659e8cf,ced952afa0bd6fb8b35b61a3c56c551bb5a5c9a2f8e1059b4b63477b54b0c3e8,40fe24f4e766a28944b5d28fe0eb45ec26de5c269109b6b15a97178be92db0f2,7692e095e0344fc4a420958bf8d3994df700b0fe8c3a4cad5c48319e4d7f3f2e,jhtvs-ft0806-sp-v3,T2_wB97X-D3_def2-TZVPD_SMD_energy_SP_v1,not_applicable,8,3000,4.22,ready,
SP0604,smd_energy_sp,M013_Q0_M1,S021,runs/orca/sp/SP0604/SP0604.inp,e3661631512cbeaa5c7ac563bacf82bad377b5a63f76f36a6b00c69c8dcfcd14,tier1:redox:M013:S021:q0:m1,f1c57196d5441e1450a94049aecb50ea14ad72ce7cbcb11ee0f4f0c1b104e499,ced952afa0bd6fb8b35b61a3c56c551bb5a5c9a2f8e1059b4b63477b54b0c3e8,40fe24f4e766a28944b5d28fe0eb45ec26de5c269109b6b15a97178be92db0f2,f6d2a5b6d5c8c791729c6b356dbf5eeca3a353941d72961802ee2c2a3bf9b4cb,jhtvs-ft0806-sp-v3,T2_wB97X-D3_def2-TZVPD_SMD_energy_SP_v1,not_applicable,8,3000,1.74,ready,
SP0605,smd_energy_sp,M013_QP1_M2,S021,runs/orca/sp/SP0605/SP0605.inp,e0fb553af0e7e9bd1add7611e8a737cad350e13e779f21238338097725e2ef52,tier1:redox:M013:S021:q1:m2,6c322f17685d4728c670ca1899b6ddace9843c8e8598481faa569429d900b1bc,ced952afa0bd6fb8b35b61a3c56c551bb5a5c9a2f8e1059b4b63477b54b0c3e8,40fe24f4e766a28944b5d28fe0eb45ec26de5c269109b6b15a97178be92db0f2,7869b889a81c74366c4f5a8e0a164e4af8225c8293adaa3344f7c1c64b37a01c,jhtvs-ft0806-sp-v3,T2_wB97X-D3_def2-TZVPD_SMD_energy_SP_v1,not_applicable,8,3000,1.74,ready,
SP0606,smd_energy_sp,M022_Q0_M1,S021,runs/orca/sp/SP0606/SP0606.inp,98853aecf2a292493188b9d8a368a7a7b0127e06be889086694fe9c8f178bf50,tier1:redox:M022:S021:q0:m1,6e49d5fc9e4b33ca1bec77df688ceed22be2b70a6976cc268c0152349f78cac8,ced952afa0bd6fb8b35b61a3c56c551bb5a5c9a2f8e1059b4b63477b54b0c3e8,40fe24f4e766a28944b5d28fe0eb45ec26de5c269109b6b15a97178be92db0f2,7ccbd038ad80f154f2f8bb962ff8275c1af88d8c696e6abd517f7f2f357e9ce8,jhtvs-ft0806-sp-v3,T2_wB97X-D3_def2-TZVPD_SMD_energy_SP_v1,not_applicable,8,3000,1.74,ready,
SP0607,smd_energy_sp,M022_QP1_M2,S021,runs/orca/sp/SP0607/SP0607.inp,81b84c85dc47d567a4ff9854b9c4ef62c7902b26815e153efe08de8b8f6571bb,tier1:redox:M022:S021:q1:m2,f8043b757196e02af142d9edb8307079006008e1c33b682075a3db35a9375fee,ced952afa0bd6fb8b35b61a3c56c551bb5a5c9a2f8e1059b4b63477b54b0c3e8,40fe24f4e766a28944b5d28fe0eb45ec26de5c269109b6b15a97178be92db0f2,0e68a6c2f413dc92f70f557dd04773ef5cdee818e96c4a566d0aa8834e294613,jhtvs-ft0806-sp-v3,T2_wB97X-D3_def2-TZVPD_SMD_energy_SP_v1,not_applicable,8,3000,1.74,ready,
SP0608,smd_energy_sp,M027_Q0_M1,S021,runs/orca/sp/SP0608/SP0608.inp,b373ae768b3004f800376549af77404a2766313979f36e8e287d7a47518ea229,tier1:redox:M027:S021:q0:m1,7756763c0d2dad6d51d090827f9437b0415860321f2b209d62a695bf7eae99da,ced952afa0bd6fb8b35b61a3c56c551bb5a5c9a2f8e1059b4b63477b54b0c3e8,40fe24f4e766a28944b5d28fe0eb45ec26de5c269109b6b15a97178be92db0f2,cc9926ffdc8dbc295d05f89b33b660f031bb2667af1eb64f2ed7f5034eeca298,jhtvs-ft0806-sp-v3,T2_wB97X-D3_def2-TZVPD_SMD_energy_SP_v1,not_applicable,8,3000,1.74,ready,
SP0609,smd_energy_sp,M027_QP1_M2,S021,runs/orca/sp/SP0609/SP0609.inp,93d0662c035e5c058397d39c99304b800274862acde80999aa7b28bf95defb12,tier1:redox:M027:S021:q1:m2,1dd1e79e00330b469f8e9f221f289da04a58205b56fb5e972a48cb46e1fa64f7,ced952afa0bd6fb8b35b61a3c56c551bb5a5c9a2f8e1059b4b63477b54b0c3e8,40fe24f4e766a28944b5d28fe0eb45ec26de5c269109b6b15a97178be92db0f2,0e21a413ce9616e66c95d27fdf161f275ae50a8751ade60172442049451a6aa0,jhtvs-ft0806-sp-v3,T2_wB97X-D3_def2-TZVPD_SMD_energy_SP_v1,not_applicable,8,3000,1.74,ready,
SP0610,smd_energy_sp,M048_Q0_M1,S021,runs/orca/sp/SP0610/SP0610.inp,f33a6a219c611203885576f7f2ea14d4459c5473c57e2321e76803b6893319f1,tier1:redox:M048:S021:q0:m1,febe64824bf2ba8f57a818f8641ed346f27b842d4f3d23f42df385fa54997d20,ced952afa0bd6fb8b35b61a3c56c551bb5a5c9a2f8e1059b4b63477b54b0c3e8,40fe24f4e766a28944b5d28fe0eb45ec26de5c269109b6b15a97178be92db0f2,36f5d029d38e7802e9b55cd81a0cc77f0121692d2140e462a41d1db8939f6231,jhtvs-ft0806-sp-v3,T2_wB97X-D3_def2-TZVPD_SMD_energy_SP_v1,not_applicable,8,3000,1.74,ready,
SP0611,smd_energy_sp,M048_QP1_M2,S021,runs/orca/sp/SP0611/SP0611.inp,b2be2f498e5dcc21c3073030dff068f5dbbe84ed9b07c3e7be7c0a9d5789c74a,tier1:redox:M048:S021:q1:m2,8338ebd20ceb055842891b648c16f6a2f2559ba8c21fa2f401a59da9c153f8ea,ced952afa0bd6fb8b35b61a3c56c551bb5a5c9a2f8e1059b4b63477b54b0c3e8,40fe24f4e766a28944b5d28fe0eb45ec26de5c269109b6b15a97178be92db0f2,3e283945adaa1c024c73f569d3d5936c1e312754308016bb9273996fa7b0fa05,jhtvs-ft0806-sp-v3,T2_wB97X-D3_def2-TZVPD_SMD_energy_SP_v1,not_applicable,8,3000,1.74,ready,
SP0612,smd_energy_sp,M084_Q0_M1,S021,runs/orca/sp/SP0612/SP0612.inp,3d1e01431564c244335e625a3b65d38526f40c45794be2a5bdbce7f8ca184d8b,tier1:redox:M084:S021:q0:m1,879b40297fd66ca98c3feb115fe670a9bea0bf72a5cdd01e79160cd2aad23cc6,ced952afa0bd6fb8b35b61a3c56c551bb5a5c9a2f8e1059b4b63477b54b0c3e8,40fe24f4e766a28944b5d28fe0eb45ec26de5c269109b6b15a97178be92db0f2,0a09ae3cdc2e8a5174b7b940f839de66f315cd117f428c25eb1c8cac5571fcff,jhtvs-ft0806-sp-v3,T2_wB97X-D3_def2-TZVPD_SMD_energy_SP_v1,not_applicable,8,3000,1.74,ready,
SP0613,smd_energy_sp,M084_QP1_M2,S021,runs/orca/sp/SP0613/SP0613.inp,2178a14d16ae8dcdd7c7c4a59aabc453763fb5ff0cb9c8c3649dbfe22a9e8393,tier1:redox:M084:S021:q1:m2,dc3dd9afae098b3212710accdadba37b375a05af5aa8004db35c46ea6b6aad93,ced952afa0bd6fb8b35b61a3c56c551bb5a5c9a2f8e1059b4b63477b54b0c3e8,40fe24f4e766a28944b5d28fe0eb45ec26de5c269109b6b15a97178be92db0f2,e97d11ae0408fa2814a5fb10c5f5ca36ffbcf25f1f8552574cbea529dba7217d,jhtvs-ft0806-sp-v3,T2_wB97X-D3_def2-TZVPD_SMD_energy_SP_v1,not_applicable,8,3000,1.74,ready,
SP0614,smd_energy_sp,S021_Q0_M1,S021,runs/orca/sp/SP0614/SP0614.inp,cd219e33d8ea91a82453214da06378326d0a1ec14dbb378ccf1e750cfbe71a0b,tier1:redox:S021:S021:q0:m1,ebda52d69ce154974a28ef10e265901ae6e210592e96727178860e27ff25a5e5,ced952afa0bd6fb8b35b61a3c56c551bb5a5c9a2f8e1059b4b63477b54b0c3e8,40fe24f4e766a28944b5d28fe0eb45ec26de5c269109b6b15a97178be92db0f2,2add9a1ae450cf764a70212a4d53fe332ed3b967ba9a4e64a0989b91998b1c54,jhtvs-ft0806-sp-v3,T2_wB97X-D3_def2-TZVPD_SMD_energy_SP_v1,not_applicable,8,3000,1.74,ready,
SP0615,smd_energy_sp,S021_QP1_M2,S021,runs/orca/sp/SP0615/SP0615.inp,2a05d53ef79b83142542bf08ceb378137d302d51e2a87be015315f9110f0eaad,tier1:redox:S021:S021:q1:m2,0dc6e8fb17cb8b69e7d1c8184061093c5350d85d58e98c00fb3d402c32594298,ced952afa0bd6fb8b35b61a3c56c551bb5a5c9a2f8e1059b4b63477b54b0c3e8,40fe24f4e766a28944b5d28fe0eb45ec26de5c269109b6b15a97178be92db0f2,e130398ad76c34c8416af17d86476ba03eb344bca448ac785eb6b4e0d0a4fb33,jhtvs-ft0806-sp-v3,T2_wB97X-D3_def2-TZVPD_SMD_energy_SP_v1,not_applicable,8,3000,1.74,ready,
SP0616,smd_energy_sp,A001_Q0_M2,S022,runs/orca/sp/SP0616/SP0616.inp,97e0b51427395e93aebbb6c7c6ca57a8ef1e399521e58df8868da7668b0a5558,tier1:redox:A001:S022:q0:m2,1aa1faf076d65e36e41e96162fbded213e9a3cd29617b79f76fdbe095f60e2d0,147976185d878fea0367df1b47e4ba660327a4c480f8ae5d1ce994d25b48a2bd,e56dd040b3024fc7b0ca174d050c2f7d80d846bd46163a3349f650a9e5550e55,239fa794697849fc41a4c34e1e2a426fbb5ffe1ab48029a6af89326c227ac536,jhtvs-ft0806-sp-v3,T2_wB97X-D3_def2-TZVPD_SMD_energy_SP_v1,not_applicable,8,3000,1.74,ready,
SP0617,smd_energy_sp,A001_QM1_M1,S022,runs/orca/sp/SP0617/SP0617.inp,24d68f0b340ba96581d42f21fb50af381603477549895d76ed6451e04c1de3f4,tier1:redox:A001:S022:q-1:m1,fb7e755fe53a5ec3f5a75847c67d391eccd56d0755ae1c17467c881852ff42bb,147976185d878fea0367df1b47e4ba660327a4c480f8ae5d1ce994d25b48a2bd,e56dd040b3024fc7b0ca174d050c2f7d80d846bd46163a3349f650a9e5550e55,384301f083452327f23abb83a150e93313179140c23867585310c31dd48c5c09,jhtvs-ft0806-sp-v3,T2_wB97X-D3_def2-TZVPD_SMD_energy_SP_v1,not_applicable,8,3000,1.74,ready,
SP0618,smd_energy_sp,A002_Q0_M2,S022,runs/orca/sp/SP0618/SP0618.inp,5dc88dc147e1f4626a30387bdf1bca4bde5255c6dbb62ffae33fdf7eb58c0a6d,tier1:redox:A002:S022:q0:m2,4214c3fd76c233a0b56790c538fbb3b62186bba63415b1a7b2bdc00159177d54,147976185d878fea0367df1b47e4ba660327a4c480f8ae5d1ce994d25b48a2bd,e56dd040b3024fc7b0ca174d050c2f7d80d846bd46163a3349f650a9e5550e55,4aa0bed7abb73f36790ffe0cd17475d9dc014c1e4232d5bafa5a9d196fef721d,jhtvs-ft0806-sp-v3,T2_wB97X-D3_def2-TZVPD_SMD_energy_SP_v1,not_applicable,8,3000,1.74,ready,
SP0619,smd_energy_sp,A002_QM1_M1,S022,runs/orca/sp/SP0619/SP0619.inp,548c29a3b1f9914ae08cb3fd03e8cf790c6d8381a5d0c679c9b2db7749b7b943,tier1:redox:A002:S022:q-1:m1,0f89e483e9cb123d6a54cb0ebf1ac1c6b680bfcbd276d3649cf79269dc8cd897,147976185d878fea0367df1b47e4ba660327a4c480f8ae5d1ce994d25b48a2bd,e56dd040b3024fc7b0ca174d050c2f7d80d846bd46163a3349f650a9e5550e55,ed1bc79988cd557ffb6e7cce951d0ddfb60d6ec9d298e61bf19e02c50d2fdc73,jhtvs-ft0806-sp-v3,T2_wB97X-D3_def2-TZVPD_SMD_energy_SP_v1,not_applicable,8,3000,1.74,ready,
SP0620,smd_energy_sp,A005_Q0_M2,S022,runs/orca/sp/SP0620/SP0620.inp,b4b286b879dfe6b5ec079dda6aaa217a8b12df85890bab454f53f431b46b8165,tier1:redox:A005:S022:q0:m2,6b09774287a45a8d22a1a103dba6a4e35f2150a2f6f979d6999b78f6d04bd132,147976185d878fea0367df1b47e4ba660327a4c480f8ae5d1ce994d25b48a2bd,e56dd040b3024fc7b0ca174d050c2f7d80d846bd46163a3349f650a9e5550e55,bf8ef964fc5a15383fa68ad42f5785fcc29be91986edff47383e9c9703e2b73c,jhtvs-ft0806-sp-v3,T2_wB97X-D3_def2-TZVPD_SMD_energy_SP_v1,not_applicable,8,3000,1.74,ready,
SP0621,smd_energy_sp,A005_QM1_M1,S022,runs/orca/sp/SP0621/SP0621.inp,02da2aeaf6478746728dd1ed678bc2af7caaf5359fcc5825a2f2f199444cd00f,tier1:redox:A005:S022:q-1:m1,bbbd20acd0b7a2e266d4d30faef6c376d96701ea6bf92cedfd0d985f2eda7d5e,147976185d878fea0367df1b47e4ba660327a4c480f8ae5d1ce994d25b48a2bd,e56dd040b3024fc7b0ca174d050c2f7d80d846bd46163a3349f650a9e5550e55,abc9ffc3ddaa2f192d969c6f7d4f9387025b0863a09bef2d131af610448ee759,jhtvs-ft0806-sp-v3,T2_wB97X-D3_def2-TZVPD_SMD_energy_SP_v1,not_applicable,8,3000,1.74,ready,
SP0622,smd_energy_sp,A006_Q0_M2,S022,runs/orca/sp/SP0622/SP0622.inp,1d9d11f383b2ebee7f2ec67cbc36c4b64a646b4035a40c528dcbb6a26a375f44,tier1:redox:A006:S022:q0:m2,2f288159853107740ea455750ebd5bdff5c51ecf0adc3e89ad573c2157c4401b,147976185d878fea0367df1b47e4ba660327a4c480f8ae5d1ce994d25b48a2bd,e56dd040b3024fc7b0ca174d050c2f7d80d846bd46163a3349f650a9e5550e55,81b0f0af8fd2f9d0b5a6d1dc7b99155e5c40843bcdc5a90106956c17b747f16b,jhtvs-ft0806-sp-v3,T2_wB97X-D3_def2-TZVPD_SMD_energy_SP_v1,not_applicable,8,3000,1.74,ready,
SP0623,smd_energy_sp,A006_QM1_M1,S022,runs/orca/sp/SP0623/SP0623.inp,fec39cc9449789a7f8fc23642105de860a1f53772f85e68b1e886d2e550e8551,tier1:redox:A006:S022:q-1:m1,08e40bebc4230d86cc62e65cbe807dedf9b3bc4344edd79e17ef9db5aaf38fbd,147976185d878fea0367df1b47e4ba660327a4c480f8ae5d1ce994d25b48a2bd,e56dd040b3024fc7b0ca174d050c2f7d80d846bd46163a3349f650a9e5550e55,30f11a570dcf6bd02214f50b85345ae2374942fce0050d8a37fdc2c0bf22ac8a,jhtvs-ft0806-sp-v3,T2_wB97X-D3_def2-TZVPD_SMD_energy_SP_v1,not_applicable,8,3000,1.74,ready,
SP0624,smd_energy_sp,A011_Q0_M2,S022,runs/orca/sp/SP0624/SP0624.inp,f6be50236996e1f7d050c6d2598f137a78f944305544d480ec6bdf9df51715a4,tier1:redox:A011:S022:q0:m2,4ef4f79c50ca1be022a9ca3dd5c0a459465049e58668e44e5beb63440a3f12d3,147976185d878fea0367df1b47e4ba660327a4c480f8ae5d1ce994d25b48a2bd,e56dd040b3024fc7b0ca174d050c2f7d80d846bd46163a3349f650a9e5550e55,8750a1160e6d39aeade87648c127b1fa2e7891bd693b97e4dcbdfd09379f1725,jhtvs-ft0806-sp-v3,T2_wB97X-D3_def2-TZVPD_SMD_energy_SP_v1,not_applicable,8,3000,1.74,ready,
SP0625,smd_energy_sp,A011_QM1_M1,S022,runs/orca/sp/SP0625/SP0625.inp,dbda4f3f1d0f1cd9680c80827b637e3027e14e25fdacc484446e8a10f56c0fce,tier1:redox:A011:S022:q-1:m1,512ec400348b6a4f4c0d6410a90c0bfbfd6a2d5cd2536d860547f96880f611a1,147976185d878fea0367df1b47e4ba660327a4c480f8ae5d1ce994d25b48a2bd,e56dd040b3024fc7b0ca174d050c2f7d80d846bd46163a3349f650a9e5550e55,5bfc45d86cd87d9d58711e35d2bdaed36e0d342d1ab11fe4e08e502e461f0c79,jhtvs-ft0806-sp-v3,T2_wB97X-D3_def2-TZVPD_SMD_energy_SP_v1,not_applicable,8,3000,1.74,ready,
SP0626,smd_energy_sp,D001_QP2_M1,S022,runs/orca/sp/SP0626/SP0626.inp,c9a95750d6aa518e36b6aa336b3627112ff9b35124645ff01973bdf18f67f383,surrogate:sigma_preopt:D001:S022:q2:m1,acfd3d8f4a46c47b2c734cb458b7109db133927d638d879af38f52c44baf4ce6,147976185d878fea0367df1b47e4ba660327a4c480f8ae5d1ce994d25b48a2bd,e56dd040b3024fc7b0ca174d050c2f7d80d846bd46163a3349f650a9e5550e55,0d352ed56ec2c499b10bcab5d014cc5cb358197624d5358e20ee06de5dfa27cf,jhtvs-ft0806-sp-v3,T2_wB97X-D3_def2-TZVPD_SMD_energy_SP_v1,not_applicable,8,3000,4.22,ready,
SP0627,smd_energy_sp,D022_QP2_M1,S022,runs/orca/sp/SP0627/SP0627.inp,2c7e31d9bce22faa9fbfe3fd641f583d8b1cf29a49547b025b5f5502d9774dec,surrogate:sigma_preopt:D022:S022:q2:m1,5ab3fcf9ef380ed574e01faf0a754b74620707f5b223bae4c8e6dd68ff493280,147976185d878fea0367df1b47e4ba660327a4c480f8ae5d1ce994d25b48a2bd,e56dd040b3024fc7b0ca174d050c2f7d80d846bd46163a3349f650a9e5550e55,b8c764498bde218f9c8530bcc22ed820660f0a3b452dc64e27747adf82dd5aa4,jhtvs-ft0806-sp-v3,T2_wB97X-D3_def2-TZVPD_SMD_energy_SP_v1,not_applicable,8,3000,4.22,ready,
SP0628,smd_energy_sp,D027_QP2_M1,S022,runs/orca/sp/SP0628/SP0628.inp,204d1e21156bcbed836ac84c74e6d9b9cd144117599a88c11625356a6396e97b,surrogate:sigma_preopt:D027:S022:q2:m1,a9a0cd7abb75ae3eccff350cd54a500a937b001e52c617ac80b5a2b278c5ce4b,147976185d878fea0367df1b47e4ba660327a4c480f8ae5d1ce994d25b48a2bd,e56dd040b3024fc7b0ca174d050c2f7d80d846bd46163a3349f650a9e5550e55,9a6c5f35be46b9ca9bde181daabc39e4eeb4c8972ff219466694f7fee8109b0f,jhtvs-ft0806-sp-v3,T2_wB97X-D3_def2-TZVPD_SMD_energy_SP_v1,not_applicable,8,3000,4.22,ready,
SP0629,smd_energy_sp,D096_QP2_M1,S022,runs/orca/sp/SP0629/SP0629.inp,2e8a042ff50436143c28cd327e1cddbde427f941ae3a9f0ceb83bdf2a71096a8,surrogate:sigma_preopt:D096:S022:q2:m1,e540288ea0ed9607e1040dda12f253fa4123d264d1643de6338c6cb24b220ea1,147976185d878fea0367df1b47e4ba660327a4c480f8ae5d1ce994d25b48a2bd,e56dd040b3024fc7b0ca174d050c2f7d80d846bd46163a3349f650a9e5550e55,338cb6ba0b759ae4dc0bc94340e9a9627276a4f8eac9aceccf94dff84224af46,jhtvs-ft0806-sp-v3,T2_wB97X-D3_def2-TZVPD_SMD_energy_SP_v1,not_applicable,8,3000,4.22,ready,
SP0630,smd_energy_sp,M001_Q0_M1,S022,runs/orca/sp/SP0630/SP0630.inp,4afbb15907cf8ccaa697d23492f108014c8aef339f249e368e294cd109aa9612,tier1:redox:M001:S022:q0:m1,5d457838a42335600f0f599ce77cf88c1764bef0b2eee6382031c28fc841844b,147976185d878fea0367df1b47e4ba660327a4c480f8ae5d1ce994d25b48a2bd,e56dd040b3024fc7b0ca174d050c2f7d80d846bd46163a3349f650a9e5550e55,a33bf0eab7f474c18141c384bf798e955ada4360cb7bf97ff88053eb96045cbe,jhtvs-ft0806-sp-v3,T2_wB97X-D3_def2-TZVPD_SMD_energy_SP_v1,not_applicable,8,3000,1.74,ready,
SP0631,smd_energy_sp,M001_QP1_M2,S022,runs/orca/sp/SP0631/SP0631.inp,f00437dc642973d0655bd7628657cfb40486d1296ccee2906d286a97fb4f521b,tier1:redox:M001:S022:q1:m2,2929d497f1ef8ca26e9fe75228d030a699c9bf4aa1b0732a697ce45511d24d37,147976185d878fea0367df1b47e4ba660327a4c480f8ae5d1ce994d25b48a2bd,e56dd040b3024fc7b0ca174d050c2f7d80d846bd46163a3349f650a9e5550e55,268f24a95d2b67b31149e47f5fee13f18d67ca3e77ef5782c2ed6d26168816ad,jhtvs-ft0806-sp-v3,T2_wB97X-D3_def2-TZVPD_SMD_energy_SP_v1,not_applicable,8,3000,1.74,ready,
SP0632,smd_energy_sp,M022_Q0_M1,S022,runs/orca/sp/SP0632/SP0632.inp,efb4c9c557bb3b5fbfc450d7fbed453da379784ae17e97daadfe18b2e0291f2b,tier1:redox:M022:S022:q0:m1,1ed7a0f3b168ac28829be6febc88046226d95c621a43a666dfd72b052ca6ce66,147976185d878fea0367df1b47e4ba660327a4c480f8ae5d1ce994d25b48a2bd,e56dd040b3024fc7b0ca174d050c2f7d80d846bd46163a3349f650a9e5550e55,0d6507a14331ead323e79e177e98cb36053e9c7b7ef1ad40cfbeb77b1bdf8ce9,jhtvs-ft0806-sp-v3,T2_wB97X-D3_def2-TZVPD_SMD_energy_SP_v1,not_applicable,8,3000,1.74,ready,
SP0633,smd_energy_sp,M022_QP1_M2,S022,runs/orca/sp/SP0633/SP0633.inp,4d1a8aa594f44f4ea8373a556fe1871035990f696c0e1fa3d474acf8bc9e02af,tier1:redox:M022:S022:q1:m2,40fa97549469774147c6e94bf1fd7899127d06ab8312f16e2f075841004ad31d,147976185d878fea0367df1b47e4ba660327a4c480f8ae5d1ce994d25b48a2bd,e56dd040b3024fc7b0ca174d050c2f7d80d846bd46163a3349f650a9e5550e55,8e51bd1279fae8a690a2c92276491e382a079eb6dcd98aeb5c548fc8d63129ed,jhtvs-ft0806-sp-v3,T2_wB97X-D3_def2-TZVPD_SMD_energy_SP_v1,not_applicable,8,3000,1.74,ready,
SP0634,smd_energy_sp,M027_QP1_M2,S022,runs/orca/sp/SP0634/SP0634.inp,dbc21b404618ca0da8136bb0802073d86c8a497a2dafb373b9275d3d4b1e112e,tier1:redox:M027:S022:q1:m2,e6d3caf3349c1e7c000deddac907d27ef3476c8b7c96eb552433531cb7ba0483,147976185d878fea0367df1b47e4ba660327a4c480f8ae5d1ce994d25b48a2bd,e56dd040b3024fc7b0ca174d050c2f7d80d846bd46163a3349f650a9e5550e55,53d21bf766c52e4f8df4a07fae8baa34e44fdacab29b1b918de74f255b6d9c43,jhtvs-ft0806-sp-v3,T2_wB97X-D3_def2-TZVPD_SMD_energy_SP_v1,not_applicable,8,3000,1.74,ready,
SP0635,smd_energy_sp,M036_Q0_M1,S022,runs/orca/sp/SP0635/SP0635.inp,c70a5924b924bd139e23ec91bf217654e4663f1735671cf65db0ff2bacf20774,tier1:redox:M036:S022:q0:m1,de3087d8bce00ceb248b753564ce5f0614633940e8d6f6de67f86e0ca7436042,147976185d878fea0367df1b47e4ba660327a4c480f8ae5d1ce994d25b48a2bd,e56dd040b3024fc7b0ca174d050c2f7d80d846bd46163a3349f650a9e5550e55,1a83da714539bcfefd5af3e926d1293ef6a116140ab43dcc5d2c3ed7cd4b2aba,jhtvs-ft0806-sp-v3,T2_wB97X-D3_def2-TZVPD_SMD_energy_SP_v1,not_applicable,8,3000,1.74,ready,
SP0636,smd_energy_sp,M036_QP1_M2,S022,runs/orca/sp/SP0636/SP0636.inp,a862e803a46a2229422f85f46151f4f45adf701b49a234be76db82af8187e329,tier1:redox:M036:S022:q1:m2,283d06716acd278cd87a65e77c65de76ccc1d1bdadb7cba9270af404d98c9848,147976185d878fea0367df1b47e4ba660327a4c480f8ae5d1ce994d25b48a2bd,e56dd040b3024fc7b0ca174d050c2f7d80d846bd46163a3349f650a9e5550e55,799e89805374383a19e1715f72e4a4776769c74096b9ea724d5b95c66d6ed63c,jhtvs-ft0806-sp-v3,T2_wB97X-D3_def2-TZVPD_SMD_energy_SP_v1,not_applicable,8,3000,1.74,ready,
SP0637,smd_energy_sp,M050_Q0_M1,S022,runs/orca/sp/SP0637/SP0637.inp,b526feadb23504adba32dcc544f5282d1fdc492d28ecedd022139292bc1a4815,tier1:redox:M050:S022:q0:m1,e30bb564c387bcfa3ecd491e6438fc10f91cdcdfb7ecc57b730435fe0412c986,147976185d878fea0367df1b47e4ba660327a4c480f8ae5d1ce994d25b48a2bd,e56dd040b3024fc7b0ca174d050c2f7d80d846bd46163a3349f650a9e5550e55,f4333bd24ce4d9eb048bb5e5992714119da4e3b7565c3bd50f090f334e26d13d,jhtvs-ft0806-sp-v3,T2_wB97X-D3_def2-TZVPD_SMD_energy_SP_v1,not_applicable,8,3000,1.74,ready,
SP0638,smd_energy_sp,M050_QP1_M2,S022,runs/orca/sp/SP0638/SP0638.inp,ea5b211ca2628e1378d2ff3f1e45d305d125e69b263f91b5d5501570b1809aa4,tier1:redox:M050:S022:q1:m2,9ea2a3802724bf28ab707cd12cd9f5da8a59cddfe895003f2ebf94b02630dc1b,147976185d878fea0367df1b47e4ba660327a4c480f8ae5d1ce994d25b48a2bd,e56dd040b3024fc7b0ca174d050c2f7d80d846bd46163a3349f650a9e5550e55,b4203a69cb68b5f00bfcdcf9f005d95e43585fa86aa82a3fe6eada144d2997e7,jhtvs-ft0806-sp-v3,T2_wB97X-D3_def2-TZVPD_SMD_energy_SP_v1,not_applicable,8,3000,1.74,ready,
SP0639,smd_energy_sp,M069_Q0_M1,S022,runs/orca/sp/SP0639/SP0639.inp,8e21f09fe1c3de6bcb45ab9b7e57e245ae2b2188666f482c88a2736640b98b61,tier1:redox:M069:S022:q0:m1,9adc44db7ef61c92746be4fbf419b0282018de9d248a2b6673bd6e0924873d24,147976185d878fea0367df1b47e4ba660327a4c480f8ae5d1ce994d25b48a2bd,e56dd040b3024fc7b0ca174d050c2f7d80d846bd46163a3349f650a9e5550e55,8759f72dff9a957ed978258a679e51ac42c43f5cd317d07957f799e348f673f3,jhtvs-ft0806-sp-v3,T2_wB97X-D3_def2-TZVPD_SMD_energy_SP_v1,not_applicable,8,3000,1.74,ready,
SP0640,smd_energy_sp,M069_QP1_M2,S022,runs/orca/sp/SP0640/SP0640.inp,9365654aadd06f2e3c2b060171c1e1c019fd4e4b70ec0357de016ff5647178d6,tier1:redox:M069:S022:q1:m2,42ff6d44d12b5dd26f92fe5104e5d8f25ee4291714f4c5df2999f9cafa8be084,147976185d878fea0367df1b47e4ba660327a4c480f8ae5d1ce994d25b48a2bd,e56dd040b3024fc7b0ca174d050c2f7d80d846bd46163a3349f650a9e5550e55,8e91fdb50843fde75d6f178c69b27dea3394dc57d7686f9e0d853738e56bc07e,jhtvs-ft0806-sp-v3,T2_wB97X-D3_def2-TZVPD_SMD_energy_SP_v1,not_applicable,8,3000,1.74,ready,
SP0641,smd_energy_sp,M083_Q0_M1,S022,runs/orca/sp/SP0641/SP0641.inp,0ddb892b4e99bd9ab662afec30d5ec988a9b4ead60a3bd07ae25dfa28487bf83,tier1:redox:M083:S022:q0:m1,0708f210e8f4bac3407f7ef17547f168e625b8140d82f74b0c41e839697c4145,147976185d878fea0367df1b47e4ba660327a4c480f8ae5d1ce994d25b48a2bd,e56dd040b3024fc7b0ca174d050c2f7d80d846bd46163a3349f650a9e5550e55,97ae3252f803db7013cd79a451350c4e340badbad34d47313e0c2c5d00cd6156,jhtvs-ft0806-sp-v3,T2_wB97X-D3_def2-TZVPD_SMD_energy_SP_v1,not_applicable,8,3000,1.74,ready,
SP0642,smd_energy_sp,M083_QP1_M2,S022,runs/orca/sp/SP0642/SP0642.inp,7c7252bcc8cf57222532f8e482fa9f24008f31fdbca4a4db4ffb12a85ffb6c83,tier1:redox:M083:S022:q1:m2,17c034da8e980e3f0dc8f735f1c81f8618bf7e19941944d552bb39562782a6ef,147976185d878fea0367df1b47e4ba660327a4c480f8ae5d1ce994d25b48a2bd,e56dd040b3024fc7b0ca174d050c2f7d80d846bd46163a3349f650a9e5550e55,9af78ee02dbf961355973e95b1339b54ca3821c7d7b11844236ecc58e7859974,jhtvs-ft0806-sp-v3,T2_wB97X-D3_def2-TZVPD_SMD_energy_SP_v1,not_applicable,8,3000,1.74,ready,
SP0643,smd_energy_sp,M084_Q0_M1,S022,runs/orca/sp/SP0643/SP0643.inp,1494e4c4f8e57ed1ad4a530300fd3c7bd9ad627cd04fc17da03ca8e4978be9b2,tier1:redox:M084:S022:q0:m1,7283887bc23247c9878bf1c80fea2e1db9e46c23c49c8b3660f9f04ece649173,147976185d878fea0367df1b47e4ba660327a4c480f8ae5d1ce994d25b48a2bd,e56dd040b3024fc7b0ca174d050c2f7d80d846bd46163a3349f650a9e5550e55,c332ea4490e5cf487dc9fac53ec2d364815f1cd5af51ed05a9ad8cb8cdc22f7a,jhtvs-ft0806-sp-v3,T2_wB97X-D3_def2-TZVPD_SMD_energy_SP_v1,not_applicable,8,3000,1.74,ready,
SP0644,smd_energy_sp,M084_QP1_M2,S022,runs/orca/sp/SP0644/SP0644.inp,6e278f408c0357cc04f5376c87bd03b74812e78bd09a5174a1b02558372f56c7,tier1:redox:M084:S022:q1:m2,a3f15c0134bef1d60d91c3c033e8788f202ab3cf55eeb268fd63df1e31af7475,147976185d878fea0367df1b47e4ba660327a4c480f8ae5d1ce994d25b48a2bd,e56dd040b3024fc7b0ca174d050c2f7d80d846bd46163a3349f650a9e5550e55,9fd8e5b763b08bb4a4bd7bf1785b8d893b7f14ab9335a5ad80c62dd656229a46,jhtvs-ft0806-sp-v3,T2_wB97X-D3_def2-TZVPD_SMD_energy_SP_v1,not_applicable,8,3000,1.74,ready,
SP0645,smd_energy_sp,M096_Q0_M1,S022,runs/orca/sp/SP0645/SP0645.inp,86c8bd492a6a32a475185c8223807ba6835569040ee3effc77d1c366bada6778,tier1:redox:M096:S022:q0:m1,d6301a87ec5d79a27aa21ae2a82643abf019cb084209446e5f331a0dbe9c6d59,147976185d878fea0367df1b47e4ba660327a4c480f8ae5d1ce994d25b48a2bd,e56dd040b3024fc7b0ca174d050c2f7d80d846bd46163a3349f650a9e5550e55,8be43a8a4bfa22df324420123ef071c2bb1bb2b0a093f56617def572a437ec0b,jhtvs-ft0806-sp-v3,T2_wB97X-D3_def2-TZVPD_SMD_energy_SP_v1,not_applicable,8,3000,1.74,ready,
SP0646,smd_energy_sp,M096_QP1_M2,S022,runs/orca/sp/SP0646/SP0646.inp,e6649df4e2596f178b46f1d66e1c866e2c94632e415331e35d194db73efe89f5,tier1:redox:M096:S022:q1:m2,71cfcf34498259b6779de503f64165ba8ae90ab2f97d27060c4aa017f35ba388,147976185d878fea0367df1b47e4ba660327a4c480f8ae5d1ce994d25b48a2bd,e56dd040b3024fc7b0ca174d050c2f7d80d846bd46163a3349f650a9e5550e55,eebd10fb8221eaeb583912570adfcb01f8cf6d7d85c8c412543260c4aa7f2cb8,jhtvs-ft0806-sp-v3,T2_wB97X-D3_def2-TZVPD_SMD_energy_SP_v1,not_applicable,8,3000,1.74,ready,
SP0647,smd_energy_sp,S022_Q0_M1,S022,runs/orca/sp/SP0647/SP0647.inp,aa00ac4687b3df66bedb6c66feff4084a6ee1185e913435aec797461e84535d6,tier1:redox:S022:S022:q0:m1,c0ca7882700e3a94cf44f17a76bfb125aea9c3bf525c2ea859bb9bba6d8a73eb,147976185d878fea0367df1b47e4ba660327a4c480f8ae5d1ce994d25b48a2bd,e56dd040b3024fc7b0ca174d050c2f7d80d846bd46163a3349f650a9e5550e55,1477d16c7e3bbb6cd3c2e17f7050f88e188099e89a79ef64ded7384593c4a415,jhtvs-ft0806-sp-v3,T2_wB97X-D3_def2-TZVPD_SMD_energy_SP_v1,not_applicable,8,3000,1.74,ready,
SP0648,smd_energy_sp,S022_QP1_M2,S022,runs/orca/sp/SP0648/SP0648.inp,8eb6726471e23f51f7790fdc56c447cbfc880b9e05e07aa18499a5c75704d956,tier1:redox:S022:S022:q1:m2,98791541d2536da701ba7de983c299477476e5513a5f3dfc8beefc04b8c49f77,147976185d878fea0367df1b47e4ba660327a4c480f8ae5d1ce994d25b48a2bd,e56dd040b3024fc7b0ca174d050c2f7d80d846bd46163a3349f650a9e5550e55,357c74ae3111faaa86a37a2c64dae75541667dce798c20dc78dc54247ed9b015,jhtvs-ft0806-sp-v3,T2_wB97X-D3_def2-TZVPD_SMD_energy_SP_v1,not_applicable,8,3000,1.74,ready,
SP0649,smd_energy_sp,A002_Q0_M2,S023,runs/orca/sp/SP0649/SP0649.inp,c33eff0e72010cb0d8baefda72a3d7625436e76f48d357f1968a3b3b0115fbbb,tier1:redox:A002:S023:q0:m2,7b5ffd1d7da115dca527f2b3da3592466e1cf98794c080738d9689a11824306d,724bc3ff0b7602ae7d33a090c4ebcbf3ca38d6b094969da036f00a30ce2fea81,bb881a26d70155a0b9307158771f6ab9c7193121bc6dad1304db2a3536d8d1ae,e39030778fb52ee394f9e85c2441e29aa7601e9c8662631a25c302ba8c78c4f8,jhtvs-ft0806-sp-v3,T2_wB97X-D3_def2-TZVPD_SMD_energy_SP_v1,not_applicable,8,3000,1.74,ready,
SP0650,smd_energy_sp,A002_QM1_M1,S023,runs/orca/sp/SP0650/SP0650.inp,6a08edc077ce5d2b6b6232a34012bf2646a220968f863a1b9150e540afc9ab07,tier1:redox:A002:S023:q-1:m1,60acabf4df2129d1676535e9fd967aa416b33652348b851b59af3276bf7374a4,724bc3ff0b7602ae7d33a090c4ebcbf3ca38d6b094969da036f00a30ce2fea81,bb881a26d70155a0b9307158771f6ab9c7193121bc6dad1304db2a3536d8d1ae,61ed46ffe4f803d152eb5eb85b13d13242ae0a33af3b7e689c260bd92045df3f,jhtvs-ft0806-sp-v3,T2_wB97X-D3_def2-TZVPD_SMD_energy_SP_v1,not_applicable,8,3000,1.74,ready,
SP0651,smd_energy_sp,A003_Q0_M2,S023,runs/orca/sp/SP0651/SP0651.inp,c5c69dc29d80eb78b1267bd11dd1755a7e4cdd99a3cc831a12e79c5d1193bea7,tier1:redox:A003:S023:q0:m2,8644240950de38518ebba69da94aea6b8a6aeabc398470f587d3c71c34b9ea56,724bc3ff0b7602ae7d33a090c4ebcbf3ca38d6b094969da036f00a30ce2fea81,bb881a26d70155a0b9307158771f6ab9c7193121bc6dad1304db2a3536d8d1ae,000c9cd240139328a79a9d6b90f8155e7fa9f27e36e4d19f10a8b3a6f1561d13,jhtvs-ft0806-sp-v3,T2_wB97X-D3_def2-TZVPD_SMD_energy_SP_v1,not_applicable,8,3000,1.74,ready,
SP0652,smd_energy_sp,A003_QM1_M1,S023,runs/orca/sp/SP0652/SP0652.inp,4a9dfe645985dc143781919697c9a10126ddd8d88cf83cb26c0c2bcbc20ed9fc,tier1:redox:A003:S023:q-1:m1,42cc2333e311919a3ab2d27d8bb19c6e94952ecaa76f0a982603da27e75355af,724bc3ff0b7602ae7d33a090c4ebcbf3ca38d6b094969da036f00a30ce2fea81,bb881a26d70155a0b9307158771f6ab9c7193121bc6dad1304db2a3536d8d1ae,1df2382303927d60a50bbcfb51db7ddc471841e52b8ad96336b9b3a299932956,jhtvs-ft0806-sp-v3,T2_wB97X-D3_def2-TZVPD_SMD_energy_SP_v1,not_applicable,8,3000,1.74,ready,
SP0653,smd_energy_sp,A005_Q0_M2,S023,runs/orca/sp/SP0653/SP0653.inp,3bef4afc21a8c8dcd37a592b6c7953e30fc8dcd983a577a8b451428388bb707b,tier1:redox:A005:S023:q0:m2,9d34a283d41115ecbf637c7c222073f337d7482de79cf6ba0203e5645da776a9,724bc3ff0b7602ae7d33a090c4ebcbf3ca38d6b094969da036f00a30ce2fea81,bb881a26d70155a0b9307158771f6ab9c7193121bc6dad1304db2a3536d8d1ae,a1ed9b7e0d4e90456c02ddacf57cd0c1fb987056bb0b0fb42c03dfdbc5147406,jhtvs-ft0806-sp-v3,T2_wB97X-D3_def2-TZVPD_SMD_energy_SP_v1,not_applicable,8,3000,1.74,ready,
SP0654,smd_energy_sp,A005_QM1_M1,S023,runs/orca/sp/SP0654/SP0654.inp,fb416517592361153965b410a3be1b6aa8dc25a3759fe3750c64526a046f5a84,tier1:redox:A005:S023:q-1:m1,01a801fa3af7f20f43c9499ba59768278bf41eb1b181bfeda2f267e5decda8df,724bc3ff0b7602ae7d33a090c4ebcbf3ca38d6b094969da036f00a30ce2fea81,bb881a26d70155a0b9307158771f6ab9c7193121bc6dad1304db2a3536d8d1ae,8981cd50958677944747902a7789102be6f9ce99828bf7ae57d8a5bde4bf3fd1,jhtvs-ft0806-sp-v3,T2_wB97X-D3_def2-TZVPD_SMD_energy_SP_v1,not_applicable,8,3000,1.74,ready,
SP0655,smd_energy_sp,A009_Q0_M2,S023,runs/orca/sp/SP0655/SP0655.inp,a7ca885c1c959397f0a1d26ad4c3e59137d0dd4079cb108dbd1f9e1c38854b36,tier1:redox:A009:S023:q0:m2,0fa04cb11e33444f8e16581e28ba180495dad0e12c5a8826fe7c26912d514eef,724bc3ff0b7602ae7d33a090c4ebcbf3ca38d6b094969da036f00a30ce2fea81,bb881a26d70155a0b9307158771f6ab9c7193121bc6dad1304db2a3536d8d1ae,31855502c743ade6d3257535df3b745781d9cc9bf44e11c77853df6ac583f944,jhtvs-ft0806-sp-v3,T2_wB97X-D3_def2-TZVPD_SMD_energy_SP_v1,not_applicable,8,3000,1.74,ready,
SP0656,smd_energy_sp,A009_QM1_M1,S023,runs/orca/sp/SP0656/SP0656.inp,64d47e64b0e5d9f5f92d25ae28acb627f2dfcea6bcab2fd80e7e777d126fb571,tier1:redox:A009:S023:q-1:m1,3be7bf529b82070edbae42b1d07bc3117a766d5aa5dc49a4b0e8d5afdb1c8bd0,724bc3ff0b7602ae7d33a090c4ebcbf3ca38d6b094969da036f00a30ce2fea81,bb881a26d70155a0b9307158771f6ab9c7193121bc6dad1304db2a3536d8d1ae,e71495b64338671c7ac30ec26fe1e6991b798e5f6ebcb16e747a14f14d6d0104,jhtvs-ft0806-sp-v3,T2_wB97X-D3_def2-TZVPD_SMD_energy_SP_v1,not_applicable,8,3000,1.74,ready,
SP0657,smd_energy_sp,D022_QP2_M1,S023,runs/orca/sp/SP0657/SP0657.inp,acc25b50bedbc007c0d872ca3ddc66c52dd8d69fb1ad978e4479e56e2bbf9a8a,surrogate:sigma_preopt:D022:S023:q2:m1,c4eeb15db4a75cae6001e082200dfe7ebcaf5549cdf0aba70290bd9396952927,724bc3ff0b7602ae7d33a090c4ebcbf3ca38d6b094969da036f00a30ce2fea81,bb881a26d70155a0b9307158771f6ab9c7193121bc6dad1304db2a3536d8d1ae,d237f10b315274e5abeab0a230f03960fc4287c7f04dd0fc481e49c185b1e131,jhtvs-ft0806-sp-v3,T2_wB97X-D3_def2-TZVPD_SMD_energy_SP_v1,not_applicable,8,3000,4.22,ready,
SP0658,smd_energy_sp,D024_QP2_M1,S023,runs/orca/sp/SP0658/SP0658.inp,5f71ef668f84c19a3d666527037572654f9f988ff6c84d4e4ee15489a7cc618c,surrogate:sigma_preopt:D024:S023:q2:m1,b171abcbdd72cf872381634c7e16e081e46e2ab0ebc03698dd3cd9583065c4b7,724bc3ff0b7602ae7d33a090c4ebcbf3ca38d6b094969da036f00a30ce2fea81,bb881a26d70155a0b9307158771f6ab9c7193121bc6dad1304db2a3536d8d1ae,bdaadc35705b291773dd4af54fe096f106610db7edd2b57db5540fe3922b78a9,jhtvs-ft0806-sp-v3,T2_wB97X-D3_def2-TZVPD_SMD_energy_SP_v1,not_applicable,8,3000,4.22,ready,
SP0659,smd_energy_sp,D027_QP2_M1,S023,runs/orca/sp/SP0659/SP0659.inp,2cacbf80eb7574b5f247564a384bf549379eaafd041885a96446cf4765192eec,surrogate:sigma_preopt:D027:S023:q2:m1,c59b8f95a46ed2aebcbbc2f686511b448acdb83c93ae5b1fad707d01ec66d2ca,724bc3ff0b7602ae7d33a090c4ebcbf3ca38d6b094969da036f00a30ce2fea81,bb881a26d70155a0b9307158771f6ab9c7193121bc6dad1304db2a3536d8d1ae,0017384e4da570ed8e6e70d2dfc8917ed9fedb42d061cd28fe211bb898a08215,jhtvs-ft0806-sp-v3,T2_wB97X-D3_def2-TZVPD_SMD_energy_SP_v1,not_applicable,8,3000,4.22,ready,
SP0660,smd_energy_sp,D042_QP2_M1,S023,runs/orca/sp/SP0660/SP0660.inp,1a89faa14574eadcfb12297d6995cafde649ef3fa9f3f51701d5d1ecb3852fd8,surrogate:sigma_preopt:D042:S023:q2:m1,9210ee13ae6423b1e84d1ec83e047efb1e2e10b50de3707ecb05bce003a11a74,724bc3ff0b7602ae7d33a090c4ebcbf3ca38d6b094969da036f00a30ce2fea81,bb881a26d70155a0b9307158771f6ab9c7193121bc6dad1304db2a3536d8d1ae,12115f88e284f8402a5f03403a906562b712f1c76c6891e254358b3fb967c675,jhtvs-ft0806-sp-v3,T2_wB97X-D3_def2-TZVPD_SMD_energy_SP_v1,not_applicable,8,3000,4.22,ready,
SP0661,smd_energy_sp,D060_QP2_M1,S023,runs/orca/sp/SP0661/SP0661.inp,4011f003b43012c58c51da1df1414f74fe100e368dc9ab7ce39f6668fdad4464,surrogate:sigma_preopt:D060:S023:q2:m1,da5f2d271de349f7163f6d1bda3ade2539fd2d732239cc592b66444258945e37,724bc3ff0b7602ae7d33a090c4ebcbf3ca38d6b094969da036f00a30ce2fea81,bb881a26d70155a0b9307158771f6ab9c7193121bc6dad1304db2a3536d8d1ae,63cabef3b1ffe78c46cebbc0cdaad723ff31e90d196ef2f3c2a599ae141cf574,jhtvs-ft0806-sp-v3,T2_wB97X-D3_def2-TZVPD_SMD_energy_SP_v1,not_applicable,8,3000,4.22,ready,
SP0662,smd_energy_sp,D078_QP2_M1,S023,runs/orca/sp/SP0662/SP0662.inp,dfeaa031a612cc4164aa9eeb2ae975e5a0f8c954dd0406316340cc5675e2fa12,surrogate:sigma_preopt:D078:S023:q2:m1,5931216219e57cc67d0a3d191aadee6825ce273e71eb9390891c4dbf620daa38,724bc3ff0b7602ae7d33a090c4ebcbf3ca38d6b094969da036f00a30ce2fea81,bb881a26d70155a0b9307158771f6ab9c7193121bc6dad1304db2a3536d8d1ae,980600f334ce779a872b6aaaef35d3685d3fcfb215d777c7664fae69d9e90053,jhtvs-ft0806-sp-v3,T2_wB97X-D3_def2-TZVPD_SMD_energy_SP_v1,not_applicable,8,3000,4.22,ready,
SP0663,smd_energy_sp,M022_Q0_M1,S023,runs/orca/sp/SP0663/SP0663.inp,61fab5d0a1cc30a89d3473395b568885abfe36fefd5bbfe2c6819d79915b22c7,tier1:redox:M022:S023:q0:m1,c84089f57c7a48200fa407fa1e9d774a2ea042b8a4bf5129c7affa9f22ce0d8c,724bc3ff0b7602ae7d33a090c4ebcbf3ca38d6b094969da036f00a30ce2fea81,bb881a26d70155a0b9307158771f6ab9c7193121bc6dad1304db2a3536d8d1ae,f86980c4ba1aeda14c7292b8fe4c7b1f445f3183883df8755653af95f216241e,jhtvs-ft0806-sp-v3,T2_wB97X-D3_def2-TZVPD_SMD_energy_SP_v1,not_applicable,8,3000,1.74,ready,
SP0664,smd_energy_sp,M022_QP1_M2,S023,runs/orca/sp/SP0664/SP0664.inp,e5dec5dfef3889eedd6297a523bd70d3bb8e4bf0fde19de3e7c9a67b932bc8e6,tier1:redox:M022:S023:q1:m2,aeb69e667d6299f766a14dd747d4b22e2882df08dc635537bf8a7afe176ef8cf,724bc3ff0b7602ae7d33a090c4ebcbf3ca38d6b094969da036f00a30ce2fea81,bb881a26d70155a0b9307158771f6ab9c7193121bc6dad1304db2a3536d8d1ae,8cb60633b32f196b85c077df02fac1edec476ef6c9bcf1e2263bd68c015ef521,jhtvs-ft0806-sp-v3,T2_wB97X-D3_def2-TZVPD_SMD_energy_SP_v1,not_applicable,8,3000,1.74,ready,
SP0665,smd_energy_sp,M024_Q0_M1,S023,runs/orca/sp/SP0665/SP0665.inp,27568553f5276fcee1d181aeb12de8c728eb7964142b758f6afc7eefd6954ab1,tier1:redox:M024:S023:q0:m1,b7704a004354226f4e514b2c8695d08b4e5dafb61b128f2226c4407cae9a9b6b,724bc3ff0b7602ae7d33a090c4ebcbf3ca38d6b094969da036f00a30ce2fea81,bb881a26d70155a0b9307158771f6ab9c7193121bc6dad1304db2a3536d8d1ae,bebba2c9544a6acfce95e843aabaa07b096317c5270a49501dda9ed8ae4d2b90,jhtvs-ft0806-sp-v3,T2_wB97X-D3_def2-TZVPD_SMD_energy_SP_v1,not_applicable,8,3000,1.74,ready,
SP0666,smd_energy_sp,M024_QP1_M2,S023,runs/orca/sp/SP0666/SP0666.inp,a3cd12cad623f5ea6edb6c4954dcd35a2cedda26afb44979f12a5200e4e6c4ab,tier1:redox:M024:S023:q1:m2,3b91bb9f943b78f09f9becc9ad1153dfc73c63b93eb34d9c0e8f3908b6694577,724bc3ff0b7602ae7d33a090c4ebcbf3ca38d6b094969da036f00a30ce2fea81,bb881a26d70155a0b9307158771f6ab9c7193121bc6dad1304db2a3536d8d1ae,ce5a4393f0294cda0b71c292ad13f67483fa50935a7c2e58b43391836572b63a,jhtvs-ft0806-sp-v3,T2_wB97X-D3_def2-TZVPD_SMD_energy_SP_v1,not_applicable,8,3000,1.74,ready,
SP0667,smd_energy_sp,M027_QP1_M2,S023,runs/orca/sp/SP0667/SP0667.inp,e6a898f9caf7078dda38962413758e1fb1570630e9d1a7da2c279e3495392310,tier1:redox:M027:S023:q1:m2,52bf8b748ae87a19d6a62a79f58a5e04da5148cac35abdf1e6870b981735e238,724bc3ff0b7602ae7d33a090c4ebcbf3ca38d6b094969da036f00a30ce2fea81,bb881a26d70155a0b9307158771f6ab9c7193121bc6dad1304db2a3536d8d1ae,0e95cb24dbfbc015481f86095e92be6125de7b6f5e0400274348501d21b39c73,jhtvs-ft0806-sp-v3,T2_wB97X-D3_def2-TZVPD_SMD_energy_SP_v1,not_applicable,8,3000,1.74,ready,
SP0668,smd_energy_sp,M042_Q0_M1,S023,runs/orca/sp/SP0668/SP0668.inp,1e31aac6230c554b9ba6e60f6544ecec417f2db87a2edaea5d242a4e85d2f78b,tier1:redox:M042:S023:q0:m1,58b73d70df1cf5b892e06dca6d643e9582110b562dc975c6d63711f17b65c8cb,724bc3ff0b7602ae7d33a090c4ebcbf3ca38d6b094969da036f00a30ce2fea81,bb881a26d70155a0b9307158771f6ab9c7193121bc6dad1304db2a3536d8d1ae,6bb5716b89ea8ab265f27eae7463d0f2ed765f89388ac4ffc4ddc83aab1e6110,jhtvs-ft0806-sp-v3,T2_wB97X-D3_def2-TZVPD_SMD_energy_SP_v1,not_applicable,8,3000,1.74,ready,
SP0669,smd_energy_sp,M042_QP1_M2,S023,runs/orca/sp/SP0669/SP0669.inp,b2dec047c1d8a017a9c9e92dff1fac8f70edb29d3207026f3d055c67791e89be,tier1:redox:M042:S023:q1:m2,f7b6586616e99c378455de1694dbe7cf3ac201f5192dbed6d70d39b4f32d7779,724bc3ff0b7602ae7d33a090c4ebcbf3ca38d6b094969da036f00a30ce2fea81,bb881a26d70155a0b9307158771f6ab9c7193121bc6dad1304db2a3536d8d1ae,86e57ff8d1779b7082ad76965662abd58d0103549fdd78dd94288a38f1db65e3,jhtvs-ft0806-sp-v3,T2_wB97X-D3_def2-TZVPD_SMD_energy_SP_v1,not_applicable,8,3000,1.74,ready,
SP0670,smd_energy_sp,M060_Q0_M1,S023,runs/orca/sp/SP0670/SP0670.inp,ee0de62924b62e8fb84a0128032ab8ba36cff9998aa04d6477f6d55641608c0d,tier1:redox:M060:S023:q0:m1,b2924197452fc404cbe5797af85cb06f12068737fd9a4d28804369d18ad38ef4,724bc3ff0b7602ae7d33a090c4ebcbf3ca38d6b094969da036f00a30ce2fea81,bb881a26d70155a0b9307158771f6ab9c7193121bc6dad1304db2a3536d8d1ae,b40574df7edc3a76269079a410ff7be6bed411d68f23c5ab1803c0df955e0275,jhtvs-ft0806-sp-v3,T2_wB97X-D3_def2-TZVPD_SMD_energy_SP_v1,not_applicable,8,3000,1.74,ready,
SP0671,smd_energy_sp,M060_QP1_M2,S023,runs/orca/sp/SP0671/SP0671.inp,fce7ff8a8c91fcdb55a60eb00f4f93fc321a7147736a637787f03682fd287898,tier1:redox:M060:S023:q1:m2,c8c374b8ee2c2e17c0771430af64ff38217c22cd0b48922057a81878180a4976,724bc3ff0b7602ae7d33a090c4ebcbf3ca38d6b094969da036f00a30ce2fea81,bb881a26d70155a0b9307158771f6ab9c7193121bc6dad1304db2a3536d8d1ae,7abfb626342db4b1d4e80a70eebec055cae95f1e304b7f3052a140c1fe02290c,jhtvs-ft0806-sp-v3,T2_wB97X-D3_def2-TZVPD_SMD_energy_SP_v1,not_applicable,8,3000,1.74,ready,
SP0672,smd_energy_sp,M078_Q0_M1,S023,runs/orca/sp/SP0672/SP0672.inp,a93112dd83e6907baf6cc73167c899afe2f006695c3fade0e099b50849055e30,tier1:redox:M078:S023:q0:m1,147fa562dc468bf441436293c6f50b94e3d5fb648aa526bb3302862da64a2a51,724bc3ff0b7602ae7d33a090c4ebcbf3ca38d6b094969da036f00a30ce2fea81,bb881a26d70155a0b9307158771f6ab9c7193121bc6dad1304db2a3536d8d1ae,58c5f7d38e1991be24364d17f31b98e729ed9905fdb0f84d06ecd0bd745102b9,jhtvs-ft0806-sp-v3,T2_wB97X-D3_def2-TZVPD_SMD_energy_SP_v1,not_applicable,8,3000,1.74,ready,
SP0673,smd_energy_sp,M078_QP1_M2,S023,runs/orca/sp/SP0673/SP0673.inp,692d362131a4f261ad3159a9fae4a150f6d07ef4889022a4cfd1eede7663a1c5,tier1:redox:M078:S023:q1:m2,759128976766f57e840467c4b8df199018eb306710e9d34f48fd4d2cdfcf9274,724bc3ff0b7602ae7d33a090c4ebcbf3ca38d6b094969da036f00a30ce2fea81,bb881a26d70155a0b9307158771f6ab9c7193121bc6dad1304db2a3536d8d1ae,ad62c8f5749f3272375d23e5e066b9ea7d7f8fadaa18a6fc5c77771767ae4a25,jhtvs-ft0806-sp-v3,T2_wB97X-D3_def2-TZVPD_SMD_energy_SP_v1,not_applicable,8,3000,1.74,ready,
SP0674,smd_energy_sp,M084_Q0_M1,S023,runs/orca/sp/SP0674/SP0674.inp,b58462090bd8500631cf004db01ce03c21ebbf89401d04e828f2cbf5dd3570fb,tier1:redox:M084:S023:q0:m1,68856619beabcaf2352ad7191ab9e5fa0050b8a0114561d6e5ef41e6c43d6ca5,724bc3ff0b7602ae7d33a090c4ebcbf3ca38d6b094969da036f00a30ce2fea81,bb881a26d70155a0b9307158771f6ab9c7193121bc6dad1304db2a3536d8d1ae,b13e2ece551e1381b6060d914411bb5d94a18d27d5d2d83abebd6f74140e7f50,jhtvs-ft0806-sp-v3,T2_wB97X-D3_def2-TZVPD_SMD_energy_SP_v1,not_applicable,8,3000,1.74,ready,
SP0675,smd_energy_sp,M084_QP1_M2,S023,runs/orca/sp/SP0675/SP0675.inp,12ee8b48fd10a9917f39b2f5bbb2820ab8c2de2bc74cd508d1e9c5b3b425c557,tier1:redox:M084:S023:q1:m2,32c8ca55001b9c116134982ccdfca4d4c79a36fe06cfe7b3d0d31e4075dfab80,724bc3ff0b7602ae7d33a090c4ebcbf3ca38d6b094969da036f00a30ce2fea81,bb881a26d70155a0b9307158771f6ab9c7193121bc6dad1304db2a3536d8d1ae,337f9c42e3dff4d285c6ff544e685841c8935493c45d75bf0a9a55ca4c25926d,jhtvs-ft0806-sp-v3,T2_wB97X-D3_def2-TZVPD_SMD_energy_SP_v1,not_applicable,8,3000,1.74,ready,
SP0676,smd_energy_sp,S023_Q0_M1,S023,runs/orca/sp/SP0676/SP0676.inp,cbfeca79bcb1177a97fbce48bcaea77ae9e12ae4544ced645fc8b8b6a669fde3,tier1:redox:S023:S023:q0:m1,8d2da0b3b6c842eab6b8ed3bc915b2745f7525ff2959cc45a3525e412c33c9eb,724bc3ff0b7602ae7d33a090c4ebcbf3ca38d6b094969da036f00a30ce2fea81,bb881a26d70155a0b9307158771f6ab9c7193121bc6dad1304db2a3536d8d1ae,4739c8caf32ef715e11d919c3878f596da4d63d2d8af20eddead3b431bdc14e8,jhtvs-ft0806-sp-v3,T2_wB97X-D3_def2-TZVPD_SMD_energy_SP_v1,not_applicable,8,3000,1.74,ready,
SP0677,smd_energy_sp,S023_QP1_M2,S023,runs/orca/sp/SP0677/SP0677.inp,14794b8dca1ff86b5a9b13a8dfd7747682b9c1e708c2ed196fec0b0e9ff70749,tier1:redox:S023:S023:q1:m2,7fbf8f9860470d37746d4620baf7dde41c3550cad7fd2e4aff632fed99a858cb,724bc3ff0b7602ae7d33a090c4ebcbf3ca38d6b094969da036f00a30ce2fea81,bb881a26d70155a0b9307158771f6ab9c7193121bc6dad1304db2a3536d8d1ae,0e21c5065a9a925b3eef3c1b3e720cbe4ea3da68ca5c03f82587e150330bf863,jhtvs-ft0806-sp-v3,T2_wB97X-D3_def2-TZVPD_SMD_energy_SP_v1,not_applicable,8,3000,1.74,ready,
SP0678,smd_energy_sp,A002_Q0_M2,S024,runs/orca/sp/SP0678/SP0678.inp,f928265f813d1472d9f933cae80dd1cc018391274e262643ce9585ebd0ca2e8a,tier1:redox:A002:S024:q0:m2,5be29d26d3b19da23428d2a14eebaf6312165bb98ec1aa6ac3e0954c52a5b137,4bdb76d24b3b4b27d343e385e616bda2ee287eff92f856278196e75aa78aab0e,e2e920c94f5ebfe3ef93a16f04a6f5c34432b4f49379900bc73e25cb3e4ee574,feadece579d33bb72723a13bf642d4c9b60c1ccaa2852c7329b39104f5eb6869,jhtvs-ft0806-sp-v3,T2_wB97X-D3_def2-TZVPD_SMD_energy_SP_v1,not_applicable,8,3000,1.74,ready,
SP0679,smd_energy_sp,A002_QM1_M1,S024,runs/orca/sp/SP0679/SP0679.inp,f83dba43828763ca676be02cca094f20cd1096d4e9bd6a31201a9b93f0c46285,tier1:redox:A002:S024:q-1:m1,c1cbadfaa4dac093a645e0a7a37b34201a83213167dfe8bbbc2e6fb4be83c241,4bdb76d24b3b4b27d343e385e616bda2ee287eff92f856278196e75aa78aab0e,e2e920c94f5ebfe3ef93a16f04a6f5c34432b4f49379900bc73e25cb3e4ee574,f86f5f5b720c2c2155844ce48a1a9cda9b3077523defd6cc685863f028a4af4e,jhtvs-ft0806-sp-v3,T2_wB97X-D3_def2-TZVPD_SMD_energy_SP_v1,not_applicable,8,3000,1.74,ready,
SP0680,smd_energy_sp,A004_Q0_M2,S024,runs/orca/sp/SP0680/SP0680.inp,14330a98b427c88a575b49d0e4b0f10afd6e2c973a33c3cfdcf72adf6db2db5a,tier1:redox:A004:S024:q0:m2,6bd8bc3e23b0d7d57a7bf640fb4a48df8f024ffd08a5fbb44c48308d6c99c663,4bdb76d24b3b4b27d343e385e616bda2ee287eff92f856278196e75aa78aab0e,e2e920c94f5ebfe3ef93a16f04a6f5c34432b4f49379900bc73e25cb3e4ee574,2c1381980dd5a9b322e033b9d7352da05eab0153c8ecea3e6da2c4631dfdf251,jhtvs-ft0806-sp-v3,T2_wB97X-D3_def2-TZVPD_SMD_energy_SP_v1,not_applicable,8,3000,1.74,ready,
SP0681,smd_energy_sp,A004_QM1_M1,S024,runs/orca/sp/SP0681/SP0681.inp,ad3ecf55c597aa9008de52e02874ffdde991b54855c57702c46f7211cc310484,tier1:redox:A004:S024:q-1:m1,616d4b1bf1baaafd2b38f14e9958bad52b2e51a53f3e7e9ac701a8af53263a00,4bdb76d24b3b4b27d343e385e616bda2ee287eff92f856278196e75aa78aab0e,e2e920c94f5ebfe3ef93a16f04a6f5c34432b4f49379900bc73e25cb3e4ee574,53eb17091f94480afce112696fdecf956cbc1ea2073c446fbf45cb362dd2c860,jhtvs-ft0806-sp-v3,T2_wB97X-D3_def2-TZVPD_SMD_energy_SP_v1,not_applicable,8,3000,1.74,ready,
SP0682,smd_energy_sp,A005_Q0_M2,S024,runs/orca/sp/SP0682/SP0682.inp,1a890358200c72a2bd306ee9a148c97afe86afab0d1dfe3ea7da1cc9d11ebb37,tier1:redox:A005:S024:q0:m2,07ee3316be2db57c63f16fe873ff021a23a466929c540663c7e7a9d9d79185c9,4bdb76d24b3b4b27d343e385e616bda2ee287eff92f856278196e75aa78aab0e,e2e920c94f5ebfe3ef93a16f04a6f5c34432b4f49379900bc73e25cb3e4ee574,1e3792c9703e0ca8859dfd391e6ef5f1b237b2b3c47ca311c5f05d870992306c,jhtvs-ft0806-sp-v3,T2_wB97X-D3_def2-TZVPD_SMD_energy_SP_v1,not_applicable,8,3000,1.74,ready,
SP0683,smd_energy_sp,A005_QM1_M1,S024,runs/orca/sp/SP0683/SP0683.inp,b400e0e8c47bca45b8add04d19e637a54e59eb81771f7678734fe89455b426f1,tier1:redox:A005:S024:q-1:m1,9367c4dc80fd9b798f9c2661f641e99195234ea6b9e2b319f11eba0c74b4c54b,4bdb76d24b3b4b27d343e385e616bda2ee287eff92f856278196e75aa78aab0e,e2e920c94f5ebfe3ef93a16f04a6f5c34432b4f49379900bc73e25cb3e4ee574,a1a7e1aad279606631ac105b265038a8ed0df9b360189b26ab88483df7c45bc2,jhtvs-ft0806-sp-v3,T2_wB97X-D3_def2-TZVPD_SMD_energy_SP_v1,not_applicable,8,3000,1.74,ready,
SP0684,smd_energy_sp,A010_Q0_M2,S024,runs/orca/sp/SP0684/SP0684.inp,ef48b3de8a5222c5d01b382ce05b686b950461cc8847040822e2e850e236bce0,tier1:redox:A010:S024:q0:m2,8577edde83d3c430a5de6100938e2e143bb3f0c4d03179393be4adfb3752c891,4bdb76d24b3b4b27d343e385e616bda2ee287eff92f856278196e75aa78aab0e,e2e920c94f5ebfe3ef93a16f04a6f5c34432b4f49379900bc73e25cb3e4ee574,4a751f6efaadbd90af88a46ce7d7f59723c8b5197af926bdc73efa03fbb1fef9,jhtvs-ft0806-sp-v3,T2_wB97X-D3_def2-TZVPD_SMD_energy_SP_v1,not_applicable,8,3000,1.74,ready,
SP0685,smd_energy_sp,A010_QM1_M1,S024,runs/orca/sp/SP0685/SP0685.inp,0966acecba997af6d04dfc6d81e0ae0c013c969f78a84c6df0cd73ecd58c20f3,tier1:redox:A010:S024:q-1:m1,32ff79904d9844096c0c10c38d733ac133c372e80a09fe5a047fd243445eb2ea,4bdb76d24b3b4b27d343e385e616bda2ee287eff92f856278196e75aa78aab0e,e2e920c94f5ebfe3ef93a16f04a6f5c34432b4f49379900bc73e25cb3e4ee574,a8df734ecf258d059f598beb4e3e697c5c8d7270b86e67e29318be56c029e329,jhtvs-ft0806-sp-v3,T2_wB97X-D3_def2-TZVPD_SMD_energy_SP_v1,not_applicable,8,3000,1.74,ready,
SP0686,smd_energy_sp,D007_QP2_M1,S024,runs/orca/sp/SP0686/SP0686.inp,623be669b9ff1834dd72751aa435e01b9f14b53daa4961d91b9ecff4067a4d48,surrogate:sigma_preopt:D007:S024:q2:m1,9b4d0adc49e9f52e2268fb2e7feea38cb66416e10daf841134b7b8f20cd09203,4bdb76d24b3b4b27d343e385e616bda2ee287eff92f856278196e75aa78aab0e,e2e920c94f5ebfe3ef93a16f04a6f5c34432b4f49379900bc73e25cb3e4ee574,63ad226874736d0d9ead2c568cf121e0f1914fae8a5688c3638dcd8a859cd253,jhtvs-ft0806-sp-v3,T2_wB97X-D3_def2-TZVPD_SMD_energy_SP_v1,not_applicable,8,3000,4.22,ready,
SP0687,smd_energy_sp,D022_QP2_M1,S024,runs/orca/sp/SP0687/SP0687.inp,9aaabe1b3c21f6ba8026487e0683dee2375cf5867be328459ec5f9a5b831a3fc,surrogate:sigma_preopt:D022:S024:q2:m1,4f1b161a660eb3a2a206980ca24f5688baee32984570adef75cdcb0dbc3a110f,4bdb76d24b3b4b27d343e385e616bda2ee287eff92f856278196e75aa78aab0e,e2e920c94f5ebfe3ef93a16f04a6f5c34432b4f49379900bc73e25cb3e4ee574,4ad93a358777508944d40b116e600ec373c1b5586db76ae9534a0646e0f5e510,jhtvs-ft0806-sp-v3,T2_wB97X-D3_def2-TZVPD_SMD_energy_SP_v1,not_applicable,8,3000,4.22,ready,
SP0688,smd_energy_sp,D026_QP2_M1,S024,runs/orca/sp/SP0688/SP0688.inp,94cb154f0c9db34a38c2b56932b2cf1a142c78d2b395c2b0179efacbb157ed56,surrogate:sigma_preopt:D026:S024:q2:m1,4c547dba771a1d04c80cf0507faf8ee61c4f12c1652ff221441c51d54d6001bc,4bdb76d24b3b4b27d343e385e616bda2ee287eff92f856278196e75aa78aab0e,e2e920c94f5ebfe3ef93a16f04a6f5c34432b4f49379900bc73e25cb3e4ee574,da1ff25bfe49a1cb6856ee60daf2bf561de0e4e39a08a8fabcc73157234c1690,jhtvs-ft0806-sp-v3,T2_wB97X-D3_def2-TZVPD_SMD_energy_SP_v1,not_applicable,8,3000,4.22,ready,
SP0689,smd_energy_sp,D027_QP2_M1,S024,runs/orca/sp/SP0689/SP0689.inp,4f7ed3a67a6935b4ff8e7f8853c2c310b549af310a42973857b3952fe3f5a415,surrogate:sigma_preopt:D027:S024:q2:m1,d0b952e2def54d6419ecee3d7b50b74ad3abd4d3c324b815c8e54b62f6b7e769,4bdb76d24b3b4b27d343e385e616bda2ee287eff92f856278196e75aa78aab0e,e2e920c94f5ebfe3ef93a16f04a6f5c34432b4f49379900bc73e25cb3e4ee574,c9fee5b190a1a66178c39160d794c8c2ea8e8f61acdcfc1587622c89aa8ad79e,jhtvs-ft0806-sp-v3,T2_wB97X-D3_def2-TZVPD_SMD_energy_SP_v1,not_applicable,8,3000,4.22,ready,
SP0690,smd_energy_sp,D068_QP2_M1,S024,runs/orca/sp/SP0690/SP0690.inp,871874aae1c81798d9b10c183c3c1a2d3140c78a699b6aae34c3343f4979636f,surrogate:sigma_preopt:D068:S024:q2:m1,e3580b7a5c82f0eced2f8ef63e474cee8ef4dfe9e0443d115ec22d496b66f634,4bdb76d24b3b4b27d343e385e616bda2ee287eff92f856278196e75aa78aab0e,e2e920c94f5ebfe3ef93a16f04a6f5c34432b4f49379900bc73e25cb3e4ee574,499b84c5bc078ac46b067669abb23354ca244fa7bb120f0817d8ce1f58858870,jhtvs-ft0806-sp-v3,T2_wB97X-D3_def2-TZVPD_SMD_energy_SP_v1,not_applicable,8,3000,4.22,ready,
SP0691,smd_energy_sp,D084_QP2_M1,S024,runs/orca/sp/SP0691/SP0691.inp,9b3d4b29eb77ed61f440e3cabbdd6d00fa71d8c46a18010fbb3181da94a7d325,surrogate:sigma_preopt:D084:S024:q2:m1,126c725ea60338bb6469cf3c0988f6d9e2271c41acfaa19d449fa7d85083019d,4bdb76d24b3b4b27d343e385e616bda2ee287eff92f856278196e75aa78aab0e,e2e920c94f5ebfe3ef93a16f04a6f5c34432b4f49379900bc73e25cb3e4ee574,a520204605ff74f4c42890e3840d58d37812974b7fe3b0a4ccd1c1d267b7edd2,jhtvs-ft0806-sp-v3,T2_wB97X-D3_def2-TZVPD_SMD_energy_SP_v1,not_applicable,8,3000,4.22,ready,
SP0692,smd_energy_sp,M007_Q0_M1,S024,runs/orca/sp/SP0692/SP0692.inp,fde91bb2042eda7b0473ab20fcc5907a105ac35f47f1f10107e6ebc0d3188473,tier1:redox:M007:S024:q0:m1,bcf964be95633869c4c285b534e36c2dcc0495ee036b327940b01f05ceaf03a3,4bdb76d24b3b4b27d343e385e616bda2ee287eff92f856278196e75aa78aab0e,e2e920c94f5ebfe3ef93a16f04a6f5c34432b4f49379900bc73e25cb3e4ee574,76e1997d6b480386d14ec30b8fbdd14d7906a63d4fa8801ad6afa02ba31a2580,jhtvs-ft0806-sp-v3,T2_wB97X-D3_def2-TZVPD_SMD_energy_SP_v1,not_applicable,8,3000,1.74,ready,
SP0693,smd_energy_sp,M007_QP1_M2,S024,runs/orca/sp/SP0693/SP0693.inp,690a6a7ff985931a8ecd75318e2fa0a2ec342e29042cafbb1f33e6a61a432bdb,tier1:redox:M007:S024:q1:m2,3161c1aa493803908c8cec1ca4a3095e4be8034a82980630ed613211f3f02af7,4bdb76d24b3b4b27d343e385e616bda2ee287eff92f856278196e75aa78aab0e,e2e920c94f5ebfe3ef93a16f04a6f5c34432b4f49379900bc73e25cb3e4ee574,45542f313b18c07af77abaa1a344e5cf811be4c964c9bbb21c613066fdcfd157,jhtvs-ft0806-sp-v3,T2_wB97X-D3_def2-TZVPD_SMD_energy_SP_v1,not_applicable,8,3000,1.74,ready,
SP0694,smd_energy_sp,M022_Q0_M1,S024,runs/orca/sp/SP0694/SP0694.inp,4e3d3b740c50a971ec36a5e268e3f5855056bf17c375df463bd0f356e29bd359,tier1:redox:M022:S024:q0:m1,fe611f83b7adbee38c39d5bc5bea32a69ca57bc21b1b8e572af9850ca8da37a4,4bdb76d24b3b4b27d343e385e616bda2ee287eff92f856278196e75aa78aab0e,e2e920c94f5ebfe3ef93a16f04a6f5c34432b4f49379900bc73e25cb3e4ee574,3be42261ff7aa4b6d170caea4f5a9643d8a370dbe59b02c0c8257f77ce7502b3,jhtvs-ft0806-sp-v3,T2_wB97X-D3_def2-TZVPD_SMD_energy_SP_v1,not_applicable,8,3000,1.74,ready,
SP0695,smd_energy_sp,M022_QP1_M2,S024,runs/orca/sp/SP0695/SP0695.inp,2e6cbe91530445d9adc624cb8288d27ad765f2fff032f7e9e32ede5a1e16e4a5,tier1:redox:M022:S024:q1:m2,faccb4c661aa4c60ec7a6616e62368509831ade7ca7be700da28c71379ca8b39,4bdb76d24b3b4b27d343e385e616bda2ee287eff92f856278196e75aa78aab0e,e2e920c94f5ebfe3ef93a16f04a6f5c34432b4f49379900bc73e25cb3e4ee574,aa27a079854975999d8e8b817f37b2007e1aa844b6d860d382c4d1f324a45a7b,jhtvs-ft0806-sp-v3,T2_wB97X-D3_def2-TZVPD_SMD_energy_SP_v1,not_applicable,8,3000,1.74,ready,
SP0696,smd_energy_sp,M026_Q0_M1,S024,runs/orca/sp/SP0696/SP0696.inp,e4f5bfa6c2100571a104457675474c0a1b962ebd5614efe7a5d16dc99ed2177d,tier1:redox:M026:S024:q0:m1,6cf3d252070924aed4af5dc9431e54872f1a1f98b0d1d4cdf96e2fb36f91ad00,4bdb76d24b3b4b27d343e385e616bda2ee287eff92f856278196e75aa78aab0e,e2e920c94f5ebfe3ef93a16f04a6f5c34432b4f49379900bc73e25cb3e4ee574,0b15cd14258fe21cf3b311f23b2fe4aff3df7cbd3f26fb59021e290c0fe28188,jhtvs-ft0806-sp-v3,T2_wB97X-D3_def2-TZVPD_SMD_energy_SP_v1,not_applicable,8,3000,1.74,ready,
SP0697,smd_energy_sp,M026_QP1_M2,S024,runs/orca/sp/SP0697/SP0697.inp,c27e789fe983dcc192d87a6470b5570e0b33011f415a0b46a7feea0c469a59cd,tier1:redox:M026:S024:q1:m2,8bce57d2fc8e7a26c7c0cd78c6f950518c7332cac2ea823c749e1fb3104e5cd1,4bdb76d24b3b4b27d343e385e616bda2ee287eff92f856278196e75aa78aab0e,e2e920c94f5ebfe3ef93a16f04a6f5c34432b4f49379900bc73e25cb3e4ee574,1a41c4345c38ea0dfcaa81b1c3a90a5b5014c2760cacd3f575bbdc58b8da07cc,jhtvs-ft0806-sp-v3,T2_wB97X-D3_def2-TZVPD_SMD_energy_SP_v1,not_applicable,8,3000,1.74,ready,
SP0698,smd_energy_sp,M027_QP1_M2,S024,runs/orca/sp/SP0698/SP0698.inp,f55b743307805b4efc90bf3aeecfb85b0d88b33d10acfa66383c66f64d5f23bf,tier1:redox:M027:S024:q1:m2,2d52a19f6c4bf0e228884acd682de8875e3cfead15e4d194dcc9c93426395fcd,4bdb76d24b3b4b27d343e385e616bda2ee287eff92f856278196e75aa78aab0e,e2e920c94f5ebfe3ef93a16f04a6f5c34432b4f49379900bc73e25cb3e4ee574,215e956f4b3e53ded5eff268efaa6da7d18c274d1b13eb09e3a08864916edaec,jhtvs-ft0806-sp-v3,T2_wB97X-D3_def2-TZVPD_SMD_energy_SP_v1,not_applicable,8,3000,1.74,ready,
SP0699,smd_energy_sp,M047_Q0_M1,S024,runs/orca/sp/SP0699/SP0699.inp,81a914d1046246d3b9feb7b675894a941426d4b6b7089e953d9cb5b2174ed212,tier1:redox:M047:S024:q0:m1,fabfa66d132b0472a045814b8befe8d5ed262429924b8e58dd9a6ae738789718,4bdb76d24b3b4b27d343e385e616bda2ee287eff92f856278196e75aa78aab0e,e2e920c94f5ebfe3ef93a16f04a6f5c34432b4f49379900bc73e25cb3e4ee574,813b2cb50a2f50f157eedc4e5d9f6e43245a0f5c191d0efc4c3a5e0568f94947,jhtvs-ft0806-sp-v3,T2_wB97X-D3_def2-TZVPD_SMD_energy_SP_v1,not_applicable,8,3000,1.74,ready,
SP0700,smd_energy_sp,M047_QP1_M2,S024,runs/orca/sp/SP0700/SP0700.inp,06d6c25209d4791b9665cdb1f3972e9d3750c5d963ecba1b86cc6a7dee397aff,tier1:redox:M047:S024:q1:m2,4c4cc96559b746d741cb8979fb1d14287cbb2634a6c4fca7728d71a8cfd01dfd,4bdb76d24b3b4b27d343e385e616bda2ee287eff92f856278196e75aa78aab0e,e2e920c94f5ebfe3ef93a16f04a6f5c34432b4f49379900bc73e25cb3e4ee574,14ae7867d276cbdbcf255f0a6d49aac1af12710dd131a5695988122792167891,jhtvs-ft0806-sp-v3,T2_wB97X-D3_def2-TZVPD_SMD_energy_SP_v1,not_applicable,8,3000,1.74,ready,
SP0701,smd_energy_sp,M068_Q0_M1,S024,runs/orca/sp/SP0701/SP0701.inp,9747786233c75ba90d20f653431ee6eacf88893811f4a3d09812e558d2d7eeed,tier1:redox:M068:S024:q0:m1,c04e40de29a7b5bb86b24247edcffe084bd80e51844cdd80da4efa1babfc5831,4bdb76d24b3b4b27d343e385e616bda2ee287eff92f856278196e75aa78aab0e,e2e920c94f5ebfe3ef93a16f04a6f5c34432b4f49379900bc73e25cb3e4ee574,d161527dd80c19c5a53d2cfa2f7bf6133fcba8c63cd118177b959afc0e2bc8e0,jhtvs-ft0806-sp-v3,T2_wB97X-D3_def2-TZVPD_SMD_energy_SP_v1,not_applicable,8,3000,1.74,ready,
SP0702,smd_energy_sp,M068_QP1_M2,S024,runs/orca/sp/SP0702/SP0702.inp,575b1b2c338e4fa44847681408102bd2019de7c1205935ab091c59cc65e70cda,tier1:redox:M068:S024:q1:m2,5785baf1a9d86fcd4a95cc2579a661ef3600866d3bd7283d0367ecfec8ed2aae,4bdb76d24b3b4b27d343e385e616bda2ee287eff92f856278196e75aa78aab0e,e2e920c94f5ebfe3ef93a16f04a6f5c34432b4f49379900bc73e25cb3e4ee574,65619dc260902c8d4b09cfc9d88220a4d861bba8633062bc2b415841aca7c1ff,jhtvs-ft0806-sp-v3,T2_wB97X-D3_def2-TZVPD_SMD_energy_SP_v1,not_applicable,8,3000,1.74,ready,
SP0703,smd_energy_sp,M084_Q0_M1,S024,runs/orca/sp/SP0703/SP0703.inp,d26fdd7df0d4a18a6afa530b5747e40224b65eba776f154935738f70bb64515c,tier1:redox:M084:S024:q0:m1,bc787c5dd64da1cad7879ba01cd6ca01cfe2f1f750fc2a9511697fc0868ab3b2,4bdb76d24b3b4b27d343e385e616bda2ee287eff92f856278196e75aa78aab0e,e2e920c94f5ebfe3ef93a16f04a6f5c34432b4f49379900bc73e25cb3e4ee574,1e27ea590b75d57c7801c388a46f487b90806d845f33e342afb987507ff7a1d9,jhtvs-ft0806-sp-v3,T2_wB97X-D3_def2-TZVPD_SMD_energy_SP_v1,not_applicable,8,3000,1.74,ready,
SP0704,smd_energy_sp,M084_QP1_M2,S024,runs/orca/sp/SP0704/SP0704.inp,eab00c34c80ed265319b9a5710ed7213bb3ee9e9bd64c766e77b8d4346f4a11b,tier1:redox:M084:S024:q1:m2,b9d8f5d4c6ec90ca4b1bdd87b933ebd010ecd64dce88d9ede1369eefeb372a04,4bdb76d24b3b4b27d343e385e616bda2ee287eff92f856278196e75aa78aab0e,e2e920c94f5ebfe3ef93a16f04a6f5c34432b4f49379900bc73e25cb3e4ee574,c61729a24013d2e65a686f762a5f72372c1145c5ec78eb50d945d4bde28bf560,jhtvs-ft0806-sp-v3,T2_wB97X-D3_def2-TZVPD_SMD_energy_SP_v1,not_applicable,8,3000,1.74,ready,
SP0705,smd_energy_sp,M097_Q0_M1,S024,runs/orca/sp/SP0705/SP0705.inp,cb13a8e788d6343b1bf630b7547f1576b53b349558596b3ab8aa9f577b315785,tier1:redox:M097:S024:q0:m1,6b2c03798826097568854b2407b2a716defd781d418e4fbdc0fbe142f7cf4f5a,4bdb76d24b3b4b27d343e385e616bda2ee287eff92f856278196e75aa78aab0e,e2e920c94f5ebfe3ef93a16f04a6f5c34432b4f49379900bc73e25cb3e4ee574,ba149f7f2b2f81be6097b872802afa4cfe21593d1102798c8a3be443bd3485f0,jhtvs-ft0806-sp-v3,T2_wB97X-D3_def2-TZVPD_SMD_energy_SP_v1,not_applicable,8,3000,1.74,ready,
SP0706,smd_energy_sp,M097_QP1_M2,S024,runs/orca/sp/SP0706/SP0706.inp,497644fc46d24973b9e90abc84428b960bff93b592cd89d167ce3f3aaf5d7740,tier1:redox:M097:S024:q1:m2,7ce3828a62d49e8098f12518b6db0dc85065fbe1579f88b92e3a95440fe29323,4bdb76d24b3b4b27d343e385e616bda2ee287eff92f856278196e75aa78aab0e,e2e920c94f5ebfe3ef93a16f04a6f5c34432b4f49379900bc73e25cb3e4ee574,9b6bb292b1ef0eb27ea4be4c0371b94b49c283c16d06bff54df7fcd03c6d2b28,jhtvs-ft0806-sp-v3,T2_wB97X-D3_def2-TZVPD_SMD_energy_SP_v1,not_applicable,8,3000,1.74,ready,
SP0707,smd_energy_sp,S024_Q0_M1,S024,runs/orca/sp/SP0707/SP0707.inp,42752c8a5f80513ea943d27d1069db086693848584b2871622aa3c2de38620f2,tier1:redox:S024:S024:q0:m1,6f38f9dfe15ffa014b943a928a819eaba367cc664dae9635354debd1a8738e9b,4bdb76d24b3b4b27d343e385e616bda2ee287eff92f856278196e75aa78aab0e,e2e920c94f5ebfe3ef93a16f04a6f5c34432b4f49379900bc73e25cb3e4ee574,59bd813d6827a4f66b3960e4be857d4d16f283553957aa1dd3b26b7caae54681,jhtvs-ft0806-sp-v3,T2_wB97X-D3_def2-TZVPD_SMD_energy_SP_v1,not_applicable,8,3000,1.74,ready,
SP0708,smd_energy_sp,S024_QP1_M2,S024,runs/orca/sp/SP0708/SP0708.inp,d03fcee2e5f3d288a8c5b087dcbd9f7018e92302bb89ad044a76a0b1f73848f4,tier1:redox:S024:S024:q1:m2,de2f6d6b54d823a77d9ac1d6f5164cf4e991b71e83a91b030beb33967084cad9,4bdb76d24b3b4b27d343e385e616bda2ee287eff92f856278196e75aa78aab0e,e2e920c94f5ebfe3ef93a16f04a6f5c34432b4f49379900bc73e25cb3e4ee574,85a9aa166611afbb9bd62919d6e650898bca6ae8449fa28c4e83c75a4a9eb064,jhtvs-ft0806-sp-v3,T2_wB97X-D3_def2-TZVPD_SMD_energy_SP_v1,not_applicable,8,3000,1.74,ready,
SP0709,smd_energy_sp,A002_Q0_M2,S025,runs/orca/sp/SP0709/SP0709.inp,4106501ae8ea45b9d138eec7a02d843c23236a2b27b1e6152cf0430e336220f5,tier1:redox:A002:S025:q0:m2,ae54ad406cf8aaaea3fd11a5f13e2498ee9064e961c25890f6148f8bb3b306c1,c8d438be89e55b950777111715ade16dee6a348105822c8166b55c6930e2aefe,bb9da543453d9ffdaae7c220325550c7462804dadfb8316af2e1aeb1c954e305,e71523e918647d52e10c4b49fdb12b7243775905631ca15f3909ebb02c196651,jhtvs-ft0806-sp-v3,T2_wB97X-D3_def2-TZVPD_SMD_energy_SP_v1,not_applicable,8,3000,1.74,ready,
SP0710,smd_energy_sp,A002_QM1_M1,S025,runs/orca/sp/SP0710/SP0710.inp,a9d9cd3b5f00d250aff0b12b10ffdb27115fd9f66bbcc79c4879a14b6f0fc871,tier1:redox:A002:S025:q-1:m1,af092a80de43a7c67d27ceb707eb064ab8642850547b7e9911fb3b2963f2cf06,c8d438be89e55b950777111715ade16dee6a348105822c8166b55c6930e2aefe,bb9da543453d9ffdaae7c220325550c7462804dadfb8316af2e1aeb1c954e305,e70245284365f5888c005cb07327fab8c761468aa9055c2717971ffdc30a9c60,jhtvs-ft0806-sp-v3,T2_wB97X-D3_def2-TZVPD_SMD_energy_SP_v1,not_applicable,8,3000,1.74,ready,
SP0711,smd_energy_sp,A005_Q0_M2,S025,runs/orca/sp/SP0711/SP0711.inp,5753313b6871bc23ff68f8b0eccd28af4f591e3b9bd722f48f8d0b89f5f37fd0,tier1:redox:A005:S025:q0:m2,857bd7d6472e1a09aac1b4ae7dc60b7237afb6ef9e6b32e88d405cdcbf0ac083,c8d438be89e55b950777111715ade16dee6a348105822c8166b55c6930e2aefe,bb9da543453d9ffdaae7c220325550c7462804dadfb8316af2e1aeb1c954e305,db5be25e03139ecf75ee9366dd9f9be33324faf7f5ae55f33f2ef2b31d100df5,jhtvs-ft0806-sp-v3,T2_wB97X-D3_def2-TZVPD_SMD_energy_SP_v1,not_applicable,8,3000,1.74,ready,
SP0712,smd_energy_sp,A005_QM1_M1,S025,runs/orca/sp/SP0712/SP0712.inp,00662e24da1b9ee02e5129d8ec2c481017501a3ca363da8e71bcc31d0c9eae65,tier1:redox:A005:S025:q-1:m1,72982d505bb6ec09ffa9239b83cb6f15a2695fe0325087990151087afae6555d,c8d438be89e55b950777111715ade16dee6a348105822c8166b55c6930e2aefe,bb9da543453d9ffdaae7c220325550c7462804dadfb8316af2e1aeb1c954e305,9514757bb62ba8f12fdcc357cd6b1354739d3fe56021369064388480d0e905ed,jhtvs-ft0806-sp-v3,T2_wB97X-D3_def2-TZVPD_SMD_energy_SP_v1,not_applicable,8,3000,1.74,ready,
SP0713,smd_energy_sp,A008_Q0_M2,S025,runs/orca/sp/SP0713/SP0713.inp,da076f5e8e949f77c8fc22d1a88a67c51c5ebe4c6a2f7a6d88800952e9b38a16,tier1:redox:A008:S025:q0:m2,9e8935e8fddbf36935986d2715f912d10921a702f66858d61a8bec89d1f05743,c8d438be89e55b950777111715ade16dee6a348105822c8166b55c6930e2aefe,bb9da543453d9ffdaae7c220325550c7462804dadfb8316af2e1aeb1c954e305,08189718c548aa65211dc72d9ab4d0c2030ad0f392d763faf52e4c0415eab154,jhtvs-ft0806-sp-v3,T2_wB97X-D3_def2-TZVPD_SMD_energy_SP_v1,not_applicable,8,3000,1.74,ready,
SP0714,smd_energy_sp,A008_QM1_M1,S025,runs/orca/sp/SP0714/SP0714.inp,560a43db7dd7236c03f1c794bb62a8494ab4f213b6ac1466462f9431e1bf41aa,tier1:redox:A008:S025:q-1:m1,b9d67c7c097d70c7c9ae85e6c281aed0c15369adb0f5c562bfde47f7767e9549,c8d438be89e55b950777111715ade16dee6a348105822c8166b55c6930e2aefe,bb9da543453d9ffdaae7c220325550c7462804dadfb8316af2e1aeb1c954e305,0106583ac3ce6190267117826b0e4f0caef3f3456332103e82133e43d69f47c9,jhtvs-ft0806-sp-v3,T2_wB97X-D3_def2-TZVPD_SMD_energy_SP_v1,not_applicable,8,3000,1.74,ready,
SP0715,smd_energy_sp,D022_QP2_M1,S025,runs/orca/sp/SP0715/SP0715.inp,7f185a38ecff47a8c5b076520413bb60e540ca9285bad2ef259015d244ce8147,surrogate:sigma_preopt:D022:S025:q2:m1,4ed62cd32b34ee9e586efef4746d7dd0e1d2eff0c9e095bc811c5a29484fef6f,c8d438be89e55b950777111715ade16dee6a348105822c8166b55c6930e2aefe,bb9da543453d9ffdaae7c220325550c7462804dadfb8316af2e1aeb1c954e305,a0aae2b8fc8c6bb55f469d1eb19e700c201a5d8aae39b2b055e1f1b48f827420,jhtvs-ft0806-sp-v3,T2_wB97X-D3_def2-TZVPD_SMD_energy_SP_v1,not_applicable,8,3000,4.22,ready,
SP0716,smd_energy_sp,D027_QP2_M1,S025,runs/orca/sp/SP0716/SP0716.inp,1f365192ef58a383c8d5db25f66ec63f74a062405258a5dbed8b30a94b060eb4,surrogate:sigma_preopt:D027:S025:q2:m1,dbc2bfe16a129e65f1e1ea00b786458b73d0d4767f0ee8f475c61fd1415595f7,c8d438be89e55b950777111715ade16dee6a348105822c8166b55c6930e2aefe,bb9da543453d9ffdaae7c220325550c7462804dadfb8316af2e1aeb1c954e305,dd4ae801b0ca53021eca2482f856a2d412cb075388a4be03d6ebd60e2353fad4,jhtvs-ft0806-sp-v3,T2_wB97X-D3_def2-TZVPD_SMD_energy_SP_v1,not_applicable,8,3000,4.22,ready,
SP0717,smd_energy_sp,D038_QP2_M1,S025,runs/orca/sp/SP0717/SP0717.inp,ad0163f32152ce114155ea006999a0f237cdd04cdf1c8adfa97c6c45eefd1b41,surrogate:sigma_preopt:D038:S025:q2:m1,6e26e15c24d62dab8e506cc296871f002708e406d4598f45b3ed5660422b974a,c8d438be89e55b950777111715ade16dee6a348105822c8166b55c6930e2aefe,bb9da543453d9ffdaae7c220325550c7462804dadfb8316af2e1aeb1c954e305,a0ac7b66d1729c127f9b3ec3b373017f8c5f1d12b34365fbfeff1c3fc3d10dcf,jhtvs-ft0806-sp-v3,T2_wB97X-D3_def2-TZVPD_SMD_energy_SP_v1,not_applicable,8,3000,4.22,ready,
SP0718,smd_energy_sp,D058_QP2_M1,S025,runs/orca/sp/SP0718/SP0718.inp,6d438b434e073ddc98bbc6cff4d2aa0c09e14e768d2c9a923c4ab5a18ad9504c,surrogate:sigma_preopt:D058:S025:q2:m1,be3a3cec26df201b62a2da16601021b83ce1b140aadb3bc29acf473df17cd2c1,c8d438be89e55b950777111715ade16dee6a348105822c8166b55c6930e2aefe,bb9da543453d9ffdaae7c220325550c7462804dadfb8316af2e1aeb1c954e305,d45eb212d410e40438126b4ed8829616c9a30fa5778ce4b60e1e0b72bffc8b4f,jhtvs-ft0806-sp-v3,T2_wB97X-D3_def2-TZVPD_SMD_energy_SP_v1,not_applicable,8,3000,4.22,ready,
SP0719,smd_energy_sp,D077_QP2_M1,S025,runs/orca/sp/SP0719/SP0719.inp,1aecc74e0742a0c3842b7f9e910777a1eca4e46691887a5714090828bf5ec72b,surrogate:sigma_preopt:D077:S025:q2:m1,ad3f62c70a67774ce5aaf27f5f9dd63f761137633ce5be8f0e57dec4b22a7737,c8d438be89e55b950777111715ade16dee6a348105822c8166b55c6930e2aefe,bb9da543453d9ffdaae7c220325550c7462804dadfb8316af2e1aeb1c954e305,fcdf5bcd42d1415c255883edc6bca55e9fdd69b8c6f366f755180f4f1b12cf69,jhtvs-ft0806-sp-v3,T2_wB97X-D3_def2-TZVPD_SMD_energy_SP_v1,not_applicable,8,3000,4.22,ready,
SP0720,smd_energy_sp,D094_QP2_M1,S025,runs/orca/sp/SP0720/SP0720.inp,d090c75c03b28dfe7f3a1711d4b5eef4c076efdd5239830c4d1125e8586a1b0c,surrogate:sigma_preopt:D094:S025:q2:m1,53f2f2dbc4f26c17c56a6c96d5cc9f8967036087b55bfe724e08c78de5b8d85a,c8d438be89e55b950777111715ade16dee6a348105822c8166b55c6930e2aefe,bb9da543453d9ffdaae7c220325550c7462804dadfb8316af2e1aeb1c954e305,bf3d54f39bf58f50abf7c680128d9d1b5a5952aa315ddd74ba98ea6f3ac26d5d,jhtvs-ft0806-sp-v3,T2_wB97X-D3_def2-TZVPD_SMD_energy_SP_v1,not_applicable,8,3000,4.22,ready,
SP0721,smd_energy_sp,M022_Q0_M1,S025,runs/orca/sp/SP0721/SP0721.inp,2c5d6dc8f91975f8d9c1c226d61163fe2f530944d39bd625c04b70ac4a1ea0a3,tier1:redox:M022:S025:q0:m1,d65756df9018dd1bc2858d9e234172d99b9cdac83982f2117e0dda333a618c24,c8d438be89e55b950777111715ade16dee6a348105822c8166b55c6930e2aefe,bb9da543453d9ffdaae7c220325550c7462804dadfb8316af2e1aeb1c954e305,4d0433db7fb2688b98a84413b29b0810364dde37459f5555c2e20e005eac53c2,jhtvs-ft0806-sp-v3,T2_wB97X-D3_def2-TZVPD_SMD_energy_SP_v1,not_applicable,8,3000,1.74,ready,
SP0722,smd_energy_sp,M022_QP1_M2,S025,runs/orca/sp/SP0722/SP0722.inp,d2e68042a4b050936f06e55285346bb9e1216972bf75d47a9feec21b37eb05cc,tier1:redox:M022:S025:q1:m2,afd69f477a91283d4c49d86389459c30249e88c0a4706121b9a1f9651083698c,c8d438be89e55b950777111715ade16dee6a348105822c8166b55c6930e2aefe,bb9da543453d9ffdaae7c220325550c7462804dadfb8316af2e1aeb1c954e305,a2b53e3e7ec2882a5eadf4a40909a2bff0fccb158d667a1672f7771cfa6b4cfc,jhtvs-ft0806-sp-v3,T2_wB97X-D3_def2-TZVPD_SMD_energy_SP_v1,not_applicable,8,3000,1.74,ready,
SP0723,smd_energy_sp,M027_QP1_M2,S025,runs/orca/sp/SP0723/SP0723.inp,5410e183d1197c97e32f111908e0ad548894a88c696bcaca24690c786107b587,tier1:redox:M027:S025:q1:m2,7117702b48ee306a679912fc3f45cc2d58ca04f8a9d187dc2797c7b73bbf9f77,c8d438be89e55b950777111715ade16dee6a348105822c8166b55c6930e2aefe,bb9da543453d9ffdaae7c220325550c7462804dadfb8316af2e1aeb1c954e305,b56a5b2dbc1bb1b272016dcf0d8d7f2c8c8dce8ee2917f384e7808a43b39dcf6,jhtvs-ft0806-sp-v3,T2_wB97X-D3_def2-TZVPD_SMD_energy_SP_v1,not_applicable,8,3000,1.74,ready,
SP0724,smd_energy_sp,M038_Q0_M1,S025,runs/orca/sp/SP0724/SP0724.inp,68c999cb559d348748cf042cf2226411e38a20858975eb1bb562cce3f2cc84ca,tier1:redox:M038:S025:q0:m1,1b88dc107da281a3c5b4f41d517fb9707723b6af017b19452869aa5dce5b6cd2,c8d438be89e55b950777111715ade16dee6a348105822c8166b55c6930e2aefe,bb9da543453d9ffdaae7c220325550c7462804dadfb8316af2e1aeb1c954e305,c0d8a4d3a46f745e55c5701390953f6a8298e4a030ade7c586f3f4891078d2eb,jhtvs-ft0806-sp-v3,T2_wB97X-D3_def2-TZVPD_SMD_energy_SP_v1,not_applicable,8,3000,1.74,ready,
SP0725,smd_energy_sp,M038_QP1_M2,S025,runs/orca/sp/SP0725/SP0725.inp,f01966416ee8255fcd05310c87777ba4421915df3029b19c68ffae2f759626b8,tier1:redox:M038:S025:q1:m2,1ec8ed0378b8bce32246750f373d098b2b43e5be707e9d604fba0cd3d3b47b6a,c8d438be89e55b950777111715ade16dee6a348105822c8166b55c6930e2aefe,bb9da543453d9ffdaae7c220325550c7462804dadfb8316af2e1aeb1c954e305,109fbc89fb5a858d2147606850fa6570352bc6fd0e7af9436d2c794c7155c86f,jhtvs-ft0806-sp-v3,T2_wB97X-D3_def2-TZVPD_SMD_energy_SP_v1,not_applicable,8,3000,1.74,ready,
SP0726,smd_energy_sp,M058_Q0_M1,S025,runs/orca/sp/SP0726/SP0726.inp,060f20aed73dce6bbde52e34657cb5e7702ea4cdeffefbb087baf411fb3ea582,tier1:redox:M058:S025:q0:m1,28fd5cfe8eb019148a1dd63acb31a8af7dc4bc3ad09ffc7c5a772a1ed9b0e1cc,c8d438be89e55b950777111715ade16dee6a348105822c8166b55c6930e2aefe,bb9da543453d9ffdaae7c220325550c7462804dadfb8316af2e1aeb1c954e305,b49673aad7e397aed2a84566be040696ebab86dc5dd392174b22dc471f3be042,jhtvs-ft0806-sp-v3,T2_wB97X-D3_def2-TZVPD_SMD_energy_SP_v1,not_applicable,8,3000,1.74,ready,
SP0727,smd_energy_sp,M058_QP1_M2,S025,runs/orca/sp/SP0727/SP0727.inp,a6ee8f8842adcecf8bcf54f61e8c2000fdd6eb1f940f765cae7cde129ba0aec3,tier1:redox:M058:S025:q1:m2,f887787dfef77e80af8d8fb3024cf2e31c5494305e8e30598e9e5a7996fdb647,c8d438be89e55b950777111715ade16dee6a348105822c8166b55c6930e2aefe,bb9da543453d9ffdaae7c220325550c7462804dadfb8316af2e1aeb1c954e305,9ae31073d519539daf615c5c9b91fef883bb254c2dbf5811f5dc5303b219f483,jhtvs-ft0806-sp-v3,T2_wB97X-D3_def2-TZVPD_SMD_energy_SP_v1,not_applicable,8,3000,1.74,ready,
SP0728,smd_energy_sp,M077_Q0_M1,S025,runs/orca/sp/SP0728/SP0728.inp,8577acae871a1f1e68ddeea36236118c10a2e845995e4026a2645e8cee9f9c11,tier1:redox:M077:S025:q0:m1,8821f62899b6ee9c687c68b2d09d238bd0c96e191b0830306141e3f7123b5c12,c8d438be89e55b950777111715ade16dee6a348105822c8166b55c6930e2aefe,bb9da543453d9ffdaae7c220325550c7462804dadfb8316af2e1aeb1c954e305,5df78c57aba0ceb4161894cc21798d815ea3092dc7277ab009cc9d7956b14ca1,jhtvs-ft0806-sp-v3,T2_wB97X-D3_def2-TZVPD_SMD_energy_SP_v1,not_applicable,8,3000,1.74,ready,
SP0729,smd_energy_sp,M077_QP1_M2,S025,runs/orca/sp/SP0729/SP0729.inp,6079a4dc253433d98cba6b18ae480c62a69f14706b2561fba2d365cf19441991,tier1:redox:M077:S025:q1:m2,c205532874edad78811a0cd2dc58267303d54de061189a0e9cc9473b5a7b43b8,c8d438be89e55b950777111715ade16dee6a348105822c8166b55c6930e2aefe,bb9da543453d9ffdaae7c220325550c7462804dadfb8316af2e1aeb1c954e305,19b8a44d61b346fde0d521eff7e2b977b14d42d32ce4d9bdad61a91e7f04e889,jhtvs-ft0806-sp-v3,T2_wB97X-D3_def2-TZVPD_SMD_energy_SP_v1,not_applicable,8,3000,1.74,ready,
SP0730,smd_energy_sp,M084_Q0_M1,S025,runs/orca/sp/SP0730/SP0730.inp,23acfe091ab19bcaa7210133456dbad4cf774f7c1ea9cb6c98cfcc6333bb0b05,tier1:redox:M084:S025:q0:m1,28faf7f94e03b29789e073c4ab88beb7983e8cb38c4de765945a61c4b3f28a0f,c8d438be89e55b950777111715ade16dee6a348105822c8166b55c6930e2aefe,bb9da543453d9ffdaae7c220325550c7462804dadfb8316af2e1aeb1c954e305,1d9dc824ea5b81be40a7620218fb31c4e92f8765b6938f8894ce7fbedf6c74d4,jhtvs-ft0806-sp-v3,T2_wB97X-D3_def2-TZVPD_SMD_energy_SP_v1,not_applicable,8,3000,1.74,ready,
SP0731,smd_energy_sp,M084_QP1_M2,S025,runs/orca/sp/SP0731/SP0731.inp,8dc66bb987bfb7a2943d7ab77598ae5239369d1f254bc6de9dc7604dadf8f8f0,tier1:redox:M084:S025:q1:m2,2eba426ef3f0c88bc3eb2b922bebcb267afd9e98edd39283142df3399c48aa3f,c8d438be89e55b950777111715ade16dee6a348105822c8166b55c6930e2aefe,bb9da543453d9ffdaae7c220325550c7462804dadfb8316af2e1aeb1c954e305,589759832ff83ae64f00034ac7a4db3643c47353cf427b6d74512c3967b9ee71,jhtvs-ft0806-sp-v3,T2_wB97X-D3_def2-TZVPD_SMD_energy_SP_v1,not_applicable,8,3000,1.74,ready,
SP0732,smd_energy_sp,M094_Q0_M1,S025,runs/orca/sp/SP0732/SP0732.inp,b7204beb5bb424f4d187419a8ef1c7e3b5e901f93b788413aaac37c121b6976e,tier1:redox:M094:S025:q0:m1,22fe9de87313c4cc4a97fba1b0f6f1b6953ef05bd79d0a51bc58efb4d8558c05,c8d438be89e55b950777111715ade16dee6a348105822c8166b55c6930e2aefe,bb9da543453d9ffdaae7c220325550c7462804dadfb8316af2e1aeb1c954e305,132eb72528a4e0b00c0bf50874383596fd6b677825fa9bbb65efe76c291d4a8c,jhtvs-ft0806-sp-v3,T2_wB97X-D3_def2-TZVPD_SMD_energy_SP_v1,not_applicable,8,3000,1.74,ready,
SP0733,smd_energy_sp,M094_QP1_M2,S025,runs/orca/sp/SP0733/SP0733.inp,4df4008f1397eb3120c72d73d23904b0785bb4238124ea125d71d5b0e5f61451,tier1:redox:M094:S025:q1:m2,76945cd7be6b040d6cae6146df1393d5e85491d4e6a7359d25d8d7d6d6022cab,c8d438be89e55b950777111715ade16dee6a348105822c8166b55c6930e2aefe,bb9da543453d9ffdaae7c220325550c7462804dadfb8316af2e1aeb1c954e305,f459cfef37b64d2ba37d8c3a0575ea9f524c0003d159b6fa0e028d33fca0bd0d,jhtvs-ft0806-sp-v3,T2_wB97X-D3_def2-TZVPD_SMD_energy_SP_v1,not_applicable,8,3000,1.74,ready,
SP0734,smd_energy_sp,S025_Q0_M1,S025,runs/orca/sp/SP0734/SP0734.inp,d4ef2bcb34aa9a75c82463ee5b6297aa1aa510e7246e440c755fa28ae1204eb9,tier1:redox:S025:S025:q0:m1,ac6c5f24667f6488886fd602f37a6223610b771df2a4dc19d9d0f6513a7858db,c8d438be89e55b950777111715ade16dee6a348105822c8166b55c6930e2aefe,bb9da543453d9ffdaae7c220325550c7462804dadfb8316af2e1aeb1c954e305,f11d60025c76e624ffd44db4329de0fce09359bfeb8d94e5064d5a76d6e66de0,jhtvs-ft0806-sp-v3,T2_wB97X-D3_def2-TZVPD_SMD_energy_SP_v1,not_applicable,8,3000,1.74,ready,
SP0735,smd_energy_sp,S025_QP1_M2,S025,runs/orca/sp/SP0735/SP0735.inp,82bb33381c5c06518ff1d37dd1069135b7fea42cd4f632205a214e5f07faf2a9,tier1:redox:S025:S025:q1:m2,b45a465923bce7a42cf1d287e880518df7fc5203c4edcd3adf2eae663cadd98b,c8d438be89e55b950777111715ade16dee6a348105822c8166b55c6930e2aefe,bb9da543453d9ffdaae7c220325550c7462804dadfb8316af2e1aeb1c954e305,30b04fa141bbd7ceb526ab25a93ee41a1922c2edfa012b7a57006e8c629ea031,jhtvs-ft0806-sp-v3,T2_wB97X-D3_def2-TZVPD_SMD_energy_SP_v1,not_applicable,8,3000,1.74,ready,
