geometry_key,state_id,solvent_id,formal_charge,multiplicity,status,xyz_path,xyz_sha256,source_kind,source_run_id,source_task_id,source_xyz_sha256,source_output_sha256,source_qc_status,connectivity_status,bonds_broken,bonds_formed,monomer_source_sha256,topology_sha256,preopt_method_id,preopt_epsilon,reason
surrogate:sigma_preopt:D001:S001:q2:m1,D001_QP2_M1,S001,2,1,resolved,runs/geometry/resolved/sigma/D001_QP2_M1/S001.xyz,5adffce99ca2e72873c4163f35d7adf46d50ddad9fa112bbd17e3ff93bd39b53,sigma_target_medium_preopt,jhtvs-ft0806-sigma-preopt-v1,sigma-preopt-D001-S001,8780a9bb3c60aaadfbf60388dd63dfd3c1a7e8a25648cac81c7fce733b75df10,514060eb1b78907463b4e4e4f166c7dd06b5b7074b7e67a08a820353c0b05c7b,pass,pass,0,0,a7781bfb8860257e1817131466ffa686c910c9c9ef7a428975924fcda5fdb3ed,d91b5366538573950dd039992050d34571fc5ef704d76a4f050a5a3b28ba9a44,GFN2-xTB_default_opt_ddCOSMO_v1,35.688,
surrogate:sigma_preopt:D001:S007:q2:m1,D001_QP2_M1,S007,2,1,resolved,runs/geometry/resolved/sigma/D001_QP2_M1/S007.xyz,3a9c036d6ecc4617fda35014cd33afb0eef4783a8741f93aaea436c3cae43428,sigma_target_medium_preopt,jhtvs-ft0806-sigma-preopt-v1,sigma-preopt-D001-S007,8780a9bb3c60aaadfbf60388dd63dfd3c1a7e8a25648cac81c7fce733b75df10,3cc4e9343be224d0e4c5427de13cda84f6f8daf8deec5ef2cbe09ac11d7c9949,pass,pass,0,0,a7781bfb8860257e1817131466ffa686c910c9c9ef7a428975924fcda5fdb3ed,d91b5366538573950dd039992050d34571fc5ef704d76a4f050a5a3b28ba9a44,GFN2-xTB_default_opt_ddCOSMO_v1,46.826,
surrogate:sigma_preopt:D001:S015:q2:m1,D001_QP2_M1,S015,2,1,resolved,runs/geometry/resolved/sigma/D001_QP2_M1/S015.xyz,6639a1556ec0fb2492b0dfc778fe6f22e7649ecccb765fb06087e3ee5b42e3dd,sigma_target_medium_preopt,jhtvs-ft0806-sigma-preopt-v1,sigma-preopt-D001-S015,8780a9bb3c60aaadfbf60388dd63dfd3c1a7e8a25648cac81c7fce733b75df10,7080efe601cc0eec9cd0a17b9fc42d8262ceca6547b6de061d48c16ed113acfa,pass,pass,0,0,a7781bfb8860257e1817131466ffa686c910c9c9ef7a428975924fcda5fdb3ed,d91b5366538573950dd039992050d34571fc5ef704d76a4f050a5a3b28ba9a44,GFN2-xTB_default_opt_ddCOSMO_v1,11.4,
surrogate:sigma_preopt:D001:S022:q2:m1,D001_QP2_M1,S022,2,1,resolved,runs/geometry/resolved/sigma/D001_QP2_M1/S022.xyz,acfd3d8f4a46c47b2c734cb458b7109db133927d638d879af38f52c44baf4ce6,sigma_target_medium_preopt,jhtvs-ft0806-sigma-preopt-v1,sigma-preopt-D001-S022,8780a9bb3c60aaadfbf60388dd63dfd3c1a7e8a25648cac81c7fce733b75df10,bc364d891b5d79ce833b73e562f14fb4a8f078ae0d33faefe39c5b3622ae3a37,pass,pass,0,0,a7781bfb8860257e1817131466ffa686c910c9c9ef7a428975924fcda5fdb3ed,d91b5366538573950dd039992050d34571fc5ef704d76a4f050a5a3b28ba9a44,GFN2-xTB_default_opt_ddCOSMO_v1,89.78,
surrogate:sigma_preopt:D007:S004:q2:m1,D007_QP2_M1,S004,2,1,resolved,runs/geometry/resolved/sigma/D007_QP2_M1/S004.xyz,0efab730f80847159e2455e2bdd13bf8cad977fe8eee9f77e67ff2c9223e5b0a,sigma_target_medium_preopt,jhtvs-ft0806-sigma-preopt-v1,sigma-preopt-D007-S004,286d4b0edd4d69784f8048b287dca7ed6bb7bc35f43ca47bde339a9a279a2c1a,2213aebed66b97f9e6552dc0dee9654c1ee26c016cc6f92d22ed9e6b7c6b6444,pass,pass,0,0,a7781bfb8860257e1817131466ffa686c910c9c9ef7a428975924fcda5fdb3ed,c22e5822a2ba731f97573b42599174645134b4d9d684f49d0c6d8f472656a7d6,GFN2-xTB_default_opt_ddCOSMO_v1,34.809,
surrogate:sigma_preopt:D007:S011:q2:m1,D007_QP2_M1,S011,2,1,resolved,runs/geometry/resolved/sigma/D007_QP2_M1/S011.xyz,c8cde41807ca08f33e71d0b4509839a71fc895e508a57f70a0d1dc9240bd49a0,sigma_target_medium_preopt,jhtvs-ft0806-sigma-preopt-v1,sigma-preopt-D007-S011,286d4b0edd4d69784f8048b287dca7ed6bb7bc35f43ca47bde339a9a279a2c1a,3b7feb8546bfe35c0c6dc43461f3fd5bd75d2583eec0b79d1caea08eac10995e,pass,pass,0,0,a7781bfb8860257e1817131466ffa686c910c9c9ef7a428975924fcda5fdb3ed,c22e5822a2ba731f97573b42599174645134b4d9d684f49d0c6d8f472656a7d6,GFN2-xTB_default_opt_ddCOSMO_v1,41.7,
surrogate:sigma_preopt:D007:S016:q2:m1,D007_QP2_M1,S016,2,1,resolved,runs/geometry/resolved/sigma/D007_QP2_M1/S016.xyz,2f82a50b2f366c622f57867713ee8b618c40ac1376577f8e1f671d05daaefae3,sigma_target_medium_preopt,jhtvs-ft0806-sigma-preopt-v1,sigma-preopt-D007-S016,286d4b0edd4d69784f8048b287dca7ed6bb7bc35f43ca47bde339a9a279a2c1a,c21f99a584f9a2afc5ada5a1fc244d0851f1446175f3c8c1c636bc98070ed0dd,pass,pass,0,0,a7781bfb8860257e1817131466ffa686c910c9c9ef7a428975924fcda5fdb3ed,c22e5822a2ba731f97573b42599174645134b4d9d684f49d0c6d8f472656a7d6,GFN2-xTB_default_opt_ddCOSMO_v1,9.7,
surrogate:sigma_preopt:D007:S024:q2:m1,D007_QP2_M1,S024,2,1,resolved,runs/geometry/resolved/sigma/D007_QP2_M1/S024.xyz,9b4d0adc49e9f52e2268fb2e7feea38cb66416e10daf841134b7b8f20cd09203,sigma_target_medium_preopt,jhtvs-ft0806-sigma-preopt-v1,sigma-preopt-D007-S024,286d4b0edd4d69784f8048b287dca7ed6bb7bc35f43ca47bde339a9a279a2c1a,a16db0c2389d271ce77b43f18a7a70f8600dc5feb1059afa6412cfefbeb91b29,pass,pass,0,0,a7781bfb8860257e1817131466ffa686c910c9c9ef7a428975924fcda5fdb3ed,c22e5822a2ba731f97573b42599174645134b4d9d684f49d0c6d8f472656a7d6,GFN2-xTB_default_opt_ddCOSMO_v1,2.2099,
surrogate:sigma_preopt:D022:S001:q2:m1,D022_QP2_M1,S001,2,1,resolved,runs/geometry/resolved/sigma/D022_QP2_M1/S001.xyz,f824f543517095f3e0beb448eadf5ed9401775434c57f8906c346970b25715fa,sigma_target_medium_preopt,jhtvs-ft0806-sigma-preopt-v1,sigma-preopt-D022-S001,b97f24e6e72b4d28f9f11a2fa736347882d8fdc904235ec824bcb564641d7fc2,d583976ae40cc58ebcbf20f45912e1a9118538d2d8815bbf9650609240d5c6e5,pass,pass,0,0,a7781bfb8860257e1817131466ffa686c910c9c9ef7a428975924fcda5fdb3ed,c52a7955c993523ae0b74d691655b76a0a83b8f91fef3ddce29d735a8839c10d,GFN2-xTB_default_opt_ddCOSMO_v1,35.688,
surrogate:sigma_preopt:D022:S002:q2:m1,D022_QP2_M1,S002,2,1,resolved,runs/geometry/resolved/sigma/D022_QP2_M1/S002.xyz,5f1271355e5fa1abf9630b0cdd7cbf62787917512da10c0f13ff8f63331adab6,sigma_target_medium_preopt,jhtvs-ft0806-sigma-preopt-v1,sigma-preopt-D022-S002,b97f24e6e72b4d28f9f11a2fa736347882d8fdc904235ec824bcb564641d7fc2,91bce794d3312804ccf177236b9ff9d43c21a3793276d6ee2314b21f419dbe22,pass,pass,0,0,a7781bfb8860257e1817131466ffa686c910c9c9ef7a428975924fcda5fdb3ed,c52a7955c993523ae0b74d691655b76a0a83b8f91fef3ddce29d735a8839c10d,GFN2-xTB_default_opt_ddCOSMO_v1,8.93,
surrogate:sigma_preopt:D022:S003:q2:m1,D022_QP2_M1,S003,2,1,resolved,runs/geometry/resolved/sigma/D022_QP2_M1/S003.xyz,3334df37b9842128f5a5d20ca225b76f3fef9638296a93dd6d3fe55257e518e3,sigma_target_medium_preopt,jhtvs-ft0806-sigma-preopt-v1,sigma-preopt-D022-S003,b97f24e6e72b4d28f9f11a2fa736347882d8fdc904235ec824bcb564641d7fc2,85d31d9c91be812caeaba75709f1b4ce6858fdd2dc8ddf630cd45b138a0e7da4,pass,pass,0,0,a7781bfb8860257e1817131466ffa686c910c9c9ef7a428975924fcda5fdb3ed,c52a7955c993523ae0b74d691655b76a0a83b8f91fef3ddce29d735a8839c10d,GFN2-xTB_default_opt_ddCOSMO_v1,64.92,
surrogate:sigma_preopt:D022:S004:q2:m1,D022_QP2_M1,S004,2,1,resolved,runs/geometry/resolved/sigma/D022_QP2_M1/S004.xyz,172cf14b812b026cac24e0b4a0a411a188cf96fffde66a6971210d07f9aa6667,sigma_target_medium_preopt,jhtvs-ft0806-sigma-preopt-v1,sigma-preopt-D022-S004,b97f24e6e72b4d28f9f11a2fa736347882d8fdc904235ec824bcb564641d7fc2,7c58b42bf2fcf97272e6474030d651310b5b2158b75d5edf819fd44134fe87b8,pass,pass,0,0,a7781bfb8860257e1817131466ffa686c910c9c9ef7a428975924fcda5fdb3ed,c52a7955c993523ae0b74d691655b76a0a83b8f91fef3ddce29d735a8839c10d,GFN2-xTB_default_opt_ddCOSMO_v1,34.809,
surrogate:sigma_preopt:D022:S005:q2:m1,D022_QP2_M1,S005,2,1,resolved,runs/geometry/resolved/sigma/D022_QP2_M1/S005.xyz,cb5126aac74487a56020b32b2919f0e5221e1e57fe31695b5204a861784309f8,sigma_target_medium_preopt,jhtvs-ft0806-sigma-preopt-v1,sigma-preopt-D022-S005,b97f24e6e72b4d28f9f11a2fa736347882d8fdc904235ec824bcb564641d7fc2,48613e8ebf8c4f63fa81ac3fe165ef6fc53177ad23a4985c4f093cdf092e2e6a,pass,pass,0,0,a7781bfb8860257e1817131466ffa686c910c9c9ef7a428975924fcda5fdb3ed,c52a7955c993523ae0b74d691655b76a0a83b8f91fef3ddce29d735a8839c10d,GFN2-xTB_default_opt_ddCOSMO_v1,25.592,
surrogate:sigma_preopt:D022:S006:q2:m1,D022_QP2_M1,S006,2,1,resolved,runs/geometry/resolved/sigma/D022_QP2_M1/S006.xyz,a45906fc8278b9e1a4e87803ad3eba0e6bdcc06141635cb9bfd635f67167b071,sigma_target_medium_preopt,jhtvs-ft0806-sigma-preopt-v1,sigma-preopt-D022-S006,b97f24e6e72b4d28f9f11a2fa736347882d8fdc904235ec824bcb564641d7fc2,71c9b58719240a6b451b20301725916e8e263c95410d38e13f7b35d3e660884b,pass,pass,0,0,a7781bfb8860257e1817131466ffa686c910c9c9ef7a428975924fcda5fdb3ed,c52a7955c993523ae0b74d691655b76a0a83b8f91fef3ddce29d735a8839c10d,GFN2-xTB_default_opt_ddCOSMO_v1,37.219,
surrogate:sigma_preopt:D022:S007:q2:m1,D022_QP2_M1,S007,2,1,resolved,runs/geometry/resolved/sigma/D022_QP2_M1/S007.xyz,9830ed110adc8a735203a1483a79952a3af875737d532f014d522694c1a7e94a,sigma_target_medium_preopt,jhtvs-ft0806-sigma-preopt-v1,sigma-preopt-D022-S007,b97f24e6e72b4d28f9f11a2fa736347882d8fdc904235ec824bcb564641d7fc2,0a12e78bbb3a12510ecd3ba476377bf2a47b7b0428fdedefc3f171c73e484c91,pass,pass,0,0,a7781bfb8860257e1817131466ffa686c910c9c9ef7a428975924fcda5fdb3ed,c52a7955c993523ae0b74d691655b76a0a83b8f91fef3ddce29d735a8839c10d,GFN2-xTB_default_opt_ddCOSMO_v1,46.826,
surrogate:sigma_preopt:D022:S008:q2:m1,D022_QP2_M1,S008,2,1,resolved,runs/geometry/resolved/sigma/D022_QP2_M1/S008.xyz,fc526f77b58c8308ee11b077bf8ac756842bf381b916524453ee91135fcd11c8,sigma_target_medium_preopt,jhtvs-ft0806-sigma-preopt-v1,sigma-preopt-D022-S008,b97f24e6e72b4d28f9f11a2fa736347882d8fdc904235ec824bcb564641d7fc2,d1fa0929f69651e369c4116d4b71b0658a971f9f77f30ef605288a776c97ec8b,pass,pass,0,0,a7781bfb8860257e1817131466ffa686c910c9c9ef7a428975924fcda5fdb3ed,c52a7955c993523ae0b74d691655b76a0a83b8f91fef3ddce29d735a8839c10d,GFN2-xTB_default_opt_ddCOSMO_v1,7.4257,
surrogate:sigma_preopt:D022:S009:q2:m1,D022_QP2_M1,S009,2,1,resolved,runs/geometry/resolved/sigma/D022_QP2_M1/S009.xyz,ebfba36061c8263270eb1fc15bdd5a845cfdf50bfae9900a18ff4ef2063a784b,sigma_target_medium_preopt,jhtvs-ft0806-sigma-preopt-v1,sigma-preopt-D022-S009,b97f24e6e72b4d28f9f11a2fa736347882d8fdc904235ec824bcb564641d7fc2,00b368b260b02724f43aa152d03168370700f93805633432cc6bc9427ec8edaf,pass,pass,0,0,a7781bfb8860257e1817131466ffa686c910c9c9ef7a428975924fcda5fdb3ed,c52a7955c993523ae0b74d691655b76a0a83b8f91fef3ddce29d735a8839c10d,GFN2-xTB_default_opt_ddCOSMO_v1,36.562,
surrogate:sigma_preopt:D022:S010:q2:m1,D022_QP2_M1,S010,2,1,resolved,runs/geometry/resolved/sigma/D022_QP2_M1/S010.xyz,9e458201d006b009e6fcdb19e182eceac3a34c16beeaa82d0bf0923d203fb2c4,sigma_target_medium_preopt,jhtvs-ft0806-sigma-preopt-v1,sigma-preopt-D022-S010,b97f24e6e72b4d28f9f11a2fa736347882d8fdc904235ec824bcb564641d7fc2,384079a99f7a408bcab3f2a89e0449bc60cca105a2d9fa719cf869353b5d9794,pass,pass,0,0,a7781bfb8860257e1817131466ffa686c910c9c9ef7a428975924fcda5fdb3ed,c52a7955c993523ae0b74d691655b76a0a83b8f91fef3ddce29d735a8839c10d,GFN2-xTB_default_opt_ddCOSMO_v1,78.355,
surrogate:sigma_preopt:D022:S011:q2:m1,D022_QP2_M1,S011,2,1,resolved,runs/geometry/resolved/sigma/D022_QP2_M1/S011.xyz,7be761cab2c1339389e37d1316e39ac441d1d88355bd7038ed9e298a70226cfa,sigma_target_medium_preopt,jhtvs-ft0806-sigma-preopt-v1,sigma-preopt-D022-S011,b97f24e6e72b4d28f9f11a2fa736347882d8fdc904235ec824bcb564641d7fc2,9e6a8379f049a4fa0d3993115549bf9b43758a03940a97a239e251b80458cb51,pass,pass,0,0,a7781bfb8860257e1817131466ffa686c910c9c9ef7a428975924fcda5fdb3ed,c52a7955c993523ae0b74d691655b76a0a83b8f91fef3ddce29d735a8839c10d,GFN2-xTB_default_opt_ddCOSMO_v1,41.7,
surrogate:sigma_preopt:D022:S012:q2:m1,D022_QP2_M1,S012,2,1,resolved,runs/geometry/resolved/sigma/D022_QP2_M1/S012.xyz,c124013ec33cae4bae8c632aa93983f10008f4e5000c81f680a3a09b49e5dfa3,sigma_target_medium_preopt,jhtvs-ft0806-sigma-preopt-v1,sigma-preopt-D022-S012,b97f24e6e72b4d28f9f11a2fa736347882d8fdc904235ec824bcb564641d7fc2,e6bded61d2239ab99a75fc78e760a3aaf54cbc020ce55ad0afe32229e6d7f30a,pass,pass,0,0,a7781bfb8860257e1817131466ffa686c910c9c9ef7a428975924fcda5fdb3ed,c52a7955c993523ae0b74d691655b76a0a83b8f91fef3ddce29d735a8839c10d,GFN2-xTB_default_opt_ddCOSMO_v1,43.962,
surrogate:sigma_preopt:D022:S013:q2:m1,D022_QP2_M1,S013,2,1,resolved,runs/geometry/resolved/sigma/D022_QP2_M1/S013.xyz,9550f8221cba8cc6843c182d56d917bfd4940b730f2cca5e8db0fcc2016a7d86,sigma_target_medium_preopt,jhtvs-ft0806-sigma-preopt-v1,sigma-preopt-D022-S013,b97f24e6e72b4d28f9f11a2fa736347882d8fdc904235ec824bcb564641d7fc2,372342151bd6769eb6ecf836d14509b72855719d84fa528de1fa53289a33318c,pass,pass,0,0,a7781bfb8860257e1817131466ffa686c910c9c9ef7a428975924fcda5fdb3ed,c52a7955c993523ae0b74d691655b76a0a83b8f91fef3ddce29d735a8839c10d,GFN2-xTB_default_opt_ddCOSMO_v1,32.2,
surrogate:sigma_preopt:D022:S014:q2:m1,D022_QP2_M1,S014,2,1,resolved,runs/geometry/resolved/sigma/D022_QP2_M1/S014.xyz,1fe4a4541108c7a76b23296eb4e078f66d5dc5787f7256bc09c4e1487f864fcf,sigma_target_medium_preopt,jhtvs-ft0806-sigma-preopt-v1,sigma-preopt-D022-S014,b97f24e6e72b4d28f9f11a2fa736347882d8fdc904235ec824bcb564641d7fc2,4f11290b89123dc72559a4b63fecc50ca31d8b20bbf51535131d1f1bb82232eb,pass,pass,0,0,a7781bfb8860257e1817131466ffa686c910c9c9ef7a428975924fcda5fdb3ed,c52a7955c993523ae0b74d691655b76a0a83b8f91fef3ddce29d735a8839c10d,GFN2-xTB_default_opt_ddCOSMO_v1,4.34,
surrogate:sigma_preopt:D022:S015:q2:m1,D022_QP2_M1,S015,2,1,resolved,runs/geometry/resolved/sigma/D022_QP2_M1/S015.xyz,18efad02fa2335aa6ca21d2488e9eb5087eeb1045a8bfa346a57bf1947859e55,sigma_target_medium_preopt,jhtvs-ft0806-sigma-preopt-v1,sigma-preopt-D022-S015,b97f24e6e72b4d28f9f11a2fa736347882d8fdc904235ec824bcb564641d7fc2,20ceb3d46f071d6fa585615f1ee0df0d3dd59accf9f5d66283dc41da65ced962,pass,pass,0,0,a7781bfb8860257e1817131466ffa686c910c9c9ef7a428975924fcda5fdb3ed,c52a7955c993523ae0b74d691655b76a0a83b8f91fef3ddce29d735a8839c10d,GFN2-xTB_default_opt_ddCOSMO_v1,11.4,
surrogate:sigma_preopt:D022:S016:q2:m1,D022_QP2_M1,S016,2,1,resolved,runs/geometry/resolved/sigma/D022_QP2_M1/S016.xyz,6182053be4352b6e099dbca30ef7d7efab6e7d4bf3490b0c39855b70c1a459b6,sigma_target_medium_preopt,jhtvs-ft0806-sigma-preopt-v1,sigma-preopt-D022-S016,b97f24e6e72b4d28f9f11a2fa736347882d8fdc904235ec824bcb564641d7fc2,1e377aa87ec0af3659ed60fbadbcf8cd20ccf1d9cf4d124d2a1c2bc4d2cfa9fc,pass,pass,0,0,a7781bfb8860257e1817131466ffa686c910c9c9ef7a428975924fcda5fdb3ed,c52a7955c993523ae0b74d691655b76a0a83b8f91fef3ddce29d735a8839c10d,GFN2-xTB_default_opt_ddCOSMO_v1,9.7,
surrogate:sigma_preopt:D022:S017:q2:m1,D022_QP2_M1,S017,2,1,resolved,runs/geometry/resolved/sigma/D022_QP2_M1/S017.xyz,3f3658d00f8ed3f0b4eb957df3fb2fc0be9d33237a246134fde2c59db694ef3a,sigma_target_medium_preopt,jhtvs-ft0806-sigma-preopt-v1,sigma-preopt-D022-S017,b97f24e6e72b4d28f9f11a2fa736347882d8fdc904235ec824bcb564641d7fc2,b8ddf87ce67d73e3f55c6f25ebdf5d76733577898934b882af76b8a3e3562c00,pass,pass,0,0,a7781bfb8860257e1817131466ffa686c910c9c9ef7a428975924fcda5fdb3ed,c52a7955c993523ae0b74d691655b76a0a83b8f91fef3ddce29d735a8839c10d,GFN2-xTB_default_opt_ddCOSMO_v1,13.8,
surrogate:sigma_preopt:D022:S018:q2:m1,D022_QP2_M1,S018,2,1,resolved,runs/geometry/resolved/sigma/D022_QP2_M1/S018.xyz,6e58a8c1e20d9bde5a0501084e3791183c47a4ff3ecbdae605095024104c5c61,sigma_target_medium_preopt,jhtvs-ft0806-sigma-preopt-v1,sigma-preopt-D022-S018,b97f24e6e72b4d28f9f11a2fa736347882d8fdc904235ec824bcb564641d7fc2,b96e1e2a8ae4ac3e974ca59ca01fdb76e9b97151411f3089585a7c3aa4cfe162,pass,pass,0,0,a7781bfb8860257e1817131466ffa686c910c9c9ef7a428975924fcda5fdb3ed,c52a7955c993523ae0b74d691655b76a0a83b8f91fef3ddce29d735a8839c10d,GFN2-xTB_default_opt_ddCOSMO_v1,9.8,
surrogate:sigma_preopt:D022:S019:q2:m1,D022_QP2_M1,S019,2,1,resolved,runs/geometry/resolved/sigma/D022_QP2_M1/S019.xyz,40db1e5521244acd86b167d46b3565644263f6555dafd054674959bb9eab41ef,sigma_target_medium_preopt,jhtvs-ft0806-sigma-preopt-v1,sigma-preopt-D022-S019,b97f24e6e72b4d28f9f11a2fa736347882d8fdc904235ec824bcb564641d7fc2,710d364eee18f76c04c415479c4424a8db2bd9dff6e390d16fd981ae2ff874eb,pass,pass,0,0,a7781bfb8860257e1817131466ffa686c910c9c9ef7a428975924fcda5fdb3ed,c52a7955c993523ae0b74d691655b76a0a83b8f91fef3ddce29d735a8839c10d,GFN2-xTB_default_opt_ddCOSMO_v1,29.324,
surrogate:sigma_preopt:D022:S020:q2:m1,D022_QP2_M1,S020,2,1,resolved,runs/geometry/resolved/sigma/D022_QP2_M1/S020.xyz,46bf7c2f586184876ba6467f27b0d4f7304245da4a16376538fbc5894bcbdf2a,sigma_target_medium_preopt,jhtvs-ft0806-sigma-preopt-v1,sigma-preopt-D022-S020,b97f24e6e72b4d28f9f11a2fa736347882d8fdc904235ec824bcb564641d7fc2,799059b4ce386372be7e320f9f19ee62e3be0602f3a4fe69ced1857da5b36375,pass,pass,0,0,a7781bfb8860257e1817131466ffa686c910c9c9ef7a428975924fcda5fdb3ed,c52a7955c993523ae0b74d691655b76a0a83b8f91fef3ddce29d735a8839c10d,GFN2-xTB_default_opt_ddCOSMO_v1,10.125,
surrogate:sigma_preopt:D022:S021:q2:m1,D022_QP2_M1,S021,2,1,resolved,runs/geometry/resolved/sigma/D022_QP2_M1/S021.xyz,7bd6f53fe01c554cb1adb3e78b906c9f1eef9cac91722cbdc7bc0dc48c587d14,sigma_target_medium_preopt,jhtvs-ft0806-sigma-preopt-v1,sigma-preopt-D022-S021,b97f24e6e72b4d28f9f11a2fa736347882d8fdc904235ec824bcb564641d7fc2,861e460c687e422f4c7cacdcb47c5cdfe6396a20d57578a4ca459acd9334acd3,pass,pass,0,0,a7781bfb8860257e1817131466ffa686c910c9c9ef7a428975924fcda5fdb3ed,c52a7955c993523ae0b74d691655b76a0a83b8f91fef3ddce29d735a8839c10d,GFN2-xTB_default_opt_ddCOSMO_v1,4.7113,
surrogate:sigma_preopt:D022:S022:q2:m1,D022_QP2_M1,S022,2,1,resolved,runs/geometry/resolved/sigma/D022_QP2_M1/S022.xyz,5ab3fcf9ef380ed574e01faf0a754b74620707f5b223bae4c8e6dd68ff493280,sigma_target_medium_preopt,jhtvs-ft0806-sigma-preopt-v1,sigma-preopt-D022-S022,b97f24e6e72b4d28f9f11a2fa736347882d8fdc904235ec824bcb564641d7fc2,6211af6f55e8dcac88cbe610760b5036acac9e98192c9cd35bcfdef36151ce32,pass,pass,0,0,a7781bfb8860257e1817131466ffa686c910c9c9ef7a428975924fcda5fdb3ed,c52a7955c993523ae0b74d691655b76a0a83b8f91fef3ddce29d735a8839c10d,GFN2-xTB_default_opt_ddCOSMO_v1,89.78,
surrogate:sigma_preopt:D022:S023:q2:m1,D022_QP2_M1,S023,2,1,resolved,runs/geometry/resolved/sigma/D022_QP2_M1/S023.xyz,c4eeb15db4a75cae6001e082200dfe7ebcaf5549cdf0aba70290bd9396952927,sigma_target_medium_preopt,jhtvs-ft0806-sigma-preopt-v1,sigma-preopt-D022-S023,b97f24e6e72b4d28f9f11a2fa736347882d8fdc904235ec824bcb564641d7fc2,2c799025a54868c16ef01f2ecf27f6bc419c320eb87f81b742b267b972e4b457,pass,pass,0,0,a7781bfb8860257e1817131466ffa686c910c9c9ef7a428975924fcda5fdb3ed,c52a7955c993523ae0b74d691655b76a0a83b8f91fef3ddce29d735a8839c10d,GFN2-xTB_default_opt_ddCOSMO_v1,3.087,
surrogate:sigma_preopt:D022:S024:q2:m1,D022_QP2_M1,S024,2,1,resolved,runs/geometry/resolved/sigma/D022_QP2_M1/S024.xyz,4f1b161a660eb3a2a206980ca24f5688baee32984570adef75cdcb0dbc3a110f,sigma_target_medium_preopt,jhtvs-ft0806-sigma-preopt-v1,sigma-preopt-D022-S024,b97f24e6e72b4d28f9f11a2fa736347882d8fdc904235ec824bcb564641d7fc2,dca78dd7588d6cb4b91eadf298300059fe6bab89375487ee7e9a8b4b215d04a8,pass,pass,0,0,a7781bfb8860257e1817131466ffa686c910c9c9ef7a428975924fcda5fdb3ed,c52a7955c993523ae0b74d691655b76a0a83b8f91fef3ddce29d735a8839c10d,GFN2-xTB_default_opt_ddCOSMO_v1,2.2099,
surrogate:sigma_preopt:D022:S025:q2:m1,D022_QP2_M1,S025,2,1,resolved,runs/geometry/resolved/sigma/D022_QP2_M1/S025.xyz,4ed62cd32b34ee9e586efef4746d7dd0e1d2eff0c9e095bc811c5a29484fef6f,sigma_target_medium_preopt,jhtvs-ft0806-sigma-preopt-v1,sigma-preopt-D022-S025,b97f24e6e72b4d28f9f11a2fa736347882d8fdc904235ec824bcb564641d7fc2,55ece65a1af3ca3342361792fee3a7b317ec221b77491997fd6db168aca0affb,pass,pass,0,0,a7781bfb8860257e1817131466ffa686c910c9c9ef7a428975924fcda5fdb3ed,c52a7955c993523ae0b74d691655b76a0a83b8f91fef3ddce29d735a8839c10d,GFN2-xTB_default_opt_ddCOSMO_v1,7.3,
surrogate:sigma_preopt:D024:S004:q2:m1,D024_QP2_M1,S004,2,1,resolved,runs/geometry/resolved/sigma/D024_QP2_M1/S004.xyz,34878daca7b73d5138a37c971848bb0e1d7766551ed9c6bd63902ae10f18003d,sigma_target_medium_preopt,jhtvs-ft0806-sigma-preopt-v1,sigma-preopt-D024-S004,758809025aab3af6bb6890095ed8e6afa833fb83f92bc50624f9694e996aad1f,84034e36c41f5c992e1df8bec964c49c7b4151477654227b34075d6b150ce190,pass,pass,0,0,a7781bfb8860257e1817131466ffa686c910c9c9ef7a428975924fcda5fdb3ed,ca64859a23594e53e6d2ec99181f1e0726ddfafcd140178ecbb0eef148ba356e,GFN2-xTB_default_opt_ddCOSMO_v1,34.809,
surrogate:sigma_preopt:D024:S011:q2:m1,D024_QP2_M1,S011,2,1,resolved,runs/geometry/resolved/sigma/D024_QP2_M1/S011.xyz,609419d3b563236b99aac7c506f8c317001e354842cf90d906ba8afce5bc1a74,sigma_target_medium_preopt,jhtvs-ft0806-sigma-preopt-v1,sigma-preopt-D024-S011,758809025aab3af6bb6890095ed8e6afa833fb83f92bc50624f9694e996aad1f,b98ea3c89a773f11eaaad156ccce923bdf116694b4b69b534746dd71adb7432a,pass,pass,0,0,a7781bfb8860257e1817131466ffa686c910c9c9ef7a428975924fcda5fdb3ed,ca64859a23594e53e6d2ec99181f1e0726ddfafcd140178ecbb0eef148ba356e,GFN2-xTB_default_opt_ddCOSMO_v1,41.7,
surrogate:sigma_preopt:D024:S017:q2:m1,D024_QP2_M1,S017,2,1,resolved,runs/geometry/resolved/sigma/D024_QP2_M1/S017.xyz,9e538774b5d9701bbe71cd5dcf4f4bed415c00457ffc2c758da23a3720b5db34,sigma_target_medium_preopt,jhtvs-ft0806-sigma-preopt-v1,sigma-preopt-D024-S017,758809025aab3af6bb6890095ed8e6afa833fb83f92bc50624f9694e996aad1f,c538d38d5a2256b54b190946dab321de70a3fd3225d2935eff0d1ed8d8a88a64,pass,pass,0,0,a7781bfb8860257e1817131466ffa686c910c9c9ef7a428975924fcda5fdb3ed,ca64859a23594e53e6d2ec99181f1e0726ddfafcd140178ecbb0eef148ba356e,GFN2-xTB_default_opt_ddCOSMO_v1,13.8,
surrogate:sigma_preopt:D024:S023:q2:m1,D024_QP2_M1,S023,2,1,resolved,runs/geometry/resolved/sigma/D024_QP2_M1/S023.xyz,b171abcbdd72cf872381634c7e16e081e46e2ab0ebc03698dd3cd9583065c4b7,sigma_target_medium_preopt,jhtvs-ft0806-sigma-preopt-v1,sigma-preopt-D024-S023,758809025aab3af6bb6890095ed8e6afa833fb83f92bc50624f9694e996aad1f,5f4b970018a27899a027642c724fc6796cd4926af15c2fb76bdb596e4e5485fc,pass,pass,0,0,a7781bfb8860257e1817131466ffa686c910c9c9ef7a428975924fcda5fdb3ed,ca64859a23594e53e6d2ec99181f1e0726ddfafcd140178ecbb0eef148ba356e,GFN2-xTB_default_opt_ddCOSMO_v1,3.087,
surrogate:sigma_preopt:D026:S005:q2:m1,D026_QP2_M1,S005,2,1,resolved,runs/geometry/resolved/sigma/D026_QP2_M1/S005.xyz,2bc45bd2e0ebcddb6ce12237ee9b352fb35e95ff190c99c9217917d6b3c5baf7,sigma_target_medium_preopt,jhtvs-ft0806-sigma-preopt-v1,sigma-preopt-D026-S005,6d2fb6a77f9bd2eb1960e67ad9e4a688ef5acabbdcceeabd6e664bd2a44df3f3,1dbbc83daae49629252545296f81114a03e5c1aff371359760372ee405646258,pass,pass,0,0,a7781bfb8860257e1817131466ffa686c910c9c9ef7a428975924fcda5fdb3ed,093b7eec0fcab9ca3924493750f2ef0f9d2392c35b69b071d68425d25fc935b8,GFN2-xTB_default_opt_ddCOSMO_v1,25.592,
surrogate:sigma_preopt:D026:S012:q2:m1,D026_QP2_M1,S012,2,1,resolved,runs/geometry/resolved/sigma/D026_QP2_M1/S012.xyz,8515a7d414d5bb9ee8fc7853dd99ba4edf3a04e395e333572ef68cfd6ce4a190,sigma_target_medium_preopt,jhtvs-ft0806-sigma-preopt-v1,sigma-preopt-D026-S012,6d2fb6a77f9bd2eb1960e67ad9e4a688ef5acabbdcceeabd6e664bd2a44df3f3,f1413d0890cdf27e7ac325d84dfb4cf2ea6bbff6293ae837e348f1cba8d43764,pass,pass,0,0,a7781bfb8860257e1817131466ffa686c910c9c9ef7a428975924fcda5fdb3ed,093b7eec0fcab9ca3924493750f2ef0f9d2392c35b69b071d68425d25fc935b8,GFN2-xTB_default_opt_ddCOSMO_v1,43.962,
surrogate:sigma_preopt:D026:S018:q2:m1,D026_QP2_M1,S018,2,1,resolved,runs/geometry/resolved/sigma/D026_QP2_M1/S018.xyz,bf83579b214f8411f278f283c51a85e02e94b6c39d430cadd7d18f2a58565971,sigma_target_medium_preopt,jhtvs-ft0806-sigma-preopt-v1,sigma-preopt-D026-S018,6d2fb6a77f9bd2eb1960e67ad9e4a688ef5acabbdcceeabd6e664bd2a44df3f3,f822ac8f31259f9245823a58cbf964ff8642d2aa69556f4d5cb5af2d68688670,pass,pass,0,0,a7781bfb8860257e1817131466ffa686c910c9c9ef7a428975924fcda5fdb3ed,093b7eec0fcab9ca3924493750f2ef0f9d2392c35b69b071d68425d25fc935b8,GFN2-xTB_default_opt_ddCOSMO_v1,9.8,
surrogate:sigma_preopt:D026:S024:q2:m1,D026_QP2_M1,S024,2,1,resolved,runs/geometry/resolved/sigma/D026_QP2_M1/S024.xyz,4c547dba771a1d04c80cf0507faf8ee61c4f12c1652ff221441c51d54d6001bc,sigma_target_medium_preopt,jhtvs-ft0806-sigma-preopt-v1,sigma-preopt-D026-S024,6d2fb6a77f9bd2eb1960e67ad9e4a688ef5acabbdcceeabd6e664bd2a44df3f3,39cab7ef04d09cc8747189499b225ca64e9f9c10c43e7442c9179e0762d8a4d9,pass,pass,0,0,a7781bfb8860257e1817131466ffa686c910c9c9ef7a428975924fcda5fdb3ed,093b7eec0fcab9ca3924493750f2ef0f9d2392c35b69b071d68425d25fc935b8,GFN2-xTB_default_opt_ddCOSMO_v1,2.2099,
surrogate:sigma_preopt:D027:S001:q2:m1,D027_QP2_M1,S001,2,1,resolved,runs/geometry/resolved/sigma/D027_QP2_M1/S001.xyz,f9bb42c8c7aaffaefedcc4fb5d791781b34d44f0cb8ac9e87d723ebddf64a299,sigma_target_medium_preopt,jhtvs-ft0806-sigma-preopt-v1,sigma-preopt-D027-S001,24bf23f0c4f628116be41b6cc3c34effa72b7fafa57011ebb1eca9a807fe70e9,d310835eba5aa5cb34d057ff84f61f3848f3b40c9828031895b20211f62dcb80,pass,pass,0,0,a7781bfb8860257e1817131466ffa686c910c9c9ef7a428975924fcda5fdb3ed,b3c6fbf1321aa0eacd14eb33042f9651e6ab357e99f4a89d4c330d2556696848,GFN2-xTB_default_opt_ddCOSMO_v1,35.688,
surrogate:sigma_preopt:D027:S002:q2:m1,D027_QP2_M1,S002,2,1,resolved,runs/geometry/resolved/sigma/D027_QP2_M1/S002.xyz,5b4fdc33592c027ebc9db415bd7b93dce1390bc05fc64256a396a65768b1a508,sigma_target_medium_preopt,jhtvs-ft0806-sigma-preopt-v1,sigma-preopt-D027-S002,24bf23f0c4f628116be41b6cc3c34effa72b7fafa57011ebb1eca9a807fe70e9,0380928208482b34a535b8b3905b066a5688e51c6c688dad2330a822c81068b1,pass,pass,0,0,a7781bfb8860257e1817131466ffa686c910c9c9ef7a428975924fcda5fdb3ed,b3c6fbf1321aa0eacd14eb33042f9651e6ab357e99f4a89d4c330d2556696848,GFN2-xTB_default_opt_ddCOSMO_v1,8.93,
surrogate:sigma_preopt:D027:S003:q2:m1,D027_QP2_M1,S003,2,1,resolved,runs/geometry/resolved/sigma/D027_QP2_M1/S003.xyz,579068470bb15a06d451b462b69435fd0e08dd5add4d10c6115d21efb9b89164,sigma_target_medium_preopt,jhtvs-ft0806-sigma-preopt-v1,sigma-preopt-D027-S003,24bf23f0c4f628116be41b6cc3c34effa72b7fafa57011ebb1eca9a807fe70e9,67ccafece65fa48d22a668155edf74c496d8e887a0b1f2556215ea16afe4f473,pass,pass,0,0,a7781bfb8860257e1817131466ffa686c910c9c9ef7a428975924fcda5fdb3ed,b3c6fbf1321aa0eacd14eb33042f9651e6ab357e99f4a89d4c330d2556696848,GFN2-xTB_default_opt_ddCOSMO_v1,64.92,
surrogate:sigma_preopt:D027:S004:q2:m1,D027_QP2_M1,S004,2,1,resolved,runs/geometry/resolved/sigma/D027_QP2_M1/S004.xyz,85b555dc2c0518dab3f440fdb3f3c1512493e5674474c64f75efad7bd297349e,sigma_target_medium_preopt,jhtvs-ft0806-sigma-preopt-v1,sigma-preopt-D027-S004,24bf23f0c4f628116be41b6cc3c34effa72b7fafa57011ebb1eca9a807fe70e9,7cba90b36e59be76740a3059ba95b14659798e9cfdad785a6b946995d84e9cd7,pass,pass,0,0,a7781bfb8860257e1817131466ffa686c910c9c9ef7a428975924fcda5fdb3ed,b3c6fbf1321aa0eacd14eb33042f9651e6ab357e99f4a89d4c330d2556696848,GFN2-xTB_default_opt_ddCOSMO_v1,34.809,
surrogate:sigma_preopt:D027:S005:q2:m1,D027_QP2_M1,S005,2,1,resolved,runs/geometry/resolved/sigma/D027_QP2_M1/S005.xyz,d72a73bf0f8bd767c372a6f95b616d070d173f3f762e58f4fc1ba04a58395b4a,sigma_target_medium_preopt,jhtvs-ft0806-sigma-preopt-v1,sigma-preopt-D027-S005,24bf23f0c4f628116be41b6cc3c34effa72b7fafa57011ebb1eca9a807fe70e9,a7ce6bfc2c8232fd77768429e0c336aabbb2e74b5f319690407ea32ecbacc2cd,pass,pass,0,0,a7781bfb8860257e1817131466ffa686c910c9c9ef7a428975924fcda5fdb3ed,b3c6fbf1321aa0eacd14eb33042f9651e6ab357e99f4a89d4c330d2556696848,GFN2-xTB_default_opt_ddCOSMO_v1,25.592,
surrogate:sigma_preopt:D027:S006:q2:m1,D027_QP2_M1,S006,2,1,resolved,runs/geometry/resolved/sigma/D027_QP2_M1/S006.xyz,08154c1baff99fa312303a2b0601d1d4036336cbf1dde6d3e7e2e878528004b8,sigma_target_medium_preopt,jhtvs-ft0806-sigma-preopt-v1,sigma-preopt-D027-S006,24bf23f0c4f628116be41b6cc3c34effa72b7fafa57011ebb1eca9a807fe70e9,4ad86f238ffddf6c460b907c203fc1ccb58ac90b062f3b639f34bc784481c69f,pass,pass,0,0,a7781bfb8860257e1817131466ffa686c910c9c9ef7a428975924fcda5fdb3ed,b3c6fbf1321aa0eacd14eb33042f9651e6ab357e99f4a89d4c330d2556696848,GFN2-xTB_default_opt_ddCOSMO_v1,37.219,
surrogate:sigma_preopt:D027:S007:q2:m1,D027_QP2_M1,S007,2,1,resolved,runs/geometry/resolved/sigma/D027_QP2_M1/S007.xyz,14cf6af33d6b4c4124e8763c7ea4dc70e2f6397cc60387dd9ae78272eb82f330,sigma_target_medium_preopt,jhtvs-ft0806-sigma-preopt-v1,sigma-preopt-D027-S007,24bf23f0c4f628116be41b6cc3c34effa72b7fafa57011ebb1eca9a807fe70e9,c2005e01cbdf671975cf92de091d089ea7ed3ed319b1e138dd30d82a752cc18d,pass,pass,0,0,a7781bfb8860257e1817131466ffa686c910c9c9ef7a428975924fcda5fdb3ed,b3c6fbf1321aa0eacd14eb33042f9651e6ab357e99f4a89d4c330d2556696848,GFN2-xTB_default_opt_ddCOSMO_v1,46.826,
surrogate:sigma_preopt:D027:S008:q2:m1,D027_QP2_M1,S008,2,1,resolved,runs/geometry/resolved/sigma/D027_QP2_M1/S008.xyz,9c45e5388911074ad9df1a1a9745a1a578f9d26f334a048a101613fa03cc15a1,sigma_target_medium_preopt,jhtvs-ft0806-sigma-preopt-v1,sigma-preopt-D027-S008,24bf23f0c4f628116be41b6cc3c34effa72b7fafa57011ebb1eca9a807fe70e9,c28ca90c9e8110ed56393df3c3acec8d5fc1cf927223f9d4aa65c2fca92ad01f,pass,pass,0,0,a7781bfb8860257e1817131466ffa686c910c9c9ef7a428975924fcda5fdb3ed,b3c6fbf1321aa0eacd14eb33042f9651e6ab357e99f4a89d4c330d2556696848,GFN2-xTB_default_opt_ddCOSMO_v1,7.4257,
surrogate:sigma_preopt:D027:S009:q2:m1,D027_QP2_M1,S009,2,1,resolved,runs/geometry/resolved/sigma/D027_QP2_M1/S009.xyz,6f5ff5049ad3f92c2195c419550858d33e81b61a4f0cc18b31eb3d0a8385eff7,sigma_target_medium_preopt,jhtvs-ft0806-sigma-preopt-v1,sigma-preopt-D027-S009,24bf23f0c4f628116be41b6cc3c34effa72b7fafa57011ebb1eca9a807fe70e9,53c4703b18535d701483d6a9ec9e850a26b452988ff91c2709506519bdd9b825,pass,pass,0,0,a7781bfb8860257e1817131466ffa686c910c9c9ef7a428975924fcda5fdb3ed,b3c6fbf1321aa0eacd14eb33042f9651e6ab357e99f4a89d4c330d2556696848,GFN2-xTB_default_opt_ddCOSMO_v1,36.562,
surrogate:sigma_preopt:D027:S010:q2:m1,D027_QP2_M1,S010,2,1,resolved,runs/geometry/resolved/sigma/D027_QP2_M1/S010.xyz,c90e3fd49f181fbc49c27d645d6b866a1edf7ece3d73fcbb0aaf7e2dde3fb205,sigma_target_medium_preopt,jhtvs-ft0806-sigma-preopt-v1,sigma-preopt-D027-S010,24bf23f0c4f628116be41b6cc3c34effa72b7fafa57011ebb1eca9a807fe70e9,1de911eb23da8764ad96bd601ed4b6f83bddae932e93067f4a39191839cca460,pass,pass,0,0,a7781bfb8860257e1817131466ffa686c910c9c9ef7a428975924fcda5fdb3ed,b3c6fbf1321aa0eacd14eb33042f9651e6ab357e99f4a89d4c330d2556696848,GFN2-xTB_default_opt_ddCOSMO_v1,78.355,
surrogate:sigma_preopt:D027:S011:q2:m1,D027_QP2_M1,S011,2,1,resolved,runs/geometry/resolved/sigma/D027_QP2_M1/S011.xyz,855808d74066e9b1c80739e6c4452c0845240eea80eded2dcae88bbe7b82ffec,sigma_target_medium_preopt,jhtvs-ft0806-sigma-preopt-v1,sigma-preopt-D027-S011,24bf23f0c4f628116be41b6cc3c34effa72b7fafa57011ebb1eca9a807fe70e9,475e912ed0d16d7c5e5a49ec83d29c80c10a6bbfe07339bce064925e62cd8a81,pass,pass,0,0,a7781bfb8860257e1817131466ffa686c910c9c9ef7a428975924fcda5fdb3ed,b3c6fbf1321aa0eacd14eb33042f9651e6ab357e99f4a89d4c330d2556696848,GFN2-xTB_default_opt_ddCOSMO_v1,41.7,
surrogate:sigma_preopt:D027:S012:q2:m1,D027_QP2_M1,S012,2,1,resolved,runs/geometry/resolved/sigma/D027_QP2_M1/S012.xyz,836c8608ef7dc38c2288a94bf5d34d3f701e09135701a9512364af5e484816b1,sigma_target_medium_preopt,jhtvs-ft0806-sigma-preopt-v1,sigma-preopt-D027-S012,24bf23f0c4f628116be41b6cc3c34effa72b7fafa57011ebb1eca9a807fe70e9,1a2bc5c71c4d1b567df25e0d9bf0f2f30ec31558841dce9d8be0ce7dccfd576e,pass,pass,0,0,a7781bfb8860257e1817131466ffa686c910c9c9ef7a428975924fcda5fdb3ed,b3c6fbf1321aa0eacd14eb33042f9651e6ab357e99f4a89d4c330d2556696848,GFN2-xTB_default_opt_ddCOSMO_v1,43.962,
surrogate:sigma_preopt:D027:S013:q2:m1,D027_QP2_M1,S013,2,1,resolved,runs/geometry/resolved/sigma/D027_QP2_M1/S013.xyz,39669b6097d0fccda528edc212d9363d5f2bbfff64e8ab095f6baf226925ddb3,sigma_target_medium_preopt,jhtvs-ft0806-sigma-preopt-v1,sigma-preopt-D027-S013,24bf23f0c4f628116be41b6cc3c34effa72b7fafa57011ebb1eca9a807fe70e9,d6a81525967724ac056fdf48ecc5d06af5de58357410d2d981b549e8de2cc9ae,pass,pass,0,0,a7781bfb8860257e1817131466ffa686c910c9c9ef7a428975924fcda5fdb3ed,b3c6fbf1321aa0eacd14eb33042f9651e6ab357e99f4a89d4c330d2556696848,GFN2-xTB_default_opt_ddCOSMO_v1,32.2,
surrogate:sigma_preopt:D027:S014:q2:m1,D027_QP2_M1,S014,2,1,resolved,runs/geometry/resolved/sigma/D027_QP2_M1/S014.xyz,306c029c1c79f56cf6a9deed981a66f4b49df183c2bbbaaedfecf9d9461e9a67,sigma_target_medium_preopt,jhtvs-ft0806-sigma-preopt-v1,sigma-preopt-D027-S014,24bf23f0c4f628116be41b6cc3c34effa72b7fafa57011ebb1eca9a807fe70e9,59d58bc146e355a5d4ed451232122b0d4ff3e96bd90fb79478aa746ca480058c,pass,pass,0,0,a7781bfb8860257e1817131466ffa686c910c9c9ef7a428975924fcda5fdb3ed,b3c6fbf1321aa0eacd14eb33042f9651e6ab357e99f4a89d4c330d2556696848,GFN2-xTB_default_opt_ddCOSMO_v1,4.34,
surrogate:sigma_preopt:D027:S015:q2:m1,D027_QP2_M1,S015,2,1,resolved,runs/geometry/resolved/sigma/D027_QP2_M1/S015.xyz,f13c824d462e19f7698e60f14106fe34aa318cafe35bcc52c92f225036c61b72,sigma_target_medium_preopt,jhtvs-ft0806-sigma-preopt-v1,sigma-preopt-D027-S015,24bf23f0c4f628116be41b6cc3c34effa72b7fafa57011ebb1eca9a807fe70e9,44ff2bfbdb08fcd1cf342f5348ba5cd700362e6adad0c724c731316d62c08557,pass,pass,0,0,a7781bfb8860257e1817131466ffa686c910c9c9ef7a428975924fcda5fdb3ed,b3c6fbf1321aa0eacd14eb33042f9651e6ab357e99f4a89d4c330d2556696848,GFN2-xTB_default_opt_ddCOSMO_v1,11.4,
surrogate:sigma_preopt:D027:S016:q2:m1,D027_QP2_M1,S016,2,1,resolved,runs/geometry/resolved/sigma/D027_QP2_M1/S016.xyz,b72c1cdedd4c7892331005d0e872861393bce43513d67b0686f56ced2febdc16,sigma_target_medium_preopt,jhtvs-ft0806-sigma-preopt-v1,sigma-preopt-D027-S016,24bf23f0c4f628116be41b6cc3c34effa72b7fafa57011ebb1eca9a807fe70e9,1539fc83de87fbf27f202a9e3735715a1df59f3c197c449ed217ef4f7ae4fc54,pass,pass,0,0,a7781bfb8860257e1817131466ffa686c910c9c9ef7a428975924fcda5fdb3ed,b3c6fbf1321aa0eacd14eb33042f9651e6ab357e99f4a89d4c330d2556696848,GFN2-xTB_default_opt_ddCOSMO_v1,9.7,
surrogate:sigma_preopt:D027:S017:q2:m1,D027_QP2_M1,S017,2,1,resolved,runs/geometry/resolved/sigma/D027_QP2_M1/S017.xyz,5b8738dceafb1370fa3457eaeabf600cb99a6560fe04827623e644940157f10b,sigma_target_medium_preopt,jhtvs-ft0806-sigma-preopt-v1,sigma-preopt-D027-S017,24bf23f0c4f628116be41b6cc3c34effa72b7fafa57011ebb1eca9a807fe70e9,fee907b97faf9f7ab6e9bd5d6acd1a460b24cb103ed6337147fb60482e661980,pass,pass,0,0,a7781bfb8860257e1817131466ffa686c910c9c9ef7a428975924fcda5fdb3ed,b3c6fbf1321aa0eacd14eb33042f9651e6ab357e99f4a89d4c330d2556696848,GFN2-xTB_default_opt_ddCOSMO_v1,13.8,
surrogate:sigma_preopt:D027:S018:q2:m1,D027_QP2_M1,S018,2,1,resolved,runs/geometry/resolved/sigma/D027_QP2_M1/S018.xyz,9da7558a9536687613804810a7eb33503956abbb5bdd02d195bb7775fd940c81,sigma_target_medium_preopt,jhtvs-ft0806-sigma-preopt-v1,sigma-preopt-D027-S018,24bf23f0c4f628116be41b6cc3c34effa72b7fafa57011ebb1eca9a807fe70e9,33b47660da74e3c5d1207d5f4ea7f8057f06a73337f78accbe2dee98c359dc21,pass,pass,0,0,a7781bfb8860257e1817131466ffa686c910c9c9ef7a428975924fcda5fdb3ed,b3c6fbf1321aa0eacd14eb33042f9651e6ab357e99f4a89d4c330d2556696848,GFN2-xTB_default_opt_ddCOSMO_v1,9.8,
surrogate:sigma_preopt:D027:S019:q2:m1,D027_QP2_M1,S019,2,1,resolved,runs/geometry/resolved/sigma/D027_QP2_M1/S019.xyz,36a0ced2bd557b8b1819f3bf9c0d03306cea01e9dbcf2251e2dae9c25c666983,sigma_target_medium_preopt,jhtvs-ft0806-sigma-preopt-v1,sigma-preopt-D027-S019,24bf23f0c4f628116be41b6cc3c34effa72b7fafa57011ebb1eca9a807fe70e9,891a206b7f80df55e70224d925de687388e73aab81ade3cf8f2919a5081dc2f4,pass,pass,0,0,a7781bfb8860257e1817131466ffa686c910c9c9ef7a428975924fcda5fdb3ed,b3c6fbf1321aa0eacd14eb33042f9651e6ab357e99f4a89d4c330d2556696848,GFN2-xTB_default_opt_ddCOSMO_v1,29.324,
surrogate:sigma_preopt:D027:S020:q2:m1,D027_QP2_M1,S020,2,1,resolved,runs/geometry/resolved/sigma/D027_QP2_M1/S020.xyz,a6bbafdaf5a33237c77a0a1197ba3925d2f6aed9f24c88bb649fd918615e2ffe,sigma_target_medium_preopt,jhtvs-ft0806-sigma-preopt-v1,sigma-preopt-D027-S020,24bf23f0c4f628116be41b6cc3c34effa72b7fafa57011ebb1eca9a807fe70e9,82ca8364b1d447b2cb37c24d21571daf2344ff93741c7704a520a55e9b37ee17,pass,pass,0,0,a7781bfb8860257e1817131466ffa686c910c9c9ef7a428975924fcda5fdb3ed,b3c6fbf1321aa0eacd14eb33042f9651e6ab357e99f4a89d4c330d2556696848,GFN2-xTB_default_opt_ddCOSMO_v1,10.125,
surrogate:sigma_preopt:D027:S021:q2:m1,D027_QP2_M1,S021,2,1,resolved,runs/geometry/resolved/sigma/D027_QP2_M1/S021.xyz,d0410271a829079b2c1018e731fe793074eb35dfd33444af18474dda6659e8cf,sigma_target_medium_preopt,jhtvs-ft0806-sigma-preopt-v1,sigma-preopt-D027-S021,24bf23f0c4f628116be41b6cc3c34effa72b7fafa57011ebb1eca9a807fe70e9,9962c76cca48a6050b0a4446469c9d7d51d7ba1794b13a6b5ef62473502291b1,pass,pass,0,0,a7781bfb8860257e1817131466ffa686c910c9c9ef7a428975924fcda5fdb3ed,b3c6fbf1321aa0eacd14eb33042f9651e6ab357e99f4a89d4c330d2556696848,GFN2-xTB_default_opt_ddCOSMO_v1,4.7113,
surrogate:sigma_preopt:D027:S022:q2:m1,D027_QP2_M1,S022,2,1,resolved,runs/geometry/resolved/sigma/D027_QP2_M1/S022.xyz,a9a0cd7abb75ae3eccff350cd54a500a937b001e52c617ac80b5a2b278c5ce4b,sigma_target_medium_preopt,jhtvs-ft0806-sigma-preopt-v1,sigma-preopt-D027-S022,24bf23f0c4f628116be41b6cc3c34effa72b7fafa57011ebb1eca9a807fe70e9,1d04c1d4b53d8ff685fe8cac1e109c9bbf3b71d3fe32ba1610979233aaf2ff7b,pass,pass,0,0,a7781bfb8860257e1817131466ffa686c910c9c9ef7a428975924fcda5fdb3ed,b3c6fbf1321aa0eacd14eb33042f9651e6ab357e99f4a89d4c330d2556696848,GFN2-xTB_default_opt_ddCOSMO_v1,89.78,
surrogate:sigma_preopt:D027:S023:q2:m1,D027_QP2_M1,S023,2,1,resolved,runs/geometry/resolved/sigma/D027_QP2_M1/S023.xyz,c59b8f95a46ed2aebcbbc2f686511b448acdb83c93ae5b1fad707d01ec66d2ca,sigma_target_medium_preopt,jhtvs-ft0806-sigma-preopt-v1,sigma-preopt-D027-S023,24bf23f0c4f628116be41b6cc3c34effa72b7fafa57011ebb1eca9a807fe70e9,d214d6588fac9602af25a2b81148efb02e17358b31d12c51797586080f8d34eb,pass,pass,0,0,a7781bfb8860257e1817131466ffa686c910c9c9ef7a428975924fcda5fdb3ed,b3c6fbf1321aa0eacd14eb33042f9651e6ab357e99f4a89d4c330d2556696848,GFN2-xTB_default_opt_ddCOSMO_v1,3.087,
surrogate:sigma_preopt:D027:S024:q2:m1,D027_QP2_M1,S024,2,1,resolved,runs/geometry/resolved/sigma/D027_QP2_M1/S024.xyz,d0b952e2def54d6419ecee3d7b50b74ad3abd4d3c324b815c8e54b62f6b7e769,sigma_target_medium_preopt,jhtvs-ft0806-sigma-preopt-v1,sigma-preopt-D027-S024,24bf23f0c4f628116be41b6cc3c34effa72b7fafa57011ebb1eca9a807fe70e9,2033a74539f45e8b9f806a898b7bf31cb401f93f127487696d833020f6edf0fd,pass,pass,0,0,a7781bfb8860257e1817131466ffa686c910c9c9ef7a428975924fcda5fdb3ed,b3c6fbf1321aa0eacd14eb33042f9651e6ab357e99f4a89d4c330d2556696848,GFN2-xTB_default_opt_ddCOSMO_v1,2.2099,
surrogate:sigma_preopt:D027:S025:q2:m1,D027_QP2_M1,S025,2,1,resolved,runs/geometry/resolved/sigma/D027_QP2_M1/S025.xyz,dbc2bfe16a129e65f1e1ea00b786458b73d0d4767f0ee8f475c61fd1415595f7,sigma_target_medium_preopt,jhtvs-ft0806-sigma-preopt-v1,sigma-preopt-D027-S025,24bf23f0c4f628116be41b6cc3c34effa72b7fafa57011ebb1eca9a807fe70e9,3cbcfa41bf85c6d7d4b24992f8b5de752a943056eb1c87a82f7c559dec616dc5,pass,pass,0,0,a7781bfb8860257e1817131466ffa686c910c9c9ef7a428975924fcda5fdb3ed,b3c6fbf1321aa0eacd14eb33042f9651e6ab357e99f4a89d4c330d2556696848,GFN2-xTB_default_opt_ddCOSMO_v1,7.3,
surrogate:sigma_preopt:D038:S004:q2:m1,D038_QP2_M1,S004,2,1,resolved,runs/geometry/resolved/sigma/D038_QP2_M1/S004.xyz,24a6732950208d7a556759ff963b940b0c13887276c6e7dbb49e7640a78fc288,sigma_target_medium_preopt,jhtvs-ft0806-sigma-preopt-v1,sigma-preopt-D038-S004,94a40488d73f6ecf65c6049076df5ebf1e6beb6459abc9c88552e44cb24badaf,bacbcc65a6839b2d6b4f67aaaf505e830a796ef6a87d4c3fb53196c2480620bd,pass,pass,0,0,a7781bfb8860257e1817131466ffa686c910c9c9ef7a428975924fcda5fdb3ed,08991518873f05e416fc87d0dd4d17355fb44aee6d096cb10afc321783131651,GFN2-xTB_default_opt_ddCOSMO_v1,34.809,
surrogate:sigma_preopt:D038:S011:q2:m1,D038_QP2_M1,S011,2,1,resolved,runs/geometry/resolved/sigma/D038_QP2_M1/S011.xyz,dc1d87cf46e0d585869d0cce9169e3d0056b0b140e4ccc2abb36509aa1ab1282,sigma_target_medium_preopt,jhtvs-ft0806-sigma-preopt-v1,sigma-preopt-D038-S011,94a40488d73f6ecf65c6049076df5ebf1e6beb6459abc9c88552e44cb24badaf,2066a70501dcd3463a00a551e6890e941f50ea7b0e4e404ea65315f701b22059,pass,pass,0,0,a7781bfb8860257e1817131466ffa686c910c9c9ef7a428975924fcda5fdb3ed,08991518873f05e416fc87d0dd4d17355fb44aee6d096cb10afc321783131651,GFN2-xTB_default_opt_ddCOSMO_v1,41.7,
surrogate:sigma_preopt:D038:S018:q2:m1,D038_QP2_M1,S018,2,1,resolved,runs/geometry/resolved/sigma/D038_QP2_M1/S018.xyz,faa73c0b3d165412110f22151e0e768341c5c70aa3a5f6aec6f0d17dd17174fc,sigma_target_medium_preopt,jhtvs-ft0806-sigma-preopt-v1,sigma-preopt-D038-S018,94a40488d73f6ecf65c6049076df5ebf1e6beb6459abc9c88552e44cb24badaf,24c244ef84e90f95d21403170e77d30ef7db68186a1134a9081080e274511212,pass,pass,0,0,a7781bfb8860257e1817131466ffa686c910c9c9ef7a428975924fcda5fdb3ed,08991518873f05e416fc87d0dd4d17355fb44aee6d096cb10afc321783131651,GFN2-xTB_default_opt_ddCOSMO_v1,9.8,
surrogate:sigma_preopt:D038:S025:q2:m1,D038_QP2_M1,S025,2,1,resolved,runs/geometry/resolved/sigma/D038_QP2_M1/S025.xyz,6e26e15c24d62dab8e506cc296871f002708e406d4598f45b3ed5660422b974a,sigma_target_medium_preopt,jhtvs-ft0806-sigma-preopt-v1,sigma-preopt-D038-S025,94a40488d73f6ecf65c6049076df5ebf1e6beb6459abc9c88552e44cb24badaf,2f876108d7e20742e4a295d7f333f9eb9886743b653a5c93f15f309943c6175d,pass,pass,0,0,a7781bfb8860257e1817131466ffa686c910c9c9ef7a428975924fcda5fdb3ed,08991518873f05e416fc87d0dd4d17355fb44aee6d096cb10afc321783131651,GFN2-xTB_default_opt_ddCOSMO_v1,7.3,
surrogate:sigma_preopt:D042:S005:q2:m1,D042_QP2_M1,S005,2,1,resolved,runs/geometry/resolved/sigma/D042_QP2_M1/S005.xyz,35a346dd6fd8d0acd646af44b8611cd55c2bafab15b4961884a2af0eea3bbe29,sigma_target_medium_preopt,jhtvs-ft0806-sigma-preopt-v1,sigma-preopt-D042-S005,625a28492dcc427f3a73d8076d4d8208f84595b8e9088151a74a0f13d3809325,b599299a996c3c24df147334c1df5c1267e14784e3c7136642546913dbfcf492,pass,pass,0,0,a7781bfb8860257e1817131466ffa686c910c9c9ef7a428975924fcda5fdb3ed,a602817300d5bd6ec01ca4ddb0a4ddf21f46a2f46b4592b00211fd435cd3f72f,GFN2-xTB_default_opt_ddCOSMO_v1,25.592,
surrogate:sigma_preopt:D042:S012:q2:m1,D042_QP2_M1,S012,2,1,resolved,runs/geometry/resolved/sigma/D042_QP2_M1/S012.xyz,2d1533564bafeee5487c1143a5d0d30ed87baded9b0f70293038b4211db475c6,sigma_target_medium_preopt,jhtvs-ft0806-sigma-preopt-v1,sigma-preopt-D042-S012,625a28492dcc427f3a73d8076d4d8208f84595b8e9088151a74a0f13d3809325,7fb9cecaa165d387a615c797c2d25ffb1a5f608c872d3686d438e3c5a478da21,pass,pass,0,0,a7781bfb8860257e1817131466ffa686c910c9c9ef7a428975924fcda5fdb3ed,a602817300d5bd6ec01ca4ddb0a4ddf21f46a2f46b4592b00211fd435cd3f72f,GFN2-xTB_default_opt_ddCOSMO_v1,43.962,
surrogate:sigma_preopt:D042:S015:q2:m1,D042_QP2_M1,S015,2,1,resolved,runs/geometry/resolved/sigma/D042_QP2_M1/S015.xyz,0f1320e6ef97c53c0af35de2fa10bc04824eff6ee9093437977447aa06bf78fe,sigma_target_medium_preopt,jhtvs-ft0806-sigma-preopt-v1,sigma-preopt-D042-S015,625a28492dcc427f3a73d8076d4d8208f84595b8e9088151a74a0f13d3809325,d7e0fcf7b3a15d99d58449269859037373eca731626bb2d002e4714008771f76,pass,pass,0,0,a7781bfb8860257e1817131466ffa686c910c9c9ef7a428975924fcda5fdb3ed,a602817300d5bd6ec01ca4ddb0a4ddf21f46a2f46b4592b00211fd435cd3f72f,GFN2-xTB_default_opt_ddCOSMO_v1,11.4,
surrogate:sigma_preopt:D042:S023:q2:m1,D042_QP2_M1,S023,2,1,resolved,runs/geometry/resolved/sigma/D042_QP2_M1/S023.xyz,9210ee13ae6423b1e84d1ec83e047efb1e2e10b50de3707ecb05bce003a11a74,sigma_target_medium_preopt,jhtvs-ft0806-sigma-preopt-v1,sigma-preopt-D042-S023,625a28492dcc427f3a73d8076d4d8208f84595b8e9088151a74a0f13d3809325,99652488cccb179b1b101624b0a52a17152f64677e80bcd076d9109610c90582,pass,pass,0,0,a7781bfb8860257e1817131466ffa686c910c9c9ef7a428975924fcda5fdb3ed,a602817300d5bd6ec01ca4ddb0a4ddf21f46a2f46b4592b00211fd435cd3f72f,GFN2-xTB_default_opt_ddCOSMO_v1,3.087,
surrogate:sigma_preopt:D055:S004:q2:m1,D055_QP2_M1,S004,2,1,resolved,runs/geometry/resolved/sigma/D055_QP2_M1/S004.xyz,3b66a6618b0df96906a2fdc05f3141ab257f89960a4106071c46ea730db81be4,sigma_target_medium_preopt,jhtvs-ft0806-sigma-preopt-v1,sigma-preopt-D055-S004,87d2dea7b4c42f68c79d93bc6da7aef91bc8eba55f207383d48276268e00d07d,2b124d1695b69a23a82781236cf4453862be352c660cb1dd273a622760acce1c,pass,pass,0,0,a7781bfb8860257e1817131466ffa686c910c9c9ef7a428975924fcda5fdb3ed,188d9ea437890bd8e1fa2c252ce15f5c217cd8d55586f4f3f5ff6fc6ebf2c750,GFN2-xTB_default_opt_ddCOSMO_v1,34.809,
surrogate:sigma_preopt:D055:S008:q2:m1,D055_QP2_M1,S008,2,1,resolved,runs/geometry/resolved/sigma/D055_QP2_M1/S008.xyz,2fcf9da0fc996fed34595d441637ffbab39a08d07d80042adab1dd78c72b2c43,sigma_target_medium_preopt,jhtvs-ft0806-sigma-preopt-v1,sigma-preopt-D055-S008,87d2dea7b4c42f68c79d93bc6da7aef91bc8eba55f207383d48276268e00d07d,a54ac19df4f2eaaecc7b0dfd3660a3143dc235a31603571ee6fc962c83ce1432,pass,pass,0,0,a7781bfb8860257e1817131466ffa686c910c9c9ef7a428975924fcda5fdb3ed,188d9ea437890bd8e1fa2c252ce15f5c217cd8d55586f4f3f5ff6fc6ebf2c750,GFN2-xTB_default_opt_ddCOSMO_v1,7.4257,
surrogate:sigma_preopt:D055:S011:q2:m1,D055_QP2_M1,S011,2,1,resolved,runs/geometry/resolved/sigma/D055_QP2_M1/S011.xyz,7a7bb61fa33dd7d7d02de58fa36e2dd83de315bfb357967ab38cfb0299d05006,sigma_target_medium_preopt,jhtvs-ft0806-sigma-preopt-v1,sigma-preopt-D055-S011,87d2dea7b4c42f68c79d93bc6da7aef91bc8eba55f207383d48276268e00d07d,232e9a2370438510cf94b22cefb9121febac8d7bee7d66308205936756dec995,pass,pass,0,0,a7781bfb8860257e1817131466ffa686c910c9c9ef7a428975924fcda5fdb3ed,188d9ea437890bd8e1fa2c252ce15f5c217cd8d55586f4f3f5ff6fc6ebf2c750,GFN2-xTB_default_opt_ddCOSMO_v1,41.7,
surrogate:sigma_preopt:D055:S015:q2:m1,D055_QP2_M1,S015,2,1,resolved,runs/geometry/resolved/sigma/D055_QP2_M1/S015.xyz,793ce0a14e141a5b6a0b7f9ea2141c6baf89b2030a6618aac3153fdf5fe08c8d,sigma_target_medium_preopt,jhtvs-ft0806-sigma-preopt-v1,sigma-preopt-D055-S015,87d2dea7b4c42f68c79d93bc6da7aef91bc8eba55f207383d48276268e00d07d,a4447bf797834bcdb0dec9ee25785c7efd61390cafaf7c88a58088f24fc8f04f,pass,pass,0,0,a7781bfb8860257e1817131466ffa686c910c9c9ef7a428975924fcda5fdb3ed,188d9ea437890bd8e1fa2c252ce15f5c217cd8d55586f4f3f5ff6fc6ebf2c750,GFN2-xTB_default_opt_ddCOSMO_v1,11.4,
surrogate:sigma_preopt:D058:S005:q2:m1,D058_QP2_M1,S005,2,1,resolved,runs/geometry/resolved/sigma/D058_QP2_M1/S005.xyz,7388d218b03d3f07a8d478a44558c9c4effbe5d8764a39a8cb783f1e0115711c,sigma_target_medium_preopt,jhtvs-ft0806-sigma-preopt-v1,sigma-preopt-D058-S005,857dcfd10f56fec99d0fe0d910748240a5734f07a8d7f4928b747194181d2d13,148b2e76cfc73a52e83bbf17a0d3c87d9838a411a7eace743d2842887b75dd5f,pass,pass,0,0,a7781bfb8860257e1817131466ffa686c910c9c9ef7a428975924fcda5fdb3ed,f3ef7e794c2d41d25cc837dd78ea77e33f2c66d480ea52c053d0438eab7c678c,GFN2-xTB_default_opt_ddCOSMO_v1,25.592,
surrogate:sigma_preopt:D058:S012:q2:m1,D058_QP2_M1,S012,2,1,resolved,runs/geometry/resolved/sigma/D058_QP2_M1/S012.xyz,8fac1ef4c0dc18181e9d71c513a0db237018c648bd20c5cca1fdc9cf1aaaa2e7,sigma_target_medium_preopt,jhtvs-ft0806-sigma-preopt-v1,sigma-preopt-D058-S012,857dcfd10f56fec99d0fe0d910748240a5734f07a8d7f4928b747194181d2d13,22e51d0934e309afc5666c33bc4631b9a1386a05b4f90cf2f14a992c23b56676,pass,pass,0,0,a7781bfb8860257e1817131466ffa686c910c9c9ef7a428975924fcda5fdb3ed,f3ef7e794c2d41d25cc837dd78ea77e33f2c66d480ea52c053d0438eab7c678c,GFN2-xTB_default_opt_ddCOSMO_v1,43.962,
surrogate:sigma_preopt:D058:S016:q2:m1,D058_QP2_M1,S016,2,1,resolved,runs/geometry/resolved/sigma/D058_QP2_M1/S016.xyz,1585e6393a03373b46a31f9dee92f207e25e5c8a75bd911c27ec910a7b1396a2,sigma_target_medium_preopt,jhtvs-ft0806-sigma-preopt-v1,sigma-preopt-D058-S016,857dcfd10f56fec99d0fe0d910748240a5734f07a8d7f4928b747194181d2d13,68176bbc44e9c3664689d125c6875d69a24f1e3ad64554d3004f8dd3c820fa60,pass,pass,0,0,a7781bfb8860257e1817131466ffa686c910c9c9ef7a428975924fcda5fdb3ed,f3ef7e794c2d41d25cc837dd78ea77e33f2c66d480ea52c053d0438eab7c678c,GFN2-xTB_default_opt_ddCOSMO_v1,9.7,
surrogate:sigma_preopt:D058:S025:q2:m1,D058_QP2_M1,S025,2,1,resolved,runs/geometry/resolved/sigma/D058_QP2_M1/S025.xyz,be3a3cec26df201b62a2da16601021b83ce1b140aadb3bc29acf473df17cd2c1,sigma_target_medium_preopt,jhtvs-ft0806-sigma-preopt-v1,sigma-preopt-D058-S025,857dcfd10f56fec99d0fe0d910748240a5734f07a8d7f4928b747194181d2d13,f983d33a920abe2475291f9486d6fc21089a0be39665afb3df53fce4a8dd0369,pass,pass,0,0,a7781bfb8860257e1817131466ffa686c910c9c9ef7a428975924fcda5fdb3ed,f3ef7e794c2d41d25cc837dd78ea77e33f2c66d480ea52c053d0438eab7c678c,GFN2-xTB_default_opt_ddCOSMO_v1,7.3,
surrogate:sigma_preopt:D060:S002:q2:m1,D060_QP2_M1,S002,2,1,resolved,runs/geometry/resolved/sigma/D060_QP2_M1/S002.xyz,f4d516f89a4070029a76bc7adea9ad804b35e3c44c3e5eecc448d72a0310b71c,sigma_target_medium_preopt,jhtvs-ft0806-sigma-preopt-v1,sigma-preopt-D060-S002,602a3c21836c17ba86ccb3cc57a4480d1914a3108ffa9dd61dfd967f2e50bb94,8ec86afc92de1048b55737a61223f57a412fc43f3088684665b54b8f3be1d28b,pass,pass,0,0,a7781bfb8860257e1817131466ffa686c910c9c9ef7a428975924fcda5fdb3ed,8b1e52da2d2fedb85a2ccac20f72823b29fc2c6a0ceb51e06ad8168f45a354b3,GFN2-xTB_default_opt_ddCOSMO_v1,8.93,
surrogate:sigma_preopt:D060:S006:q2:m1,D060_QP2_M1,S006,2,1,resolved,runs/geometry/resolved/sigma/D060_QP2_M1/S006.xyz,af26276a1e1c19e392de9ac0dcc8d1babcf10842726d5117033934e033aaf911,sigma_target_medium_preopt,jhtvs-ft0806-sigma-preopt-v1,sigma-preopt-D060-S006,602a3c21836c17ba86ccb3cc57a4480d1914a3108ffa9dd61dfd967f2e50bb94,2dd0dfd6b4721284b05d63715ce3e5db6fd6301ca900cc6e769a9180e915f711,pass,pass,0,0,a7781bfb8860257e1817131466ffa686c910c9c9ef7a428975924fcda5fdb3ed,8b1e52da2d2fedb85a2ccac20f72823b29fc2c6a0ceb51e06ad8168f45a354b3,GFN2-xTB_default_opt_ddCOSMO_v1,37.219,
surrogate:sigma_preopt:D060:S017:q2:m1,D060_QP2_M1,S017,2,1,resolved,runs/geometry/resolved/sigma/D060_QP2_M1/S017.xyz,0658d2420ffc19d60aaad8fe4ec7cace39835a2bf419e05801e47c6f6af107d6,sigma_target_medium_preopt,jhtvs-ft0806-sigma-preopt-v1,sigma-preopt-D060-S017,602a3c21836c17ba86ccb3cc57a4480d1914a3108ffa9dd61dfd967f2e50bb94,320ed653de8697c5a7c2a359cb86a5e158dea692d735795e6fe720e7ef71af57,pass,pass,0,0,a7781bfb8860257e1817131466ffa686c910c9c9ef7a428975924fcda5fdb3ed,8b1e52da2d2fedb85a2ccac20f72823b29fc2c6a0ceb51e06ad8168f45a354b3,GFN2-xTB_default_opt_ddCOSMO_v1,13.8,
surrogate:sigma_preopt:D060:S023:q2:m1,D060_QP2_M1,S023,2,1,resolved,runs/geometry/resolved/sigma/D060_QP2_M1/S023.xyz,da5f2d271de349f7163f6d1bda3ade2539fd2d732239cc592b66444258945e37,sigma_target_medium_preopt,jhtvs-ft0806-sigma-preopt-v1,sigma-preopt-D060-S023,602a3c21836c17ba86ccb3cc57a4480d1914a3108ffa9dd61dfd967f2e50bb94,0ae713a38db9d8f3407c02f13ff1d2f274f10a92b545a8cb4f795774e26520bc,pass,pass,0,0,a7781bfb8860257e1817131466ffa686c910c9c9ef7a428975924fcda5fdb3ed,8b1e52da2d2fedb85a2ccac20f72823b29fc2c6a0ceb51e06ad8168f45a354b3,GFN2-xTB_default_opt_ddCOSMO_v1,3.087,
surrogate:sigma_preopt:D068:S003:q2:m1,D068_QP2_M1,S003,2,1,resolved,runs/geometry/resolved/sigma/D068_QP2_M1/S003.xyz,4315bbe1fb7689c5e32edbbadb284635f3f7e1bc830522cf3432ce1cce06bd89,sigma_target_medium_preopt,jhtvs-ft0806-sigma-preopt-v1,sigma-preopt-D068-S003,f951c2f70efca807dcb9a36e2b11b0deb19ab6cc56d22f84fdd06a9bbd10a42e,8eb1fd4ab4c8ccd67269f87a4c369df1f415c6d34bdf6cebb4198149f9f3fd56,pass,pass,0,0,a7781bfb8860257e1817131466ffa686c910c9c9ef7a428975924fcda5fdb3ed,89b7b6c388b1c2469bc65dd09794d30476d10792d0e8c184de628e83f0da118c,GFN2-xTB_default_opt_ddCOSMO_v1,64.92,
surrogate:sigma_preopt:D068:S013:q2:m1,D068_QP2_M1,S013,2,1,resolved,runs/geometry/resolved/sigma/D068_QP2_M1/S013.xyz,c4e17598457df65982bb1dd07b22796f8fe306fc2baaeeb4abc033ffe398cc44,sigma_target_medium_preopt,jhtvs-ft0806-sigma-preopt-v1,sigma-preopt-D068-S013,f951c2f70efca807dcb9a36e2b11b0deb19ab6cc56d22f84fdd06a9bbd10a42e,dfea38d6b5e27119306157b2fb26fed4d1f623d6952d21e11bbf59efd0bd4b7d,pass,pass,0,0,a7781bfb8860257e1817131466ffa686c910c9c9ef7a428975924fcda5fdb3ed,89b7b6c388b1c2469bc65dd09794d30476d10792d0e8c184de628e83f0da118c,GFN2-xTB_default_opt_ddCOSMO_v1,32.2,
surrogate:sigma_preopt:D068:S020:q2:m1,D068_QP2_M1,S020,2,1,resolved,runs/geometry/resolved/sigma/D068_QP2_M1/S020.xyz,84f7dde3fa57c175ebc28f235bca7bda6408db8f28c1f9f37408e842c9a92f41,sigma_target_medium_preopt,jhtvs-ft0806-sigma-preopt-v1,sigma-preopt-D068-S020,f951c2f70efca807dcb9a36e2b11b0deb19ab6cc56d22f84fdd06a9bbd10a42e,f305849c931824d34da5fe2105d9241a8d055503470dbb9537dfc62283ad3a20,pass,pass,0,0,a7781bfb8860257e1817131466ffa686c910c9c9ef7a428975924fcda5fdb3ed,89b7b6c388b1c2469bc65dd09794d30476d10792d0e8c184de628e83f0da118c,GFN2-xTB_default_opt_ddCOSMO_v1,10.125,
surrogate:sigma_preopt:D068:S024:q2:m1,D068_QP2_M1,S024,2,1,resolved,runs/geometry/resolved/sigma/D068_QP2_M1/S024.xyz,e3580b7a5c82f0eced2f8ef63e474cee8ef4dfe9e0443d115ec22d496b66f634,sigma_target_medium_preopt,jhtvs-ft0806-sigma-preopt-v1,sigma-preopt-D068-S024,f951c2f70efca807dcb9a36e2b11b0deb19ab6cc56d22f84fdd06a9bbd10a42e,4b17189aac2a225bc084388fac72c7ff7b84e5d817e9415f954173d9d7af95c4,pass,pass,0,0,a7781bfb8860257e1817131466ffa686c910c9c9ef7a428975924fcda5fdb3ed,89b7b6c388b1c2469bc65dd09794d30476d10792d0e8c184de628e83f0da118c,GFN2-xTB_default_opt_ddCOSMO_v1,2.2099,
surrogate:sigma_preopt:D070:S004:q2:m1,D070_QP2_M1,S004,2,1,resolved,runs/geometry/resolved/sigma/D070_QP2_M1/S004.xyz,db3b076a040901a86a06896853e951585304d52e9e983b3bf83c31f06bb79e79,sigma_target_medium_preopt,jhtvs-ft0806-sigma-preopt-v1,sigma-preopt-D070-S004,c6693017eb182d33025298f1a7d7a27b24cdfaf4474dac3d421585d108343adb,b96ed58d7b507e43da4d627de2382c98092b472fa48b320b4c7f5cc675843e4a,pass,pass,0,0,a7781bfb8860257e1817131466ffa686c910c9c9ef7a428975924fcda5fdb3ed,18d8eb7b251ab0f684b549fb761f406994406f6d655fa525d12c5f8067d985fc,GFN2-xTB_default_opt_ddCOSMO_v1,34.809,
surrogate:sigma_preopt:D070:S011:q2:m1,D070_QP2_M1,S011,2,1,resolved,runs/geometry/resolved/sigma/D070_QP2_M1/S011.xyz,1b2cf59fa3152bebbfa663d7e8e4ecf21e0662af48093abc827e9a9647acd841,sigma_target_medium_preopt,jhtvs-ft0806-sigma-preopt-v1,sigma-preopt-D070-S011,c6693017eb182d33025298f1a7d7a27b24cdfaf4474dac3d421585d108343adb,01f228ad09ee9a5f6ada0046e35c46180786339773a775be508c8f073c58380d,pass,pass,0,0,a7781bfb8860257e1817131466ffa686c910c9c9ef7a428975924fcda5fdb3ed,18d8eb7b251ab0f684b549fb761f406994406f6d655fa525d12c5f8067d985fc,GFN2-xTB_default_opt_ddCOSMO_v1,41.7,
surrogate:sigma_preopt:D070:S014:q2:m1,D070_QP2_M1,S014,2,1,resolved,runs/geometry/resolved/sigma/D070_QP2_M1/S014.xyz,60afaa1f047a2ca42cce24a17601710f2a2e65a3ee2e4236fdf77c22e4867548,sigma_target_medium_preopt,jhtvs-ft0806-sigma-preopt-v1,sigma-preopt-D070-S014,c6693017eb182d33025298f1a7d7a27b24cdfaf4474dac3d421585d108343adb,05a81e83573adc417c1a5e7dbf035812e02cfbb9991b2b185faa53d8608f79f5,pass,pass,0,0,a7781bfb8860257e1817131466ffa686c910c9c9ef7a428975924fcda5fdb3ed,18d8eb7b251ab0f684b549fb761f406994406f6d655fa525d12c5f8067d985fc,GFN2-xTB_default_opt_ddCOSMO_v1,4.34,
surrogate:sigma_preopt:D070:S016:q2:m1,D070_QP2_M1,S016,2,1,resolved,runs/geometry/resolved/sigma/D070_QP2_M1/S016.xyz,1d0083b9c0ad3179e2583eba62846fca26ceecffefcb0a398be99ed872934a96,sigma_target_medium_preopt,jhtvs-ft0806-sigma-preopt-v1,sigma-preopt-D070-S016,c6693017eb182d33025298f1a7d7a27b24cdfaf4474dac3d421585d108343adb,2457ad30f950fe39b92ec8be7fca7467764a863b15a99ccb0674d49f13b84e24,pass,pass,0,0,a7781bfb8860257e1817131466ffa686c910c9c9ef7a428975924fcda5fdb3ed,18d8eb7b251ab0f684b549fb761f406994406f6d655fa525d12c5f8067d985fc,GFN2-xTB_default_opt_ddCOSMO_v1,9.7,
surrogate:sigma_preopt:D077:S002:q2:m1,D077_QP2_M1,S002,2,1,resolved,runs/geometry/resolved/sigma/D077_QP2_M1/S002.xyz,66c67869f7ff9619877de4d1b6eece08a48838dd79b595d8fe26442902e85d60,sigma_target_medium_preopt,jhtvs-ft0806-sigma-preopt-v1,sigma-preopt-D077-S002,e1e8348990caf6f5e740bad2615c2f990f3ca3e8eb8939f410a8e8b8f3ff7521,dd953a2a0f5731a1431e01e8a3bb59c71211dbf30a5b7f4be1c2edb617b0d1c9,pass,pass,0,0,a7781bfb8860257e1817131466ffa686c910c9c9ef7a428975924fcda5fdb3ed,9b56ac75d44c9c105f42462ace931cdea69ec7edd9f4db8b553d64e5b3deb0f1,GFN2-xTB_default_opt_ddCOSMO_v1,8.93,
surrogate:sigma_preopt:D077:S006:q2:m1,D077_QP2_M1,S006,2,1,resolved,runs/geometry/resolved/sigma/D077_QP2_M1/S006.xyz,d6a5c6a9b79320eb645d3ed191fdfa568cc3bcbb0572333f9ed7b640ca1e9687,sigma_target_medium_preopt,jhtvs-ft0806-sigma-preopt-v1,sigma-preopt-D077-S006,e1e8348990caf6f5e740bad2615c2f990f3ca3e8eb8939f410a8e8b8f3ff7521,7a5ef12d5197936beb1692546ca1931041f437a4c558699b4328ef0203b9a27a,pass,pass,0,0,a7781bfb8860257e1817131466ffa686c910c9c9ef7a428975924fcda5fdb3ed,9b56ac75d44c9c105f42462ace931cdea69ec7edd9f4db8b553d64e5b3deb0f1,GFN2-xTB_default_opt_ddCOSMO_v1,37.219,
surrogate:sigma_preopt:D077:S018:q2:m1,D077_QP2_M1,S018,2,1,resolved,runs/geometry/resolved/sigma/D077_QP2_M1/S018.xyz,6d1fc6fc48702708a11cbd662d43b73980fa3ba9a0fb4c7f24dad745e7fe3875,sigma_target_medium_preopt,jhtvs-ft0806-sigma-preopt-v1,sigma-preopt-D077-S018,e1e8348990caf6f5e740bad2615c2f990f3ca3e8eb8939f410a8e8b8f3ff7521,14d97b9b48b47d87d8156050f112ac2708e2b8254cb3661292bc7fb4da55fab7,pass,pass,0,0,a7781bfb8860257e1817131466ffa686c910c9c9ef7a428975924fcda5fdb3ed,9b56ac75d44c9c105f42462ace931cdea69ec7edd9f4db8b553d64e5b3deb0f1,GFN2-xTB_default_opt_ddCOSMO_v1,9.8,
surrogate:sigma_preopt:D077:S025:q2:m1,D077_QP2_M1,S025,2,1,resolved,runs/geometry/resolved/sigma/D077_QP2_M1/S025.xyz,ad3f62c70a67774ce5aaf27f5f9dd63f761137633ce5be8f0e57dec4b22a7737,sigma_target_medium_preopt,jhtvs-ft0806-sigma-preopt-v1,sigma-preopt-D077-S025,e1e8348990caf6f5e740bad2615c2f990f3ca3e8eb8939f410a8e8b8f3ff7521,b25cae10f24de2c438b9f300240ba750f5ef54da375e81374a96adc0b96ea2aa,pass,pass,0,0,a7781bfb8860257e1817131466ffa686c910c9c9ef7a428975924fcda5fdb3ed,9b56ac75d44c9c105f42462ace931cdea69ec7edd9f4db8b553d64e5b3deb0f1,GFN2-xTB_default_opt_ddCOSMO_v1,7.3,
surrogate:sigma_preopt:D078:S003:q2:m1,D078_QP2_M1,S003,2,1,resolved,runs/geometry/resolved/sigma/D078_QP2_M1/S003.xyz,13261bc593e2b3aec6a19c0bbf3d7b1fa7709fa6480eb5551174618fc6713f61,sigma_target_medium_preopt,jhtvs-ft0806-sigma-preopt-v1,sigma-preopt-D078-S003,87f2d8cf3c867e864863a41b3f34182dbe0872d95f6c4aeb47eadbf7c9263d5a,a4878b591cabe15fed6c896cd402c9094ff7e2619ce432ab982ff7bfe4cba6a6,pass,pass,0,0,a7781bfb8860257e1817131466ffa686c910c9c9ef7a428975924fcda5fdb3ed,5fe9c90e1815d6934611ebf8359072af3f7ebc0d8f5f86fad6650e76a6af5310,GFN2-xTB_default_opt_ddCOSMO_v1,64.92,
surrogate:sigma_preopt:D078:S013:q2:m1,D078_QP2_M1,S013,2,1,resolved,runs/geometry/resolved/sigma/D078_QP2_M1/S013.xyz,d96618a415fed33bbc6b127850618a2cf82c22938ddad1936f5a8c90d2e89934,sigma_target_medium_preopt,jhtvs-ft0806-sigma-preopt-v1,sigma-preopt-D078-S013,87f2d8cf3c867e864863a41b3f34182dbe0872d95f6c4aeb47eadbf7c9263d5a,3c91a1fa337edb429be0b4025f7328c8efc7469a0e213da03e55fef54cffae10,pass,pass,0,0,a7781bfb8860257e1817131466ffa686c910c9c9ef7a428975924fcda5fdb3ed,5fe9c90e1815d6934611ebf8359072af3f7ebc0d8f5f86fad6650e76a6af5310,GFN2-xTB_default_opt_ddCOSMO_v1,32.2,
surrogate:sigma_preopt:D078:S020:q2:m1,D078_QP2_M1,S020,2,1,resolved,runs/geometry/resolved/sigma/D078_QP2_M1/S020.xyz,c4f8062a4c5a98fe12c055e744a334075e48b84f54cf6412bef30be4c34b4c31,sigma_target_medium_preopt,jhtvs-ft0806-sigma-preopt-v1,sigma-preopt-D078-S020,87f2d8cf3c867e864863a41b3f34182dbe0872d95f6c4aeb47eadbf7c9263d5a,b9c6c0176e90e761cb7c89a8598eb87ba0dd283f61c636f69529e6b80cccf8be,pass,pass,0,0,a7781bfb8860257e1817131466ffa686c910c9c9ef7a428975924fcda5fdb3ed,5fe9c90e1815d6934611ebf8359072af3f7ebc0d8f5f86fad6650e76a6af5310,GFN2-xTB_default_opt_ddCOSMO_v1,10.125,
surrogate:sigma_preopt:D078:S023:q2:m1,D078_QP2_M1,S023,2,1,resolved,runs/geometry/resolved/sigma/D078_QP2_M1/S023.xyz,5931216219e57cc67d0a3d191aadee6825ce273e71eb9390891c4dbf620daa38,sigma_target_medium_preopt,jhtvs-ft0806-sigma-preopt-v1,sigma-preopt-D078-S023,87f2d8cf3c867e864863a41b3f34182dbe0872d95f6c4aeb47eadbf7c9263d5a,0fb62d4dd94ac608d6a466f7f15919f24ebedc10ecdd68377bea853bcd9e50b4,pass,pass,0,0,a7781bfb8860257e1817131466ffa686c910c9c9ef7a428975924fcda5fdb3ed,5fe9c90e1815d6934611ebf8359072af3f7ebc0d8f5f86fad6650e76a6af5310,GFN2-xTB_default_opt_ddCOSMO_v1,3.087,
surrogate:sigma_preopt:D084:S004:q2:m1,D084_QP2_M1,S004,2,1,resolved,runs/geometry/resolved/sigma/D084_QP2_M1/S004.xyz,7642d49b03c45c1af43135560c60f4cbc6c4c966d0c8df7d4e9d6a723a8c5cad,sigma_target_medium_preopt,jhtvs-ft0806-sigma-preopt-v1,sigma-preopt-D084-S004,5a0f3573c72e8c0a4031fc5454eb57d9a7ad1c284b700ffb803ef3121b20dae6,a57c05b8e8b6f9f47bba29f7bf59dec4971c896c97f1c30cec91ef840effc159,pass,pass,0,0,a7781bfb8860257e1817131466ffa686c910c9c9ef7a428975924fcda5fdb3ed,c75948733616b2615fdc2fdeafa161715e0c95a6dfed455d094281b5f59ce3dd,GFN2-xTB_default_opt_ddCOSMO_v1,34.809,
surrogate:sigma_preopt:D084:S011:q2:m1,D084_QP2_M1,S011,2,1,resolved,runs/geometry/resolved/sigma/D084_QP2_M1/S011.xyz,719f013d823d84a371f8e712fbc720d13e3d8eac7262164ea00a7add04299ac5,sigma_target_medium_preopt,jhtvs-ft0806-sigma-preopt-v1,sigma-preopt-D084-S011,5a0f3573c72e8c0a4031fc5454eb57d9a7ad1c284b700ffb803ef3121b20dae6,56703332421bee23f46b153213fa01403ffe66e594200d3843ac3148b726d561,pass,pass,0,0,a7781bfb8860257e1817131466ffa686c910c9c9ef7a428975924fcda5fdb3ed,c75948733616b2615fdc2fdeafa161715e0c95a6dfed455d094281b5f59ce3dd,GFN2-xTB_default_opt_ddCOSMO_v1,41.7,
surrogate:sigma_preopt:D084:S016:q2:m1,D084_QP2_M1,S016,2,1,resolved,runs/geometry/resolved/sigma/D084_QP2_M1/S016.xyz,2c9e32a7784a1a45398ad3236076354c225dcd5f6f8bd08f957dad359e110572,sigma_target_medium_preopt,jhtvs-ft0806-sigma-preopt-v1,sigma-preopt-D084-S016,5a0f3573c72e8c0a4031fc5454eb57d9a7ad1c284b700ffb803ef3121b20dae6,c4985723cbda4d1572569172584a4d985fe68d9339abacc388c81ba91b83a38c,pass,pass,0,0,a7781bfb8860257e1817131466ffa686c910c9c9ef7a428975924fcda5fdb3ed,c75948733616b2615fdc2fdeafa161715e0c95a6dfed455d094281b5f59ce3dd,GFN2-xTB_default_opt_ddCOSMO_v1,9.7,
surrogate:sigma_preopt:D084:S024:q2:m1,D084_QP2_M1,S024,2,1,resolved,runs/geometry/resolved/sigma/D084_QP2_M1/S024.xyz,126c725ea60338bb6469cf3c0988f6d9e2271c41acfaa19d449fa7d85083019d,sigma_target_medium_preopt,jhtvs-ft0806-sigma-preopt-v1,sigma-preopt-D084-S024,5a0f3573c72e8c0a4031fc5454eb57d9a7ad1c284b700ffb803ef3121b20dae6,ea47f63c105164b9076c74214d3b0dd42233fa566893eb0ebf614a28128c54b1,pass,pass,0,0,a7781bfb8860257e1817131466ffa686c910c9c9ef7a428975924fcda5fdb3ed,c75948733616b2615fdc2fdeafa161715e0c95a6dfed455d094281b5f59ce3dd,GFN2-xTB_default_opt_ddCOSMO_v1,2.2099,
surrogate:sigma_preopt:D086:S005:q2:m1,D086_QP2_M1,S005,2,1,resolved,runs/geometry/resolved/sigma/D086_QP2_M1/S005.xyz,9ad3364ca542202c91e3ab90c9562cb5bc062a218836e278806484122d7501ce,sigma_target_medium_preopt,jhtvs-ft0806-sigma-preopt-v1,sigma-preopt-D086-S005,0dccf9a8e5d6fb92fb702af2cd55ab25597e165e22740a47eea4975ff3066600,4bd019b5f81c1acb9bf468b78e06ac1eaa45fd7a9665abb47cf32b731dcd0db5,pass,pass,0,0,a7781bfb8860257e1817131466ffa686c910c9c9ef7a428975924fcda5fdb3ed,41d66668297bc9bff89153b7eac79b820373e8b1e12b129d45c2d3e172a18db3,GFN2-xTB_default_opt_ddCOSMO_v1,25.592,
surrogate:sigma_preopt:D086:S012:q2:m1,D086_QP2_M1,S012,2,1,resolved,runs/geometry/resolved/sigma/D086_QP2_M1/S012.xyz,4f0be36c99e280e61a1b5c3bd90906ddb045484d117cb15eef8a89174f3e46cb,sigma_target_medium_preopt,jhtvs-ft0806-sigma-preopt-v1,sigma-preopt-D086-S012,0dccf9a8e5d6fb92fb702af2cd55ab25597e165e22740a47eea4975ff3066600,801643a846fd6f34fc84808e62091479510ca9e6afe2d1500a06bd4ed74e1f9b,pass,pass,0,0,a7781bfb8860257e1817131466ffa686c910c9c9ef7a428975924fcda5fdb3ed,41d66668297bc9bff89153b7eac79b820373e8b1e12b129d45c2d3e172a18db3,GFN2-xTB_default_opt_ddCOSMO_v1,43.962,
surrogate:sigma_preopt:D086:S014:q2:m1,D086_QP2_M1,S014,2,1,resolved,runs/geometry/resolved/sigma/D086_QP2_M1/S014.xyz,3f9626f005a8b3850ba3bc12254971c80e5184066eaecf7584eeebd1fd808e5a,sigma_target_medium_preopt,jhtvs-ft0806-sigma-preopt-v1,sigma-preopt-D086-S014,0dccf9a8e5d6fb92fb702af2cd55ab25597e165e22740a47eea4975ff3066600,addf9fd8657adc1a71317d376f4064635fce74c6b9e52d4dbff292d88ed15693,pass,pass,0,0,a7781bfb8860257e1817131466ffa686c910c9c9ef7a428975924fcda5fdb3ed,41d66668297bc9bff89153b7eac79b820373e8b1e12b129d45c2d3e172a18db3,GFN2-xTB_default_opt_ddCOSMO_v1,4.34,
surrogate:sigma_preopt:D086:S018:q2:m1,D086_QP2_M1,S018,2,1,resolved,runs/geometry/resolved/sigma/D086_QP2_M1/S018.xyz,26543b9b7289f1cac794cba929b6f288b55ebc739db92c01ed8a8959824b4853,sigma_target_medium_preopt,jhtvs-ft0806-sigma-preopt-v1,sigma-preopt-D086-S018,0dccf9a8e5d6fb92fb702af2cd55ab25597e165e22740a47eea4975ff3066600,6b013399ef0ce748556bed509f00c3be19e35336ee95f267ac5862f72f92dd51,pass,pass,0,0,a7781bfb8860257e1817131466ffa686c910c9c9ef7a428975924fcda5fdb3ed,41d66668297bc9bff89153b7eac79b820373e8b1e12b129d45c2d3e172a18db3,GFN2-xTB_default_opt_ddCOSMO_v1,9.8,
surrogate:sigma_preopt:D089:S002:q2:m1,D089_QP2_M1,S002,2,1,resolved,runs/geometry/resolved/sigma/D089_QP2_M1/S002.xyz,521bab11430e32eca8aa1e744d5bf46d2aabb5845c443d45d97a0f6c11055c34,sigma_target_medium_preopt,jhtvs-ft0806-sigma-preopt-v1,sigma-preopt-D089-S002,e768ba3aa9c6f1a62239290f4e432561e08ecd2ca174263aa2a1ee8d2acf099e,2e0877bd830aa41ef26e91be39e2ceabfe3e0bf4f7691a23c60a9e02cffa96a8,pass,pass,0,0,a7781bfb8860257e1817131466ffa686c910c9c9ef7a428975924fcda5fdb3ed,0b7942993a01166ad51b027f9dab33d7597d7502d159f8cacb6849d846af59b5,GFN2-xTB_default_opt_ddCOSMO_v1,8.93,
surrogate:sigma_preopt:D089:S006:q2:m1,D089_QP2_M1,S006,2,1,resolved,runs/geometry/resolved/sigma/D089_QP2_M1/S006.xyz,ed18569fb123623d5d6640c788aa7ca07379103b2e62db3c70b41732bd721ab1,sigma_target_medium_preopt,jhtvs-ft0806-sigma-preopt-v1,sigma-preopt-D089-S006,e768ba3aa9c6f1a62239290f4e432561e08ecd2ca174263aa2a1ee8d2acf099e,c1077374c6160052a1d101a17ec73d1e12d15f4634843bdb662a1ed744330123,pass,pass,0,0,a7781bfb8860257e1817131466ffa686c910c9c9ef7a428975924fcda5fdb3ed,0b7942993a01166ad51b027f9dab33d7597d7502d159f8cacb6849d846af59b5,GFN2-xTB_default_opt_ddCOSMO_v1,37.219,
surrogate:sigma_preopt:D089:S008:q2:m1,D089_QP2_M1,S008,2,1,resolved,runs/geometry/resolved/sigma/D089_QP2_M1/S008.xyz,b2b01d822057fdcb799e279ee62f0432991ebd020e1dd6f1de58f2936287cee5,sigma_target_medium_preopt,jhtvs-ft0806-sigma-preopt-v1,sigma-preopt-D089-S008,e768ba3aa9c6f1a62239290f4e432561e08ecd2ca174263aa2a1ee8d2acf099e,e916460870c97216c4a76302fe04e5150742f22268fb882ce376efef89350f48,pass,pass,0,0,a7781bfb8860257e1817131466ffa686c910c9c9ef7a428975924fcda5fdb3ed,0b7942993a01166ad51b027f9dab33d7597d7502d159f8cacb6849d846af59b5,GFN2-xTB_default_opt_ddCOSMO_v1,7.4257,
surrogate:sigma_preopt:D089:S015:q2:m1,D089_QP2_M1,S015,2,1,resolved,runs/geometry/resolved/sigma/D089_QP2_M1/S015.xyz,8793eb5bb526552d7161e117e4332e3b3d9133b75754781e308c203b57044b6e,sigma_target_medium_preopt,jhtvs-ft0806-sigma-preopt-v1,sigma-preopt-D089-S015,e768ba3aa9c6f1a62239290f4e432561e08ecd2ca174263aa2a1ee8d2acf099e,b31401ad970b481167e8c53d79400efaf3572845b5b53d9c0105ea0d46284a1f,pass,pass,0,0,a7781bfb8860257e1817131466ffa686c910c9c9ef7a428975924fcda5fdb3ed,0b7942993a01166ad51b027f9dab33d7597d7502d159f8cacb6849d846af59b5,GFN2-xTB_default_opt_ddCOSMO_v1,11.4,
surrogate:sigma_preopt:D094:S003:q2:m1,D094_QP2_M1,S003,2,1,resolved,runs/geometry/resolved/sigma/D094_QP2_M1/S003.xyz,9075aaa3f6b92988a837e66526cba0fd9009cde114419c48e36e4a76c402ce5c,sigma_target_medium_preopt,jhtvs-ft0806-sigma-preopt-v1,sigma-preopt-D094-S003,2afebd884dec6a08cb7fe4bdb5f3717bffd3f14ca2531a0f477731eb94056570,e3776ebf941be297aa7ad68dcf06f18e28eac4f9379631469a287b815ce1d342,pass,pass,0,0,a7781bfb8860257e1817131466ffa686c910c9c9ef7a428975924fcda5fdb3ed,b1c3305b9d325edf4c2009a9f57f0a85835d943a5a288e18e6cd0737b8c5c95a,GFN2-xTB_default_opt_ddCOSMO_v1,64.92,
surrogate:sigma_preopt:D094:S013:q2:m1,D094_QP2_M1,S013,2,1,resolved,runs/geometry/resolved/sigma/D094_QP2_M1/S013.xyz,60a6399e381d791d98a1170164dd8d05b24c54c1d88f320cdd28a7da3f535a32,sigma_target_medium_preopt,jhtvs-ft0806-sigma-preopt-v1,sigma-preopt-D094-S013,2afebd884dec6a08cb7fe4bdb5f3717bffd3f14ca2531a0f477731eb94056570,87577ea16802127311c85f5b4c9044f50c8f73b05caab8924e77c8a014811c79,pass,pass,0,0,a7781bfb8860257e1817131466ffa686c910c9c9ef7a428975924fcda5fdb3ed,b1c3305b9d325edf4c2009a9f57f0a85835d943a5a288e18e6cd0737b8c5c95a,GFN2-xTB_default_opt_ddCOSMO_v1,32.2,
surrogate:sigma_preopt:D094:S020:q2:m1,D094_QP2_M1,S020,2,1,resolved,runs/geometry/resolved/sigma/D094_QP2_M1/S020.xyz,7adac6c6e1841a4dae6b7ffac58ab97b187d4dabc61a256ae3278de2525d673c,sigma_target_medium_preopt,jhtvs-ft0806-sigma-preopt-v1,sigma-preopt-D094-S020,2afebd884dec6a08cb7fe4bdb5f3717bffd3f14ca2531a0f477731eb94056570,fe2e3a9dd8f893b2489081f455ce6a6724df519bcc19758293aec7b93a987019,pass,pass,0,0,a7781bfb8860257e1817131466ffa686c910c9c9ef7a428975924fcda5fdb3ed,b1c3305b9d325edf4c2009a9f57f0a85835d943a5a288e18e6cd0737b8c5c95a,GFN2-xTB_default_opt_ddCOSMO_v1,10.125,
surrogate:sigma_preopt:D094:S025:q2:m1,D094_QP2_M1,S025,2,1,resolved,runs/geometry/resolved/sigma/D094_QP2_M1/S025.xyz,53f2f2dbc4f26c17c56a6c96d5cc9f8967036087b55bfe724e08c78de5b8d85a,sigma_target_medium_preopt,jhtvs-ft0806-sigma-preopt-v1,sigma-preopt-D094-S025,2afebd884dec6a08cb7fe4bdb5f3717bffd3f14ca2531a0f477731eb94056570,ebe82e2779455050845b4c80d922eb0efd6678ee05fefa14b68c44c653fc17f7,pass,pass,0,0,a7781bfb8860257e1817131466ffa686c910c9c9ef7a428975924fcda5fdb3ed,b1c3305b9d325edf4c2009a9f57f0a85835d943a5a288e18e6cd0737b8c5c95a,GFN2-xTB_default_opt_ddCOSMO_v1,7.3,
surrogate:sigma_preopt:D096:S001:q2:m1,D096_QP2_M1,S001,2,1,resolved,runs/geometry/resolved/sigma/D096_QP2_M1/S001.xyz,498a6312bfac8ff1016733a262df5e8cff07e67e9ad828492c6902eabd2a18a2,sigma_target_medium_preopt,jhtvs-ft0806-sigma-preopt-v1,sigma-preopt-D096-S001,f38b3ffac38ced21fadc5928fa6bec1242a145bec283117b8a3f1c05019ffb18,01430c4fd8d10dfafa2e57d552e15787d0c6a0fc842eec51ae97d2ee7eb19f2f,pass,pass,0,0,a7781bfb8860257e1817131466ffa686c910c9c9ef7a428975924fcda5fdb3ed,3b410f416ef6d808de2debc8656d228255844133795b6ef71d381afe7922722f,GFN2-xTB_default_opt_ddCOSMO_v1,35.688,
surrogate:sigma_preopt:D096:S007:q2:m1,D096_QP2_M1,S007,2,1,resolved,runs/geometry/resolved/sigma/D096_QP2_M1/S007.xyz,ae65f5a43123f47b7b61a76ee61e92f62213e4ca6f00a6b32652b7cc0e056843,sigma_target_medium_preopt,jhtvs-ft0806-sigma-preopt-v1,sigma-preopt-D096-S007,f38b3ffac38ced21fadc5928fa6bec1242a145bec283117b8a3f1c05019ffb18,5059604a09f843cd596ce2073096c8da59054197e4072292200b677f1dd6142c,pass,pass,0,0,a7781bfb8860257e1817131466ffa686c910c9c9ef7a428975924fcda5fdb3ed,3b410f416ef6d808de2debc8656d228255844133795b6ef71d381afe7922722f,GFN2-xTB_default_opt_ddCOSMO_v1,46.826,
surrogate:sigma_preopt:D096:S017:q2:m1,D096_QP2_M1,S017,2,1,resolved,runs/geometry/resolved/sigma/D096_QP2_M1/S017.xyz,22574640c8d11a20ff700ebff460da5bb8f860b9d872823fce104624236fcc57,sigma_target_medium_preopt,jhtvs-ft0806-sigma-preopt-v1,sigma-preopt-D096-S017,f38b3ffac38ced21fadc5928fa6bec1242a145bec283117b8a3f1c05019ffb18,4a2f1d0279d49832f66d95b6e18a1e844bd511f7aa22297d54ee61e424500750,pass,pass,0,0,a7781bfb8860257e1817131466ffa686c910c9c9ef7a428975924fcda5fdb3ed,3b410f416ef6d808de2debc8656d228255844133795b6ef71d381afe7922722f,GFN2-xTB_default_opt_ddCOSMO_v1,13.8,
surrogate:sigma_preopt:D096:S022:q2:m1,D096_QP2_M1,S022,2,1,resolved,runs/geometry/resolved/sigma/D096_QP2_M1/S022.xyz,e540288ea0ed9607e1040dda12f253fa4123d264d1643de6338c6cb24b220ea1,sigma_target_medium_preopt,jhtvs-ft0806-sigma-preopt-v1,sigma-preopt-D096-S022,f38b3ffac38ced21fadc5928fa6bec1242a145bec283117b8a3f1c05019ffb18,2b6990183992430f67d97f471f0b276d8651b2632f1bd3e4156025a9f3de395e,pass,pass,0,0,a7781bfb8860257e1817131466ffa686c910c9c9ef7a428975924fcda5fdb3ed,3b410f416ef6d808de2debc8656d228255844133795b6ef71d381afe7922722f,GFN2-xTB_default_opt_ddCOSMO_v1,89.78,
tier1:redox:A001:S001:q-1:m1,A001_QM1_M1,S001,-1,1,resolved,runs/geometry/resolved/tier1/A001_QM1_M1/S001.xyz,4df9acf370f285897aec214922626c3f111f0468f41204e5ca5c37efddf77369,tier1_same_run_redox,20260729-jhtvs-fullspace-tier1-v1,redox-anion-001-solvent-001-resting,4df9acf370f285897aec214922626c3f111f0468f41204e5ca5c37efddf77369,93b20c0ae4e686d1cbf226ec56ea6868796c827fa2c6fe8d165e60b53d832c7d,pass,pass,0,0,dce96254f79dd86659d857a249610720804bf2dc51104673220429e736523455,,Tier1_GFN2-xTB_default_opt_ddCOSMO,35.688,
tier1:redox:A001:S001:q0:m2,A001_Q0_M2,S001,0,2,resolved,runs/geometry/resolved/tier1/A001_Q0_M2/S001.xyz,588ed992a26c54329e3e11980df071b97eb9e5327a31f258b5c81e8e0630cb12,tier1_same_run_redox,20260729-jhtvs-fullspace-tier1-v1,redox-anion-001-solvent-001-oxidized,588ed992a26c54329e3e11980df071b97eb9e5327a31f258b5c81e8e0630cb12,617a86695711ddbbc660c496d6b1e81541e8e39bad22c92a13c6b6f3027e7f3f,pass,pass,0,0,dce96254f79dd86659d857a249610720804bf2dc51104673220429e736523455,,Tier1_GFN2-xTB_default_opt_ddCOSMO,35.688,
tier1:redox:A001:S007:q-1:m1,A001_QM1_M1,S007,-1,1,resolved,runs/geometry/resolved/tier1/A001_QM1_M1/S007.xyz,de6c904a523806582fbf72130da874660be62f64364278b145011b0952e585ce,tier1_same_run_redox,20260729-jhtvs-fullspace-tier1-v1,redox-anion-001-solvent-007-resting,de6c904a523806582fbf72130da874660be62f64364278b145011b0952e585ce,491a1d17b38c3b914438b87450db01159480481b3deaa465f7386b9c95720393,pass,pass,0,0,dce96254f79dd86659d857a249610720804bf2dc51104673220429e736523455,,Tier1_GFN2-xTB_default_opt_ddCOSMO,46.826,
tier1:redox:A001:S007:q0:m2,A001_Q0_M2,S007,0,2,resolved,runs/geometry/resolved/tier1/A001_Q0_M2/S007.xyz,a12d2790ab5be3693f440201fd148dd465bda29997e03744b1a2eb61dc69869b,tier1_same_run_redox,20260729-jhtvs-fullspace-tier1-v1,redox-anion-001-solvent-007-oxidized,a12d2790ab5be3693f440201fd148dd465bda29997e03744b1a2eb61dc69869b,f40295908a25834675334e1ac17f179ba065d78e3ed7df8471474490bfb87999,pass,pass,0,0,dce96254f79dd86659d857a249610720804bf2dc51104673220429e736523455,,Tier1_GFN2-xTB_default_opt_ddCOSMO,46.826,
tier1:redox:A001:S015:q-1:m1,A001_QM1_M1,S015,-1,1,resolved,runs/geometry/resolved/tier1/A001_QM1_M1/S015.xyz,d1177f00b12706e1416d551386bd94e5aec36a65dc396fc3db997cb3dbce0c06,tier1_same_run_redox,20260729-jhtvs-fullspace-tier1-v1,redox-anion-001-solvent-015-resting,d1177f00b12706e1416d551386bd94e5aec36a65dc396fc3db997cb3dbce0c06,2cbefce471dc1bcb6280a4c6d9da8b640eb021a9fa2cdc6ab7c3b28a4efcccfa,pass,pass,0,0,dce96254f79dd86659d857a249610720804bf2dc51104673220429e736523455,,Tier1_GFN2-xTB_default_opt_ddCOSMO,11.4,
tier1:redox:A001:S015:q0:m2,A001_Q0_M2,S015,0,2,resolved,runs/geometry/resolved/tier1/A001_Q0_M2/S015.xyz,bf8235bc9b22b4137e234e48144d098d7471f50df8a376ead81e7fe43f2ba108,tier1_same_run_redox,20260729-jhtvs-fullspace-tier1-v1,redox-anion-001-solvent-015-oxidized,bf8235bc9b22b4137e234e48144d098d7471f50df8a376ead81e7fe43f2ba108,ce5012bb2b82bd948abf63f9499454bc6a29101874fd1151bb92361d6ba615bd,pass,pass,0,0,dce96254f79dd86659d857a249610720804bf2dc51104673220429e736523455,,Tier1_GFN2-xTB_default_opt_ddCOSMO,11.4,
tier1:redox:A001:S022:q-1:m1,A001_QM1_M1,S022,-1,1,resolved,runs/geometry/resolved/tier1/A001_QM1_M1/S022.xyz,fb7e755fe53a5ec3f5a75847c67d391eccd56d0755ae1c17467c881852ff42bb,tier1_same_run_redox,20260729-jhtvs-fullspace-tier1-v1,redox-anion-001-solvent-022-resting,fb7e755fe53a5ec3f5a75847c67d391eccd56d0755ae1c17467c881852ff42bb,ff1c4399fd6528fc41ead2116b6d91d9a8d5c033f2a11058efc1596829d66b7b,pass,pass,0,0,dce96254f79dd86659d857a249610720804bf2dc51104673220429e736523455,,Tier1_GFN2-xTB_default_opt_ddCOSMO,89.78,
tier1:redox:A001:S022:q0:m2,A001_Q0_M2,S022,0,2,resolved,runs/geometry/resolved/tier1/A001_Q0_M2/S022.xyz,1aa1faf076d65e36e41e96162fbded213e9a3cd29617b79f76fdbe095f60e2d0,tier1_same_run_redox,20260729-jhtvs-fullspace-tier1-v1,redox-anion-001-solvent-022-oxidized,1aa1faf076d65e36e41e96162fbded213e9a3cd29617b79f76fdbe095f60e2d0,a074db1c37c47c7750b1c661bf05f3176866a0e2b4d6cce34f8ff3c276a213de,pass,pass,0,0,dce96254f79dd86659d857a249610720804bf2dc51104673220429e736523455,,Tier1_GFN2-xTB_default_opt_ddCOSMO,89.78,
tier1:redox:A002:S001:q-1:m1,A002_QM1_M1,S001,-1,1,resolved,runs/geometry/resolved/tier1/A002_QM1_M1/S001.xyz,7a17f45bb14124753ff5516d497203fbc01bb3fa236829911d8ecce7fe4e1385,tier1_same_run_redox,20260729-jhtvs-fullspace-tier1-v1,redox-anion-002-solvent-001-resting,7a17f45bb14124753ff5516d497203fbc01bb3fa236829911d8ecce7fe4e1385,e673b54041d4b2af2c7321822bb57594e16aaef6c5fea2d4bb941735edef0957,pass,pass,0,0,dce96254f79dd86659d857a249610720804bf2dc51104673220429e736523455,,Tier1_GFN2-xTB_default_opt_ddCOSMO,35.688,
tier1:redox:A002:S001:q0:m2,A002_Q0_M2,S001,0,2,resolved,runs/geometry/resolved/tier1/A002_Q0_M2/S001.xyz,8989bc787272bd7fd42b9023c55d70658f3c4d032ee35f7117e85123d865fe0c,tier1_same_run_redox,20260729-jhtvs-fullspace-tier1-v1,redox-anion-002-solvent-001-oxidized,8989bc787272bd7fd42b9023c55d70658f3c4d032ee35f7117e85123d865fe0c,0ccd4fc6362214221cadf9a259aa86fd958a579dc1bcf0abcaf8ece48963fa08,pass,pass,0,0,dce96254f79dd86659d857a249610720804bf2dc51104673220429e736523455,,Tier1_GFN2-xTB_default_opt_ddCOSMO,35.688,
tier1:redox:A002:S002:q-1:m1,A002_QM1_M1,S002,-1,1,resolved,runs/geometry/resolved/tier1/A002_QM1_M1/S002.xyz,96c7fbfdda447db028d962eca69319e7356a7ea0c1025a0b02935b5292c0ca07,tier1_same_run_redox,20260729-jhtvs-fullspace-tier1-v1,redox-anion-002-solvent-002-resting,96c7fbfdda447db028d962eca69319e7356a7ea0c1025a0b02935b5292c0ca07,6034014285af2366e7b6b035fca27590700de287ba912a5b496858b699e2c4ae,pass,pass,0,0,dce96254f79dd86659d857a249610720804bf2dc51104673220429e736523455,,Tier1_GFN2-xTB_default_opt_ddCOSMO,8.93,
tier1:redox:A002:S002:q0:m2,A002_Q0_M2,S002,0,2,resolved,runs/geometry/resolved/tier1/A002_Q0_M2/S002.xyz,46dea405532789b7d76d67c72931d6270fcbd9f716a5245dc88bc6917be48893,tier1_same_run_redox,20260729-jhtvs-fullspace-tier1-v1,redox-anion-002-solvent-002-oxidized,46dea405532789b7d76d67c72931d6270fcbd9f716a5245dc88bc6917be48893,a9a10cd34eff2281c7d974530f27952128ba9e31a33bd41436e5643050f41530,pass,pass,0,0,dce96254f79dd86659d857a249610720804bf2dc51104673220429e736523455,,Tier1_GFN2-xTB_default_opt_ddCOSMO,8.93,
tier1:redox:A002:S003:q-1:m1,A002_QM1_M1,S003,-1,1,resolved,runs/geometry/resolved/tier1/A002_QM1_M1/S003.xyz,2034efeed7215aa124560fe81fd5046bec1ce8c49e0eb3ec817195e5e0f867be,tier1_same_run_redox,20260729-jhtvs-fullspace-tier1-v1,redox-anion-002-solvent-003-resting,2034efeed7215aa124560fe81fd5046bec1ce8c49e0eb3ec817195e5e0f867be,cc9b942bb501388060c2965de160ae7e0b7c86bb4dc1fcfe32ee53580dffb5eb,pass,pass,0,0,dce96254f79dd86659d857a249610720804bf2dc51104673220429e736523455,,Tier1_GFN2-xTB_default_opt_ddCOSMO,64.92,
tier1:redox:A002:S003:q0:m2,A002_Q0_M2,S003,0,2,resolved,runs/geometry/resolved/tier1/A002_Q0_M2/S003.xyz,ad780b2f95304732421d87979beb3cc437341b5a46aa85234c2c193f2e8d5586,tier1_same_run_redox,20260729-jhtvs-fullspace-tier1-v1,redox-anion-002-solvent-003-oxidized,ad780b2f95304732421d87979beb3cc437341b5a46aa85234c2c193f2e8d5586,61abb5ad5ff7117db23ee82dd7756d296a18cfca72a8438ea921f8efdfc5a741,pass,pass,0,0,dce96254f79dd86659d857a249610720804bf2dc51104673220429e736523455,,Tier1_GFN2-xTB_default_opt_ddCOSMO,64.92,
tier1:redox:A002:S004:q-1:m1,A002_QM1_M1,S004,-1,1,resolved,runs/geometry/resolved/tier1/A002_QM1_M1/S004.xyz,0ceed7e96fd9e0e4fa342d34feb8891e81ea93ae89c6789964e0df2558f757db,tier1_same_run_redox,20260729-jhtvs-fullspace-tier1-v1,redox-anion-002-solvent-004-resting,0ceed7e96fd9e0e4fa342d34feb8891e81ea93ae89c6789964e0df2558f757db,1e8ee366d2858180a1c7d33c5adbc489820745fcaac3e2c18b3145004d977669,pass,pass,0,0,dce96254f79dd86659d857a249610720804bf2dc51104673220429e736523455,,Tier1_GFN2-xTB_default_opt_ddCOSMO,34.809,
tier1:redox:A002:S004:q0:m2,A002_Q0_M2,S004,0,2,resolved,runs/geometry/resolved/tier1/A002_Q0_M2/S004.xyz,6c2ec646d07676adf8e5545a5ceb5e0989df0853fd73f4a310dce9942244cc9d,tier1_same_run_redox,20260729-jhtvs-fullspace-tier1-v1,redox-anion-002-solvent-004-oxidized,6c2ec646d07676adf8e5545a5ceb5e0989df0853fd73f4a310dce9942244cc9d,dc950679e37604ab21c0d1dcc3d05dfdff8d24f4578c9ff78628dd9b8cb8429c,pass,pass,0,0,dce96254f79dd86659d857a249610720804bf2dc51104673220429e736523455,,Tier1_GFN2-xTB_default_opt_ddCOSMO,34.809,
tier1:redox:A002:S005:q-1:m1,A002_QM1_M1,S005,-1,1,resolved,runs/geometry/resolved/tier1/A002_QM1_M1/S005.xyz,05bc09a3989d4153258c513b04b0417700722dc59f46a659fed706b2cc3da590,tier1_same_run_redox,20260729-jhtvs-fullspace-tier1-v1,redox-anion-002-solvent-005-resting,05bc09a3989d4153258c513b04b0417700722dc59f46a659fed706b2cc3da590,eafd8cec82c36e95addc20cd2635daf7fc9e26d629dea469284a0a370a6d1c30,pass,pass,0,0,dce96254f79dd86659d857a249610720804bf2dc51104673220429e736523455,,Tier1_GFN2-xTB_default_opt_ddCOSMO,25.592,
tier1:redox:A002:S005:q0:m2,A002_Q0_M2,S005,0,2,resolved,runs/geometry/resolved/tier1/A002_Q0_M2/S005.xyz,6198fbb6669a61c27219e345dd5c9edc527fc27cb67059aafbc068dab6c08971,tier1_same_run_redox,20260729-jhtvs-fullspace-tier1-v1,redox-anion-002-solvent-005-oxidized,6198fbb6669a61c27219e345dd5c9edc527fc27cb67059aafbc068dab6c08971,bb56691912cb79f3f363ac5c78608f60ec332fb1dc4690c161adc6eca7f736a8,pass,pass,0,0,dce96254f79dd86659d857a249610720804bf2dc51104673220429e736523455,,Tier1_GFN2-xTB_default_opt_ddCOSMO,25.592,
tier1:redox:A002:S006:q-1:m1,A002_QM1_M1,S006,-1,1,resolved,runs/geometry/resolved/tier1/A002_QM1_M1/S006.xyz,6389fd70e72cf5847f2ba4614ec5c44256f0d00911635ca9d779cf6ed036e8ed,tier1_same_run_redox,20260729-jhtvs-fullspace-tier1-v1,redox-anion-002-solvent-006-resting,6389fd70e72cf5847f2ba4614ec5c44256f0d00911635ca9d779cf6ed036e8ed,a1080d9af5808a260b02576e6fad7fe18a69b3dab2f06a320c86851e14432848,pass,pass,0,0,dce96254f79dd86659d857a249610720804bf2dc51104673220429e736523455,,Tier1_GFN2-xTB_default_opt_ddCOSMO,37.219,
tier1:redox:A002:S006:q0:m2,A002_Q0_M2,S006,0,2,resolved,runs/geometry/resolved/tier1/A002_Q0_M2/S006.xyz,7a39d8c734e407a3e8a74b4006d61f8466be2a6aaff3fbb382dcbc8107bdd8f1,tier1_same_run_redox,20260729-jhtvs-fullspace-tier1-v1,redox-anion-002-solvent-006-oxidized,7a39d8c734e407a3e8a74b4006d61f8466be2a6aaff3fbb382dcbc8107bdd8f1,0e5ebe0e50b412574ef3420fe98d8a00108ef4a058f726f4ad97d092ea916f79,pass,pass,0,0,dce96254f79dd86659d857a249610720804bf2dc51104673220429e736523455,,Tier1_GFN2-xTB_default_opt_ddCOSMO,37.219,
tier1:redox:A002:S007:q-1:m1,A002_QM1_M1,S007,-1,1,resolved,runs/geometry/resolved/tier1/A002_QM1_M1/S007.xyz,e2f9b877bce35008bd31b302d32ee4fccf60cc7e5d2795f1ffa248d9b600e6df,tier1_same_run_redox,20260729-jhtvs-fullspace-tier1-v1,redox-anion-002-solvent-007-resting,e2f9b877bce35008bd31b302d32ee4fccf60cc7e5d2795f1ffa248d9b600e6df,5f4ced499ca186081da29d69d83b7dfbba9104ab24829c0ad2e0b1755fa02e5a,pass,pass,0,0,dce96254f79dd86659d857a249610720804bf2dc51104673220429e736523455,,Tier1_GFN2-xTB_default_opt_ddCOSMO,46.826,
tier1:redox:A002:S007:q0:m2,A002_Q0_M2,S007,0,2,resolved,runs/geometry/resolved/tier1/A002_Q0_M2/S007.xyz,8b6a6ed9e6fbfa318194cdcead28029932a3e3617f39cc87a2224758bb6d4237,tier1_same_run_redox,20260729-jhtvs-fullspace-tier1-v1,redox-anion-002-solvent-007-oxidized,8b6a6ed9e6fbfa318194cdcead28029932a3e3617f39cc87a2224758bb6d4237,eff4fccfa0daa35bc0daa2a1895650fe75fa9eaadff61ac78367891dbacc17da,pass,pass,0,0,dce96254f79dd86659d857a249610720804bf2dc51104673220429e736523455,,Tier1_GFN2-xTB_default_opt_ddCOSMO,46.826,
tier1:redox:A002:S008:q-1:m1,A002_QM1_M1,S008,-1,1,resolved,runs/geometry/resolved/tier1/A002_QM1_M1/S008.xyz,a48f9fc39b26020709693d15ef4bff19ac400aefd516a1fd501c687038049c00,tier1_same_run_redox,20260729-jhtvs-fullspace-tier1-v1,redox-anion-002-solvent-008-resting,a48f9fc39b26020709693d15ef4bff19ac400aefd516a1fd501c687038049c00,a0a37470f6616d002f1b7dd489d51148b2c623bfa2b6cef33dc705819204f93f,pass,pass,0,0,dce96254f79dd86659d857a249610720804bf2dc51104673220429e736523455,,Tier1_GFN2-xTB_default_opt_ddCOSMO,7.4257,
tier1:redox:A002:S008:q0:m2,A002_Q0_M2,S008,0,2,resolved,runs/geometry/resolved/tier1/A002_Q0_M2/S008.xyz,9c911056e0272330262d4581ca84e5a2199d661de3d1255ff665e7e3d4c3ef36,tier1_same_run_redox,20260729-jhtvs-fullspace-tier1-v1,redox-anion-002-solvent-008-oxidized,9c911056e0272330262d4581ca84e5a2199d661de3d1255ff665e7e3d4c3ef36,e053c089bf2fd5c15c04d990b4a0e2255881a487608f1fbe5d6b5d88bf6093f7,pass,pass,0,0,dce96254f79dd86659d857a249610720804bf2dc51104673220429e736523455,,Tier1_GFN2-xTB_default_opt_ddCOSMO,7.4257,
tier1:redox:A002:S009:q-1:m1,A002_QM1_M1,S009,-1,1,resolved,runs/geometry/resolved/tier1/A002_QM1_M1/S009.xyz,1f9e718b03224d4138b4f0f68beee9b1d34f5b97a3da4868e6acf7d4c70d9644,tier1_same_run_redox,20260729-jhtvs-fullspace-tier1-v1,redox-anion-002-solvent-009-resting,1f9e718b03224d4138b4f0f68beee9b1d34f5b97a3da4868e6acf7d4c70d9644,9c9582d49a40e4270ac83e726126475c9659e8afbbd9d09f51758e1c7f8506de,pass,pass,0,0,dce96254f79dd86659d857a249610720804bf2dc51104673220429e736523455,,Tier1_GFN2-xTB_default_opt_ddCOSMO,36.562,
tier1:redox:A002:S009:q0:m2,A002_Q0_M2,S009,0,2,resolved,runs/geometry/resolved/tier1/A002_Q0_M2/S009.xyz,a2bc50aee9a2c9d27e46619c47e11551f333ea5006dc8001d0a28ed02d6428eb,tier1_same_run_redox,20260729-jhtvs-fullspace-tier1-v1,redox-anion-002-solvent-009-oxidized,a2bc50aee9a2c9d27e46619c47e11551f333ea5006dc8001d0a28ed02d6428eb,ef5970461fdcf54883b80c6f424c0c390211d2102feabdd730e6b996dbec3d3d,pass,pass,0,0,dce96254f79dd86659d857a249610720804bf2dc51104673220429e736523455,,Tier1_GFN2-xTB_default_opt_ddCOSMO,36.562,
tier1:redox:A002:S010:q-1:m1,A002_QM1_M1,S010,-1,1,resolved,runs/geometry/resolved/tier1/A002_QM1_M1/S010.xyz,7d31c42110b4593b77ad4f0633e0ce238aba19bf2ff06e3347360040b56d2cbf,tier1_same_run_redox,20260729-jhtvs-fullspace-tier1-v1,redox-anion-002-solvent-010-resting,7d31c42110b4593b77ad4f0633e0ce238aba19bf2ff06e3347360040b56d2cbf,c99e30a9d159aef5b414a7ef96d6982587c02eff44e2387899ef79ddc3139166,pass,pass,0,0,dce96254f79dd86659d857a249610720804bf2dc51104673220429e736523455,,Tier1_GFN2-xTB_default_opt_ddCOSMO,78.355,
tier1:redox:A002:S010:q0:m2,A002_Q0_M2,S010,0,2,resolved,runs/geometry/resolved/tier1/A002_Q0_M2/S010.xyz,5f2d356204585e7a3a870bbc2d21616e69e3b5e16c7eccfaab562a800a406fc6,tier1_same_run_redox,20260729-jhtvs-fullspace-tier1-v1,redox-anion-002-solvent-010-oxidized,5f2d356204585e7a3a870bbc2d21616e69e3b5e16c7eccfaab562a800a406fc6,f6985dfbcaf08336056600b632fdf81237109497d8c9ed2371e3db7834f879ca,pass,pass,0,0,dce96254f79dd86659d857a249610720804bf2dc51104673220429e736523455,,Tier1_GFN2-xTB_default_opt_ddCOSMO,78.355,
tier1:redox:A002:S011:q-1:m1,A002_QM1_M1,S011,-1,1,resolved,runs/geometry/resolved/tier1/A002_QM1_M1/S011.xyz,50b1ff2384c518b2205f23960a3e189f5e5081b61bfad5785bc2581a16bcce63,tier1_same_run_redox,20260729-jhtvs-fullspace-tier1-v1,redox-anion-002-solvent-011-resting,50b1ff2384c518b2205f23960a3e189f5e5081b61bfad5785bc2581a16bcce63,2dced2669ce83f9563cca64986ade751246f5a1aa6c2ae3b98448a6e0f750958,pass,pass,0,0,dce96254f79dd86659d857a249610720804bf2dc51104673220429e736523455,,Tier1_GFN2-xTB_default_opt_ddCOSMO,41.7,
tier1:redox:A002:S011:q0:m2,A002_Q0_M2,S011,0,2,resolved,runs/geometry/resolved/tier1/A002_Q0_M2/S011.xyz,a2f3d5336632da19de425f4ce59852b8908a3c5e52754a47356fe2a23962ecd3,tier1_same_run_redox,20260729-jhtvs-fullspace-tier1-v1,redox-anion-002-solvent-011-oxidized,a2f3d5336632da19de425f4ce59852b8908a3c5e52754a47356fe2a23962ecd3,2f3ca308c17253bdf0987450d5ca4c423e6d8ab619524e1a5f50c043050aed0d,pass,pass,0,0,dce96254f79dd86659d857a249610720804bf2dc51104673220429e736523455,,Tier1_GFN2-xTB_default_opt_ddCOSMO,41.7,
tier1:redox:A002:S012:q-1:m1,A002_QM1_M1,S012,-1,1,resolved,runs/geometry/resolved/tier1/A002_QM1_M1/S012.xyz,22d23c4f5daa182d978af66d1ae6858d8891f9851d0cda6d8cad31088c19bed6,tier1_same_run_redox,20260729-jhtvs-fullspace-tier1-v1,redox-anion-002-solvent-012-resting,22d23c4f5daa182d978af66d1ae6858d8891f9851d0cda6d8cad31088c19bed6,eaca890fab31a205ffb94241c9b90a6e7f2aba21e924b00b25f391fb45f05703,pass,pass,0,0,dce96254f79dd86659d857a249610720804bf2dc51104673220429e736523455,,Tier1_GFN2-xTB_default_opt_ddCOSMO,43.3,
tier1:redox:A002:S012:q0:m2,A002_Q0_M2,S012,0,2,resolved,runs/geometry/resolved/tier1/A002_Q0_M2/S012.xyz,f738efd02253c992e8934900b876fdb9d2a696d4327d050aa9212cd8e90fdbf6,tier1_same_run_redox,20260729-jhtvs-fullspace-tier1-v1,redox-anion-002-solvent-012-oxidized,f738efd02253c992e8934900b876fdb9d2a696d4327d050aa9212cd8e90fdbf6,d5b653c3b9bdf53a7293722310ad30983612c53065c6a8ba91d4f22d39d97137,pass,pass,0,0,dce96254f79dd86659d857a249610720804bf2dc51104673220429e736523455,,Tier1_GFN2-xTB_default_opt_ddCOSMO,43.3,
tier1:redox:A002:S013:q-1:m1,A002_QM1_M1,S013,-1,1,resolved,runs/geometry/resolved/tier1/A002_QM1_M1/S013.xyz,3014ab67324b201d4180942da5ccb4b4d9fa3882220d6ae86b024518a6977976,tier1_same_run_redox,20260729-jhtvs-fullspace-tier1-v1,redox-anion-002-solvent-013-resting,3014ab67324b201d4180942da5ccb4b4d9fa3882220d6ae86b024518a6977976,d18ab3532008b3b0f571bc73beadbf76660fa1fcd23a02285924d6acfa6059a4,pass,pass,0,0,dce96254f79dd86659d857a249610720804bf2dc51104673220429e736523455,,Tier1_GFN2-xTB_default_opt_ddCOSMO,32.2,
tier1:redox:A002:S013:q0:m2,A002_Q0_M2,S013,0,2,resolved,runs/geometry/resolved/tier1/A002_Q0_M2/S013.xyz,00878b9ac14ecfe00af9742c61ef17a4e8f2b9b55a4555ce36d0be0681ebce30,tier1_same_run_redox,20260729-jhtvs-fullspace-tier1-v1,redox-anion-002-solvent-013-oxidized,00878b9ac14ecfe00af9742c61ef17a4e8f2b9b55a4555ce36d0be0681ebce30,037bbdd44131f9a0d5e5dab7af89b02f5015917810077af63a1c539a10a61391,pass,pass,0,0,dce96254f79dd86659d857a249610720804bf2dc51104673220429e736523455,,Tier1_GFN2-xTB_default_opt_ddCOSMO,32.2,
tier1:redox:A002:S014:q-1:m1,A002_QM1_M1,S014,-1,1,resolved,runs/geometry/resolved/tier1/A002_QM1_M1/S014.xyz,660ddbd845a98587d4eea9304d07b044184bc599591f2f0a709186c2402e4172,tier1_same_run_redox,20260729-jhtvs-fullspace-tier1-v1,redox-anion-002-solvent-014-resting,660ddbd845a98587d4eea9304d07b044184bc599591f2f0a709186c2402e4172,76779cb6b6731f7c4f661f19e8e3186adad131fb7dc22b1f67fa3db0be5d6684,pass,pass,0,0,dce96254f79dd86659d857a249610720804bf2dc51104673220429e736523455,,Tier1_GFN2-xTB_default_opt_ddCOSMO,4.34,
tier1:redox:A002:S014:q0:m2,A002_Q0_M2,S014,0,2,resolved,runs/geometry/resolved/tier1/A002_Q0_M2/S014.xyz,d5ee73a39e0e4cb6bcadb713df8795513a5f8e179fec0dcf2737fbce10aaec2a,tier1_same_run_redox,20260729-jhtvs-fullspace-tier1-v1,redox-anion-002-solvent-014-oxidized,d5ee73a39e0e4cb6bcadb713df8795513a5f8e179fec0dcf2737fbce10aaec2a,cbf3f669bb92d928e8fc98013879f3848c04a8da2e6d0b03bd3df65b8d2c0feb,pass,pass,0,0,dce96254f79dd86659d857a249610720804bf2dc51104673220429e736523455,,Tier1_GFN2-xTB_default_opt_ddCOSMO,4.34,
tier1:redox:A002:S015:q-1:m1,A002_QM1_M1,S015,-1,1,resolved,runs/geometry/resolved/tier1/A002_QM1_M1/S015.xyz,d1c6bc6a484486a659c55d5aa9df17407e39ccadb9961c358d206e8f724a2087,tier1_same_run_redox,20260729-jhtvs-fullspace-tier1-v1,redox-anion-002-solvent-015-resting,d1c6bc6a484486a659c55d5aa9df17407e39ccadb9961c358d206e8f724a2087,da24e935c0f69d554a48f39c9f77fb4aeb117ca13d661a4f89384022ad2fc4f4,pass,pass,0,0,dce96254f79dd86659d857a249610720804bf2dc51104673220429e736523455,,Tier1_GFN2-xTB_default_opt_ddCOSMO,11.4,
tier1:redox:A002:S015:q0:m2,A002_Q0_M2,S015,0,2,resolved,runs/geometry/resolved/tier1/A002_Q0_M2/S015.xyz,7b3d115bc0d34d90183a9e5841e90e2351144095451b221b59f2c8ebe44dfd76,tier1_same_run_redox,20260729-jhtvs-fullspace-tier1-v1,redox-anion-002-solvent-015-oxidized,7b3d115bc0d34d90183a9e5841e90e2351144095451b221b59f2c8ebe44dfd76,ebf0206338f61ebed1e998f20e254e5f00fdadfd870d706e2fcf4fe8915f1362,pass,pass,0,0,dce96254f79dd86659d857a249610720804bf2dc51104673220429e736523455,,Tier1_GFN2-xTB_default_opt_ddCOSMO,11.4,
tier1:redox:A002:S016:q-1:m1,A002_QM1_M1,S016,-1,1,resolved,runs/geometry/resolved/tier1/A002_QM1_M1/S016.xyz,9b3026b63a50780b71bd233cb1830d8185374d68bfb865e6d07cf386be5fc67e,tier1_same_run_redox,20260729-jhtvs-fullspace-tier1-v1,redox-anion-002-solvent-016-resting,9b3026b63a50780b71bd233cb1830d8185374d68bfb865e6d07cf386be5fc67e,b5bab4a4f051557d44a7feef0d5b6940c6d9697fa91d7eca0ee0c9e71b85c49f,pass,pass,0,0,dce96254f79dd86659d857a249610720804bf2dc51104673220429e736523455,,Tier1_GFN2-xTB_default_opt_ddCOSMO,9.7,
tier1:redox:A002:S016:q0:m2,A002_Q0_M2,S016,0,2,resolved,runs/geometry/resolved/tier1/A002_Q0_M2/S016.xyz,8b38344bca5ef8269a31c265647e2560a3cef5ee5d70c7ba9fd0af2dc241e008,tier1_same_run_redox,20260729-jhtvs-fullspace-tier1-v1,redox-anion-002-solvent-016-oxidized,8b38344bca5ef8269a31c265647e2560a3cef5ee5d70c7ba9fd0af2dc241e008,e2549751f12bddabf83dcc51809df5be668b982b9a26bcb86638fa75c977c529,pass,pass,0,0,dce96254f79dd86659d857a249610720804bf2dc51104673220429e736523455,,Tier1_GFN2-xTB_default_opt_ddCOSMO,9.7,
tier1:redox:A002:S017:q-1:m1,A002_QM1_M1,S017,-1,1,resolved,runs/geometry/resolved/tier1/A002_QM1_M1/S017.xyz,237b010df545897f0dcb7c49abeb601581adef79c31e0c038af394467e117235,tier1_same_run_redox,20260729-jhtvs-fullspace-tier1-v1,redox-anion-002-solvent-017-resting,237b010df545897f0dcb7c49abeb601581adef79c31e0c038af394467e117235,6d047e69d1cc27fbe69a65ab3468d6aa8e35c74bc279bd413791bec9e932abc4,pass,pass,0,0,dce96254f79dd86659d857a249610720804bf2dc51104673220429e736523455,,Tier1_GFN2-xTB_default_opt_ddCOSMO,13.8,
tier1:redox:A002:S017:q0:m2,A002_Q0_M2,S017,0,2,resolved,runs/geometry/resolved/tier1/A002_Q0_M2/S017.xyz,d8bb42ec8ec22c4af2329ffaf10e144d8a3f3188e0a99e07f25ce80f366c52d0,tier1_same_run_redox,20260729-jhtvs-fullspace-tier1-v1,redox-anion-002-solvent-017-oxidized,d8bb42ec8ec22c4af2329ffaf10e144d8a3f3188e0a99e07f25ce80f366c52d0,928d3e42895ea3a38507de600c63195bb8ba0772af46312a93792c910fe017ca,pass,pass,0,0,dce96254f79dd86659d857a249610720804bf2dc51104673220429e736523455,,Tier1_GFN2-xTB_default_opt_ddCOSMO,13.8,
tier1:redox:A002:S018:q-1:m1,A002_QM1_M1,S018,-1,1,resolved,runs/geometry/resolved/tier1/A002_QM1_M1/S018.xyz,484f39a50d10992dd399cad1562b657a97aeca66ed256b80f87959db54710a14,tier1_same_run_redox,20260729-jhtvs-fullspace-tier1-v1,redox-anion-002-solvent-018-resting,484f39a50d10992dd399cad1562b657a97aeca66ed256b80f87959db54710a14,600e7dc50d2d1e872d15c4a6b966cdaccd10a0fb97f626df1704dfb01381107e,pass,pass,0,0,dce96254f79dd86659d857a249610720804bf2dc51104673220429e736523455,,Tier1_GFN2-xTB_default_opt_ddCOSMO,9.8,
tier1:redox:A002:S018:q0:m2,A002_Q0_M2,S018,0,2,resolved,runs/geometry/resolved/tier1/A002_Q0_M2/S018.xyz,59ef8a945d2e96630fd35cfe01bc6daa6da566fad0a44d8a266ade9739cbe23f,tier1_same_run_redox,20260729-jhtvs-fullspace-tier1-v1,redox-anion-002-solvent-018-oxidized,59ef8a945d2e96630fd35cfe01bc6daa6da566fad0a44d8a266ade9739cbe23f,4cef452f8b497811b804c3403eff5d4a6157debdb1bdd39403da2e4897d8c5d8,pass,pass,0,0,dce96254f79dd86659d857a249610720804bf2dc51104673220429e736523455,,Tier1_GFN2-xTB_default_opt_ddCOSMO,9.8,
tier1:redox:A002:S019:q-1:m1,A002_QM1_M1,S019,-1,1,resolved,runs/geometry/resolved/tier1/A002_QM1_M1/S019.xyz,80043e8fd13e9c1d2cdd9e8ce4ff80cfb3c68e20c6f144ae5409ccb4771f8e9e,tier1_same_run_redox,20260729-jhtvs-fullspace-tier1-v1,redox-anion-002-solvent-019-resting,80043e8fd13e9c1d2cdd9e8ce4ff80cfb3c68e20c6f144ae5409ccb4771f8e9e,4e7c7228fa0c78d05472d0d8ce940afe57578ea0d06790a5457676d2a4a269d3,pass,pass,0,0,dce96254f79dd86659d857a249610720804bf2dc51104673220429e736523455,,Tier1_GFN2-xTB_default_opt_ddCOSMO,29.324,
tier1:redox:A002:S019:q0:m2,A002_Q0_M2,S019,0,2,resolved,runs/geometry/resolved/tier1/A002_Q0_M2/S019.xyz,a05172d4f3a75b25d8f0a03a40dd05585e1e3e965af72263f2b10bd8e88acd1c,tier1_same_run_redox,20260729-jhtvs-fullspace-tier1-v1,redox-anion-002-solvent-019-oxidized,a05172d4f3a75b25d8f0a03a40dd05585e1e3e965af72263f2b10bd8e88acd1c,e87abb6c7df578599d240a4f2443242ec20b4f7cc51e422e298c3f9bda10b82f,pass,pass,0,0,dce96254f79dd86659d857a249610720804bf2dc51104673220429e736523455,,Tier1_GFN2-xTB_default_opt_ddCOSMO,29.324,
tier1:redox:A002:S020:q-1:m1,A002_QM1_M1,S020,-1,1,resolved,runs/geometry/resolved/tier1/A002_QM1_M1/S020.xyz,bf2a1b3916f307883d5d0332dedf890e28514b8aa4c5c73faeaa3e4743503734,tier1_same_run_redox,20260729-jhtvs-fullspace-tier1-v1,redox-anion-002-solvent-020-resting,bf2a1b3916f307883d5d0332dedf890e28514b8aa4c5c73faeaa3e4743503734,abb3c8f7e026776a57e60263e6757393d3be2e356c14c8e1868b49f44967e94a,pass,pass,0,0,dce96254f79dd86659d857a249610720804bf2dc51104673220429e736523455,,Tier1_GFN2-xTB_default_opt_ddCOSMO,10.125,
tier1:redox:A002:S020:q0:m2,A002_Q0_M2,S020,0,2,resolved,runs/geometry/resolved/tier1/A002_Q0_M2/S020.xyz,37d329225d49186470c36b3bd8873158fb4ee58324cbddd13642e81926604b2c,tier1_same_run_redox,20260729-jhtvs-fullspace-tier1-v1,redox-anion-002-solvent-020-oxidized,37d329225d49186470c36b3bd8873158fb4ee58324cbddd13642e81926604b2c,910061fee296e9953a40dbc6aa6cdb0e069b8f735018d0be5eab023bdd1cfa9b,pass,pass,0,0,dce96254f79dd86659d857a249610720804bf2dc51104673220429e736523455,,Tier1_GFN2-xTB_default_opt_ddCOSMO,10.125,
tier1:redox:A002:S021:q-1:m1,A002_QM1_M1,S021,-1,1,resolved,runs/geometry/resolved/tier1/A002_QM1_M1/S021.xyz,5d62c5b1ca0c4f7300cc29c07b66849ac27f9edd3ba22ddd25152f61ec0bf486,tier1_same_run_redox,20260729-jhtvs-fullspace-tier1-v1,redox-anion-002-solvent-021-resting,5d62c5b1ca0c4f7300cc29c07b66849ac27f9edd3ba22ddd25152f61ec0bf486,c695b6a180e66bc8aa6733f288e8bcb834748bb669416d264f5d5f36fcbb24e3,pass,pass,0,0,dce96254f79dd86659d857a249610720804bf2dc51104673220429e736523455,,Tier1_GFN2-xTB_default_opt_ddCOSMO,4.7113,
tier1:redox:A002:S021:q0:m2,A002_Q0_M2,S021,0,2,resolved,runs/geometry/resolved/tier1/A002_Q0_M2/S021.xyz,285d0bcff4f9ecf69b0f3045b481c8b69e4727f496940035e84c0024ac6c2bca,tier1_same_run_redox,20260729-jhtvs-fullspace-tier1-v1,redox-anion-002-solvent-021-oxidized,285d0bcff4f9ecf69b0f3045b481c8b69e4727f496940035e84c0024ac6c2bca,8ca6badbd6d40c57043c2c5267db591d75e3d807a1098d766e0b85cd4791b2c8,pass,pass,0,0,dce96254f79dd86659d857a249610720804bf2dc51104673220429e736523455,,Tier1_GFN2-xTB_default_opt_ddCOSMO,4.7113,
tier1:redox:A002:S022:q-1:m1,A002_QM1_M1,S022,-1,1,resolved,runs/geometry/resolved/tier1/A002_QM1_M1/S022.xyz,0f89e483e9cb123d6a54cb0ebf1ac1c6b680bfcbd276d3649cf79269dc8cd897,tier1_same_run_redox,20260729-jhtvs-fullspace-tier1-v1,redox-anion-002-solvent-022-resting,0f89e483e9cb123d6a54cb0ebf1ac1c6b680bfcbd276d3649cf79269dc8cd897,e6672091a68be5fafb85e1d00d998d5db0a8abd394411fa0e408b25c4d617c42,pass,pass,0,0,dce96254f79dd86659d857a249610720804bf2dc51104673220429e736523455,,Tier1_GFN2-xTB_default_opt_ddCOSMO,89.78,
tier1:redox:A002:S022:q0:m2,A002_Q0_M2,S022,0,2,resolved,runs/geometry/resolved/tier1/A002_Q0_M2/S022.xyz,4214c3fd76c233a0b56790c538fbb3b62186bba63415b1a7b2bdc00159177d54,tier1_same_run_redox,20260729-jhtvs-fullspace-tier1-v1,redox-anion-002-solvent-022-oxidized,4214c3fd76c233a0b56790c538fbb3b62186bba63415b1a7b2bdc00159177d54,e9f1ac1c718d2d5c5ea7fd0e8881ece9bbf71bd9aa037ad61599c800ab93f0f8,pass,pass,0,0,dce96254f79dd86659d857a249610720804bf2dc51104673220429e736523455,,Tier1_GFN2-xTB_default_opt_ddCOSMO,89.78,
tier1:redox:A002:S023:q-1:m1,A002_QM1_M1,S023,-1,1,resolved,runs/geometry/resolved/tier1/A002_QM1_M1/S023.xyz,60acabf4df2129d1676535e9fd967aa416b33652348b851b59af3276bf7374a4,tier1_same_run_redox,20260729-jhtvs-fullspace-tier1-v1,redox-anion-002-solvent-023-resting,60acabf4df2129d1676535e9fd967aa416b33652348b851b59af3276bf7374a4,2616b56d7d61f3b7b19f2aab1989733a09890779261f2f3983b37d4da229e893,pass,pass,0,0,dce96254f79dd86659d857a249610720804bf2dc51104673220429e736523455,,Tier1_GFN2-xTB_default_opt_ddCOSMO,3.087,
tier1:redox:A002:S023:q0:m2,A002_Q0_M2,S023,0,2,resolved,runs/geometry/resolved/tier1/A002_Q0_M2/S023.xyz,7b5ffd1d7da115dca527f2b3da3592466e1cf98794c080738d9689a11824306d,tier1_same_run_redox,20260729-jhtvs-fullspace-tier1-v1,redox-anion-002-solvent-023-oxidized,7b5ffd1d7da115dca527f2b3da3592466e1cf98794c080738d9689a11824306d,80014f1321ba560886acc0e1cdfcb5bfa5971dc0c2ec6128a322e6ccae01bc3d,pass,pass,0,0,dce96254f79dd86659d857a249610720804bf2dc51104673220429e736523455,,Tier1_GFN2-xTB_default_opt_ddCOSMO,3.087,
tier1:redox:A002:S024:q-1:m1,A002_QM1_M1,S024,-1,1,resolved,runs/geometry/resolved/tier1/A002_QM1_M1/S024.xyz,c1cbadfaa4dac093a645e0a7a37b34201a83213167dfe8bbbc2e6fb4be83c241,tier1_same_run_redox,20260729-jhtvs-fullspace-tier1-v1,redox-anion-002-solvent-024-resting,c1cbadfaa4dac093a645e0a7a37b34201a83213167dfe8bbbc2e6fb4be83c241,53a2d6d13f620ed8f66dd5e990a55467cf4a62aef3d5236daac5b29e50c4fef3,pass,pass,0,0,dce96254f79dd86659d857a249610720804bf2dc51104673220429e736523455,,Tier1_GFN2-xTB_default_opt_ddCOSMO,2.2099,
tier1:redox:A002:S024:q0:m2,A002_Q0_M2,S024,0,2,resolved,runs/geometry/resolved/tier1/A002_Q0_M2/S024.xyz,5be29d26d3b19da23428d2a14eebaf6312165bb98ec1aa6ac3e0954c52a5b137,tier1_same_run_redox,20260729-jhtvs-fullspace-tier1-v1,redox-anion-002-solvent-024-oxidized,5be29d26d3b19da23428d2a14eebaf6312165bb98ec1aa6ac3e0954c52a5b137,8a8ae8ee9dea08528adeb059b9e715029b4dffc90d15d957e376ddd09e0f32e6,pass,pass,0,0,dce96254f79dd86659d857a249610720804bf2dc51104673220429e736523455,,Tier1_GFN2-xTB_default_opt_ddCOSMO,2.2099,
tier1:redox:A002:S025:q-1:m1,A002_QM1_M1,S025,-1,1,resolved,runs/geometry/resolved/tier1/A002_QM1_M1/S025.xyz,af092a80de43a7c67d27ceb707eb064ab8642850547b7e9911fb3b2963f2cf06,tier1_same_run_redox,20260729-jhtvs-fullspace-tier1-v1,redox-anion-002-solvent-025-resting,af092a80de43a7c67d27ceb707eb064ab8642850547b7e9911fb3b2963f2cf06,b835e825e813fc4c892ba81e2f2c604788bb08294dd5993327b4804720cc89a0,pass,pass,0,0,dce96254f79dd86659d857a249610720804bf2dc51104673220429e736523455,,Tier1_GFN2-xTB_default_opt_ddCOSMO,7.3,
tier1:redox:A002:S025:q0:m2,A002_Q0_M2,S025,0,2,resolved,runs/geometry/resolved/tier1/A002_Q0_M2/S025.xyz,ae54ad406cf8aaaea3fd11a5f13e2498ee9064e961c25890f6148f8bb3b306c1,tier1_same_run_redox,20260729-jhtvs-fullspace-tier1-v1,redox-anion-002-solvent-025-oxidized,ae54ad406cf8aaaea3fd11a5f13e2498ee9064e961c25890f6148f8bb3b306c1,d87d4eed913ca5e5a90bb2e56cea041dc2501f9249d31ba80465ea304b720941,pass,pass,0,0,dce96254f79dd86659d857a249610720804bf2dc51104673220429e736523455,,Tier1_GFN2-xTB_default_opt_ddCOSMO,7.3,
tier1:redox:A003:S005:q-1:m1,A003_QM1_M1,S005,-1,1,resolved,runs/geometry/resolved/tier1/A003_QM1_M1/S005.xyz,9b001ffdc8a11ff559a607b1e78cc837ad373850361510763c9a4b023f58e53f,tier1_same_run_redox,20260729-jhtvs-fullspace-tier1-v1,redox-anion-003-solvent-005-resting,9b001ffdc8a11ff559a607b1e78cc837ad373850361510763c9a4b023f58e53f,2005cf2d49d500e368dd0db957def5ff9cfc058c6d63d6377beb69df9309a5f3,pass,pass,0,0,dce96254f79dd86659d857a249610720804bf2dc51104673220429e736523455,,Tier1_GFN2-xTB_default_opt_ddCOSMO,25.592,
tier1:redox:A003:S005:q0:m2,A003_Q0_M2,S005,0,2,resolved,runs/geometry/resolved/tier1/A003_Q0_M2/S005.xyz,e14f4bf48e5366d85e6639fd3b8de55052084db409b95208f88b48408fbbd3ba,tier1_same_run_redox,20260729-jhtvs-fullspace-tier1-v1,redox-anion-003-solvent-005-oxidized,e14f4bf48e5366d85e6639fd3b8de55052084db409b95208f88b48408fbbd3ba,53cf8e81f7948fdaffdcb54045d12b5729f42ee8256f3e4a29fbc8c79daede42,pass,pass,0,0,dce96254f79dd86659d857a249610720804bf2dc51104673220429e736523455,,Tier1_GFN2-xTB_default_opt_ddCOSMO,25.592,
tier1:redox:A003:S012:q-1:m1,A003_QM1_M1,S012,-1,1,resolved,runs/geometry/resolved/tier1/A003_QM1_M1/S012.xyz,71d00862d7b6c452070e1d1caf4eb4bc7e37c274686da993750b72f357a0e3ff,tier1_same_run_redox,20260729-jhtvs-fullspace-tier1-v1,redox-anion-003-solvent-012-resting,71d00862d7b6c452070e1d1caf4eb4bc7e37c274686da993750b72f357a0e3ff,d5e2e91704e95e7379d13ab04b646ef2ac42e7a87825f70e08ceeeff943d9d54,pass,pass,0,0,dce96254f79dd86659d857a249610720804bf2dc51104673220429e736523455,,Tier1_GFN2-xTB_default_opt_ddCOSMO,43.3,
tier1:redox:A003:S012:q0:m2,A003_Q0_M2,S012,0,2,resolved,runs/geometry/resolved/tier1/A003_Q0_M2/S012.xyz,a034103c6dbbc21f425e5aa9c983055f4bccaca36d803528c3a3b2fb45781038,tier1_same_run_redox,20260729-jhtvs-fullspace-tier1-v1,redox-anion-003-solvent-012-oxidized,a034103c6dbbc21f425e5aa9c983055f4bccaca36d803528c3a3b2fb45781038,ce320c694ec45bed132902380fccce95aff8d274cf1d7cd5a071f7bb388955b5,pass,pass,0,0,dce96254f79dd86659d857a249610720804bf2dc51104673220429e736523455,,Tier1_GFN2-xTB_default_opt_ddCOSMO,43.3,
tier1:redox:A003:S017:q-1:m1,A003_QM1_M1,S017,-1,1,resolved,runs/geometry/resolved/tier1/A003_QM1_M1/S017.xyz,c5f2ac4d2e671efe8e622a4f151c77c9de77d4e6509334e38334d992d604632c,tier1_same_run_redox,20260729-jhtvs-fullspace-tier1-v1,redox-anion-003-solvent-017-resting,c5f2ac4d2e671efe8e622a4f151c77c9de77d4e6509334e38334d992d604632c,fd6b5030b706df8948d45b9c3b07fe400322f88e89bb720a3de13cc77819a77c,pass,pass,0,0,dce96254f79dd86659d857a249610720804bf2dc51104673220429e736523455,,Tier1_GFN2-xTB_default_opt_ddCOSMO,13.8,
tier1:redox:A003:S017:q0:m2,A003_Q0_M2,S017,0,2,resolved,runs/geometry/resolved/tier1/A003_Q0_M2/S017.xyz,714211617cc25288304156d2488c4de81ef9ff7c5e10514cf133476b44cf8e37,tier1_same_run_redox,20260729-jhtvs-fullspace-tier1-v1,redox-anion-003-solvent-017-oxidized,714211617cc25288304156d2488c4de81ef9ff7c5e10514cf133476b44cf8e37,4ced0fb06f24a2ee9f7f26305dc63a9c66d153624ad1e38aa5b7e4e82d9ff6cf,pass,pass,0,0,dce96254f79dd86659d857a249610720804bf2dc51104673220429e736523455,,Tier1_GFN2-xTB_default_opt_ddCOSMO,13.8,
tier1:redox:A003:S023:q-1:m1,A003_QM1_M1,S023,-1,1,resolved,runs/geometry/resolved/tier1/A003_QM1_M1/S023.xyz,42cc2333e311919a3ab2d27d8bb19c6e94952ecaa76f0a982603da27e75355af,tier1_same_run_redox,20260729-jhtvs-fullspace-tier1-v1,redox-anion-003-solvent-023-resting,42cc2333e311919a3ab2d27d8bb19c6e94952ecaa76f0a982603da27e75355af,2e0b23aec42e833dc2ffb6453038fdd2755f30c71ee8e1e7ab5382209440b3c1,pass,pass,0,0,dce96254f79dd86659d857a249610720804bf2dc51104673220429e736523455,,Tier1_GFN2-xTB_default_opt_ddCOSMO,3.087,
tier1:redox:A003:S023:q0:m2,A003_Q0_M2,S023,0,2,resolved,runs/geometry/resolved/tier1/A003_Q0_M2/S023.xyz,8644240950de38518ebba69da94aea6b8a6aeabc398470f587d3c71c34b9ea56,tier1_same_run_redox,20260729-jhtvs-fullspace-tier1-v1,redox-anion-003-solvent-023-oxidized,8644240950de38518ebba69da94aea6b8a6aeabc398470f587d3c71c34b9ea56,424c7bc053e7904693c926f2fbae80c4a8d2499d98bdfd3dd81a3cf6b977aeec,pass,pass,0,0,dce96254f79dd86659d857a249610720804bf2dc51104673220429e736523455,,Tier1_GFN2-xTB_default_opt_ddCOSMO,3.087,
tier1:redox:A004:S002:q-1:m1,A004_QM1_M1,S002,-1,1,resolved,runs/geometry/resolved/tier1/A004_QM1_M1/S002.xyz,e8931ef86d99a86e1f39d2ef8d5e42107d9babc17b8bcf1987a415a6984df5e1,tier1_same_run_redox,20260729-jhtvs-fullspace-tier1-v1,redox-anion-004-solvent-002-resting,e8931ef86d99a86e1f39d2ef8d5e42107d9babc17b8bcf1987a415a6984df5e1,bb52a3e7ea38c1e8ac57a997f2e380e204d600365aec5c26b54379e82bd90532,pass,pass,0,0,dce96254f79dd86659d857a249610720804bf2dc51104673220429e736523455,,Tier1_GFN2-xTB_default_opt_ddCOSMO,8.93,
tier1:redox:A004:S002:q0:m2,A004_Q0_M2,S002,0,2,resolved,runs/geometry/resolved/tier1/A004_Q0_M2/S002.xyz,a6d718f2c8406afba8e90a5f9e6396a0c9e2e30e7e3fa90a77ea3a475ed67b93,tier1_same_run_redox,20260729-jhtvs-fullspace-tier1-v1,redox-anion-004-solvent-002-oxidized,a6d718f2c8406afba8e90a5f9e6396a0c9e2e30e7e3fa90a77ea3a475ed67b93,de84a74e1f6cf068b713223cee1c16a83bfcddbb46929fe484edec4297a9abe1,pass,pass,0,0,dce96254f79dd86659d857a249610720804bf2dc51104673220429e736523455,,Tier1_GFN2-xTB_default_opt_ddCOSMO,8.93,
tier1:redox:A004:S006:q-1:m1,A004_QM1_M1,S006,-1,1,resolved,runs/geometry/resolved/tier1/A004_QM1_M1/S006.xyz,103f61ab6933b6755d9ded667b3b0f06de5ec6ca44061a8b10516e4a2de15af5,tier1_same_run_redox,20260729-jhtvs-fullspace-tier1-v1,redox-anion-004-solvent-006-resting,103f61ab6933b6755d9ded667b3b0f06de5ec6ca44061a8b10516e4a2de15af5,835c0e3ce98d3213e5ae9fc9c8c0dada83ef2060f563bd68286b0aba2eeff8f8,pass,pass,0,0,dce96254f79dd86659d857a249610720804bf2dc51104673220429e736523455,,Tier1_GFN2-xTB_default_opt_ddCOSMO,37.219,
tier1:redox:A004:S006:q0:m2,A004_Q0_M2,S006,0,2,resolved,runs/geometry/resolved/tier1/A004_Q0_M2/S006.xyz,aeebfb29838da3872bdd0cc393b25bd824edc8a41256082aefde42f000792811,tier1_same_run_redox,20260729-jhtvs-fullspace-tier1-v1,redox-anion-004-solvent-006-oxidized,aeebfb29838da3872bdd0cc393b25bd824edc8a41256082aefde42f000792811,f631f9e0f03c4d0dc24851a1d80ec616a9b02be4f936b5430339c8fc2f1a7093,pass,pass,0,0,dce96254f79dd86659d857a249610720804bf2dc51104673220429e736523455,,Tier1_GFN2-xTB_default_opt_ddCOSMO,37.219,
tier1:redox:A004:S018:q-1:m1,A004_QM1_M1,S018,-1,1,resolved,runs/geometry/resolved/tier1/A004_QM1_M1/S018.xyz,c252cba98dc8ba69248d733207fdce63d885deedc9ed5f04a6e4c08bc9282fde,tier1_same_run_redox,20260729-jhtvs-fullspace-tier1-v1,redox-anion-004-solvent-018-resting,c252cba98dc8ba69248d733207fdce63d885deedc9ed5f04a6e4c08bc9282fde,e1a7e200af1f3d8461a64dab2372bc5c4fd9276d80c93c74c4978930f198836f,pass,pass,0,0,dce96254f79dd86659d857a249610720804bf2dc51104673220429e736523455,,Tier1_GFN2-xTB_default_opt_ddCOSMO,9.8,
tier1:redox:A004:S018:q0:m2,A004_Q0_M2,S018,0,2,resolved,runs/geometry/resolved/tier1/A004_Q0_M2/S018.xyz,ed8337721b15a145cef9852cb4fb3ea465369ffb870037d5920cf3aa8c51bbc3,tier1_same_run_redox,20260729-jhtvs-fullspace-tier1-v1,redox-anion-004-solvent-018-oxidized,ed8337721b15a145cef9852cb4fb3ea465369ffb870037d5920cf3aa8c51bbc3,d13459e3c8f508fe3d87ca6e44c093d0e4c7bd8a0ffdc073bc5ce3fb23205cb4,pass,pass,0,0,dce96254f79dd86659d857a249610720804bf2dc51104673220429e736523455,,Tier1_GFN2-xTB_default_opt_ddCOSMO,9.8,
tier1:redox:A004:S024:q-1:m1,A004_QM1_M1,S024,-1,1,resolved,runs/geometry/resolved/tier1/A004_QM1_M1/S024.xyz,616d4b1bf1baaafd2b38f14e9958bad52b2e51a53f3e7e9ac701a8af53263a00,tier1_same_run_redox,20260729-jhtvs-fullspace-tier1-v1,redox-anion-004-solvent-024-resting,616d4b1bf1baaafd2b38f14e9958bad52b2e51a53f3e7e9ac701a8af53263a00,f7f600be228693650bff58ab03645571762ed28e2c98fd974c246c178c57fe22,pass,pass,0,0,dce96254f79dd86659d857a249610720804bf2dc51104673220429e736523455,,Tier1_GFN2-xTB_default_opt_ddCOSMO,2.2099,
tier1:redox:A004:S024:q0:m2,A004_Q0_M2,S024,0,2,resolved,runs/geometry/resolved/tier1/A004_Q0_M2/S024.xyz,6bd8bc3e23b0d7d57a7bf640fb4a48df8f024ffd08a5fbb44c48308d6c99c663,tier1_same_run_redox,20260729-jhtvs-fullspace-tier1-v1,redox-anion-004-solvent-024-oxidized,6bd8bc3e23b0d7d57a7bf640fb4a48df8f024ffd08a5fbb44c48308d6c99c663,95b41258117e459df572f39ab244b54e5ed01b2ebdffd9b93d7a0e2b96d3efb5,pass,pass,0,0,dce96254f79dd86659d857a249610720804bf2dc51104673220429e736523455,,Tier1_GFN2-xTB_default_opt_ddCOSMO,2.2099,
tier1:redox:A005:S001:q-1:m1,A005_QM1_M1,S001,-1,1,resolved,runs/geometry/resolved/tier1/A005_QM1_M1/S001.xyz,076427c4340388a02876de2020a81504e202b7125bce533084e7c125aa8290cd,tier1_same_run_redox,20260729-jhtvs-fullspace-tier1-v1,redox-anion-005-solvent-001-resting,076427c4340388a02876de2020a81504e202b7125bce533084e7c125aa8290cd,c337cdeddb89cde53c3682bccb1e273bfc8db4c5b3e574c96ffc913575d7ebcb,pass,pass,0,0,dce96254f79dd86659d857a249610720804bf2dc51104673220429e736523455,,Tier1_GFN2-xTB_default_opt_ddCOSMO,35.688,
tier1:redox:A005:S001:q0:m2,A005_Q0_M2,S001,0,2,resolved,runs/geometry/resolved/tier1/A005_Q0_M2/S001.xyz,8875ab7debcbe00c2bfc560b7422f752f1fcb22940fc6c49689c56340a85b102,tier1_same_run_redox,20260729-jhtvs-fullspace-tier1-v1,redox-anion-005-solvent-001-oxidized,8875ab7debcbe00c2bfc560b7422f752f1fcb22940fc6c49689c56340a85b102,8b019a62c9d7774ad0be5414755a9adfdb410510ea15c6e0bfbc7d7cd9cd602d,pass,pass,0,0,dce96254f79dd86659d857a249610720804bf2dc51104673220429e736523455,,Tier1_GFN2-xTB_default_opt_ddCOSMO,35.688,
tier1:redox:A005:S002:q-1:m1,A005_QM1_M1,S002,-1,1,resolved,runs/geometry/resolved/tier1/A005_QM1_M1/S002.xyz,8b698ff68146a19fa450f5c207d4ce8315a80511eb34075f8ebf9c5ff3ad1240,tier1_same_run_redox,20260729-jhtvs-fullspace-tier1-v1,redox-anion-005-solvent-002-resting,8b698ff68146a19fa450f5c207d4ce8315a80511eb34075f8ebf9c5ff3ad1240,af78659ff2c885a222849d89efc1d04dc3984dc7ed7879697338aa44416aa38d,pass,pass,0,0,dce96254f79dd86659d857a249610720804bf2dc51104673220429e736523455,,Tier1_GFN2-xTB_default_opt_ddCOSMO,8.93,
tier1:redox:A005:S002:q0:m2,A005_Q0_M2,S002,0,2,resolved,runs/geometry/resolved/tier1/A005_Q0_M2/S002.xyz,8beec12af3aada0c6f2b417b13334ed24774bb85ab615fe27adc2782b903e6ca,tier1_same_run_redox,20260729-jhtvs-fullspace-tier1-v1,redox-anion-005-solvent-002-oxidized,8beec12af3aada0c6f2b417b13334ed24774bb85ab615fe27adc2782b903e6ca,0f13ab6f6ab12ee2b7c505a1924bad3fb3d7282b912d7024fa79ca8abcb2dd99,pass,pass,0,0,dce96254f79dd86659d857a249610720804bf2dc51104673220429e736523455,,Tier1_GFN2-xTB_default_opt_ddCOSMO,8.93,
tier1:redox:A005:S003:q-1:m1,A005_QM1_M1,S003,-1,1,resolved,runs/geometry/resolved/tier1/A005_QM1_M1/S003.xyz,48760f1c281acdc1ca7cce762ec9279ec7098e080225d8178edbe8e3f1f4a895,tier1_same_run_redox,20260729-jhtvs-fullspace-tier1-v1,redox-anion-005-solvent-003-resting,48760f1c281acdc1ca7cce762ec9279ec7098e080225d8178edbe8e3f1f4a895,18ee58659dac58b96969f65af57ea867411e708275d586bc718ae192d695c0d7,pass,pass,0,0,dce96254f79dd86659d857a249610720804bf2dc51104673220429e736523455,,Tier1_GFN2-xTB_default_opt_ddCOSMO,64.92,
tier1:redox:A005:S003:q0:m2,A005_Q0_M2,S003,0,2,resolved,runs/geometry/resolved/tier1/A005_Q0_M2/S003.xyz,fad65d86a8c85d0d4f4dfaec07d93cc09bba0a3821bc08a86047d4f67082f84b,tier1_same_run_redox,20260729-jhtvs-fullspace-tier1-v1,redox-anion-005-solvent-003-oxidized,fad65d86a8c85d0d4f4dfaec07d93cc09bba0a3821bc08a86047d4f67082f84b,573d6993c1e46ee2f889edc248b10055465bfc2a61010f5380c9bc55c1080a5d,pass,pass,0,0,dce96254f79dd86659d857a249610720804bf2dc51104673220429e736523455,,Tier1_GFN2-xTB_default_opt_ddCOSMO,64.92,
tier1:redox:A005:S004:q-1:m1,A005_QM1_M1,S004,-1,1,resolved,runs/geometry/resolved/tier1/A005_QM1_M1/S004.xyz,ed22e9d0e568bbeaa48cc59f2fd549a6b9651c17b6ff4bdbd5a52a6042c14f3c,tier1_same_run_redox,20260729-jhtvs-fullspace-tier1-v1,redox-anion-005-solvent-004-resting,ed22e9d0e568bbeaa48cc59f2fd549a6b9651c17b6ff4bdbd5a52a6042c14f3c,0ac7de97c2da71cbd82d86755733ce2fc2222277ae6910a3a67c51e95ada1f3c,pass,pass,0,0,dce96254f79dd86659d857a249610720804bf2dc51104673220429e736523455,,Tier1_GFN2-xTB_default_opt_ddCOSMO,34.809,
tier1:redox:A005:S004:q0:m2,A005_Q0_M2,S004,0,2,resolved,runs/geometry/resolved/tier1/A005_Q0_M2/S004.xyz,49392ccbc9d665b79de6e4ab313418b7e29fd1e128548caac4ac0f24f5df414d,tier1_same_run_redox,20260729-jhtvs-fullspace-tier1-v1,redox-anion-005-solvent-004-oxidized,49392ccbc9d665b79de6e4ab313418b7e29fd1e128548caac4ac0f24f5df414d,c4310ef91835fb383c04b501897912c5b0067d5526fd22d227c49812d9f620ed,pass,pass,0,0,dce96254f79dd86659d857a249610720804bf2dc51104673220429e736523455,,Tier1_GFN2-xTB_default_opt_ddCOSMO,34.809,
tier1:redox:A005:S005:q-1:m1,A005_QM1_M1,S005,-1,1,resolved,runs/geometry/resolved/tier1/A005_QM1_M1/S005.xyz,8500e39b88d8a713fedb7c751832e7f33c9e25e1d90e90db4569e30bb9dc1af9,tier1_same_run_redox,20260729-jhtvs-fullspace-tier1-v1,redox-anion-005-solvent-005-resting,8500e39b88d8a713fedb7c751832e7f33c9e25e1d90e90db4569e30bb9dc1af9,e0ba17edec1e8d611efd689353adb4eec5f4063dd91b6d7ab6c2a005d64d34d2,pass,pass,0,0,dce96254f79dd86659d857a249610720804bf2dc51104673220429e736523455,,Tier1_GFN2-xTB_default_opt_ddCOSMO,25.592,
tier1:redox:A005:S005:q0:m2,A005_Q0_M2,S005,0,2,resolved,runs/geometry/resolved/tier1/A005_Q0_M2/S005.xyz,e4333863026a7934f07433733cc68db88c8136eab4be757ada7ff5b546f3c810,tier1_same_run_redox,20260729-jhtvs-fullspace-tier1-v1,redox-anion-005-solvent-005-oxidized,e4333863026a7934f07433733cc68db88c8136eab4be757ada7ff5b546f3c810,163048d4333828b3107dc354c0dd1d4bc6b81a57fd08b5a05b078add2ea6ddde,pass,pass,0,0,dce96254f79dd86659d857a249610720804bf2dc51104673220429e736523455,,Tier1_GFN2-xTB_default_opt_ddCOSMO,25.592,
tier1:redox:A005:S006:q-1:m1,A005_QM1_M1,S006,-1,1,resolved,runs/geometry/resolved/tier1/A005_QM1_M1/S006.xyz,790b4cc2dfa95497b56a672b85321af1b7e446177f888e707a1a55f6e9ab0be4,tier1_same_run_redox,20260729-jhtvs-fullspace-tier1-v1,redox-anion-005-solvent-006-resting,790b4cc2dfa95497b56a672b85321af1b7e446177f888e707a1a55f6e9ab0be4,1dc57b5e896406b1e29c6944c606b02a87c9d0c40eb12d25a4a1ea1ce3727c93,pass,pass,0,0,dce96254f79dd86659d857a249610720804bf2dc51104673220429e736523455,,Tier1_GFN2-xTB_default_opt_ddCOSMO,37.219,
tier1:redox:A005:S006:q0:m2,A005_Q0_M2,S006,0,2,resolved,runs/geometry/resolved/tier1/A005_Q0_M2/S006.xyz,b9939968c36b08742b4c22700cd7806d8e17a8caa3a9e7fb34c3d116320e3dd0,tier1_same_run_redox,20260729-jhtvs-fullspace-tier1-v1,redox-anion-005-solvent-006-oxidized,b9939968c36b08742b4c22700cd7806d8e17a8caa3a9e7fb34c3d116320e3dd0,54ae82a71f6925a32c4881f89917f5ff8c0611d320d4de4d58a80f901e95604a,pass,pass,0,0,dce96254f79dd86659d857a249610720804bf2dc51104673220429e736523455,,Tier1_GFN2-xTB_default_opt_ddCOSMO,37.219,
tier1:redox:A005:S007:q-1:m1,A005_QM1_M1,S007,-1,1,resolved,runs/geometry/resolved/tier1/A005_QM1_M1/S007.xyz,beaa348835adb1cd1e9de4cd16a9dff4679d1b1782241e013430205a2022c800,tier1_same_run_redox,20260729-jhtvs-fullspace-tier1-v1,redox-anion-005-solvent-007-resting,beaa348835adb1cd1e9de4cd16a9dff4679d1b1782241e013430205a2022c800,649bd301dbd4268f6936d3314d3a24bbbf394de154439f2594e1306a9c58bfc9,pass,pass,0,0,dce96254f79dd86659d857a249610720804bf2dc51104673220429e736523455,,Tier1_GFN2-xTB_default_opt_ddCOSMO,46.826,
tier1:redox:A005:S007:q0:m2,A005_Q0_M2,S007,0,2,resolved,runs/geometry/resolved/tier1/A005_Q0_M2/S007.xyz,6424e5146a99568f02a0e878b7999465f98226d003910804d8ae0df19d608ff1,tier1_same_run_redox,20260729-jhtvs-fullspace-tier1-v1,redox-anion-005-solvent-007-oxidized,6424e5146a99568f02a0e878b7999465f98226d003910804d8ae0df19d608ff1,84d67adc257d57211bb3588e8cc4f69d436bea713285641d1379fec90d7c89c4,pass,pass,0,0,dce96254f79dd86659d857a249610720804bf2dc51104673220429e736523455,,Tier1_GFN2-xTB_default_opt_ddCOSMO,46.826,
tier1:redox:A005:S008:q-1:m1,A005_QM1_M1,S008,-1,1,resolved,runs/geometry/resolved/tier1/A005_QM1_M1/S008.xyz,d172fbcc264951fa5933b139ee6ed9e6fffdef642e82112ba0858eee0079afdf,tier1_same_run_redox,20260729-jhtvs-fullspace-tier1-v1,redox-anion-005-solvent-008-resting,d172fbcc264951fa5933b139ee6ed9e6fffdef642e82112ba0858eee0079afdf,3aa0ce1ce4176740e25e6b3a2190b5ba86c0b989a9941a2975cbe8ed90b1763a,pass,pass,0,0,dce96254f79dd86659d857a249610720804bf2dc51104673220429e736523455,,Tier1_GFN2-xTB_default_opt_ddCOSMO,7.4257,
tier1:redox:A005:S008:q0:m2,A005_Q0_M2,S008,0,2,resolved,runs/geometry/resolved/tier1/A005_Q0_M2/S008.xyz,88aa8b5ad0a0c27d56ff72df90afe05fa96d77ab835138efcf112cba004615bb,tier1_same_run_redox,20260729-jhtvs-fullspace-tier1-v1,redox-anion-005-solvent-008-oxidized,88aa8b5ad0a0c27d56ff72df90afe05fa96d77ab835138efcf112cba004615bb,4d9085e788b169d7a8d090b3a76712a6b47f1e0f847bf461001eebff4e34dd95,pass,pass,0,0,dce96254f79dd86659d857a249610720804bf2dc51104673220429e736523455,,Tier1_GFN2-xTB_default_opt_ddCOSMO,7.4257,
tier1:redox:A005:S009:q-1:m1,A005_QM1_M1,S009,-1,1,resolved,runs/geometry/resolved/tier1/A005_QM1_M1/S009.xyz,c4dd624f7bc57c444816144a714e118a2e8bef64213f48a0f3986796f299fa7d,tier1_same_run_redox,20260729-jhtvs-fullspace-tier1-v1,redox-anion-005-solvent-009-resting,c4dd624f7bc57c444816144a714e118a2e8bef64213f48a0f3986796f299fa7d,09476147f68a8d40c2a55b41d3ad6742813d75aad2552c188605cb83d3105684,pass,pass,0,0,dce96254f79dd86659d857a249610720804bf2dc51104673220429e736523455,,Tier1_GFN2-xTB_default_opt_ddCOSMO,36.562,
tier1:redox:A005:S009:q0:m2,A005_Q0_M2,S009,0,2,resolved,runs/geometry/resolved/tier1/A005_Q0_M2/S009.xyz,767345af021c311c6a42aa1cd2659f9573c7e3307064063d772f3f2e95a4790a,tier1_same_run_redox,20260729-jhtvs-fullspace-tier1-v1,redox-anion-005-solvent-009-oxidized,767345af021c311c6a42aa1cd2659f9573c7e3307064063d772f3f2e95a4790a,805d1d5acfb70d7527c809efd437e2890daa6a7c95e27d2a71258571b16705ad,pass,pass,0,0,dce96254f79dd86659d857a249610720804bf2dc51104673220429e736523455,,Tier1_GFN2-xTB_default_opt_ddCOSMO,36.562,
tier1:redox:A005:S010:q-1:m1,A005_QM1_M1,S010,-1,1,resolved,runs/geometry/resolved/tier1/A005_QM1_M1/S010.xyz,a8d4c17667f2d2b925ce7aa4caf2e1389d201caabd2a8b1e1c67c4bc967c52ae,tier1_same_run_redox,20260729-jhtvs-fullspace-tier1-v1,redox-anion-005-solvent-010-resting,a8d4c17667f2d2b925ce7aa4caf2e1389d201caabd2a8b1e1c67c4bc967c52ae,85e9d1149c2368c1d3ba414aa3588638fb99e39ab7a1a46b21b40d4e6c5e9c92,pass,pass,0,0,dce96254f79dd86659d857a249610720804bf2dc51104673220429e736523455,,Tier1_GFN2-xTB_default_opt_ddCOSMO,78.355,
tier1:redox:A005:S010:q0:m2,A005_Q0_M2,S010,0,2,resolved,runs/geometry/resolved/tier1/A005_Q0_M2/S010.xyz,f0b24cb990af921ba79c19ff94b4f480701f2172760658e5f75ab311b27881f7,tier1_same_run_redox,20260729-jhtvs-fullspace-tier1-v1,redox-anion-005-solvent-010-oxidized,f0b24cb990af921ba79c19ff94b4f480701f2172760658e5f75ab311b27881f7,2841f1cad9cf54f3943eee0ff5f6ae8af38801ab267ef728058818a94e38b62d,pass,pass,0,0,dce96254f79dd86659d857a249610720804bf2dc51104673220429e736523455,,Tier1_GFN2-xTB_default_opt_ddCOSMO,78.355,
tier1:redox:A005:S011:q-1:m1,A005_QM1_M1,S011,-1,1,resolved,runs/geometry/resolved/tier1/A005_QM1_M1/S011.xyz,44bacb12e86d615980958236c39641a58641554daa7646f412b40c650a1f1135,tier1_same_run_redox,20260729-jhtvs-fullspace-tier1-v1,redox-anion-005-solvent-011-resting,44bacb12e86d615980958236c39641a58641554daa7646f412b40c650a1f1135,c8a3e01bc2284db31315bece8dfd5a548d4b5a3d88988ee7f8b079841feef019,pass,pass,0,0,dce96254f79dd86659d857a249610720804bf2dc51104673220429e736523455,,Tier1_GFN2-xTB_default_opt_ddCOSMO,41.7,
tier1:redox:A005:S011:q0:m2,A005_Q0_M2,S011,0,2,resolved,runs/geometry/resolved/tier1/A005_Q0_M2/S011.xyz,84f6412222ab3de3da46968acfd54701baf1ffc4c898431b19a9b0712e642e15,tier1_same_run_redox,20260729-jhtvs-fullspace-tier1-v1,redox-anion-005-solvent-011-oxidized,84f6412222ab3de3da46968acfd54701baf1ffc4c898431b19a9b0712e642e15,f6d5cc80a8d9db37014ea8ef42dd9df6544d45dacb79f65606ce03acffff0c4e,pass,pass,0,0,dce96254f79dd86659d857a249610720804bf2dc51104673220429e736523455,,Tier1_GFN2-xTB_default_opt_ddCOSMO,41.7,
tier1:redox:A005:S012:q-1:m1,A005_QM1_M1,S012,-1,1,resolved,runs/geometry/resolved/tier1/A005_QM1_M1/S012.xyz,d206d6d78be89a236b7a8f257b27303b4d63e7a87d45d52d3d96911df348b8fc,tier1_same_run_redox,20260729-jhtvs-fullspace-tier1-v1,redox-anion-005-solvent-012-resting,d206d6d78be89a236b7a8f257b27303b4d63e7a87d45d52d3d96911df348b8fc,d231964bc3793eb70516841eb53e0310da86483f8763ebc00575a7028c1e82aa,pass,pass,0,0,dce96254f79dd86659d857a249610720804bf2dc51104673220429e736523455,,Tier1_GFN2-xTB_default_opt_ddCOSMO,43.3,
tier1:redox:A005:S012:q0:m2,A005_Q0_M2,S012,0,2,resolved,runs/geometry/resolved/tier1/A005_Q0_M2/S012.xyz,5c20bb88701f144c55b2272d3a96cd82defba83286bcde51bae4ef9f73d40124,tier1_same_run_redox,20260729-jhtvs-fullspace-tier1-v1,redox-anion-005-solvent-012-oxidized,5c20bb88701f144c55b2272d3a96cd82defba83286bcde51bae4ef9f73d40124,3da7a7c35a5716c49716e08c374cd52a487c668ab831de3bbf423f1df1cf8d17,pass,pass,0,0,dce96254f79dd86659d857a249610720804bf2dc51104673220429e736523455,,Tier1_GFN2-xTB_default_opt_ddCOSMO,43.3,
tier1:redox:A005:S013:q-1:m1,A005_QM1_M1,S013,-1,1,resolved,runs/geometry/resolved/tier1/A005_QM1_M1/S013.xyz,5fdaa52b66a9140d254a5addb64aed26e95aac92497703125ed308702fac83fd,tier1_same_run_redox,20260729-jhtvs-fullspace-tier1-v1,redox-anion-005-solvent-013-resting,5fdaa52b66a9140d254a5addb64aed26e95aac92497703125ed308702fac83fd,8e640960f91e49367d3a7e49dcf80d8ff308ec102aaa3e83098cd18aadd2d89d,pass,pass,0,0,dce96254f79dd86659d857a249610720804bf2dc51104673220429e736523455,,Tier1_GFN2-xTB_default_opt_ddCOSMO,32.2,
tier1:redox:A005:S013:q0:m2,A005_Q0_M2,S013,0,2,resolved,runs/geometry/resolved/tier1/A005_Q0_M2/S013.xyz,9a8e09674802cc8bf30e517ea898f68f494d8bf029dc8cd78ca31b275f242c5f,tier1_same_run_redox,20260729-jhtvs-fullspace-tier1-v1,redox-anion-005-solvent-013-oxidized,9a8e09674802cc8bf30e517ea898f68f494d8bf029dc8cd78ca31b275f242c5f,0d4e51278f13ab31917be530dc77756cad59d5be03736180a4aa20e617cefccc,pass,pass,0,0,dce96254f79dd86659d857a249610720804bf2dc51104673220429e736523455,,Tier1_GFN2-xTB_default_opt_ddCOSMO,32.2,
tier1:redox:A005:S014:q-1:m1,A005_QM1_M1,S014,-1,1,resolved,runs/geometry/resolved/tier1/A005_QM1_M1/S014.xyz,2c50d21ea8bd604ccb9b4c42365b65a9cd8f0a3eaead9ae4789d7867b47d6ed0,tier1_same_run_redox,20260729-jhtvs-fullspace-tier1-v1,redox-anion-005-solvent-014-resting,2c50d21ea8bd604ccb9b4c42365b65a9cd8f0a3eaead9ae4789d7867b47d6ed0,be11130d7f961bbe6b71bfc61af5b0fc42d205a9337265fc5a331121b4e528d1,pass,pass,0,0,dce96254f79dd86659d857a249610720804bf2dc51104673220429e736523455,,Tier1_GFN2-xTB_default_opt_ddCOSMO,4.34,
tier1:redox:A005:S014:q0:m2,A005_Q0_M2,S014,0,2,resolved,runs/geometry/resolved/tier1/A005_Q0_M2/S014.xyz,a85178f6967b7d0cc92d65318f921c7aeebcd6e1d44d1021e9ea071bc05f3d59,tier1_same_run_redox,20260729-jhtvs-fullspace-tier1-v1,redox-anion-005-solvent-014-oxidized,a85178f6967b7d0cc92d65318f921c7aeebcd6e1d44d1021e9ea071bc05f3d59,029264ab55d3d322c27aa514b8d9a0a0de368f9d6c47a74f2fad2bbde314907c,pass,pass,0,0,dce96254f79dd86659d857a249610720804bf2dc51104673220429e736523455,,Tier1_GFN2-xTB_default_opt_ddCOSMO,4.34,
tier1:redox:A005:S015:q-1:m1,A005_QM1_M1,S015,-1,1,resolved,runs/geometry/resolved/tier1/A005_QM1_M1/S015.xyz,a74842081b2f3cb5c6601d8efcd8b491bc01059497aca60995faaed50c6a5d24,tier1_same_run_redox,20260729-jhtvs-fullspace-tier1-v1,redox-anion-005-solvent-015-resting,a74842081b2f3cb5c6601d8efcd8b491bc01059497aca60995faaed50c6a5d24,a21543b85bd1bce053343d97fc5eb781bf62c817ee5afe3b71a35dcd9e17cf44,pass,pass,0,0,dce96254f79dd86659d857a249610720804bf2dc51104673220429e736523455,,Tier1_GFN2-xTB_default_opt_ddCOSMO,11.4,
tier1:redox:A005:S015:q0:m2,A005_Q0_M2,S015,0,2,resolved,runs/geometry/resolved/tier1/A005_Q0_M2/S015.xyz,401b9687edf100dc9d20ebe9fe0af91870ddfffe2dcef64682d0517d0fc100f8,tier1_same_run_redox,20260729-jhtvs-fullspace-tier1-v1,redox-anion-005-solvent-015-oxidized,401b9687edf100dc9d20ebe9fe0af91870ddfffe2dcef64682d0517d0fc100f8,efb374fc2f5859b09bba49bb4dee68730952fddb60b5a38962471e14dd735949,pass,pass,0,0,dce96254f79dd86659d857a249610720804bf2dc51104673220429e736523455,,Tier1_GFN2-xTB_default_opt_ddCOSMO,11.4,
tier1:redox:A005:S016:q-1:m1,A005_QM1_M1,S016,-1,1,resolved,runs/geometry/resolved/tier1/A005_QM1_M1/S016.xyz,9981daaec3d8498d96eb64aa1bed27d2e32e6ab3817c249bb3e42ad9994d6ff8,tier1_same_run_redox,20260729-jhtvs-fullspace-tier1-v1,redox-anion-005-solvent-016-resting,9981daaec3d8498d96eb64aa1bed27d2e32e6ab3817c249bb3e42ad9994d6ff8,5022fe15b21dcda43fcf2c5b029c6ecbd717787dff4dbf9826acb792fd4b5479,pass,pass,0,0,dce96254f79dd86659d857a249610720804bf2dc51104673220429e736523455,,Tier1_GFN2-xTB_default_opt_ddCOSMO,9.7,
tier1:redox:A005:S016:q0:m2,A005_Q0_M2,S016,0,2,resolved,runs/geometry/resolved/tier1/A005_Q0_M2/S016.xyz,595af1708ffc813682fd3c2af5ee80ef02f8ee45d0d718a6334e04da4a76328f,tier1_same_run_redox,20260729-jhtvs-fullspace-tier1-v1,redox-anion-005-solvent-016-oxidized,595af1708ffc813682fd3c2af5ee80ef02f8ee45d0d718a6334e04da4a76328f,6cc7a2f4da5cb1af0219a8d66906e180edaeac766e164816809d035881562e5c,pass,pass,0,0,dce96254f79dd86659d857a249610720804bf2dc51104673220429e736523455,,Tier1_GFN2-xTB_default_opt_ddCOSMO,9.7,
tier1:redox:A005:S017:q-1:m1,A005_QM1_M1,S017,-1,1,resolved,runs/geometry/resolved/tier1/A005_QM1_M1/S017.xyz,49b328acc6de0aec3ed84f1363bbe96279ccf7634e8f21880918948c06a56463,tier1_same_run_redox,20260729-jhtvs-fullspace-tier1-v1,redox-anion-005-solvent-017-resting,49b328acc6de0aec3ed84f1363bbe96279ccf7634e8f21880918948c06a56463,b8557402094cb0caf377bbbb4b6df3474301269170c5eff02b571de11fb06eec,pass,pass,0,0,dce96254f79dd86659d857a249610720804bf2dc51104673220429e736523455,,Tier1_GFN2-xTB_default_opt_ddCOSMO,13.8,
tier1:redox:A005:S017:q0:m2,A005_Q0_M2,S017,0,2,resolved,runs/geometry/resolved/tier1/A005_Q0_M2/S017.xyz,3a730dc1bc20a5967db003d8160338f9bb052b3f718bb134b95a1898a855c7fd,tier1_same_run_redox,20260729-jhtvs-fullspace-tier1-v1,redox-anion-005-solvent-017-oxidized,3a730dc1bc20a5967db003d8160338f9bb052b3f718bb134b95a1898a855c7fd,7e58d23801aaf96485f38cd2e390eed0c3f441c2228f2904b3f585f863395f0d,pass,pass,0,0,dce96254f79dd86659d857a249610720804bf2dc51104673220429e736523455,,Tier1_GFN2-xTB_default_opt_ddCOSMO,13.8,
tier1:redox:A005:S018:q-1:m1,A005_QM1_M1,S018,-1,1,resolved,runs/geometry/resolved/tier1/A005_QM1_M1/S018.xyz,cbc1d72a66df7d8a7d9b42043fe7e59dacc9924b85d0ad7431c45e066ee4f331,tier1_same_run_redox,20260729-jhtvs-fullspace-tier1-v1,redox-anion-005-solvent-018-resting,cbc1d72a66df7d8a7d9b42043fe7e59dacc9924b85d0ad7431c45e066ee4f331,ad4678e76f37e37f3ea2f5381fdf10aa46d502b7480f7c3def46ba302c26cc52,pass,pass,0,0,dce96254f79dd86659d857a249610720804bf2dc51104673220429e736523455,,Tier1_GFN2-xTB_default_opt_ddCOSMO,9.8,
tier1:redox:A005:S018:q0:m2,A005_Q0_M2,S018,0,2,resolved,runs/geometry/resolved/tier1/A005_Q0_M2/S018.xyz,63a5986721e6c25fe20d7a9c14dccfd60aa162a2fffc5e68daa352dbecfc7787,tier1_same_run_redox,20260729-jhtvs-fullspace-tier1-v1,redox-anion-005-solvent-018-oxidized,63a5986721e6c25fe20d7a9c14dccfd60aa162a2fffc5e68daa352dbecfc7787,1a04443a944f351585c53937c672898f05697f4a4d4dea559319c09a35cad283,pass,pass,0,0,dce96254f79dd86659d857a249610720804bf2dc51104673220429e736523455,,Tier1_GFN2-xTB_default_opt_ddCOSMO,9.8,
tier1:redox:A005:S019:q-1:m1,A005_QM1_M1,S019,-1,1,resolved,runs/geometry/resolved/tier1/A005_QM1_M1/S019.xyz,584c4d1c75fcb34f5118182402ba518616d8a92f829c3e920e9f2108f9104fb5,tier1_same_run_redox,20260729-jhtvs-fullspace-tier1-v1,redox-anion-005-solvent-019-resting,584c4d1c75fcb34f5118182402ba518616d8a92f829c3e920e9f2108f9104fb5,9d95abaf0a2ba519460ff9c5e597a363a4d770b3c10159397e1b78bb364561a5,pass,pass,0,0,dce96254f79dd86659d857a249610720804bf2dc51104673220429e736523455,,Tier1_GFN2-xTB_default_opt_ddCOSMO,29.324,
tier1:redox:A005:S019:q0:m2,A005_Q0_M2,S019,0,2,resolved,runs/geometry/resolved/tier1/A005_Q0_M2/S019.xyz,3451092a9cbeb1eeb1fe4e6cc6f5a92c6e1c3869b2cf0d930814127ec0a450b4,tier1_same_run_redox,20260729-jhtvs-fullspace-tier1-v1,redox-anion-005-solvent-019-oxidized,3451092a9cbeb1eeb1fe4e6cc6f5a92c6e1c3869b2cf0d930814127ec0a450b4,bb57d35f064785155e45a58c68a6462bef0a62e41702938d16dfbfafdda4778e,pass,pass,0,0,dce96254f79dd86659d857a249610720804bf2dc51104673220429e736523455,,Tier1_GFN2-xTB_default_opt_ddCOSMO,29.324,
tier1:redox:A005:S020:q-1:m1,A005_QM1_M1,S020,-1,1,resolved,runs/geometry/resolved/tier1/A005_QM1_M1/S020.xyz,87172762704cea11226337e1ff5ce2014b9a1cf3fca3566e45378256a76c374c,tier1_same_run_redox,20260729-jhtvs-fullspace-tier1-v1,redox-anion-005-solvent-020-resting,87172762704cea11226337e1ff5ce2014b9a1cf3fca3566e45378256a76c374c,b84ff101a139fa32b0bef2f9d53969f189143f1753184f3fa54dabf65d6a9910,pass,pass,0,0,dce96254f79dd86659d857a249610720804bf2dc51104673220429e736523455,,Tier1_GFN2-xTB_default_opt_ddCOSMO,10.125,
tier1:redox:A005:S020:q0:m2,A005_Q0_M2,S020,0,2,resolved,runs/geometry/resolved/tier1/A005_Q0_M2/S020.xyz,ef86ebf958a1ddb00855e8199e77d751f602179b805240dc446f36db8a2b1bb1,tier1_same_run_redox,20260729-jhtvs-fullspace-tier1-v1,redox-anion-005-solvent-020-oxidized,ef86ebf958a1ddb00855e8199e77d751f602179b805240dc446f36db8a2b1bb1,a729534882e3c1b06b77d45444eacd5c7f78ce787349566f5166224cae26f1ac,pass,pass,0,0,dce96254f79dd86659d857a249610720804bf2dc51104673220429e736523455,,Tier1_GFN2-xTB_default_opt_ddCOSMO,10.125,
tier1:redox:A005:S021:q-1:m1,A005_QM1_M1,S021,-1,1,resolved,runs/geometry/resolved/tier1/A005_QM1_M1/S021.xyz,f13ac56b12834801b2edd2fcc6612475dafdbfcc662f1da777033e481fdec9f6,tier1_same_run_redox,20260729-jhtvs-fullspace-tier1-v1,redox-anion-005-solvent-021-resting,f13ac56b12834801b2edd2fcc6612475dafdbfcc662f1da777033e481fdec9f6,1d9fb041b8c7ec3de7aba799e9a33e97f486cdc47eff929a6a35b35166c2cf86,pass,pass,0,0,dce96254f79dd86659d857a249610720804bf2dc51104673220429e736523455,,Tier1_GFN2-xTB_default_opt_ddCOSMO,4.7113,
tier1:redox:A005:S021:q0:m2,A005_Q0_M2,S021,0,2,resolved,runs/geometry/resolved/tier1/A005_Q0_M2/S021.xyz,8adf35b83d722649acf026fad97dfdcf1c34ebf471d89afb4e5aa21056d9062a,tier1_same_run_redox,20260729-jhtvs-fullspace-tier1-v1,redox-anion-005-solvent-021-oxidized,8adf35b83d722649acf026fad97dfdcf1c34ebf471d89afb4e5aa21056d9062a,68f26ac6ba3bbb590b70d33806dc1af21465c16f198009f39818fa21fa7c6d09,pass,pass,0,0,dce96254f79dd86659d857a249610720804bf2dc51104673220429e736523455,,Tier1_GFN2-xTB_default_opt_ddCOSMO,4.7113,
tier1:redox:A005:S022:q-1:m1,A005_QM1_M1,S022,-1,1,resolved,runs/geometry/resolved/tier1/A005_QM1_M1/S022.xyz,bbbd20acd0b7a2e266d4d30faef6c376d96701ea6bf92cedfd0d985f2eda7d5e,tier1_same_run_redox,20260729-jhtvs-fullspace-tier1-v1,redox-anion-005-solvent-022-resting,bbbd20acd0b7a2e266d4d30faef6c376d96701ea6bf92cedfd0d985f2eda7d5e,2e8b01fde8823a6127c6ba144e44a7dd8d6990de560ceb813d4d0b8c3b826f9d,pass,pass,0,0,dce96254f79dd86659d857a249610720804bf2dc51104673220429e736523455,,Tier1_GFN2-xTB_default_opt_ddCOSMO,89.78,
tier1:redox:A005:S022:q0:m2,A005_Q0_M2,S022,0,2,resolved,runs/geometry/resolved/tier1/A005_Q0_M2/S022.xyz,6b09774287a45a8d22a1a103dba6a4e35f2150a2f6f979d6999b78f6d04bd132,tier1_same_run_redox,20260729-jhtvs-fullspace-tier1-v1,redox-anion-005-solvent-022-oxidized,6b09774287a45a8d22a1a103dba6a4e35f2150a2f6f979d6999b78f6d04bd132,0d9977686c1699f522b3a81b59a4f667c35432ebeb958b987a4ad912e6918078,pass,pass,0,0,dce96254f79dd86659d857a249610720804bf2dc51104673220429e736523455,,Tier1_GFN2-xTB_default_opt_ddCOSMO,89.78,
tier1:redox:A005:S023:q-1:m1,A005_QM1_M1,S023,-1,1,resolved,runs/geometry/resolved/tier1/A005_QM1_M1/S023.xyz,01a801fa3af7f20f43c9499ba59768278bf41eb1b181bfeda2f267e5decda8df,tier1_same_run_redox,20260729-jhtvs-fullspace-tier1-v1,redox-anion-005-solvent-023-resting,01a801fa3af7f20f43c9499ba59768278bf41eb1b181bfeda2f267e5decda8df,802b0bcbe426fca7c9721501f93a1cf5a99240c917786ca87272b2e31bde03ad,pass,pass,0,0,dce96254f79dd86659d857a249610720804bf2dc51104673220429e736523455,,Tier1_GFN2-xTB_default_opt_ddCOSMO,3.087,
tier1:redox:A005:S023:q0:m2,A005_Q0_M2,S023,0,2,resolved,runs/geometry/resolved/tier1/A005_Q0_M2/S023.xyz,9d34a283d41115ecbf637c7c222073f337d7482de79cf6ba0203e5645da776a9,tier1_same_run_redox,20260729-jhtvs-fullspace-tier1-v1,redox-anion-005-solvent-023-oxidized,9d34a283d41115ecbf637c7c222073f337d7482de79cf6ba0203e5645da776a9,a7975607fc96d57dff3ceb2cae24d351b9e98e8ee094f43203f15d813d926235,pass,pass,0,0,dce96254f79dd86659d857a249610720804bf2dc51104673220429e736523455,,Tier1_GFN2-xTB_default_opt_ddCOSMO,3.087,
tier1:redox:A005:S024:q-1:m1,A005_QM1_M1,S024,-1,1,resolved,runs/geometry/resolved/tier1/A005_QM1_M1/S024.xyz,9367c4dc80fd9b798f9c2661f641e99195234ea6b9e2b319f11eba0c74b4c54b,tier1_same_run_redox,20260729-jhtvs-fullspace-tier1-v1,redox-anion-005-solvent-024-resting,9367c4dc80fd9b798f9c2661f641e99195234ea6b9e2b319f11eba0c74b4c54b,32eef04c6361d941ffb176bb0fc73172cc17bf32921d87bfcaf77e7e9fe4da2d,pass,pass,0,0,dce96254f79dd86659d857a249610720804bf2dc51104673220429e736523455,,Tier1_GFN2-xTB_default_opt_ddCOSMO,2.2099,
tier1:redox:A005:S024:q0:m2,A005_Q0_M2,S024,0,2,resolved,runs/geometry/resolved/tier1/A005_Q0_M2/S024.xyz,07ee3316be2db57c63f16fe873ff021a23a466929c540663c7e7a9d9d79185c9,tier1_same_run_redox,20260729-jhtvs-fullspace-tier1-v1,redox-anion-005-solvent-024-oxidized,07ee3316be2db57c63f16fe873ff021a23a466929c540663c7e7a9d9d79185c9,074160fbdc2de15ade61b901985c6abd9d25daadaf57fc4519efb41b53f054a7,pass,pass,0,0,dce96254f79dd86659d857a249610720804bf2dc51104673220429e736523455,,Tier1_GFN2-xTB_default_opt_ddCOSMO,2.2099,
tier1:redox:A005:S025:q-1:m1,A005_QM1_M1,S025,-1,1,resolved,runs/geometry/resolved/tier1/A005_QM1_M1/S025.xyz,72982d505bb6ec09ffa9239b83cb6f15a2695fe0325087990151087afae6555d,tier1_same_run_redox,20260729-jhtvs-fullspace-tier1-v1,redox-anion-005-solvent-025-resting,72982d505bb6ec09ffa9239b83cb6f15a2695fe0325087990151087afae6555d,e9781a29b846576d4739d09b0ae6cc7d79c2f73252b4e99b11f4c0bbc226401c,pass,pass,0,0,dce96254f79dd86659d857a249610720804bf2dc51104673220429e736523455,,Tier1_GFN2-xTB_default_opt_ddCOSMO,7.3,
tier1:redox:A005:S025:q0:m2,A005_Q0_M2,S025,0,2,resolved,runs/geometry/resolved/tier1/A005_Q0_M2/S025.xyz,857bd7d6472e1a09aac1b4ae7dc60b7237afb6ef9e6b32e88d405cdcbf0ac083,tier1_same_run_redox,20260729-jhtvs-fullspace-tier1-v1,redox-anion-005-solvent-025-oxidized,857bd7d6472e1a09aac1b4ae7dc60b7237afb6ef9e6b32e88d405cdcbf0ac083,2fcdd4d9e6b6903630c0880671bdf40026fa37cc1be509facad86545ca1eb1df,pass,pass,0,0,dce96254f79dd86659d857a249610720804bf2dc51104673220429e736523455,,Tier1_GFN2-xTB_default_opt_ddCOSMO,7.3,
tier1:redox:A006:S001:q-1:m1,A006_QM1_M1,S001,-1,1,resolved,runs/geometry/resolved/tier1/A006_QM1_M1/S001.xyz,5b28148066e683c7a6cfd8be32d31c5afb0fc9861b0edacdf2cab49691a73899,tier1_same_run_redox,20260729-jhtvs-fullspace-tier1-v1,redox-anion-006-solvent-001-resting,5b28148066e683c7a6cfd8be32d31c5afb0fc9861b0edacdf2cab49691a73899,85a658c84a8d985e123ae09387011c9762973b2fb93b6afb33b8696b63349ca0,pass,pass,0,0,dce96254f79dd86659d857a249610720804bf2dc51104673220429e736523455,,Tier1_GFN2-xTB_default_opt_ddCOSMO,35.688,
tier1:redox:A006:S001:q0:m2,A006_Q0_M2,S001,0,2,resolved,runs/geometry/resolved/tier1/A006_Q0_M2/S001.xyz,02adc2950123ac264ad5f593e706785442d4126fedef9827e28fa71f5452ad51,tier1_same_run_redox,20260729-jhtvs-fullspace-tier1-v1,redox-anion-006-solvent-001-oxidized,02adc2950123ac264ad5f593e706785442d4126fedef9827e28fa71f5452ad51,2f43445eb7d94cf975da2348a96570a59e1f630804629c7e354472b0d3e5485e,pass,pass,0,0,dce96254f79dd86659d857a249610720804bf2dc51104673220429e736523455,,Tier1_GFN2-xTB_default_opt_ddCOSMO,35.688,
tier1:redox:A006:S007:q-1:m1,A006_QM1_M1,S007,-1,1,resolved,runs/geometry/resolved/tier1/A006_QM1_M1/S007.xyz,374fce731ea787748e71b92959512935c85445aadc86910b5ed2ffef8e144c24,tier1_same_run_redox,20260729-jhtvs-fullspace-tier1-v1,redox-anion-006-solvent-007-resting,374fce731ea787748e71b92959512935c85445aadc86910b5ed2ffef8e144c24,033da3f6013fa99a97825be6da18c08b0232c2f343c9f1dd44c69c6705065797,pass,pass,0,0,dce96254f79dd86659d857a249610720804bf2dc51104673220429e736523455,,Tier1_GFN2-xTB_default_opt_ddCOSMO,46.826,
tier1:redox:A006:S007:q0:m2,A006_Q0_M2,S007,0,2,resolved,runs/geometry/resolved/tier1/A006_Q0_M2/S007.xyz,9193cab06bad27fb52b8c08f6a30d1f1cf5f215daac96563d7b8cc8bac028ad9,tier1_same_run_redox,20260729-jhtvs-fullspace-tier1-v1,redox-anion-006-solvent-007-oxidized,9193cab06bad27fb52b8c08f6a30d1f1cf5f215daac96563d7b8cc8bac028ad9,599cd3edc3864a7ac8e4ccd2efe8b5b7036972df47b96a265f7cbca839898ee2,pass,pass,0,0,dce96254f79dd86659d857a249610720804bf2dc51104673220429e736523455,,Tier1_GFN2-xTB_default_opt_ddCOSMO,46.826,
tier1:redox:A006:S016:q-1:m1,A006_QM1_M1,S016,-1,1,resolved,runs/geometry/resolved/tier1/A006_QM1_M1/S016.xyz,e9a2a1b8a02c0b58a1227fb5899fc94955b71a61cd1c5f391f7492d79a6ab803,tier1_same_run_redox,20260729-jhtvs-fullspace-tier1-v1,redox-anion-006-solvent-016-resting,e9a2a1b8a02c0b58a1227fb5899fc94955b71a61cd1c5f391f7492d79a6ab803,f51f7cfba4c20f902ad655a902d8cedcc64f2f38dbc4187526dcf33b3de0adae,pass,pass,0,0,dce96254f79dd86659d857a249610720804bf2dc51104673220429e736523455,,Tier1_GFN2-xTB_default_opt_ddCOSMO,9.7,
tier1:redox:A006:S016:q0:m2,A006_Q0_M2,S016,0,2,resolved,runs/geometry/resolved/tier1/A006_Q0_M2/S016.xyz,f463017c978eb3816fc2ddf10a0947d489ba5566cf1eca2f012c38f18de06144,tier1_same_run_redox,20260729-jhtvs-fullspace-tier1-v1,redox-anion-006-solvent-016-oxidized,f463017c978eb3816fc2ddf10a0947d489ba5566cf1eca2f012c38f18de06144,c6fc892d9a77cf8f76a5d6d3e25d2c0644a1de1daad668ddafac07e489c8974c,pass,pass,0,0,dce96254f79dd86659d857a249610720804bf2dc51104673220429e736523455,,Tier1_GFN2-xTB_default_opt_ddCOSMO,9.7,
tier1:redox:A006:S022:q-1:m1,A006_QM1_M1,S022,-1,1,resolved,runs/geometry/resolved/tier1/A006_QM1_M1/S022.xyz,08e40bebc4230d86cc62e65cbe807dedf9b3bc4344edd79e17ef9db5aaf38fbd,tier1_same_run_redox,20260729-jhtvs-fullspace-tier1-v1,redox-anion-006-solvent-022-resting,08e40bebc4230d86cc62e65cbe807dedf9b3bc4344edd79e17ef9db5aaf38fbd,99b752b9320971bcea3e37f63bf82a6f776434d0ea8c94e9faae2d20482accf8,pass,pass,0,0,dce96254f79dd86659d857a249610720804bf2dc51104673220429e736523455,,Tier1_GFN2-xTB_default_opt_ddCOSMO,89.78,
tier1:redox:A006:S022:q0:m2,A006_Q0_M2,S022,0,2,resolved,runs/geometry/resolved/tier1/A006_Q0_M2/S022.xyz,2f288159853107740ea455750ebd5bdff5c51ecf0adc3e89ad573c2157c4401b,tier1_same_run_redox,20260729-jhtvs-fullspace-tier1-v1,redox-anion-006-solvent-022-oxidized,2f288159853107740ea455750ebd5bdff5c51ecf0adc3e89ad573c2157c4401b,4f1fc07f7a704e174d31a01095e8a9fe21ba972c2900947a60678d3cb330163e,pass,pass,0,0,dce96254f79dd86659d857a249610720804bf2dc51104673220429e736523455,,Tier1_GFN2-xTB_default_opt_ddCOSMO,89.78,
tier1:redox:A007:S004:q-1:m1,A007_QM1_M1,S004,-1,1,resolved,runs/geometry/resolved/tier1/A007_QM1_M1/S004.xyz,773eb4c35809b2e10f500fc6e6b4d046d8a530afe997de6a36f583368077a874,tier1_same_run_redox,20260729-jhtvs-fullspace-tier1-v1,redox-anion-007-solvent-004-resting,773eb4c35809b2e10f500fc6e6b4d046d8a530afe997de6a36f583368077a874,56db5abc4a56bc9fc2e0608a468c7b155c348123af5a13f3c42f5422d9078485,pass,pass,0,0,dce96254f79dd86659d857a249610720804bf2dc51104673220429e736523455,,Tier1_GFN2-xTB_default_opt_ddCOSMO,34.809,
tier1:redox:A007:S004:q0:m2,A007_Q0_M2,S004,0,2,resolved,runs/geometry/resolved/tier1/A007_Q0_M2/S004.xyz,85afe710a2caa4650965692714e0ba877bf6cc6d5a4098a6c5424fafec97e17f,tier1_same_run_redox,20260729-jhtvs-fullspace-tier1-v1,redox-anion-007-solvent-004-oxidized,85afe710a2caa4650965692714e0ba877bf6cc6d5a4098a6c5424fafec97e17f,7ace4546e48511c389ffd4e73843aca67a9c3449619b83d69a1e974a6d75c0f3,pass,pass,0,0,dce96254f79dd86659d857a249610720804bf2dc51104673220429e736523455,,Tier1_GFN2-xTB_default_opt_ddCOSMO,34.809,
tier1:redox:A007:S008:q-1:m1,A007_QM1_M1,S008,-1,1,resolved,runs/geometry/resolved/tier1/A007_QM1_M1/S008.xyz,3291ec162d97ba7c8f4a3dfb37520f70f4c59c3a077c98ad5d5bbb5c2a7f96da,tier1_same_run_redox,20260729-jhtvs-fullspace-tier1-v1,redox-anion-007-solvent-008-resting,3291ec162d97ba7c8f4a3dfb37520f70f4c59c3a077c98ad5d5bbb5c2a7f96da,d06edff99d6fe908f0a7c45404e6141ef686ad88d4bf1d653560eef9bd2c67f0,pass,pass,0,0,dce96254f79dd86659d857a249610720804bf2dc51104673220429e736523455,,Tier1_GFN2-xTB_default_opt_ddCOSMO,7.4257,
tier1:redox:A007:S008:q0:m2,A007_Q0_M2,S008,0,2,resolved,runs/geometry/resolved/tier1/A007_Q0_M2/S008.xyz,ff6b2cd9a64c2fd51f537bfd6f83e76c7eb1dc9b3002d54e2f3e0dbd0c4c10ea,tier1_same_run_redox,20260729-jhtvs-fullspace-tier1-v1,redox-anion-007-solvent-008-oxidized,ff6b2cd9a64c2fd51f537bfd6f83e76c7eb1dc9b3002d54e2f3e0dbd0c4c10ea,162d427acbd2b143e4a674870999053809e1a24e26a1dba80c8023fc05c1610d,pass,pass,0,0,dce96254f79dd86659d857a249610720804bf2dc51104673220429e736523455,,Tier1_GFN2-xTB_default_opt_ddCOSMO,7.4257,
tier1:redox:A007:S011:q-1:m1,A007_QM1_M1,S011,-1,1,resolved,runs/geometry/resolved/tier1/A007_QM1_M1/S011.xyz,e4a5fafbceb40acf647a549b612fb64e99b6b1c63fcfadda15836d96fc7efd52,tier1_same_run_redox,20260729-jhtvs-fullspace-tier1-v1,redox-anion-007-solvent-011-resting,e4a5fafbceb40acf647a549b612fb64e99b6b1c63fcfadda15836d96fc7efd52,c594dec0d00108c804c370258b912b129dff9b27ce12ea01287371bf9e3a880b,pass,pass,0,0,dce96254f79dd86659d857a249610720804bf2dc51104673220429e736523455,,Tier1_GFN2-xTB_default_opt_ddCOSMO,41.7,
tier1:redox:A007:S011:q0:m2,A007_Q0_M2,S011,0,2,resolved,runs/geometry/resolved/tier1/A007_Q0_M2/S011.xyz,6044c7605d30f1ade0217a0abbb38be95120eca82f8338ae96d439c21ca2697a,tier1_same_run_redox,20260729-jhtvs-fullspace-tier1-v1,redox-anion-007-solvent-011-oxidized,6044c7605d30f1ade0217a0abbb38be95120eca82f8338ae96d439c21ca2697a,ad37a610a8d1ef661bb1560a3287cf1f692e6b375490bddf545aa7333683eff6,pass,pass,0,0,dce96254f79dd86659d857a249610720804bf2dc51104673220429e736523455,,Tier1_GFN2-xTB_default_opt_ddCOSMO,41.7,
tier1:redox:A007:S017:q-1:m1,A007_QM1_M1,S017,-1,1,resolved,runs/geometry/resolved/tier1/A007_QM1_M1/S017.xyz,7c1c695b55a18fbe2f38961c4d7c2abdef451ad0cda5222a9bd491076856e0d9,tier1_same_run_redox,20260729-jhtvs-fullspace-tier1-v1,redox-anion-007-solvent-017-resting,7c1c695b55a18fbe2f38961c4d7c2abdef451ad0cda5222a9bd491076856e0d9,27fa506b16a94d8d8b2d07bc100df0b3b5c6e1094c8b8be90dc5c5b191613c11,pass,pass,0,0,dce96254f79dd86659d857a249610720804bf2dc51104673220429e736523455,,Tier1_GFN2-xTB_default_opt_ddCOSMO,13.8,
tier1:redox:A007:S017:q0:m2,A007_Q0_M2,S017,0,2,resolved,runs/geometry/resolved/tier1/A007_Q0_M2/S017.xyz,e89a5f13b4526559359349b578360ca4dd02d0b8a827203802b5d48b53fa6351,tier1_same_run_redox,20260729-jhtvs-fullspace-tier1-v1,redox-anion-007-solvent-017-oxidized,e89a5f13b4526559359349b578360ca4dd02d0b8a827203802b5d48b53fa6351,88446dd925fab7f9644c66454c37694d49ab0550e999033af164a10cfe60c81e,pass,pass,0,0,dce96254f79dd86659d857a249610720804bf2dc51104673220429e736523455,,Tier1_GFN2-xTB_default_opt_ddCOSMO,13.8,
tier1:redox:A008:S005:q-1:m1,A008_QM1_M1,S005,-1,1,resolved,runs/geometry/resolved/tier1/A008_QM1_M1/S005.xyz,e8fe553871b2f644e3ee1acbdcd018bb340b848d0665acde03d4f045b2768e27,tier1_same_run_redox,20260729-jhtvs-fullspace-tier1-v1,redox-anion-008-solvent-005-resting,e8fe553871b2f644e3ee1acbdcd018bb340b848d0665acde03d4f045b2768e27,71344417edb5efe2b3ea79e31db67adedb39cebafcdc73cbcc9c26f41c0678eb,pass,pass,0,0,dce96254f79dd86659d857a249610720804bf2dc51104673220429e736523455,,Tier1_GFN2-xTB_default_opt_ddCOSMO,25.592,
tier1:redox:A008:S005:q0:m2,A008_Q0_M2,S005,0,2,resolved,runs/geometry/resolved/tier1/A008_Q0_M2/S005.xyz,4b078d9f42d21d7513b4d5b6d3c74fd44479fd3014d91cb77950f5378e7ef205,tier1_same_run_redox,20260729-jhtvs-fullspace-tier1-v1,redox-anion-008-solvent-005-oxidized,4b078d9f42d21d7513b4d5b6d3c74fd44479fd3014d91cb77950f5378e7ef205,107ade157d6c84b171f892ed3240c0b800d2a8a28e73bf5569ab6247f2ac369c,pass,pass,0,0,dce96254f79dd86659d857a249610720804bf2dc51104673220429e736523455,,Tier1_GFN2-xTB_default_opt_ddCOSMO,25.592,
tier1:redox:A008:S012:q-1:m1,A008_QM1_M1,S012,-1,1,resolved,runs/geometry/resolved/tier1/A008_QM1_M1/S012.xyz,19a703ca355b8abde2c656c7bf5cf8c06b2519cf893d527e2a280ae3075b6d4a,tier1_same_run_redox,20260729-jhtvs-fullspace-tier1-v1,redox-anion-008-solvent-012-resting,19a703ca355b8abde2c656c7bf5cf8c06b2519cf893d527e2a280ae3075b6d4a,133830b1b0e6c8e8286097ea1fa827e147cbfb3ad69cf30d6fa4ab6f0bb1c7b7,pass,pass,0,0,dce96254f79dd86659d857a249610720804bf2dc51104673220429e736523455,,Tier1_GFN2-xTB_default_opt_ddCOSMO,43.3,
tier1:redox:A008:S012:q0:m2,A008_Q0_M2,S012,0,2,resolved,runs/geometry/resolved/tier1/A008_Q0_M2/S012.xyz,2efd59eda5a772763aafb5c2e54b9ab3c4d3badcf1baf61b1c9def86f334a697,tier1_same_run_redox,20260729-jhtvs-fullspace-tier1-v1,redox-anion-008-solvent-012-oxidized,2efd59eda5a772763aafb5c2e54b9ab3c4d3badcf1baf61b1c9def86f334a697,138a3a650ab2ca2da91ab6b70d33c84a0fa28be07edf83f391f1da85115b696a,pass,pass,0,0,dce96254f79dd86659d857a249610720804bf2dc51104673220429e736523455,,Tier1_GFN2-xTB_default_opt_ddCOSMO,43.3,
tier1:redox:A008:S018:q-1:m1,A008_QM1_M1,S018,-1,1,resolved,runs/geometry/resolved/tier1/A008_QM1_M1/S018.xyz,178ccf029888bd4a194ce2f2bf76f745ecacc6316a7e5c4658713ff7a79a6150,tier1_same_run_redox,20260729-jhtvs-fullspace-tier1-v1,redox-anion-008-solvent-018-resting,178ccf029888bd4a194ce2f2bf76f745ecacc6316a7e5c4658713ff7a79a6150,4d5b9b9c72ec6d34187f0567a00b80fc994c05ade30bbf93763632f150fa565f,pass,pass,0,0,dce96254f79dd86659d857a249610720804bf2dc51104673220429e736523455,,Tier1_GFN2-xTB_default_opt_ddCOSMO,9.8,
tier1:redox:A008:S018:q0:m2,A008_Q0_M2,S018,0,2,resolved,runs/geometry/resolved/tier1/A008_Q0_M2/S018.xyz,692a2e5a11d5d2b0bb5bac09ae0b0c51e5699d44462bbec015a653283880f165,tier1_same_run_redox,20260729-jhtvs-fullspace-tier1-v1,redox-anion-008-solvent-018-oxidized,692a2e5a11d5d2b0bb5bac09ae0b0c51e5699d44462bbec015a653283880f165,2ff0593af5d4c28251f68de5dc3f5c028c8e812850097ad7636cbe3bb98df6c8,pass,pass,0,0,dce96254f79dd86659d857a249610720804bf2dc51104673220429e736523455,,Tier1_GFN2-xTB_default_opt_ddCOSMO,9.8,
tier1:redox:A008:S025:q-1:m1,A008_QM1_M1,S025,-1,1,resolved,runs/geometry/resolved/tier1/A008_QM1_M1/S025.xyz,b9d67c7c097d70c7c9ae85e6c281aed0c15369adb0f5c562bfde47f7767e9549,tier1_same_run_redox,20260729-jhtvs-fullspace-tier1-v1,redox-anion-008-solvent-025-resting,b9d67c7c097d70c7c9ae85e6c281aed0c15369adb0f5c562bfde47f7767e9549,1391b948598e76f3d32b9bc06d8ebb2c9daf3bc5da2da6e9b1229b2e3d21d6b0,pass,pass,0,0,dce96254f79dd86659d857a249610720804bf2dc51104673220429e736523455,,Tier1_GFN2-xTB_default_opt_ddCOSMO,7.3,
tier1:redox:A008:S025:q0:m2,A008_Q0_M2,S025,0,2,resolved,runs/geometry/resolved/tier1/A008_Q0_M2/S025.xyz,9e8935e8fddbf36935986d2715f912d10921a702f66858d61a8bec89d1f05743,tier1_same_run_redox,20260729-jhtvs-fullspace-tier1-v1,redox-anion-008-solvent-025-oxidized,9e8935e8fddbf36935986d2715f912d10921a702f66858d61a8bec89d1f05743,318b4d39ae78e8e1050ccdd482872516324c4bc590b971f7404100771f440891,pass,pass,0,0,dce96254f79dd86659d857a249610720804bf2dc51104673220429e736523455,,Tier1_GFN2-xTB_default_opt_ddCOSMO,7.3,
tier1:redox:A009:S002:q-1:m1,A009_QM1_M1,S002,-1,1,resolved,runs/geometry/resolved/tier1/A009_QM1_M1/S002.xyz,803b0bc1d8381ac2303eaa8e619ef8e287ff477d87a3552b7ac97ceb3ce8f643,tier1_same_run_redox,20260729-jhtvs-fullspace-tier1-v1,redox-anion-009-solvent-002-resting,803b0bc1d8381ac2303eaa8e619ef8e287ff477d87a3552b7ac97ceb3ce8f643,80d5094a801682f1380e0f68d67daa4b1c959e5075f8def5f0fba95fd53f2e75,pass,pass,0,0,dce96254f79dd86659d857a249610720804bf2dc51104673220429e736523455,,Tier1_GFN2-xTB_default_opt_ddCOSMO,8.93,
tier1:redox:A009:S002:q0:m2,A009_Q0_M2,S002,0,2,resolved,runs/geometry/resolved/tier1/A009_Q0_M2/S002.xyz,bc30c2bf072b5adcbe5002ec4266eb98cae6451d711411c8aee7f3112a304119,tier1_same_run_redox,20260729-jhtvs-fullspace-tier1-v1,redox-anion-009-solvent-002-oxidized,bc30c2bf072b5adcbe5002ec4266eb98cae6451d711411c8aee7f3112a304119,e6fd2c519483f28066813e48f14d9b2fe105e12a74c22456a4534667976075f5,pass,pass,0,0,dce96254f79dd86659d857a249610720804bf2dc51104673220429e736523455,,Tier1_GFN2-xTB_default_opt_ddCOSMO,8.93,
tier1:redox:A009:S006:q-1:m1,A009_QM1_M1,S006,-1,1,resolved,runs/geometry/resolved/tier1/A009_QM1_M1/S006.xyz,c2acc00f18b023f23ba951f79ebc598e40167a04f7001c3732f281e93032ea5d,tier1_same_run_redox,20260729-jhtvs-fullspace-tier1-v1,redox-anion-009-solvent-006-resting,c2acc00f18b023f23ba951f79ebc598e40167a04f7001c3732f281e93032ea5d,56f20bd5c9c6be4c35bfa450674524e150b96d1bfdeb9cd660d16416491665cd,pass,pass,0,0,dce96254f79dd86659d857a249610720804bf2dc51104673220429e736523455,,Tier1_GFN2-xTB_default_opt_ddCOSMO,37.219,
tier1:redox:A009:S006:q0:m2,A009_Q0_M2,S006,0,2,resolved,runs/geometry/resolved/tier1/A009_Q0_M2/S006.xyz,54cb1b1eab206137a4030e0c39406eec0e0ca776b5fc5070bba2b8e993c1eedc,tier1_same_run_redox,20260729-jhtvs-fullspace-tier1-v1,redox-anion-009-solvent-006-oxidized,54cb1b1eab206137a4030e0c39406eec0e0ca776b5fc5070bba2b8e993c1eedc,6531227d4043213e85fe3c80327d0fa37e4e028c4c463a2164ed8da804febb80,pass,pass,0,0,dce96254f79dd86659d857a249610720804bf2dc51104673220429e736523455,,Tier1_GFN2-xTB_default_opt_ddCOSMO,37.219,
tier1:redox:A009:S015:q-1:m1,A009_QM1_M1,S015,-1,1,resolved,runs/geometry/resolved/tier1/A009_QM1_M1/S015.xyz,fe6e7fbf1aef53dc940962d1621c97b08e93e90c06f2eecb3d9184d80a6b7a30,tier1_same_run_redox,20260729-jhtvs-fullspace-tier1-v1,redox-anion-009-solvent-015-resting,fe6e7fbf1aef53dc940962d1621c97b08e93e90c06f2eecb3d9184d80a6b7a30,cbecd9e5ce5c95ac86bf9301ef89d5471c0ed64e74f7c2cf399056799d5df2b6,pass,pass,0,0,dce96254f79dd86659d857a249610720804bf2dc51104673220429e736523455,,Tier1_GFN2-xTB_default_opt_ddCOSMO,11.4,
tier1:redox:A009:S015:q0:m2,A009_Q0_M2,S015,0,2,resolved,runs/geometry/resolved/tier1/A009_Q0_M2/S015.xyz,036dbdac50360a5cb037521bf076851649479ec4d34599d5ac1dc5f2fe80baa7,tier1_same_run_redox,20260729-jhtvs-fullspace-tier1-v1,redox-anion-009-solvent-015-oxidized,036dbdac50360a5cb037521bf076851649479ec4d34599d5ac1dc5f2fe80baa7,6d515203507c1445807552306c5603912284b642f83a8f424ff7d2ded4c3ca62,pass,pass,0,0,dce96254f79dd86659d857a249610720804bf2dc51104673220429e736523455,,Tier1_GFN2-xTB_default_opt_ddCOSMO,11.4,
tier1:redox:A009:S023:q-1:m1,A009_QM1_M1,S023,-1,1,resolved,runs/geometry/resolved/tier1/A009_QM1_M1/S023.xyz,3be7bf529b82070edbae42b1d07bc3117a766d5aa5dc49a4b0e8d5afdb1c8bd0,tier1_same_run_redox,20260729-jhtvs-fullspace-tier1-v1,redox-anion-009-solvent-023-resting,3be7bf529b82070edbae42b1d07bc3117a766d5aa5dc49a4b0e8d5afdb1c8bd0,8bb0b3855a5854fa3065ce8b9ec0100dd440fa28c7c16da35a91c0731c4dc95c,pass,pass,0,0,dce96254f79dd86659d857a249610720804bf2dc51104673220429e736523455,,Tier1_GFN2-xTB_default_opt_ddCOSMO,3.087,
tier1:redox:A009:S023:q0:m2,A009_Q0_M2,S023,0,2,resolved,runs/geometry/resolved/tier1/A009_Q0_M2/S023.xyz,0fa04cb11e33444f8e16581e28ba180495dad0e12c5a8826fe7c26912d514eef,tier1_same_run_redox,20260729-jhtvs-fullspace-tier1-v1,redox-anion-009-solvent-023-oxidized,0fa04cb11e33444f8e16581e28ba180495dad0e12c5a8826fe7c26912d514eef,fffafff2db4cf3dbf605acd2c3aa8801fe35729f8ae0d4aec5d73b9c95898e4e,pass,pass,0,0,dce96254f79dd86659d857a249610720804bf2dc51104673220429e736523455,,Tier1_GFN2-xTB_default_opt_ddCOSMO,3.087,
tier1:redox:A010:S003:q-1:m1,A010_QM1_M1,S003,-1,1,resolved,runs/geometry/resolved/tier1/A010_QM1_M1/S003.xyz,92122a81a13e434a5a591a398b1b8420d7a4be55ef5307f0dd5bc13b503ac936,tier1_same_run_redox,20260729-jhtvs-fullspace-tier1-v1,redox-anion-010-solvent-003-resting,92122a81a13e434a5a591a398b1b8420d7a4be55ef5307f0dd5bc13b503ac936,85b119ae95275d6305365320b9b23531dc17d7b8061dff20005653c93ab0bc62,pass,pass,0,0,dce96254f79dd86659d857a249610720804bf2dc51104673220429e736523455,,Tier1_GFN2-xTB_default_opt_ddCOSMO,64.92,
tier1:redox:A010:S003:q0:m2,A010_Q0_M2,S003,0,2,resolved,runs/geometry/resolved/tier1/A010_Q0_M2/S003.xyz,453218d85f51b6be15ae3dfddcad1178ca33a1e71d759b1d267425ca88d19c56,tier1_same_run_redox,20260729-jhtvs-fullspace-tier1-v1,redox-anion-010-solvent-003-oxidized,453218d85f51b6be15ae3dfddcad1178ca33a1e71d759b1d267425ca88d19c56,8727ed1b27b4e4266395c4ca7f53ae5541b87ce91018224851511ddd5d842d19,pass,pass,0,0,dce96254f79dd86659d857a249610720804bf2dc51104673220429e736523455,,Tier1_GFN2-xTB_default_opt_ddCOSMO,64.92,
tier1:redox:A010:S013:q-1:m1,A010_QM1_M1,S013,-1,1,resolved,runs/geometry/resolved/tier1/A010_QM1_M1/S013.xyz,eb63c75f01b5b1adccc020e5a6ef20dedff3dca59876fd1a357792454e0f9a36,tier1_same_run_redox,20260729-jhtvs-fullspace-tier1-v1,redox-anion-010-solvent-013-resting,eb63c75f01b5b1adccc020e5a6ef20dedff3dca59876fd1a357792454e0f9a36,45dbadb29e1e12fdc3cb1cae74b88d916436488709515b825cd8f0ba1183be35,pass,pass,0,0,dce96254f79dd86659d857a249610720804bf2dc51104673220429e736523455,,Tier1_GFN2-xTB_default_opt_ddCOSMO,32.2,
tier1:redox:A010:S013:q0:m2,A010_Q0_M2,S013,0,2,resolved,runs/geometry/resolved/tier1/A010_Q0_M2/S013.xyz,31445a51dc522fde9e65c8b8f3bf7f4acecf25765f97fb269811615515d999c5,tier1_same_run_redox,20260729-jhtvs-fullspace-tier1-v1,redox-anion-010-solvent-013-oxidized,31445a51dc522fde9e65c8b8f3bf7f4acecf25765f97fb269811615515d999c5,57e295a11417a46352cff9af1e40fb496e1554192a742cbb9194f3320344f3be,pass,pass,0,0,dce96254f79dd86659d857a249610720804bf2dc51104673220429e736523455,,Tier1_GFN2-xTB_default_opt_ddCOSMO,32.2,
tier1:redox:A010:S020:q-1:m1,A010_QM1_M1,S020,-1,1,resolved,runs/geometry/resolved/tier1/A010_QM1_M1/S020.xyz,5574979ba1bea685f3ce089c724a20b3aef41dcda3ad0f29df4150ebcd3b4be9,tier1_same_run_redox,20260729-jhtvs-fullspace-tier1-v1,redox-anion-010-solvent-020-resting,5574979ba1bea685f3ce089c724a20b3aef41dcda3ad0f29df4150ebcd3b4be9,978ac66ed62b32da3cdbe933b9175733df70a43ed60e050812f48aa856de2e98,pass,pass,0,0,dce96254f79dd86659d857a249610720804bf2dc51104673220429e736523455,,Tier1_GFN2-xTB_default_opt_ddCOSMO,10.125,
tier1:redox:A010:S020:q0:m2,A010_Q0_M2,S020,0,2,resolved,runs/geometry/resolved/tier1/A010_Q0_M2/S020.xyz,b46b8e19f4c8a359e3e200afa9e7c8c4e841da39a0016e3961180087a2405d1a,tier1_same_run_redox,20260729-jhtvs-fullspace-tier1-v1,redox-anion-010-solvent-020-oxidized,b46b8e19f4c8a359e3e200afa9e7c8c4e841da39a0016e3961180087a2405d1a,ab0cdbdd3c1ce33e5961295465a6591233bcc1ade79601df88b857381f8ea482,pass,pass,0,0,dce96254f79dd86659d857a249610720804bf2dc51104673220429e736523455,,Tier1_GFN2-xTB_default_opt_ddCOSMO,10.125,
tier1:redox:A010:S024:q-1:m1,A010_QM1_M1,S024,-1,1,resolved,runs/geometry/resolved/tier1/A010_QM1_M1/S024.xyz,32ff79904d9844096c0c10c38d733ac133c372e80a09fe5a047fd243445eb2ea,tier1_same_run_redox,20260729-jhtvs-fullspace-tier1-v1,redox-anion-010-solvent-024-resting,32ff79904d9844096c0c10c38d733ac133c372e80a09fe5a047fd243445eb2ea,80b93645de21a5a649ba25854fbf4718e5dc2d8d5fc76e9c435a5400fa818009,pass,pass,0,0,dce96254f79dd86659d857a249610720804bf2dc51104673220429e736523455,,Tier1_GFN2-xTB_default_opt_ddCOSMO,2.2099,
tier1:redox:A010:S024:q0:m2,A010_Q0_M2,S024,0,2,resolved,runs/geometry/resolved/tier1/A010_Q0_M2/S024.xyz,8577edde83d3c430a5de6100938e2e143bb3f0c4d03179393be4adfb3752c891,tier1_same_run_redox,20260729-jhtvs-fullspace-tier1-v1,redox-anion-010-solvent-024-oxidized,8577edde83d3c430a5de6100938e2e143bb3f0c4d03179393be4adfb3752c891,9b7dad4af0e2951422fcae7d17cf2089232a6d15468274caf29cbda47f482e6e,pass,pass,0,0,dce96254f79dd86659d857a249610720804bf2dc51104673220429e736523455,,Tier1_GFN2-xTB_default_opt_ddCOSMO,2.2099,
tier1:redox:A011:S001:q-1:m1,A011_QM1_M1,S001,-1,1,resolved,runs/geometry/resolved/tier1/A011_QM1_M1/S001.xyz,f9aa82c509d292fbd77aa7449566cf5f5cfc5a0ea7f6e563dfd3682d911b5f32,tier1_same_run_redox,20260729-jhtvs-fullspace-tier1-v1,redox-anion-011-solvent-001-resting,f9aa82c509d292fbd77aa7449566cf5f5cfc5a0ea7f6e563dfd3682d911b5f32,fce1e0ac5f454a0f4789547a841ab893f2082edaca4744d3be008154c4be96af,pass,pass,0,0,dce96254f79dd86659d857a249610720804bf2dc51104673220429e736523455,,Tier1_GFN2-xTB_default_opt_ddCOSMO,35.688,
tier1:redox:A011:S001:q0:m2,A011_Q0_M2,S001,0,2,resolved,runs/geometry/resolved/tier1/A011_Q0_M2/S001.xyz,4ef4f79c50ca1be022a9ca3dd5c0a459465049e58668e44e5beb63440a3f12d3,tier1_same_run_redox,20260729-jhtvs-fullspace-tier1-v1,redox-anion-011-solvent-001-oxidized,4ef4f79c50ca1be022a9ca3dd5c0a459465049e58668e44e5beb63440a3f12d3,00e546adb4cc914a787b90fa0cdf4e989c72101bf7dc67123610780f0ef15815,pass,pass,0,0,dce96254f79dd86659d857a249610720804bf2dc51104673220429e736523455,,Tier1_GFN2-xTB_default_opt_ddCOSMO,35.688,
tier1:redox:A011:S007:q-1:m1,A011_QM1_M1,S007,-1,1,resolved,runs/geometry/resolved/tier1/A011_QM1_M1/S007.xyz,858fe9c1797d7b7087bd4e98d3c607ccfae413451b4e6ac98f6c134211400962,tier1_same_run_redox,20260729-jhtvs-fullspace-tier1-v1,redox-anion-011-solvent-007-resting,858fe9c1797d7b7087bd4e98d3c607ccfae413451b4e6ac98f6c134211400962,6b7707bd2ac3d368f074b8816663bd81c1946a6d0367139bab1657cac34b9630,pass,pass,0,0,dce96254f79dd86659d857a249610720804bf2dc51104673220429e736523455,,Tier1_GFN2-xTB_default_opt_ddCOSMO,46.826,
tier1:redox:A011:S007:q0:m2,A011_Q0_M2,S007,0,2,resolved,runs/geometry/resolved/tier1/A011_Q0_M2/S007.xyz,4ef4f79c50ca1be022a9ca3dd5c0a459465049e58668e44e5beb63440a3f12d3,tier1_same_run_redox,20260729-jhtvs-fullspace-tier1-v1,redox-anion-011-solvent-007-oxidized,4ef4f79c50ca1be022a9ca3dd5c0a459465049e58668e44e5beb63440a3f12d3,d688cd3207e6f23be2a4435b6167777ee987673987beb4a97694b827580bf676,pass,pass,0,0,dce96254f79dd86659d857a249610720804bf2dc51104673220429e736523455,,Tier1_GFN2-xTB_default_opt_ddCOSMO,46.826,
tier1:redox:A011:S017:q-1:m1,A011_QM1_M1,S017,-1,1,resolved,runs/geometry/resolved/tier1/A011_QM1_M1/S017.xyz,e6ae1f1806c7692a1ceacdf6478d0b9af35ba97d86ebd0f6720d0adc1b3856b4,tier1_same_run_redox,20260729-jhtvs-fullspace-tier1-v1,redox-anion-011-solvent-017-resting,e6ae1f1806c7692a1ceacdf6478d0b9af35ba97d86ebd0f6720d0adc1b3856b4,2a9be22d837921db9dab10a57f8f1870f7b44c978aa063d1e77fab143ce7014b,pass,pass,0,0,dce96254f79dd86659d857a249610720804bf2dc51104673220429e736523455,,Tier1_GFN2-xTB_default_opt_ddCOSMO,13.8,
tier1:redox:A011:S017:q0:m2,A011_Q0_M2,S017,0,2,resolved,runs/geometry/resolved/tier1/A011_Q0_M2/S017.xyz,4ef4f79c50ca1be022a9ca3dd5c0a459465049e58668e44e5beb63440a3f12d3,tier1_same_run_redox,20260729-jhtvs-fullspace-tier1-v1,redox-anion-011-solvent-017-oxidized,4ef4f79c50ca1be022a9ca3dd5c0a459465049e58668e44e5beb63440a3f12d3,8b749a11876a44cf05629e962bf31a7571cb37308fca90d9844f410b023d3258,pass,pass,0,0,dce96254f79dd86659d857a249610720804bf2dc51104673220429e736523455,,Tier1_GFN2-xTB_default_opt_ddCOSMO,13.8,
tier1:redox:A011:S022:q-1:m1,A011_QM1_M1,S022,-1,1,resolved,runs/geometry/resolved/tier1/A011_QM1_M1/S022.xyz,512ec400348b6a4f4c0d6410a90c0bfbfd6a2d5cd2536d860547f96880f611a1,tier1_same_run_redox,20260729-jhtvs-fullspace-tier1-v1,redox-anion-011-solvent-022-resting,512ec400348b6a4f4c0d6410a90c0bfbfd6a2d5cd2536d860547f96880f611a1,5fc84cd2858c7d3a1cf40429253de79f44efbac7d206ca902529063d3e8bd895,pass,pass,0,0,dce96254f79dd86659d857a249610720804bf2dc51104673220429e736523455,,Tier1_GFN2-xTB_default_opt_ddCOSMO,89.78,
tier1:redox:A011:S022:q0:m2,A011_Q0_M2,S022,0,2,resolved,runs/geometry/resolved/tier1/A011_Q0_M2/S022.xyz,4ef4f79c50ca1be022a9ca3dd5c0a459465049e58668e44e5beb63440a3f12d3,tier1_same_run_redox,20260729-jhtvs-fullspace-tier1-v1,redox-anion-011-solvent-022-oxidized,4ef4f79c50ca1be022a9ca3dd5c0a459465049e58668e44e5beb63440a3f12d3,195274ec75364dc6695e4b11c2a20dbd5ba1fccfed662ebf6c1d2e4a729be850,pass,pass,0,0,dce96254f79dd86659d857a249610720804bf2dc51104673220429e736523455,,Tier1_GFN2-xTB_default_opt_ddCOSMO,89.78,
tier1:redox:M001:S001:q0:m1,M001_Q0_M1,S001,0,1,resolved,runs/geometry/resolved/tier1/M001_Q0_M1/S001.xyz,5cc4d3a2e10c866ebd5bcdfd1b265bafad69fc9027d004a56bb41fbdfcb0083e,tier1_same_run_redox,20260729-jhtvs-fullspace-tier1-v1,redox-monomer-001-solvent-001-resting,5cc4d3a2e10c866ebd5bcdfd1b265bafad69fc9027d004a56bb41fbdfcb0083e,9e090d464cd3a665caad89e855fd6dc8c926a6eb9f3a0e04091141896531831b,pass,pass,0,0,a7781bfb8860257e1817131466ffa686c910c9c9ef7a428975924fcda5fdb3ed,,Tier1_GFN2-xTB_default_opt_ddCOSMO,35.688,
tier1:redox:M001:S001:q1:m2,M001_QP1_M2,S001,1,2,resolved,runs/geometry/resolved/tier1/M001_QP1_M2/S001.xyz,faf885b9d5371630d7a9cafee2794b0a6eb73497e667a86ceafd8a7f3cd0bba8,tier1_same_run_redox,20260729-jhtvs-fullspace-tier1-v1,redox-monomer-001-solvent-001-oxidized,faf885b9d5371630d7a9cafee2794b0a6eb73497e667a86ceafd8a7f3cd0bba8,8bb104d6d0aa53f4feb58aa92959a5a37c767f313dc988f1a1f61e74907d5c51,pass,pass,0,0,a7781bfb8860257e1817131466ffa686c910c9c9ef7a428975924fcda5fdb3ed,,Tier1_GFN2-xTB_default_opt_ddCOSMO,35.688,
tier1:redox:M001:S007:q0:m1,M001_Q0_M1,S007,0,1,resolved,runs/geometry/resolved/tier1/M001_Q0_M1/S007.xyz,b458c47279b694ee51f4c8d0769d0acc2667ccb2d9e72b90282448e861367cbb,tier1_same_run_redox,20260729-jhtvs-fullspace-tier1-v1,redox-monomer-001-solvent-007-resting,b458c47279b694ee51f4c8d0769d0acc2667ccb2d9e72b90282448e861367cbb,ea3119cd8b4e50fd6172e94f6636f67e763262dc82957f8d4f9fae32ecd3d3e6,pass,pass,0,0,a7781bfb8860257e1817131466ffa686c910c9c9ef7a428975924fcda5fdb3ed,,Tier1_GFN2-xTB_default_opt_ddCOSMO,46.826,
tier1:redox:M001:S007:q1:m2,M001_QP1_M2,S007,1,2,resolved,runs/geometry/resolved/tier1/M001_QP1_M2/S007.xyz,428fa172a7829dfed423c028310a52bfc26e51f58c8545e525e373d9440c7ffa,tier1_same_run_redox,20260729-jhtvs-fullspace-tier1-v1,redox-monomer-001-solvent-007-oxidized,428fa172a7829dfed423c028310a52bfc26e51f58c8545e525e373d9440c7ffa,a729ad8de86484cc3cf8d3ddf518294315fa2dcbcba7064c2d9475f7a8cbf138,pass,pass,0,0,a7781bfb8860257e1817131466ffa686c910c9c9ef7a428975924fcda5fdb3ed,,Tier1_GFN2-xTB_default_opt_ddCOSMO,46.826,
tier1:redox:M001:S015:q0:m1,M001_Q0_M1,S015,0,1,resolved,runs/geometry/resolved/tier1/M001_Q0_M1/S015.xyz,4c459960e91ffeb6d180b3ca44b4249875c412c1c4293fd320805964efe14a19,tier1_same_run_redox,20260729-jhtvs-fullspace-tier1-v1,redox-monomer-001-solvent-015-resting,4c459960e91ffeb6d180b3ca44b4249875c412c1c4293fd320805964efe14a19,e91cf4386a948cd78d9ed337447ce5d22241d916f7c74bb4af3310f32278d66b,pass,pass,0,0,a7781bfb8860257e1817131466ffa686c910c9c9ef7a428975924fcda5fdb3ed,,Tier1_GFN2-xTB_default_opt_ddCOSMO,11.4,
tier1:redox:M001:S015:q1:m2,M001_QP1_M2,S015,1,2,resolved,runs/geometry/resolved/tier1/M001_QP1_M2/S015.xyz,d690116cb4c95481934aab568ce55143dd67ae100923205c565c6ce2766e86ec,tier1_same_run_redox,20260729-jhtvs-fullspace-tier1-v1,redox-monomer-001-solvent-015-oxidized,d690116cb4c95481934aab568ce55143dd67ae100923205c565c6ce2766e86ec,2d012c92c6f1765ab106e794a87bc312b55707eeaca9490507ec693d8985e2e8,pass,pass,0,0,a7781bfb8860257e1817131466ffa686c910c9c9ef7a428975924fcda5fdb3ed,,Tier1_GFN2-xTB_default_opt_ddCOSMO,11.4,
tier1:redox:M001:S022:q0:m1,M001_Q0_M1,S022,0,1,resolved,runs/geometry/resolved/tier1/M001_Q0_M1/S022.xyz,5d457838a42335600f0f599ce77cf88c1764bef0b2eee6382031c28fc841844b,tier1_same_run_redox,20260729-jhtvs-fullspace-tier1-v1,redox-monomer-001-solvent-022-resting,5d457838a42335600f0f599ce77cf88c1764bef0b2eee6382031c28fc841844b,a696a8548d4368f0c45c26451c7890e267ceee071e9f8eeb07d18162d59a3013,pass,pass,0,0,a7781bfb8860257e1817131466ffa686c910c9c9ef7a428975924fcda5fdb3ed,,Tier1_GFN2-xTB_default_opt_ddCOSMO,89.78,
tier1:redox:M001:S022:q1:m2,M001_QP1_M2,S022,1,2,resolved,runs/geometry/resolved/tier1/M001_QP1_M2/S022.xyz,2929d497f1ef8ca26e9fe75228d030a699c9bf4aa1b0732a697ce45511d24d37,tier1_same_run_redox,20260729-jhtvs-fullspace-tier1-v1,redox-monomer-001-solvent-022-oxidized,2929d497f1ef8ca26e9fe75228d030a699c9bf4aa1b0732a697ce45511d24d37,121536533b046d58a3d408acc432e06dc2956ce69e32216addf2817a4ccb34a4,pass,pass,0,0,a7781bfb8860257e1817131466ffa686c910c9c9ef7a428975924fcda5fdb3ed,,Tier1_GFN2-xTB_default_opt_ddCOSMO,89.78,
tier1:redox:M007:S004:q0:m1,M007_Q0_M1,S004,0,1,resolved,runs/geometry/resolved/tier1/M007_Q0_M1/S004.xyz,94ef68e10a8cb4b558435a691383c6c3a3213b58c9019976d7ffb451f6c19d4c,tier1_same_run_redox,20260729-jhtvs-fullspace-tier1-v1,redox-monomer-007-solvent-004-resting,94ef68e10a8cb4b558435a691383c6c3a3213b58c9019976d7ffb451f6c19d4c,099cdc8fae006c279b08000b24069a5b6bd166c45eeb038a7b6d339f0dfdc99d,pass,pass,0,0,a7781bfb8860257e1817131466ffa686c910c9c9ef7a428975924fcda5fdb3ed,,Tier1_GFN2-xTB_default_opt_ddCOSMO,34.809,
tier1:redox:M007:S004:q1:m2,M007_QP1_M2,S004,1,2,resolved,runs/geometry/resolved/tier1/M007_QP1_M2/S004.xyz,b4eab1d36ef40e882380e69b19c3569d56ca38ea134b4c1a890e19d95a8e8506,tier1_same_run_redox,20260729-jhtvs-fullspace-tier1-v1,redox-monomer-007-solvent-004-oxidized,b4eab1d36ef40e882380e69b19c3569d56ca38ea134b4c1a890e19d95a8e8506,47fb8ce574e0e592cc67655ceac7b9473ce8849d7787a4038128c6cf318ab5e6,pass,pass,0,0,a7781bfb8860257e1817131466ffa686c910c9c9ef7a428975924fcda5fdb3ed,,Tier1_GFN2-xTB_default_opt_ddCOSMO,34.809,
tier1:redox:M007:S011:q0:m1,M007_Q0_M1,S011,0,1,resolved,runs/geometry/resolved/tier1/M007_Q0_M1/S011.xyz,b7eedded779d8ad5a63aedae9966a6e202db1106bf52eae1d223508976e471bb,tier1_same_run_redox,20260729-jhtvs-fullspace-tier1-v1,redox-monomer-007-solvent-011-resting,b7eedded779d8ad5a63aedae9966a6e202db1106bf52eae1d223508976e471bb,a52291018607e72a3ad0db77773e0c98d2421bd9753b207334582424758e14ea,pass,pass,0,0,a7781bfb8860257e1817131466ffa686c910c9c9ef7a428975924fcda5fdb3ed,,Tier1_GFN2-xTB_default_opt_ddCOSMO,41.7,
tier1:redox:M007:S011:q1:m2,M007_QP1_M2,S011,1,2,resolved,runs/geometry/resolved/tier1/M007_QP1_M2/S011.xyz,9a1a836ff22f57605b5be26a312b21f8f17fe6d3733a32931bdb4568b32d69e8,tier1_same_run_redox,20260729-jhtvs-fullspace-tier1-v1,redox-monomer-007-solvent-011-oxidized,9a1a836ff22f57605b5be26a312b21f8f17fe6d3733a32931bdb4568b32d69e8,fed8dad15b8cc900e8701500c0e9642607edf5437d064096135b62e51b655098,pass,pass,0,0,a7781bfb8860257e1817131466ffa686c910c9c9ef7a428975924fcda5fdb3ed,,Tier1_GFN2-xTB_default_opt_ddCOSMO,41.7,
tier1:redox:M007:S016:q0:m1,M007_Q0_M1,S016,0,1,resolved,runs/geometry/resolved/tier1/M007_Q0_M1/S016.xyz,54e7d79387530729c9d115bf65b184b937f220055229f539bc23fb432b1bab04,tier1_same_run_redox,20260729-jhtvs-fullspace-tier1-v1,redox-monomer-007-solvent-016-resting,54e7d79387530729c9d115bf65b184b937f220055229f539bc23fb432b1bab04,f8c79be93ce97bed3100526ddb6484f2dcdbd58d3b3923958a53712ff78fef23,pass,pass,0,0,a7781bfb8860257e1817131466ffa686c910c9c9ef7a428975924fcda5fdb3ed,,Tier1_GFN2-xTB_default_opt_ddCOSMO,9.7,
tier1:redox:M007:S016:q1:m2,M007_QP1_M2,S016,1,2,resolved,runs/geometry/resolved/tier1/M007_QP1_M2/S016.xyz,2f16f3a1bb890c19a389972f4274dfbb4e259ff52fa7733a616949d1ed7f2a31,tier1_same_run_redox,20260729-jhtvs-fullspace-tier1-v1,redox-monomer-007-solvent-016-oxidized,2f16f3a1bb890c19a389972f4274dfbb4e259ff52fa7733a616949d1ed7f2a31,c3e9efacc977ea7c6bc2f6a4c0ccc7fb8b9d635c9c034750aecc4f7fd9941faf,pass,pass,0,0,a7781bfb8860257e1817131466ffa686c910c9c9ef7a428975924fcda5fdb3ed,,Tier1_GFN2-xTB_default_opt_ddCOSMO,9.7,
tier1:redox:M007:S024:q0:m1,M007_Q0_M1,S024,0,1,resolved,runs/geometry/resolved/tier1/M007_Q0_M1/S024.xyz,bcf964be95633869c4c285b534e36c2dcc0495ee036b327940b01f05ceaf03a3,tier1_same_run_redox,20260729-jhtvs-fullspace-tier1-v1,redox-monomer-007-solvent-024-resting,bcf964be95633869c4c285b534e36c2dcc0495ee036b327940b01f05ceaf03a3,a5f69f881eeeee3b1fe065423e88caff53acfc47c862c79b1f43f2be1880bf9f,pass,pass,0,0,a7781bfb8860257e1817131466ffa686c910c9c9ef7a428975924fcda5fdb3ed,,Tier1_GFN2-xTB_default_opt_ddCOSMO,2.2099,
tier1:redox:M007:S024:q1:m2,M007_QP1_M2,S024,1,2,resolved,runs/geometry/resolved/tier1/M007_QP1_M2/S024.xyz,3161c1aa493803908c8cec1ca4a3095e4be8034a82980630ed613211f3f02af7,tier1_same_run_redox,20260729-jhtvs-fullspace-tier1-v1,redox-monomer-007-solvent-024-oxidized,3161c1aa493803908c8cec1ca4a3095e4be8034a82980630ed613211f3f02af7,4775adfe74ec748cd7164e0c58bb11cbe2b22912508b56c9fb8f6df8941313f8,pass,pass,0,0,a7781bfb8860257e1817131466ffa686c910c9c9ef7a428975924fcda5fdb3ed,,Tier1_GFN2-xTB_default_opt_ddCOSMO,2.2099,
tier1:redox:M013:S005:q0:m1,M013_Q0_M1,S005,0,1,resolved,runs/geometry/resolved/tier1/M013_Q0_M1/S005.xyz,731a6774fc01871ea70155492f32fd1c0905a86495b90c82edb49617312c031d,tier1_same_run_redox,20260729-jhtvs-fullspace-tier1-v1,redox-monomer-013-solvent-005-resting,731a6774fc01871ea70155492f32fd1c0905a86495b90c82edb49617312c031d,ea2eedb5b1067a093c68d50167b72c901dcca54884d74f1a5af9862caaf94c15,pass,pass,0,0,a7781bfb8860257e1817131466ffa686c910c9c9ef7a428975924fcda5fdb3ed,,Tier1_GFN2-xTB_default_opt_ddCOSMO,25.592,
tier1:redox:M013:S005:q1:m2,M013_QP1_M2,S005,1,2,resolved,runs/geometry/resolved/tier1/M013_QP1_M2/S005.xyz,95b16843a051e6b91d16f3aeaf999ca90b43059155a17f38d6cc85f50238a659,tier1_same_run_redox,20260729-jhtvs-fullspace-tier1-v1,redox-monomer-013-solvent-005-oxidized,95b16843a051e6b91d16f3aeaf999ca90b43059155a17f38d6cc85f50238a659,4c84995c150b8484ebbac03b2a81928acab4586e7107ee5113646ca512677854,pass,pass,0,0,a7781bfb8860257e1817131466ffa686c910c9c9ef7a428975924fcda5fdb3ed,,Tier1_GFN2-xTB_default_opt_ddCOSMO,25.592,
tier1:redox:M013:S012:q0:m1,M013_Q0_M1,S012,0,1,resolved,runs/geometry/resolved/tier1/M013_Q0_M1/S012.xyz,39425162005a81dae0d5e723dbae2c06b3a0fb1f6af4cf1dc72f9705f2560b78,tier1_same_run_redox,20260729-jhtvs-fullspace-tier1-v1,redox-monomer-013-solvent-012-resting,39425162005a81dae0d5e723dbae2c06b3a0fb1f6af4cf1dc72f9705f2560b78,13c55fea7b9ab079e05fbdd8fc7a385f7d558a0576b31d579f81be51b9e70916,pass,pass,0,0,a7781bfb8860257e1817131466ffa686c910c9c9ef7a428975924fcda5fdb3ed,,Tier1_GFN2-xTB_default_opt_ddCOSMO,43.3,
tier1:redox:M013:S012:q1:m2,M013_QP1_M2,S012,1,2,resolved,runs/geometry/resolved/tier1/M013_QP1_M2/S012.xyz,e2fb518530a4d1eb20b322c52774472b8b3c337ddeb08d6e5bc56c3530d7e16a,tier1_same_run_redox,20260729-jhtvs-fullspace-tier1-v1,redox-monomer-013-solvent-012-oxidized,e2fb518530a4d1eb20b322c52774472b8b3c337ddeb08d6e5bc56c3530d7e16a,375d950ead2c8b6ab178e3a377745982f94d7670765a4f594440ad889abd2847,pass,pass,0,0,a7781bfb8860257e1817131466ffa686c910c9c9ef7a428975924fcda5fdb3ed,,Tier1_GFN2-xTB_default_opt_ddCOSMO,43.3,
tier1:redox:M013:S017:q0:m1,M013_Q0_M1,S017,0,1,resolved,runs/geometry/resolved/tier1/M013_Q0_M1/S017.xyz,db574b798c807d2e9b6671abd277bb309c515c1f7763c7c6716c59a3471d3228,tier1_same_run_redox,20260729-jhtvs-fullspace-tier1-v1,redox-monomer-013-solvent-017-resting,db574b798c807d2e9b6671abd277bb309c515c1f7763c7c6716c59a3471d3228,e5760730ffd2368cbfdc82b98a04836aa19ea1d7b1cf4b6befd250e86f6fd5a8,pass,pass,0,0,a7781bfb8860257e1817131466ffa686c910c9c9ef7a428975924fcda5fdb3ed,,Tier1_GFN2-xTB_default_opt_ddCOSMO,13.8,
tier1:redox:M013:S017:q1:m2,M013_QP1_M2,S017,1,2,resolved,runs/geometry/resolved/tier1/M013_QP1_M2/S017.xyz,04ecbdc438272f6b8c4cb523656b847c0e919dabba024d1dd7a1d8720ff785be,tier1_same_run_redox,20260729-jhtvs-fullspace-tier1-v1,redox-monomer-013-solvent-017-oxidized,04ecbdc438272f6b8c4cb523656b847c0e919dabba024d1dd7a1d8720ff785be,3395aa7288ecda85cfb05b5e01a34e528f71e16f4ab12ba7373bdde3f9e29969,pass,pass,0,0,a7781bfb8860257e1817131466ffa686c910c9c9ef7a428975924fcda5fdb3ed,,Tier1_GFN2-xTB_default_opt_ddCOSMO,13.8,
tier1:redox:M013:S021:q0:m1,M013_Q0_M1,S021,0,1,resolved,runs/geometry/resolved/tier1/M013_Q0_M1/S021.xyz,f1c57196d5441e1450a94049aecb50ea14ad72ce7cbcb11ee0f4f0c1b104e499,tier1_same_run_redox,20260729-jhtvs-fullspace-tier1-v1,redox-monomer-013-solvent-021-resting,f1c57196d5441e1450a94049aecb50ea14ad72ce7cbcb11ee0f4f0c1b104e499,1a2343a2c99a706c989819814b4936cf4f51456209aa879bbb1e121439c27600,pass,pass,0,0,a7781bfb8860257e1817131466ffa686c910c9c9ef7a428975924fcda5fdb3ed,,Tier1_GFN2-xTB_default_opt_ddCOSMO,4.7113,
tier1:redox:M013:S021:q1:m2,M013_QP1_M2,S021,1,2,resolved,runs/geometry/resolved/tier1/M013_QP1_M2/S021.xyz,6c322f17685d4728c670ca1899b6ddace9843c8e8598481faa569429d900b1bc,tier1_same_run_redox,20260729-jhtvs-fullspace-tier1-v1,redox-monomer-013-solvent-021-oxidized,6c322f17685d4728c670ca1899b6ddace9843c8e8598481faa569429d900b1bc,b2170c155495fa9275daab3d23f2de48567d8f28d23f917df80471744c46982c,pass,pass,0,0,a7781bfb8860257e1817131466ffa686c910c9c9ef7a428975924fcda5fdb3ed,,Tier1_GFN2-xTB_default_opt_ddCOSMO,4.7113,
tier1:redox:M014:S002:q0:m1,M014_Q0_M1,S002,0,1,resolved,runs/geometry/resolved/tier1/M014_Q0_M1/S002.xyz,5416e5611fafc1410040e11198da9a5c942abf4d64207d701d7dda034b24ba92,tier1_same_run_redox,20260729-jhtvs-fullspace-tier1-v1,redox-monomer-014-solvent-002-resting,5416e5611fafc1410040e11198da9a5c942abf4d64207d701d7dda034b24ba92,c71eae0f13cb8b80f0fb02d5d4ee847a5acd00c9a3f076b770a4312e53dda095,pass,pass,0,0,a7781bfb8860257e1817131466ffa686c910c9c9ef7a428975924fcda5fdb3ed,,Tier1_GFN2-xTB_default_opt_ddCOSMO,8.93,
tier1:redox:M014:S002:q1:m2,M014_QP1_M2,S002,1,2,resolved,runs/geometry/resolved/tier1/M014_QP1_M2/S002.xyz,c7c14011aec684998dfdcfb4cf87c0b436429a91685d50a3050a390a4cb33d76,tier1_same_run_redox,20260729-jhtvs-fullspace-tier1-v1,redox-monomer-014-solvent-002-oxidized,c7c14011aec684998dfdcfb4cf87c0b436429a91685d50a3050a390a4cb33d76,c7e1c3c3d96ff284613dd2a4288a3899705c5c9ac9a537ac3e2e39759492f92c,pass,pass,0,0,a7781bfb8860257e1817131466ffa686c910c9c9ef7a428975924fcda5fdb3ed,,Tier1_GFN2-xTB_default_opt_ddCOSMO,8.93,
tier1:redox:M014:S006:q0:m1,M014_Q0_M1,S006,0,1,resolved,runs/geometry/resolved/tier1/M014_Q0_M1/S006.xyz,5453b8f4e6e2a85e6eb8d2a881aa5454f761eed083d8f2c16b91b24ef0304de8,tier1_same_run_redox,20260729-jhtvs-fullspace-tier1-v1,redox-monomer-014-solvent-006-resting,5453b8f4e6e2a85e6eb8d2a881aa5454f761eed083d8f2c16b91b24ef0304de8,f54effea3cf10e2ed146e3d5eb3e8f176003c2b854fd9adc3e2de94c8f3ff6cc,pass,pass,0,0,a7781bfb8860257e1817131466ffa686c910c9c9ef7a428975924fcda5fdb3ed,,Tier1_GFN2-xTB_default_opt_ddCOSMO,37.219,
tier1:redox:M014:S006:q1:m2,M014_QP1_M2,S006,1,2,resolved,runs/geometry/resolved/tier1/M014_QP1_M2/S006.xyz,a10febedc1d0b20a2b6fbf14cd224261732f77b0255447d220ec448b8b56631a,tier1_same_run_redox,20260729-jhtvs-fullspace-tier1-v1,redox-monomer-014-solvent-006-oxidized,a10febedc1d0b20a2b6fbf14cd224261732f77b0255447d220ec448b8b56631a,247c27a861e89b0998a193cca29bd4a66c69e1a04f56bd22b2daf3a490e314a1,pass,pass,0,0,a7781bfb8860257e1817131466ffa686c910c9c9ef7a428975924fcda5fdb3ed,,Tier1_GFN2-xTB_default_opt_ddCOSMO,37.219,
tier1:redox:M014:S014:q0:m1,M014_Q0_M1,S014,0,1,resolved,runs/geometry/resolved/tier1/M014_Q0_M1/S014.xyz,f4ddfc185a85d1ae2c7de3885168767b54c647e847bb5e0811db8f59ce775567,tier1_same_run_redox,20260729-jhtvs-fullspace-tier1-v1,redox-monomer-014-solvent-014-resting,f4ddfc185a85d1ae2c7de3885168767b54c647e847bb5e0811db8f59ce775567,fe8be33518bff1a618c66e2b4c404b8e1a123dfab330e97255685ee5f4afd4c2,pass,pass,0,0,a7781bfb8860257e1817131466ffa686c910c9c9ef7a428975924fcda5fdb3ed,,Tier1_GFN2-xTB_default_opt_ddCOSMO,4.34,
tier1:redox:M014:S014:q1:m2,M014_QP1_M2,S014,1,2,resolved,runs/geometry/resolved/tier1/M014_QP1_M2/S014.xyz,5b548451431127b645a45403d5dc8ab281d32632f923eaa2a7fff26cc8e156cd,tier1_same_run_redox,20260729-jhtvs-fullspace-tier1-v1,redox-monomer-014-solvent-014-oxidized,5b548451431127b645a45403d5dc8ab281d32632f923eaa2a7fff26cc8e156cd,17f2c7b212a220c776f2ae490fcd19141effbf6a94819086e2497acb89a028c0,pass,pass,0,0,a7781bfb8860257e1817131466ffa686c910c9c9ef7a428975924fcda5fdb3ed,,Tier1_GFN2-xTB_default_opt_ddCOSMO,4.34,
tier1:redox:M014:S018:q0:m1,M014_Q0_M1,S018,0,1,resolved,runs/geometry/resolved/tier1/M014_Q0_M1/S018.xyz,1767f1b60d942630e1d44e9e5706a3904c33ef16d1c9577a437d63491b30579e,tier1_same_run_redox,20260729-jhtvs-fullspace-tier1-v1,redox-monomer-014-solvent-018-resting,1767f1b60d942630e1d44e9e5706a3904c33ef16d1c9577a437d63491b30579e,0f65f430566a0743c43c78d4ea2b98a2654a938baa4ff25f1565c9cb36d6e367,pass,pass,0,0,a7781bfb8860257e1817131466ffa686c910c9c9ef7a428975924fcda5fdb3ed,,Tier1_GFN2-xTB_default_opt_ddCOSMO,9.8,
tier1:redox:M014:S018:q1:m2,M014_QP1_M2,S018,1,2,resolved,runs/geometry/resolved/tier1/M014_QP1_M2/S018.xyz,6dff0a83f40fef4fdcfceb28b9292eecdc09b6d5a1bc4fcd75246d10631396e0,tier1_same_run_redox,20260729-jhtvs-fullspace-tier1-v1,redox-monomer-014-solvent-018-oxidized,6dff0a83f40fef4fdcfceb28b9292eecdc09b6d5a1bc4fcd75246d10631396e0,fb0f9194af5a0ec7165e9b1d56952e35674fe87a885970d4ecb449f5c4133c3a,pass,pass,0,0,a7781bfb8860257e1817131466ffa686c910c9c9ef7a428975924fcda5fdb3ed,,Tier1_GFN2-xTB_default_opt_ddCOSMO,9.8,
tier1:redox:M017:S003:q0:m1,M017_Q0_M1,S003,0,1,resolved,runs/geometry/resolved/tier1/M017_Q0_M1/S003.xyz,fe0f80c035254c4e1806870797daba5c1c3531b0cba3fe8b4ff71ba2c3ed14c0,tier1_same_run_redox,20260729-jhtvs-fullspace-tier1-v1,redox-monomer-017-solvent-003-resting,fe0f80c035254c4e1806870797daba5c1c3531b0cba3fe8b4ff71ba2c3ed14c0,d5df3b1c89370270ea42dd4dd0f22ce40f19956496aa7e6f9704f4d7b355b68a,pass,pass,0,0,a7781bfb8860257e1817131466ffa686c910c9c9ef7a428975924fcda5fdb3ed,,Tier1_GFN2-xTB_default_opt_ddCOSMO,64.92,
tier1:redox:M017:S003:q1:m2,M017_QP1_M2,S003,1,2,resolved,runs/geometry/resolved/tier1/M017_QP1_M2/S003.xyz,584415a92999b930c5f3e40c69f981a29661420993613e4371d8b0280c6a6985,tier1_same_run_redox,20260729-jhtvs-fullspace-tier1-v1,redox-monomer-017-solvent-003-oxidized,584415a92999b930c5f3e40c69f981a29661420993613e4371d8b0280c6a6985,7058a52d0a6a5b559eff89655d014439442f29dec96c12f468bf26e0aab9a114,pass,pass,0,0,a7781bfb8860257e1817131466ffa686c910c9c9ef7a428975924fcda5fdb3ed,,Tier1_GFN2-xTB_default_opt_ddCOSMO,64.92,
tier1:redox:M017:S008:q0:m1,M017_Q0_M1,S008,0,1,resolved,runs/geometry/resolved/tier1/M017_Q0_M1/S008.xyz,5407b06cbcb4d2506fa48e12cf1055a55c76f839fcfa027dc7c2359cc945e3e8,tier1_same_run_redox,20260729-jhtvs-fullspace-tier1-v1,redox-monomer-017-solvent-008-resting,5407b06cbcb4d2506fa48e12cf1055a55c76f839fcfa027dc7c2359cc945e3e8,1ccabb3f6e460735d38ce970ab75221d89a4c5f09f2df3fab28756783ded238e,pass,pass,0,0,a7781bfb8860257e1817131466ffa686c910c9c9ef7a428975924fcda5fdb3ed,,Tier1_GFN2-xTB_default_opt_ddCOSMO,7.4257,
tier1:redox:M017:S008:q1:m2,M017_QP1_M2,S008,1,2,resolved,runs/geometry/resolved/tier1/M017_QP1_M2/S008.xyz,0e228c97fe8322cc17f11bcee332ad222e34ce8ebaeec962a112f30c7f0a365b,tier1_same_run_redox,20260729-jhtvs-fullspace-tier1-v1,redox-monomer-017-solvent-008-oxidized,0e228c97fe8322cc17f11bcee332ad222e34ce8ebaeec962a112f30c7f0a365b,f9fb715a2fefc9b61091809f0b732d8a72ae8efae8bd7c595a6d346ad1eb0e01,pass,pass,0,0,a7781bfb8860257e1817131466ffa686c910c9c9ef7a428975924fcda5fdb3ed,,Tier1_GFN2-xTB_default_opt_ddCOSMO,7.4257,
tier1:redox:M017:S013:q0:m1,M017_Q0_M1,S013,0,1,resolved,runs/geometry/resolved/tier1/M017_Q0_M1/S013.xyz,7b3fba20f04cd2f59413f3767facad489344bf444a35899fc3c832b73e125004,tier1_same_run_redox,20260729-jhtvs-fullspace-tier1-v1,redox-monomer-017-solvent-013-resting,7b3fba20f04cd2f59413f3767facad489344bf444a35899fc3c832b73e125004,628285b7e1ecda2729d07221e7628e1b47bb41ab71c946c0b208e45d24d366ac,pass,pass,0,0,a7781bfb8860257e1817131466ffa686c910c9c9ef7a428975924fcda5fdb3ed,,Tier1_GFN2-xTB_default_opt_ddCOSMO,32.2,
tier1:redox:M017:S013:q1:m2,M017_QP1_M2,S013,1,2,resolved,runs/geometry/resolved/tier1/M017_QP1_M2/S013.xyz,376403e2be616b75ce4a6c8d810523727c34ff6679f5ff670efaba389719784e,tier1_same_run_redox,20260729-jhtvs-fullspace-tier1-v1,redox-monomer-017-solvent-013-oxidized,376403e2be616b75ce4a6c8d810523727c34ff6679f5ff670efaba389719784e,8b3a79f45356e7aedaecae09b403c48b73367d604b226f8df502183273ad205b,pass,pass,0,0,a7781bfb8860257e1817131466ffa686c910c9c9ef7a428975924fcda5fdb3ed,,Tier1_GFN2-xTB_default_opt_ddCOSMO,32.2,
tier1:redox:M017:S020:q0:m1,M017_Q0_M1,S020,0,1,resolved,runs/geometry/resolved/tier1/M017_Q0_M1/S020.xyz,601d8a06a77de48f3612fdb9a17eb7488782b8891a33eb0f8ca8a8d94f751972,tier1_same_run_redox,20260729-jhtvs-fullspace-tier1-v1,redox-monomer-017-solvent-020-resting,601d8a06a77de48f3612fdb9a17eb7488782b8891a33eb0f8ca8a8d94f751972,582b0605be9671a1de153a311141eaaa773fcff88404045eca41e7330150e067,pass,pass,0,0,a7781bfb8860257e1817131466ffa686c910c9c9ef7a428975924fcda5fdb3ed,,Tier1_GFN2-xTB_default_opt_ddCOSMO,10.125,
tier1:redox:M017:S020:q1:m2,M017_QP1_M2,S020,1,2,resolved,runs/geometry/resolved/tier1/M017_QP1_M2/S020.xyz,30e0a294dcf5f1305e1987516d3e481386f1d18ba20647ecc65e4a88d70bc89b,tier1_same_run_redox,20260729-jhtvs-fullspace-tier1-v1,redox-monomer-017-solvent-020-oxidized,30e0a294dcf5f1305e1987516d3e481386f1d18ba20647ecc65e4a88d70bc89b,572bf6000f6ae61cffbe4ece6bcbb9bdba635161af2d9587463926f60bb42b04,pass,pass,0,0,a7781bfb8860257e1817131466ffa686c910c9c9ef7a428975924fcda5fdb3ed,,Tier1_GFN2-xTB_default_opt_ddCOSMO,10.125,
tier1:redox:M022:S001:q0:m1,M022_Q0_M1,S001,0,1,resolved,runs/geometry/resolved/tier1/M022_Q0_M1/S001.xyz,c5c9dd861157456f01be65522c327a1e3a1dd6b46a486eeb02a038e20def6b8e,tier1_same_run_redox,20260729-jhtvs-fullspace-tier1-v1,redox-monomer-022-solvent-001-resting,c5c9dd861157456f01be65522c327a1e3a1dd6b46a486eeb02a038e20def6b8e,1af8c5089ee61771855f077b964dfb67844167c1ae14897a35d62b46e4117496,pass,pass,0,0,a7781bfb8860257e1817131466ffa686c910c9c9ef7a428975924fcda5fdb3ed,,Tier1_GFN2-xTB_default_opt_ddCOSMO,35.688,
tier1:redox:M022:S001:q1:m2,M022_QP1_M2,S001,1,2,resolved,runs/geometry/resolved/tier1/M022_QP1_M2/S001.xyz,3b2369106cd4ab7fc5c896f338b5f7dbc3b1f21c68639a3c2bf19f1364e6a4f5,tier1_same_run_redox,20260729-jhtvs-fullspace-tier1-v1,redox-monomer-022-solvent-001-oxidized,3b2369106cd4ab7fc5c896f338b5f7dbc3b1f21c68639a3c2bf19f1364e6a4f5,b70facff77c21218645240c2061f930bf78b76d172f2cbb21021ac129ad5163e,pass,pass,0,0,a7781bfb8860257e1817131466ffa686c910c9c9ef7a428975924fcda5fdb3ed,,Tier1_GFN2-xTB_default_opt_ddCOSMO,35.688,
tier1:redox:M022:S002:q0:m1,M022_Q0_M1,S002,0,1,resolved,runs/geometry/resolved/tier1/M022_Q0_M1/S002.xyz,d517b36429dac5b44971b05d6867e85a63a6a8fd6a7205fee3e220990cf49f31,tier1_same_run_redox,20260729-jhtvs-fullspace-tier1-v1,redox-monomer-022-solvent-002-resting,d517b36429dac5b44971b05d6867e85a63a6a8fd6a7205fee3e220990cf49f31,6e6f4073e0906b88113791fdbeb61086568fabd1fad30d7197da56f8fdef1b19,pass,pass,0,0,a7781bfb8860257e1817131466ffa686c910c9c9ef7a428975924fcda5fdb3ed,,Tier1_GFN2-xTB_default_opt_ddCOSMO,8.93,
tier1:redox:M022:S002:q1:m2,M022_QP1_M2,S002,1,2,resolved,runs/geometry/resolved/tier1/M022_QP1_M2/S002.xyz,59395c80a2a17f5eb48e54865db1a5bbbc7ab0aed6362a7eb24f73a6e85172e3,tier1_same_run_redox,20260729-jhtvs-fullspace-tier1-v1,redox-monomer-022-solvent-002-oxidized,59395c80a2a17f5eb48e54865db1a5bbbc7ab0aed6362a7eb24f73a6e85172e3,ea0134fb9f9889fceb18e2d418a00a31b5f0732c48ad103a83d4fa96c7b980d8,pass,pass,0,0,a7781bfb8860257e1817131466ffa686c910c9c9ef7a428975924fcda5fdb3ed,,Tier1_GFN2-xTB_default_opt_ddCOSMO,8.93,
tier1:redox:M022:S003:q0:m1,M022_Q0_M1,S003,0,1,resolved,runs/geometry/resolved/tier1/M022_Q0_M1/S003.xyz,f4ae2cb41fd3067e0915d2b83accce45cf98ba2f9e0a317322a236de6333762e,tier1_same_run_redox,20260729-jhtvs-fullspace-tier1-v1,redox-monomer-022-solvent-003-resting,f4ae2cb41fd3067e0915d2b83accce45cf98ba2f9e0a317322a236de6333762e,f54d1cb5c7936a8694d1134472782b069167fce7bbbf37095db9fee9be87883c,pass,pass,0,0,a7781bfb8860257e1817131466ffa686c910c9c9ef7a428975924fcda5fdb3ed,,Tier1_GFN2-xTB_default_opt_ddCOSMO,64.92,
tier1:redox:M022:S003:q1:m2,M022_QP1_M2,S003,1,2,resolved,runs/geometry/resolved/tier1/M022_QP1_M2/S003.xyz,499c305f4537ca8adc7f0a81219c731c63ec28f27a6e9767fcd491c3ba5c8f01,tier1_same_run_redox,20260729-jhtvs-fullspace-tier1-v1,redox-monomer-022-solvent-003-oxidized,499c305f4537ca8adc7f0a81219c731c63ec28f27a6e9767fcd491c3ba5c8f01,355cd75f643bdf4b1dd4059a3663d5feaac195262d2c38ec225b5496cd26f882,pass,pass,0,0,a7781bfb8860257e1817131466ffa686c910c9c9ef7a428975924fcda5fdb3ed,,Tier1_GFN2-xTB_default_opt_ddCOSMO,64.92,
tier1:redox:M022:S004:q0:m1,M022_Q0_M1,S004,0,1,resolved,runs/geometry/resolved/tier1/M022_Q0_M1/S004.xyz,840cf19959172b3258c66fa261621033b65af9996a18d2b9795735bce59e5d95,tier1_same_run_redox,20260729-jhtvs-fullspace-tier1-v1,redox-monomer-022-solvent-004-resting,840cf19959172b3258c66fa261621033b65af9996a18d2b9795735bce59e5d95,5be7bc985a1f783562b16dde7508677589b2600ea0603817e069275827f67c60,pass,pass,0,0,a7781bfb8860257e1817131466ffa686c910c9c9ef7a428975924fcda5fdb3ed,,Tier1_GFN2-xTB_default_opt_ddCOSMO,34.809,
tier1:redox:M022:S004:q1:m2,M022_QP1_M2,S004,1,2,resolved,runs/geometry/resolved/tier1/M022_QP1_M2/S004.xyz,e9ea1ee36756887eef0406f8c21f26a78615612ecb26f991d2063268949758e9,tier1_same_run_redox,20260729-jhtvs-fullspace-tier1-v1,redox-monomer-022-solvent-004-oxidized,e9ea1ee36756887eef0406f8c21f26a78615612ecb26f991d2063268949758e9,803dd5985957acfd7c5ecd44b5ac3f49ef9467e349bd787f4195a5df688a7789,pass,pass,0,0,a7781bfb8860257e1817131466ffa686c910c9c9ef7a428975924fcda5fdb3ed,,Tier1_GFN2-xTB_default_opt_ddCOSMO,34.809,
tier1:redox:M022:S005:q0:m1,M022_Q0_M1,S005,0,1,resolved,runs/geometry/resolved/tier1/M022_Q0_M1/S005.xyz,88aec2473f2371cecbde12134ee3354389ae3180ffcca67f12e221553ddcfc31,tier1_same_run_redox,20260729-jhtvs-fullspace-tier1-v1,redox-monomer-022-solvent-005-resting,88aec2473f2371cecbde12134ee3354389ae3180ffcca67f12e221553ddcfc31,861b91899dd1cf90de1940ba79bb462379ffc802339e7e26caf9d19f953e05f2,pass,pass,0,0,a7781bfb8860257e1817131466ffa686c910c9c9ef7a428975924fcda5fdb3ed,,Tier1_GFN2-xTB_default_opt_ddCOSMO,25.592,
tier1:redox:M022:S005:q1:m2,M022_QP1_M2,S005,1,2,resolved,runs/geometry/resolved/tier1/M022_QP1_M2/S005.xyz,140b0cfe2e8865717b4b2d095a5fa517278544d2101550fa4e9c2280bd5915b6,tier1_same_run_redox,20260729-jhtvs-fullspace-tier1-v1,redox-monomer-022-solvent-005-oxidized,140b0cfe2e8865717b4b2d095a5fa517278544d2101550fa4e9c2280bd5915b6,b3c0a248f9e8da35606e8c1e933b9d8d7eaf8652d978db368a9ca03ed9ce1aa6,pass,pass,0,0,a7781bfb8860257e1817131466ffa686c910c9c9ef7a428975924fcda5fdb3ed,,Tier1_GFN2-xTB_default_opt_ddCOSMO,25.592,
tier1:redox:M022:S006:q0:m1,M022_Q0_M1,S006,0,1,resolved,runs/geometry/resolved/tier1/M022_Q0_M1/S006.xyz,628c18cf2341443f97fae830c4cbb4c9456c02e475ecec36d2e43c4ab42ff4ec,tier1_same_run_redox,20260729-jhtvs-fullspace-tier1-v1,redox-monomer-022-solvent-006-resting,628c18cf2341443f97fae830c4cbb4c9456c02e475ecec36d2e43c4ab42ff4ec,b8ca8ce3ec92d383bbb1c95dc3b74eb5b4a58d111212260607edf9d6c8d0efa5,pass,pass,0,0,a7781bfb8860257e1817131466ffa686c910c9c9ef7a428975924fcda5fdb3ed,,Tier1_GFN2-xTB_default_opt_ddCOSMO,37.219,
tier1:redox:M022:S006:q1:m2,M022_QP1_M2,S006,1,2,resolved,runs/geometry/resolved/tier1/M022_QP1_M2/S006.xyz,0dcbc7d716e1b8d4c0f903cc4d02fdbeb75cbdfe2e8b58d6e13deda6b4289057,tier1_same_run_redox,20260729-jhtvs-fullspace-tier1-v1,redox-monomer-022-solvent-006-oxidized,0dcbc7d716e1b8d4c0f903cc4d02fdbeb75cbdfe2e8b58d6e13deda6b4289057,37386d435cba5a74b3b4a2a18296ca54991f3ed5b23028b64ca419d7e16dc25e,pass,pass,0,0,a7781bfb8860257e1817131466ffa686c910c9c9ef7a428975924fcda5fdb3ed,,Tier1_GFN2-xTB_default_opt_ddCOSMO,37.219,
tier1:redox:M022:S007:q0:m1,M022_Q0_M1,S007,0,1,resolved,runs/geometry/resolved/tier1/M022_Q0_M1/S007.xyz,5782a0b94a12e8051c2d73c098c6ff3f35aa9c5a53347c376a7bca42c0f77b29,tier1_same_run_redox,20260729-jhtvs-fullspace-tier1-v1,redox-monomer-022-solvent-007-resting,5782a0b94a12e8051c2d73c098c6ff3f35aa9c5a53347c376a7bca42c0f77b29,6e6b7ee92ff49c2dbbe0e7fe80eab8a47c6dc8dbf9cfa8d264b5282d29036c5e,pass,pass,0,0,a7781bfb8860257e1817131466ffa686c910c9c9ef7a428975924fcda5fdb3ed,,Tier1_GFN2-xTB_default_opt_ddCOSMO,46.826,
tier1:redox:M022:S007:q1:m2,M022_QP1_M2,S007,1,2,resolved,runs/geometry/resolved/tier1/M022_QP1_M2/S007.xyz,afd11b5b31da29b482d6b032676ad7363d97442a4d47beb802b6b121206a00a1,tier1_same_run_redox,20260729-jhtvs-fullspace-tier1-v1,redox-monomer-022-solvent-007-oxidized,afd11b5b31da29b482d6b032676ad7363d97442a4d47beb802b6b121206a00a1,9ad6a856ea530f925ff57f36572d7793f7822b94620d0c6a227e3546b8a3f5c0,pass,pass,0,0,a7781bfb8860257e1817131466ffa686c910c9c9ef7a428975924fcda5fdb3ed,,Tier1_GFN2-xTB_default_opt_ddCOSMO,46.826,
tier1:redox:M022:S008:q0:m1,M022_Q0_M1,S008,0,1,resolved,runs/geometry/resolved/tier1/M022_Q0_M1/S008.xyz,bf49c4e914d7e0f2f859afb840fa5b0e433b2b5b42199e6a76d29e9d05918b6a,tier1_same_run_redox,20260729-jhtvs-fullspace-tier1-v1,redox-monomer-022-solvent-008-resting,bf49c4e914d7e0f2f859afb840fa5b0e433b2b5b42199e6a76d29e9d05918b6a,9cc6be015b38ab6c209b55d202fccbfd4df8e02c20702d274b53cd65c71edc97,pass,pass,0,0,a7781bfb8860257e1817131466ffa686c910c9c9ef7a428975924fcda5fdb3ed,,Tier1_GFN2-xTB_default_opt_ddCOSMO,7.4257,
tier1:redox:M022:S008:q1:m2,M022_QP1_M2,S008,1,2,resolved,runs/geometry/resolved/tier1/M022_QP1_M2/S008.xyz,e21cce1aa60708196ceb382de68543add47a7508f08b82ede3509d8b6ce7069c,tier1_same_run_redox,20260729-jhtvs-fullspace-tier1-v1,redox-monomer-022-solvent-008-oxidized,e21cce1aa60708196ceb382de68543add47a7508f08b82ede3509d8b6ce7069c,e38f5ceb2091abf7fc20d8a0456f2edfd75b2c5d06bfd8c99b85e683fff34b40,pass,pass,0,0,a7781bfb8860257e1817131466ffa686c910c9c9ef7a428975924fcda5fdb3ed,,Tier1_GFN2-xTB_default_opt_ddCOSMO,7.4257,
tier1:redox:M022:S009:q0:m1,M022_Q0_M1,S009,0,1,resolved,runs/geometry/resolved/tier1/M022_Q0_M1/S009.xyz,610a34feb7b70ef131484edb4d16afddbedc04a807609b5821ae7c53c84b14c0,tier1_same_run_redox,20260729-jhtvs-fullspace-tier1-v1,redox-monomer-022-solvent-009-resting,610a34feb7b70ef131484edb4d16afddbedc04a807609b5821ae7c53c84b14c0,5a5799b3c6e6fb58f08e07ff2e2367afae8778b2c03ed9ab4855299a16ad8f02,pass,pass,0,0,a7781bfb8860257e1817131466ffa686c910c9c9ef7a428975924fcda5fdb3ed,,Tier1_GFN2-xTB_default_opt_ddCOSMO,36.562,
tier1:redox:M022:S009:q1:m2,M022_QP1_M2,S009,1,2,resolved,runs/geometry/resolved/tier1/M022_QP1_M2/S009.xyz,a3e0a71bdf7e3d64c6ad2509907658ab5e77384b20c8cd56fa8f2fdb0d6a21c9,tier1_same_run_redox,20260729-jhtvs-fullspace-tier1-v1,redox-monomer-022-solvent-009-oxidized,a3e0a71bdf7e3d64c6ad2509907658ab5e77384b20c8cd56fa8f2fdb0d6a21c9,e5b5ab5adc0b6430fe685d160a6be3f141af29050259250f670a804b3db411b8,pass,pass,0,0,a7781bfb8860257e1817131466ffa686c910c9c9ef7a428975924fcda5fdb3ed,,Tier1_GFN2-xTB_default_opt_ddCOSMO,36.562,
tier1:redox:M022:S010:q0:m1,M022_Q0_M1,S010,0,1,resolved,runs/geometry/resolved/tier1/M022_Q0_M1/S010.xyz,b65c21bf1618bbc6f9d7b4b1bd1d99d1924a8a4c1e0829d0f3636eed3eb461ff,tier1_same_run_redox,20260729-jhtvs-fullspace-tier1-v1,redox-monomer-022-solvent-010-resting,b65c21bf1618bbc6f9d7b4b1bd1d99d1924a8a4c1e0829d0f3636eed3eb461ff,b2eabdc4b06071fb9e146d4eda93305be27e08d1eb0ecd5fc62f9afb02f1a2a8,pass,pass,0,0,a7781bfb8860257e1817131466ffa686c910c9c9ef7a428975924fcda5fdb3ed,,Tier1_GFN2-xTB_default_opt_ddCOSMO,78.355,
tier1:redox:M022:S010:q1:m2,M022_QP1_M2,S010,1,2,resolved,runs/geometry/resolved/tier1/M022_QP1_M2/S010.xyz,db6a50bb347eed3f508665b01e2714b31f28b360cd9dfaddfb73a3972d24619c,tier1_same_run_redox,20260729-jhtvs-fullspace-tier1-v1,redox-monomer-022-solvent-010-oxidized,db6a50bb347eed3f508665b01e2714b31f28b360cd9dfaddfb73a3972d24619c,51d7e407ec07d1f55dcd237d85e3c4a8c2c5043d385365154655bdf3fb01d8ea,pass,pass,0,0,a7781bfb8860257e1817131466ffa686c910c9c9ef7a428975924fcda5fdb3ed,,Tier1_GFN2-xTB_default_opt_ddCOSMO,78.355,
tier1:redox:M022:S011:q0:m1,M022_Q0_M1,S011,0,1,resolved,runs/geometry/resolved/tier1/M022_Q0_M1/S011.xyz,cfb27b146426798833f81e148f6d9a29fd243257e5f518f0b729586d4a74f04d,tier1_same_run_redox,20260729-jhtvs-fullspace-tier1-v1,redox-monomer-022-solvent-011-resting,cfb27b146426798833f81e148f6d9a29fd243257e5f518f0b729586d4a74f04d,0eae12522e8ee525e53d14caa6891f397a37454b78c2f1ff8b12319d161557fd,pass,pass,0,0,a7781bfb8860257e1817131466ffa686c910c9c9ef7a428975924fcda5fdb3ed,,Tier1_GFN2-xTB_default_opt_ddCOSMO,41.7,
tier1:redox:M022:S011:q1:m2,M022_QP1_M2,S011,1,2,resolved,runs/geometry/resolved/tier1/M022_QP1_M2/S011.xyz,fa5e428070ba3aed2359570899f76ca92e0458bd94e35fa654a8734069ddd0a5,tier1_same_run_redox,20260729-jhtvs-fullspace-tier1-v1,redox-monomer-022-solvent-011-oxidized,fa5e428070ba3aed2359570899f76ca92e0458bd94e35fa654a8734069ddd0a5,eaf1c3895d199f379e6c1f8add2d6111ef5fee242dc9a9f16a07af1814ddfcf6,pass,pass,0,0,a7781bfb8860257e1817131466ffa686c910c9c9ef7a428975924fcda5fdb3ed,,Tier1_GFN2-xTB_default_opt_ddCOSMO,41.7,
tier1:redox:M022:S012:q0:m1,M022_Q0_M1,S012,0,1,resolved,runs/geometry/resolved/tier1/M022_Q0_M1/S012.xyz,3eb1848c0c9cb0b95be501586ae9c4f857a339b5533f36880155e5a91a71e046,tier1_same_run_redox,20260729-jhtvs-fullspace-tier1-v1,redox-monomer-022-solvent-012-resting,3eb1848c0c9cb0b95be501586ae9c4f857a339b5533f36880155e5a91a71e046,d4e124ee38b0cf45acd451d3cd9e4adf3823f54530ea8face837d66f8d727e31,pass,pass,0,0,a7781bfb8860257e1817131466ffa686c910c9c9ef7a428975924fcda5fdb3ed,,Tier1_GFN2-xTB_default_opt_ddCOSMO,43.3,
tier1:redox:M022:S012:q1:m2,M022_QP1_M2,S012,1,2,resolved,runs/geometry/resolved/tier1/M022_QP1_M2/S012.xyz,2dc98f906707d7c9daded4ebb00b321e132f67d0d5d8c7bef9310a4bff3d980c,tier1_same_run_redox,20260729-jhtvs-fullspace-tier1-v1,redox-monomer-022-solvent-012-oxidized,2dc98f906707d7c9daded4ebb00b321e132f67d0d5d8c7bef9310a4bff3d980c,56b6b6d2e1eee6f1925ca48beb56b2a6a8ad37ccea9c14e04b897bc14031e696,pass,pass,0,0,a7781bfb8860257e1817131466ffa686c910c9c9ef7a428975924fcda5fdb3ed,,Tier1_GFN2-xTB_default_opt_ddCOSMO,43.3,
tier1:redox:M022:S013:q0:m1,M022_Q0_M1,S013,0,1,resolved,runs/geometry/resolved/tier1/M022_Q0_M1/S013.xyz,58f474c68cceaada64edb350741641fb50191bb6a128b9424cb21156314e2480,tier1_same_run_redox,20260729-jhtvs-fullspace-tier1-v1,redox-monomer-022-solvent-013-resting,58f474c68cceaada64edb350741641fb50191bb6a128b9424cb21156314e2480,beae6b448f3e406dd1e58686c1e09305b6033cfd1d87c70eab0cf08b430758cf,pass,pass,0,0,a7781bfb8860257e1817131466ffa686c910c9c9ef7a428975924fcda5fdb3ed,,Tier1_GFN2-xTB_default_opt_ddCOSMO,32.2,
tier1:redox:M022:S013:q1:m2,M022_QP1_M2,S013,1,2,resolved,runs/geometry/resolved/tier1/M022_QP1_M2/S013.xyz,62eda6335ae7d848f414fd1fa7e92789559ab68e1104085e8a1c34384237b88e,tier1_same_run_redox,20260729-jhtvs-fullspace-tier1-v1,redox-monomer-022-solvent-013-oxidized,62eda6335ae7d848f414fd1fa7e92789559ab68e1104085e8a1c34384237b88e,4119dc05e4fae74be3a91fb3dacc4bfbeeb017b5c057b78869e9403ae0aa03ca,pass,pass,0,0,a7781bfb8860257e1817131466ffa686c910c9c9ef7a428975924fcda5fdb3ed,,Tier1_GFN2-xTB_default_opt_ddCOSMO,32.2,
tier1:redox:M022:S014:q0:m1,M022_Q0_M1,S014,0,1,resolved,runs/geometry/resolved/tier1/M022_Q0_M1/S014.xyz,bfa887e199692e6513ff1fcce4edfc7113c9f89b757b325d5bf8b1d88980a37d,tier1_same_run_redox,20260729-jhtvs-fullspace-tier1-v1,redox-monomer-022-solvent-014-resting,bfa887e199692e6513ff1fcce4edfc7113c9f89b757b325d5bf8b1d88980a37d,d49db80a1e3e929d6c66de434dacf3cd538256de2adf4a9fa554a4c39e04c804,pass,pass,0,0,a7781bfb8860257e1817131466ffa686c910c9c9ef7a428975924fcda5fdb3ed,,Tier1_GFN2-xTB_default_opt_ddCOSMO,4.34,
tier1:redox:M022:S014:q1:m2,M022_QP1_M2,S014,1,2,resolved,runs/geometry/resolved/tier1/M022_QP1_M2/S014.xyz,fe49cd2c37ab992762821f524709015cabb5f055be57eff4bbaaaebe2e7fdcd5,tier1_same_run_redox,20260729-jhtvs-fullspace-tier1-v1,redox-monomer-022-solvent-014-oxidized,fe49cd2c37ab992762821f524709015cabb5f055be57eff4bbaaaebe2e7fdcd5,43737985748bf0dadd351928839be2cfd0805f6b4851fa7e5992c6214750c42a,pass,pass,0,0,a7781bfb8860257e1817131466ffa686c910c9c9ef7a428975924fcda5fdb3ed,,Tier1_GFN2-xTB_default_opt_ddCOSMO,4.34,
tier1:redox:M022:S015:q0:m1,M022_Q0_M1,S015,0,1,resolved,runs/geometry/resolved/tier1/M022_Q0_M1/S015.xyz,b2fd47376ec0a993a9845435cf228f632665956f21380cb913f2bb4d3283b8b7,tier1_same_run_redox,20260729-jhtvs-fullspace-tier1-v1,redox-monomer-022-solvent-015-resting,b2fd47376ec0a993a9845435cf228f632665956f21380cb913f2bb4d3283b8b7,d85b59784ed375dc6317624ce17a50c7945946846bcb1b80208cae18418380db,pass,pass,0,0,a7781bfb8860257e1817131466ffa686c910c9c9ef7a428975924fcda5fdb3ed,,Tier1_GFN2-xTB_default_opt_ddCOSMO,11.4,
tier1:redox:M022:S015:q1:m2,M022_QP1_M2,S015,1,2,resolved,runs/geometry/resolved/tier1/M022_QP1_M2/S015.xyz,2546e9f53bc29d1b98952f6127dbbf91fd5cdb01b4aaabd50d69afa7e7322f4b,tier1_same_run_redox,20260729-jhtvs-fullspace-tier1-v1,redox-monomer-022-solvent-015-oxidized,2546e9f53bc29d1b98952f6127dbbf91fd5cdb01b4aaabd50d69afa7e7322f4b,9c6d75431450aa1e7535bc79c9b87e490ef7ff7cb82ad669e861f424fe7a8169,pass,pass,0,0,a7781bfb8860257e1817131466ffa686c910c9c9ef7a428975924fcda5fdb3ed,,Tier1_GFN2-xTB_default_opt_ddCOSMO,11.4,
tier1:redox:M022:S016:q0:m1,M022_Q0_M1,S016,0,1,resolved,runs/geometry/resolved/tier1/M022_Q0_M1/S016.xyz,327651e7fd1c3f4780d668e30691b63583df10a5e0b814caad14640d43c94779,tier1_same_run_redox,20260729-jhtvs-fullspace-tier1-v1,redox-monomer-022-solvent-016-resting,327651e7fd1c3f4780d668e30691b63583df10a5e0b814caad14640d43c94779,6e2816f649f6e77224fb10bfbd2965f31d98702ed59a852c52cd0fa51da967cc,pass,pass,0,0,a7781bfb8860257e1817131466ffa686c910c9c9ef7a428975924fcda5fdb3ed,,Tier1_GFN2-xTB_default_opt_ddCOSMO,9.7,
tier1:redox:M022:S016:q1:m2,M022_QP1_M2,S016,1,2,resolved,runs/geometry/resolved/tier1/M022_QP1_M2/S016.xyz,4ccf739a2ccc682795a33afd01823d31c56e607aa7f7462dd3145732e9c55501,tier1_same_run_redox,20260729-jhtvs-fullspace-tier1-v1,redox-monomer-022-solvent-016-oxidized,4ccf739a2ccc682795a33afd01823d31c56e607aa7f7462dd3145732e9c55501,62bbc0437db67e78444223b4becfe41c1534f6b17519fca62f9fce870da4d70a,pass,pass,0,0,a7781bfb8860257e1817131466ffa686c910c9c9ef7a428975924fcda5fdb3ed,,Tier1_GFN2-xTB_default_opt_ddCOSMO,9.7,
tier1:redox:M022:S017:q0:m1,M022_Q0_M1,S017,0,1,resolved,runs/geometry/resolved/tier1/M022_Q0_M1/S017.xyz,0a988ba38c2cb677831f9f0423e576cdea238b4ff152c939fc96824ea46d8c66,tier1_same_run_redox,20260729-jhtvs-fullspace-tier1-v1,redox-monomer-022-solvent-017-resting,0a988ba38c2cb677831f9f0423e576cdea238b4ff152c939fc96824ea46d8c66,eb15d19b51bc88fc81503e1d4983ab6b0ea3c6dbd5f94ee98566ef3c86dc6c1c,pass,pass,0,0,a7781bfb8860257e1817131466ffa686c910c9c9ef7a428975924fcda5fdb3ed,,Tier1_GFN2-xTB_default_opt_ddCOSMO,13.8,
tier1:redox:M022:S017:q1:m2,M022_QP1_M2,S017,1,2,resolved,runs/geometry/resolved/tier1/M022_QP1_M2/S017.xyz,f52f84ce7f3ef27e85fead01a0602b55ab9a8aa16e999359031c8d87bf61cc5d,tier1_same_run_redox,20260729-jhtvs-fullspace-tier1-v1,redox-monomer-022-solvent-017-oxidized,f52f84ce7f3ef27e85fead01a0602b55ab9a8aa16e999359031c8d87bf61cc5d,27dead33ffa761a26eeb30ee110eeb4c5f0abd65f8d530b7fe1fda988307a2fd,pass,pass,0,0,a7781bfb8860257e1817131466ffa686c910c9c9ef7a428975924fcda5fdb3ed,,Tier1_GFN2-xTB_default_opt_ddCOSMO,13.8,
tier1:redox:M022:S018:q0:m1,M022_Q0_M1,S018,0,1,resolved,runs/geometry/resolved/tier1/M022_Q0_M1/S018.xyz,eaa40f6cf101e800654d066f897b2661b509ee0dc6205bb8247ce143bc68605e,tier1_same_run_redox,20260729-jhtvs-fullspace-tier1-v1,redox-monomer-022-solvent-018-resting,eaa40f6cf101e800654d066f897b2661b509ee0dc6205bb8247ce143bc68605e,112a04523219d3e8090f4b664d115213d565e36148f7f60981c6420fb3ccd082,pass,pass,0,0,a7781bfb8860257e1817131466ffa686c910c9c9ef7a428975924fcda5fdb3ed,,Tier1_GFN2-xTB_default_opt_ddCOSMO,9.8,
tier1:redox:M022:S018:q1:m2,M022_QP1_M2,S018,1,2,resolved,runs/geometry/resolved/tier1/M022_QP1_M2/S018.xyz,aca6a6ea5d2aee7a48d53554395000527c7c177cb1eda7812e49ad35e7788849,tier1_same_run_redox,20260729-jhtvs-fullspace-tier1-v1,redox-monomer-022-solvent-018-oxidized,aca6a6ea5d2aee7a48d53554395000527c7c177cb1eda7812e49ad35e7788849,0e85cb5a5d0973f5d9046ba0f878434b0fe0f68f1306336c2f4f6c6b30a7d4a5,pass,pass,0,0,a7781bfb8860257e1817131466ffa686c910c9c9ef7a428975924fcda5fdb3ed,,Tier1_GFN2-xTB_default_opt_ddCOSMO,9.8,
tier1:redox:M022:S019:q0:m1,M022_Q0_M1,S019,0,1,resolved,runs/geometry/resolved/tier1/M022_Q0_M1/S019.xyz,a63f8e8fcdef0fe46884d08795c9db93d8343b6ab703c35cd85e5117b7dc5174,tier1_same_run_redox,20260729-jhtvs-fullspace-tier1-v1,redox-monomer-022-solvent-019-resting,a63f8e8fcdef0fe46884d08795c9db93d8343b6ab703c35cd85e5117b7dc5174,1722c189dd5a629e826dc0803606818f608abe2b44a578a99a262e5acdb52d45,pass,pass,0,0,a7781bfb8860257e1817131466ffa686c910c9c9ef7a428975924fcda5fdb3ed,,Tier1_GFN2-xTB_default_opt_ddCOSMO,29.324,
tier1:redox:M022:S019:q1:m2,M022_QP1_M2,S019,1,2,resolved,runs/geometry/resolved/tier1/M022_QP1_M2/S019.xyz,4e08f5c52cefc47cc3b841e4dcd16d7dd4df08299a4f92ac2e3903c52ce94d90,tier1_same_run_redox,20260729-jhtvs-fullspace-tier1-v1,redox-monomer-022-solvent-019-oxidized,4e08f5c52cefc47cc3b841e4dcd16d7dd4df08299a4f92ac2e3903c52ce94d90,64f558ffa3db47d4ee559f14f52b6521cc9ff328d81b7449e74b824ecadebc7c,pass,pass,0,0,a7781bfb8860257e1817131466ffa686c910c9c9ef7a428975924fcda5fdb3ed,,Tier1_GFN2-xTB_default_opt_ddCOSMO,29.324,
tier1:redox:M022:S020:q0:m1,M022_Q0_M1,S020,0,1,resolved,runs/geometry/resolved/tier1/M022_Q0_M1/S020.xyz,851d56f9a7a91265fbf417c447fff7ec88ec90e700066dd4d4a137e78478beaf,tier1_same_run_redox,20260729-jhtvs-fullspace-tier1-v1,redox-monomer-022-solvent-020-resting,851d56f9a7a91265fbf417c447fff7ec88ec90e700066dd4d4a137e78478beaf,7e14c3589155665b863d38c841a9ad0ff6b458569d0a838a9496fc84fe00e43b,pass,pass,0,0,a7781bfb8860257e1817131466ffa686c910c9c9ef7a428975924fcda5fdb3ed,,Tier1_GFN2-xTB_default_opt_ddCOSMO,10.125,
tier1:redox:M022:S020:q1:m2,M022_QP1_M2,S020,1,2,resolved,runs/geometry/resolved/tier1/M022_QP1_M2/S020.xyz,6653e9851d4c25ca85bb7665dd6a4dfc170adfd658b46f3fce6a4760e33f88ea,tier1_same_run_redox,20260729-jhtvs-fullspace-tier1-v1,redox-monomer-022-solvent-020-oxidized,6653e9851d4c25ca85bb7665dd6a4dfc170adfd658b46f3fce6a4760e33f88ea,59a6ffd080b172e97549ccb189a2ae8ce0630c9430e5f97872193139b4115cfa,pass,pass,0,0,a7781bfb8860257e1817131466ffa686c910c9c9ef7a428975924fcda5fdb3ed,,Tier1_GFN2-xTB_default_opt_ddCOSMO,10.125,
tier1:redox:M022:S021:q0:m1,M022_Q0_M1,S021,0,1,resolved,runs/geometry/resolved/tier1/M022_Q0_M1/S021.xyz,6e49d5fc9e4b33ca1bec77df688ceed22be2b70a6976cc268c0152349f78cac8,tier1_same_run_redox,20260729-jhtvs-fullspace-tier1-v1,redox-monomer-022-solvent-021-resting,6e49d5fc9e4b33ca1bec77df688ceed22be2b70a6976cc268c0152349f78cac8,067a3689c09f3e2138e35d8b28101b0fd254c895840d7c16ad6ae8bca17c89cb,pass,pass,0,0,a7781bfb8860257e1817131466ffa686c910c9c9ef7a428975924fcda5fdb3ed,,Tier1_GFN2-xTB_default_opt_ddCOSMO,4.7113,
tier1:redox:M022:S021:q1:m2,M022_QP1_M2,S021,1,2,resolved,runs/geometry/resolved/tier1/M022_QP1_M2/S021.xyz,f8043b757196e02af142d9edb8307079006008e1c33b682075a3db35a9375fee,tier1_same_run_redox,20260729-jhtvs-fullspace-tier1-v1,redox-monomer-022-solvent-021-oxidized,f8043b757196e02af142d9edb8307079006008e1c33b682075a3db35a9375fee,d274b3834ebe92a761d952932efcc7444c45736e187e9a5c1455b639933a3e12,pass,pass,0,0,a7781bfb8860257e1817131466ffa686c910c9c9ef7a428975924fcda5fdb3ed,,Tier1_GFN2-xTB_default_opt_ddCOSMO,4.7113,
tier1:redox:M022:S022:q0:m1,M022_Q0_M1,S022,0,1,resolved,runs/geometry/resolved/tier1/M022_Q0_M1/S022.xyz,1ed7a0f3b168ac28829be6febc88046226d95c621a43a666dfd72b052ca6ce66,tier1_same_run_redox,20260729-jhtvs-fullspace-tier1-v1,redox-monomer-022-solvent-022-resting,1ed7a0f3b168ac28829be6febc88046226d95c621a43a666dfd72b052ca6ce66,862f9aa36f3268d55d20f0365a6288c4ee0e7967fbd6af8ff78b8086eeb958b3,pass,pass,0,0,a7781bfb8860257e1817131466ffa686c910c9c9ef7a428975924fcda5fdb3ed,,Tier1_GFN2-xTB_default_opt_ddCOSMO,89.78,
tier1:redox:M022:S022:q1:m2,M022_QP1_M2,S022,1,2,resolved,runs/geometry/resolved/tier1/M022_QP1_M2/S022.xyz,40fa97549469774147c6e94bf1fd7899127d06ab8312f16e2f075841004ad31d,tier1_same_run_redox,20260729-jhtvs-fullspace-tier1-v1,redox-monomer-022-solvent-022-oxidized,40fa97549469774147c6e94bf1fd7899127d06ab8312f16e2f075841004ad31d,76d8752abd759a0bc70e89f9643e0d7308a78bcec93cff7001c0b838c5c35ebb,pass,pass,0,0,a7781bfb8860257e1817131466ffa686c910c9c9ef7a428975924fcda5fdb3ed,,Tier1_GFN2-xTB_default_opt_ddCOSMO,89.78,
tier1:redox:M022:S023:q0:m1,M022_Q0_M1,S023,0,1,resolved,runs/geometry/resolved/tier1/M022_Q0_M1/S023.xyz,c84089f57c7a48200fa407fa1e9d774a2ea042b8a4bf5129c7affa9f22ce0d8c,tier1_same_run_redox,20260729-jhtvs-fullspace-tier1-v1,redox-monomer-022-solvent-023-resting,c84089f57c7a48200fa407fa1e9d774a2ea042b8a4bf5129c7affa9f22ce0d8c,80a6ec9e8d586a36ad1a741a587f2d5510f909e20de3b9d41dd2f32b56fa6db2,pass,pass,0,0,a7781bfb8860257e1817131466ffa686c910c9c9ef7a428975924fcda5fdb3ed,,Tier1_GFN2-xTB_default_opt_ddCOSMO,3.087,
tier1:redox:M022:S023:q1:m2,M022_QP1_M2,S023,1,2,resolved,runs/geometry/resolved/tier1/M022_QP1_M2/S023.xyz,aeb69e667d6299f766a14dd747d4b22e2882df08dc635537bf8a7afe176ef8cf,tier1_same_run_redox,20260729-jhtvs-fullspace-tier1-v1,redox-monomer-022-solvent-023-oxidized,aeb69e667d6299f766a14dd747d4b22e2882df08dc635537bf8a7afe176ef8cf,79da8470c630af003df82e400e73402832a7dc65f1f5db66574782c58efb135a,pass,pass,0,0,a7781bfb8860257e1817131466ffa686c910c9c9ef7a428975924fcda5fdb3ed,,Tier1_GFN2-xTB_default_opt_ddCOSMO,3.087,
tier1:redox:M022:S024:q0:m1,M022_Q0_M1,S024,0,1,resolved,runs/geometry/resolved/tier1/M022_Q0_M1/S024.xyz,fe611f83b7adbee38c39d5bc5bea32a69ca57bc21b1b8e572af9850ca8da37a4,tier1_same_run_redox,20260729-jhtvs-fullspace-tier1-v1,redox-monomer-022-solvent-024-resting,fe611f83b7adbee38c39d5bc5bea32a69ca57bc21b1b8e572af9850ca8da37a4,a0e83cb9588cd08e3b45a84a75079f7a2062ff8a1b1e5318272d1d0b17e28b9c,pass,pass,0,0,a7781bfb8860257e1817131466ffa686c910c9c9ef7a428975924fcda5fdb3ed,,Tier1_GFN2-xTB_default_opt_ddCOSMO,2.2099,
tier1:redox:M022:S024:q1:m2,M022_QP1_M2,S024,1,2,resolved,runs/geometry/resolved/tier1/M022_QP1_M2/S024.xyz,faccb4c661aa4c60ec7a6616e62368509831ade7ca7be700da28c71379ca8b39,tier1_same_run_redox,20260729-jhtvs-fullspace-tier1-v1,redox-monomer-022-solvent-024-oxidized,faccb4c661aa4c60ec7a6616e62368509831ade7ca7be700da28c71379ca8b39,833d5237fd1be7e13071c011257d060ce3372b49ab72509d64d39056578c69c9,pass,pass,0,0,a7781bfb8860257e1817131466ffa686c910c9c9ef7a428975924fcda5fdb3ed,,Tier1_GFN2-xTB_default_opt_ddCOSMO,2.2099,
tier1:redox:M022:S025:q0:m1,M022_Q0_M1,S025,0,1,resolved,runs/geometry/resolved/tier1/M022_Q0_M1/S025.xyz,d65756df9018dd1bc2858d9e234172d99b9cdac83982f2117e0dda333a618c24,tier1_same_run_redox,20260729-jhtvs-fullspace-tier1-v1,redox-monomer-022-solvent-025-resting,d65756df9018dd1bc2858d9e234172d99b9cdac83982f2117e0dda333a618c24,471c50d400b177aa83c089323eb2aab7143af771492600cea05d602f97ebc1b1,pass,pass,0,0,a7781bfb8860257e1817131466ffa686c910c9c9ef7a428975924fcda5fdb3ed,,Tier1_GFN2-xTB_default_opt_ddCOSMO,7.3,
tier1:redox:M022:S025:q1:m2,M022_QP1_M2,S025,1,2,resolved,runs/geometry/resolved/tier1/M022_QP1_M2/S025.xyz,afd69f477a91283d4c49d86389459c30249e88c0a4706121b9a1f9651083698c,tier1_same_run_redox,20260729-jhtvs-fullspace-tier1-v1,redox-monomer-022-solvent-025-oxidized,afd69f477a91283d4c49d86389459c30249e88c0a4706121b9a1f9651083698c,668f16062e9b511a3447a5e06e3de991d6be8ca70972f158c8fd69504be51f0b,pass,pass,0,0,a7781bfb8860257e1817131466ffa686c910c9c9ef7a428975924fcda5fdb3ed,,Tier1_GFN2-xTB_default_opt_ddCOSMO,7.3,
tier1:redox:M024:S004:q0:m1,M024_Q0_M1,S004,0,1,resolved,runs/geometry/resolved/tier1/M024_Q0_M1/S004.xyz,7b82deedf94e214ed3a79b290b903c9443edce6ad4777ed04751b8e500027c26,tier1_same_run_redox,20260729-jhtvs-fullspace-tier1-v1,redox-monomer-024-solvent-004-resting,7b82deedf94e214ed3a79b290b903c9443edce6ad4777ed04751b8e500027c26,f6e3ba02be162231d02eec67af1deb62cff8312d8419046cce5079497eda48ac,pass,pass,0,0,a7781bfb8860257e1817131466ffa686c910c9c9ef7a428975924fcda5fdb3ed,,Tier1_GFN2-xTB_default_opt_ddCOSMO,34.809,
tier1:redox:M024:S004:q1:m2,M024_QP1_M2,S004,1,2,resolved,runs/geometry/resolved/tier1/M024_QP1_M2/S004.xyz,195cdea707e49177dd39d48c8e16b85311526257e3aa60ccf65066ae0b4f8e15,tier1_same_run_redox,20260729-jhtvs-fullspace-tier1-v1,redox-monomer-024-solvent-004-oxidized,195cdea707e49177dd39d48c8e16b85311526257e3aa60ccf65066ae0b4f8e15,44c7d1c4e4999108bfa02a1c2c1b589fc9318757a0985960f7818c6b3bb1e17a,pass,pass,0,0,a7781bfb8860257e1817131466ffa686c910c9c9ef7a428975924fcda5fdb3ed,,Tier1_GFN2-xTB_default_opt_ddCOSMO,34.809,
tier1:redox:M024:S011:q0:m1,M024_Q0_M1,S011,0,1,resolved,runs/geometry/resolved/tier1/M024_Q0_M1/S011.xyz,5477dfe822554076fb4c472bbf3d2bbd1ce0239136dd69137246bfb24085376b,tier1_same_run_redox,20260729-jhtvs-fullspace-tier1-v1,redox-monomer-024-solvent-011-resting,5477dfe822554076fb4c472bbf3d2bbd1ce0239136dd69137246bfb24085376b,bed2ec2af18879b8c8d732154fd71f1f3bf46611db838330d2dd4e15ee2551f1,pass,pass,0,0,a7781bfb8860257e1817131466ffa686c910c9c9ef7a428975924fcda5fdb3ed,,Tier1_GFN2-xTB_default_opt_ddCOSMO,41.7,
tier1:redox:M024:S011:q1:m2,M024_QP1_M2,S011,1,2,resolved,runs/geometry/resolved/tier1/M024_QP1_M2/S011.xyz,9d30b25b9b62f33973e6720e51376b7a04fb4e4d87cfb4a4f140ee7113f637ee,tier1_same_run_redox,20260729-jhtvs-fullspace-tier1-v1,redox-monomer-024-solvent-011-oxidized,9d30b25b9b62f33973e6720e51376b7a04fb4e4d87cfb4a4f140ee7113f637ee,55a3155da2170a1dd6d9b41c44e39ca738f6ed80bf361ec4cdfe6663e3ae40b4,pass,pass,0,0,a7781bfb8860257e1817131466ffa686c910c9c9ef7a428975924fcda5fdb3ed,,Tier1_GFN2-xTB_default_opt_ddCOSMO,41.7,
tier1:redox:M024:S017:q0:m1,M024_Q0_M1,S017,0,1,resolved,runs/geometry/resolved/tier1/M024_Q0_M1/S017.xyz,268c3bb6e833b5a1b9cd1ca79e8aa5206ffde8fe749ebef925acf0ac2260c15a,tier1_same_run_redox,20260729-jhtvs-fullspace-tier1-v1,redox-monomer-024-solvent-017-resting,268c3bb6e833b5a1b9cd1ca79e8aa5206ffde8fe749ebef925acf0ac2260c15a,6a6168070766009c7eb23bea8d03fffa759c4e0e91947658078245f5f8b67fb8,pass,pass,0,0,a7781bfb8860257e1817131466ffa686c910c9c9ef7a428975924fcda5fdb3ed,,Tier1_GFN2-xTB_default_opt_ddCOSMO,13.8,
tier1:redox:M024:S017:q1:m2,M024_QP1_M2,S017,1,2,resolved,runs/geometry/resolved/tier1/M024_QP1_M2/S017.xyz,cb94bf54a610f043178375b6e55f559df75780a4bbd6775455b8b9c83b634d4a,tier1_same_run_redox,20260729-jhtvs-fullspace-tier1-v1,redox-monomer-024-solvent-017-oxidized,cb94bf54a610f043178375b6e55f559df75780a4bbd6775455b8b9c83b634d4a,f068ae7917ddcef32a162739045104288419da5e73a799dbbeeb500dcf2f4992,pass,pass,0,0,a7781bfb8860257e1817131466ffa686c910c9c9ef7a428975924fcda5fdb3ed,,Tier1_GFN2-xTB_default_opt_ddCOSMO,13.8,
tier1:redox:M024:S023:q0:m1,M024_Q0_M1,S023,0,1,resolved,runs/geometry/resolved/tier1/M024_Q0_M1/S023.xyz,b7704a004354226f4e514b2c8695d08b4e5dafb61b128f2226c4407cae9a9b6b,tier1_same_run_redox,20260729-jhtvs-fullspace-tier1-v1,redox-monomer-024-solvent-023-resting,b7704a004354226f4e514b2c8695d08b4e5dafb61b128f2226c4407cae9a9b6b,c85cbaa193bbe505ad3ee3f52b9dea787540a84aceef3a90b3e806f894120fb8,pass,pass,0,0,a7781bfb8860257e1817131466ffa686c910c9c9ef7a428975924fcda5fdb3ed,,Tier1_GFN2-xTB_default_opt_ddCOSMO,3.087,
tier1:redox:M024:S023:q1:m2,M024_QP1_M2,S023,1,2,resolved,runs/geometry/resolved/tier1/M024_QP1_M2/S023.xyz,3b91bb9f943b78f09f9becc9ad1153dfc73c63b93eb34d9c0e8f3908b6694577,tier1_same_run_redox,20260729-jhtvs-fullspace-tier1-v1,redox-monomer-024-solvent-023-oxidized,3b91bb9f943b78f09f9becc9ad1153dfc73c63b93eb34d9c0e8f3908b6694577,aef5f605e9d20819caebb472d5e4b9a80ab1f58db7fdcbbf1adc9fa610235d57,pass,pass,0,0,a7781bfb8860257e1817131466ffa686c910c9c9ef7a428975924fcda5fdb3ed,,Tier1_GFN2-xTB_default_opt_ddCOSMO,3.087,
tier1:redox:M026:S005:q0:m1,M026_Q0_M1,S005,0,1,resolved,runs/geometry/resolved/tier1/M026_Q0_M1/S005.xyz,aeed8703b0ff38b2ef1f76a900f05ee1b356d16354370c1c3b02d724b4231265,tier1_same_run_redox,20260729-jhtvs-fullspace-tier1-v1,redox-monomer-026-solvent-005-resting,aeed8703b0ff38b2ef1f76a900f05ee1b356d16354370c1c3b02d724b4231265,a8c5b5e641f474fa89f4eead0d3a0d0ce323b3cd3ed730c0d2f0cc5bc588f936,pass,pass,0,0,a7781bfb8860257e1817131466ffa686c910c9c9ef7a428975924fcda5fdb3ed,,Tier1_GFN2-xTB_default_opt_ddCOSMO,25.592,
tier1:redox:M026:S005:q1:m2,M026_QP1_M2,S005,1,2,resolved,runs/geometry/resolved/tier1/M026_QP1_M2/S005.xyz,6b6a27d81322c303cc6a9951a27dbe9c3d87e0941fb53b1b02f94134d60b7602,tier1_same_run_redox,20260729-jhtvs-fullspace-tier1-v1,redox-monomer-026-solvent-005-oxidized,6b6a27d81322c303cc6a9951a27dbe9c3d87e0941fb53b1b02f94134d60b7602,729c56800e75fb66d65a9fab4a8909a1dab4c67743eb7d1274aa85dee063451e,pass,pass,0,0,a7781bfb8860257e1817131466ffa686c910c9c9ef7a428975924fcda5fdb3ed,,Tier1_GFN2-xTB_default_opt_ddCOSMO,25.592,
tier1:redox:M026:S012:q0:m1,M026_Q0_M1,S012,0,1,resolved,runs/geometry/resolved/tier1/M026_Q0_M1/S012.xyz,42763d63aa52ed4e554bc331fce07b787420bb0029d3710db46b1fe7cbfe8158,tier1_same_run_redox,20260729-jhtvs-fullspace-tier1-v1,redox-monomer-026-solvent-012-resting,42763d63aa52ed4e554bc331fce07b787420bb0029d3710db46b1fe7cbfe8158,9f2bd1ed537ad1b048856caecf6287c9bd79e3d90e864aff0e3efb562a542204,pass,pass,0,0,a7781bfb8860257e1817131466ffa686c910c9c9ef7a428975924fcda5fdb3ed,,Tier1_GFN2-xTB_default_opt_ddCOSMO,43.3,
tier1:redox:M026:S012:q1:m2,M026_QP1_M2,S012,1,2,resolved,runs/geometry/resolved/tier1/M026_QP1_M2/S012.xyz,52daaed76469cb72fc89ffcce6f0517b44ae12b6855e6d7a516f1461f8020604,tier1_same_run_redox,20260729-jhtvs-fullspace-tier1-v1,redox-monomer-026-solvent-012-oxidized,52daaed76469cb72fc89ffcce6f0517b44ae12b6855e6d7a516f1461f8020604,9ab2340fc480237c0a9f554aa52e9cd8a894eda9a3c301f2a40270cdb21dc286,pass,pass,0,0,a7781bfb8860257e1817131466ffa686c910c9c9ef7a428975924fcda5fdb3ed,,Tier1_GFN2-xTB_default_opt_ddCOSMO,43.3,
tier1:redox:M026:S018:q0:m1,M026_Q0_M1,S018,0,1,resolved,runs/geometry/resolved/tier1/M026_Q0_M1/S018.xyz,29d1e00e67082477a9cf76a1fa99a93ecd418287efdf65ea69d1d12abf0dae6b,tier1_same_run_redox,20260729-jhtvs-fullspace-tier1-v1,redox-monomer-026-solvent-018-resting,29d1e00e67082477a9cf76a1fa99a93ecd418287efdf65ea69d1d12abf0dae6b,bc88a61270db7325ea7b17b253fce043a3d043001dcd6b050132409aa906ddaf,pass,pass,0,0,a7781bfb8860257e1817131466ffa686c910c9c9ef7a428975924fcda5fdb3ed,,Tier1_GFN2-xTB_default_opt_ddCOSMO,9.8,
tier1:redox:M026:S018:q1:m2,M026_QP1_M2,S018,1,2,resolved,runs/geometry/resolved/tier1/M026_QP1_M2/S018.xyz,42a1d9699bcecd2965767c4857190a5e8a332e40fa09ba9f93e42181de6a90cc,tier1_same_run_redox,20260729-jhtvs-fullspace-tier1-v1,redox-monomer-026-solvent-018-oxidized,42a1d9699bcecd2965767c4857190a5e8a332e40fa09ba9f93e42181de6a90cc,d1009c03c766f85f0f50872b4ef2246c65e22c88fda72af44bb95e86a5fe1c17,pass,pass,0,0,a7781bfb8860257e1817131466ffa686c910c9c9ef7a428975924fcda5fdb3ed,,Tier1_GFN2-xTB_default_opt_ddCOSMO,9.8,
tier1:redox:M026:S024:q0:m1,M026_Q0_M1,S024,0,1,resolved,runs/geometry/resolved/tier1/M026_Q0_M1/S024.xyz,6cf3d252070924aed4af5dc9431e54872f1a1f98b0d1d4cdf96e2fb36f91ad00,tier1_same_run_redox,20260729-jhtvs-fullspace-tier1-v1,redox-monomer-026-solvent-024-resting,6cf3d252070924aed4af5dc9431e54872f1a1f98b0d1d4cdf96e2fb36f91ad00,480c75458fba7ca718bdd9b1de8df5aaec50a8829c862645eebb58b537aa0828,pass,pass,0,0,a7781bfb8860257e1817131466ffa686c910c9c9ef7a428975924fcda5fdb3ed,,Tier1_GFN2-xTB_default_opt_ddCOSMO,2.2099,
tier1:redox:M026:S024:q1:m2,M026_QP1_M2,S024,1,2,resolved,runs/geometry/resolved/tier1/M026_QP1_M2/S024.xyz,8bce57d2fc8e7a26c7c0cd78c6f950518c7332cac2ea823c749e1fb3104e5cd1,tier1_same_run_redox,20260729-jhtvs-fullspace-tier1-v1,redox-monomer-026-solvent-024-oxidized,8bce57d2fc8e7a26c7c0cd78c6f950518c7332cac2ea823c749e1fb3104e5cd1,a8680a633db016ba9eab33930f4b97a332195132634494315de6d59bea77906a,pass,pass,0,0,a7781bfb8860257e1817131466ffa686c910c9c9ef7a428975924fcda5fdb3ed,,Tier1_GFN2-xTB_default_opt_ddCOSMO,2.2099,
tier1:redox:M027:S001:q1:m2,M027_QP1_M2,S001,1,2,resolved,runs/geometry/resolved/tier1/M027_QP1_M2/S001.xyz,b4d46366fc68229afaa891a38667ff0cc3e3632ffc0f314a793bf9c25f7ec726,tier1_same_run_redox,20260729-jhtvs-fullspace-tier1-v1,redox-monomer-027-solvent-001-oxidized,b4d46366fc68229afaa891a38667ff0cc3e3632ffc0f314a793bf9c25f7ec726,2b7f9e2315525caf0280bf3f92a6f5d9069834b0c691cf5f51eab079f07b59d5,pass,pass,0,0,a7781bfb8860257e1817131466ffa686c910c9c9ef7a428975924fcda5fdb3ed,,Tier1_GFN2-xTB_default_opt_ddCOSMO,35.688,
tier1:redox:M027:S002:q0:m1,M027_Q0_M1,S002,0,1,resolved,runs/geometry/resolved/tier1/M027_Q0_M1/S002.xyz,b7e36b6cd6882305dc1bc07b7d1d798d27a660212fd3a119d7defc89d4f87491,tier1_same_run_redox,20260729-jhtvs-fullspace-tier1-v1,redox-monomer-027-solvent-002-resting,b7e36b6cd6882305dc1bc07b7d1d798d27a660212fd3a119d7defc89d4f87491,7a150cc1b96e8343ec0917961b375487999f718e3f21d72ebab323119671c885,pass,pass,0,0,a7781bfb8860257e1817131466ffa686c910c9c9ef7a428975924fcda5fdb3ed,,Tier1_GFN2-xTB_default_opt_ddCOSMO,8.93,
tier1:redox:M027:S002:q1:m2,M027_QP1_M2,S002,1,2,resolved,runs/geometry/resolved/tier1/M027_QP1_M2/S002.xyz,dfcc93d5edbaf2c7772aa4102e7d95bfd11b3909134504db382c6fbb71fdb1c8,tier1_same_run_redox,20260729-jhtvs-fullspace-tier1-v1,redox-monomer-027-solvent-002-oxidized,dfcc93d5edbaf2c7772aa4102e7d95bfd11b3909134504db382c6fbb71fdb1c8,ad8e271b46e0179cab727540e6fdbc29b32c677303cdb11c514da597d8d26527,pass,pass,0,0,a7781bfb8860257e1817131466ffa686c910c9c9ef7a428975924fcda5fdb3ed,,Tier1_GFN2-xTB_default_opt_ddCOSMO,8.93,
tier1:redox:M027:S003:q1:m2,M027_QP1_M2,S003,1,2,resolved,runs/geometry/resolved/tier1/M027_QP1_M2/S003.xyz,2615a3885d828f77ce2bef5b5a10afbd81dd2d7088a4644ddbabd5f1532a0f1b,tier1_same_run_redox,20260729-jhtvs-fullspace-tier1-v1,redox-monomer-027-solvent-003-oxidized,2615a3885d828f77ce2bef5b5a10afbd81dd2d7088a4644ddbabd5f1532a0f1b,8d4d5514a72e858589ee1b2612ac37ed36c7acd6feca4de1e64caedcd7bdee98,pass,pass,0,0,a7781bfb8860257e1817131466ffa686c910c9c9ef7a428975924fcda5fdb3ed,,Tier1_GFN2-xTB_default_opt_ddCOSMO,64.92,
tier1:redox:M027:S004:q1:m2,M027_QP1_M2,S004,1,2,resolved,runs/geometry/resolved/tier1/M027_QP1_M2/S004.xyz,ca9ab42239ad84dd2b7fbfde1b04043789c8a53ebad2e2f4b592ed70540a3c3f,tier1_same_run_redox,20260729-jhtvs-fullspace-tier1-v1,redox-monomer-027-solvent-004-oxidized,ca9ab42239ad84dd2b7fbfde1b04043789c8a53ebad2e2f4b592ed70540a3c3f,cfc6350abb382c464d757f8cd800a62ccb0da5d73be309e1885cdfad7f648006,pass,pass,0,0,a7781bfb8860257e1817131466ffa686c910c9c9ef7a428975924fcda5fdb3ed,,Tier1_GFN2-xTB_default_opt_ddCOSMO,34.809,
tier1:redox:M027:S005:q1:m2,M027_QP1_M2,S005,1,2,resolved,runs/geometry/resolved/tier1/M027_QP1_M2/S005.xyz,a56c703feac09d1c460744dc8d42c797d481b911f3581105309049c10b3add97,tier1_same_run_redox,20260729-jhtvs-fullspace-tier1-v1,redox-monomer-027-solvent-005-oxidized,a56c703feac09d1c460744dc8d42c797d481b911f3581105309049c10b3add97,fadebc99057cbd15e6abceacec70b37e9e1fce2e6a95ebc5b5a44c9839fd3f42,pass,pass,0,0,a7781bfb8860257e1817131466ffa686c910c9c9ef7a428975924fcda5fdb3ed,,Tier1_GFN2-xTB_default_opt_ddCOSMO,25.592,
tier1:redox:M027:S006:q0:m1,M027_Q0_M1,S006,0,1,resolved,runs/geometry/resolved/tier1/M027_Q0_M1/S006.xyz,00313705824cf6347046f245bbaf98d26e36b3f1762f0d4802e937a9ef95f3f4,tier1_same_run_redox,20260729-jhtvs-fullspace-tier1-v1,redox-monomer-027-solvent-006-resting,00313705824cf6347046f245bbaf98d26e36b3f1762f0d4802e937a9ef95f3f4,3b9e1d1a09ea6c5b2fa0c612147236fa10d9e76da352ccc8fc0bd59d59bd0457,pass,pass,0,0,a7781bfb8860257e1817131466ffa686c910c9c9ef7a428975924fcda5fdb3ed,,Tier1_GFN2-xTB_default_opt_ddCOSMO,37.219,
tier1:redox:M027:S006:q1:m2,M027_QP1_M2,S006,1,2,resolved,runs/geometry/resolved/tier1/M027_QP1_M2/S006.xyz,d117f55d035d9cef3415449502b0d2175dd96b29fe15efc4e05977ad13789a19,tier1_same_run_redox,20260729-jhtvs-fullspace-tier1-v1,redox-monomer-027-solvent-006-oxidized,d117f55d035d9cef3415449502b0d2175dd96b29fe15efc4e05977ad13789a19,a7fe0dfcd756f869f6c2727326fd891d14a6b453227a7bc19f4ebdbb1cc3377e,pass,pass,0,0,a7781bfb8860257e1817131466ffa686c910c9c9ef7a428975924fcda5fdb3ed,,Tier1_GFN2-xTB_default_opt_ddCOSMO,37.219,
tier1:redox:M027:S007:q1:m2,M027_QP1_M2,S007,1,2,resolved,runs/geometry/resolved/tier1/M027_QP1_M2/S007.xyz,7ce2e270e80655a45c9be88294a17b63058452f56ddedee728164c218ee63c60,tier1_same_run_redox,20260729-jhtvs-fullspace-tier1-v1,redox-monomer-027-solvent-007-oxidized,7ce2e270e80655a45c9be88294a17b63058452f56ddedee728164c218ee63c60,49cc2a973e214846fa18d6e2d95894caa894bdc6af2208b609ab12482d716eb7,pass,pass,0,0,a7781bfb8860257e1817131466ffa686c910c9c9ef7a428975924fcda5fdb3ed,,Tier1_GFN2-xTB_default_opt_ddCOSMO,46.826,
tier1:redox:M027:S008:q1:m2,M027_QP1_M2,S008,1,2,resolved,runs/geometry/resolved/tier1/M027_QP1_M2/S008.xyz,bab1a4dc4b6b84fc28ccf7da962b9a9b30614d260495386d027922d72ff18013,tier1_same_run_redox,20260729-jhtvs-fullspace-tier1-v1,redox-monomer-027-solvent-008-oxidized,bab1a4dc4b6b84fc28ccf7da962b9a9b30614d260495386d027922d72ff18013,6ebd84d97ad354d64a6cb4dd46c6f8899dc5360860524f8441dca76d9169504c,pass,pass,0,0,a7781bfb8860257e1817131466ffa686c910c9c9ef7a428975924fcda5fdb3ed,,Tier1_GFN2-xTB_default_opt_ddCOSMO,7.4257,
tier1:redox:M027:S009:q1:m2,M027_QP1_M2,S009,1,2,resolved,runs/geometry/resolved/tier1/M027_QP1_M2/S009.xyz,4773e01bba0d0dca40a32514b33d70d9a2c0b46a09c56d216c26a3c1252b32bc,tier1_same_run_redox,20260729-jhtvs-fullspace-tier1-v1,redox-monomer-027-solvent-009-oxidized,4773e01bba0d0dca40a32514b33d70d9a2c0b46a09c56d216c26a3c1252b32bc,a0bd9111229ac16fad8b76fec2a13b3cf9ec5461f6abd32ede61111642afa832,pass,pass,0,0,a7781bfb8860257e1817131466ffa686c910c9c9ef7a428975924fcda5fdb3ed,,Tier1_GFN2-xTB_default_opt_ddCOSMO,36.562,
tier1:redox:M027:S010:q1:m2,M027_QP1_M2,S010,1,2,resolved,runs/geometry/resolved/tier1/M027_QP1_M2/S010.xyz,b9f8566be70f1c9f2240b564e475cc73cc209cdd246bd85309ff35889afe8885,tier1_same_run_redox,20260729-jhtvs-fullspace-tier1-v1,redox-monomer-027-solvent-010-oxidized,b9f8566be70f1c9f2240b564e475cc73cc209cdd246bd85309ff35889afe8885,f1f8b339f4562cbddc7cd3c380ed92f98264338cb4edb34c04c2710331a5bd7a,pass,pass,0,0,a7781bfb8860257e1817131466ffa686c910c9c9ef7a428975924fcda5fdb3ed,,Tier1_GFN2-xTB_default_opt_ddCOSMO,78.355,
tier1:redox:M027:S011:q1:m2,M027_QP1_M2,S011,1,2,resolved,runs/geometry/resolved/tier1/M027_QP1_M2/S011.xyz,7818c51065247f5bf3facef28fc1031cae5de97f9ecc1e76dc06b3f82309a737,tier1_same_run_redox,20260729-jhtvs-fullspace-tier1-v1,redox-monomer-027-solvent-011-oxidized,7818c51065247f5bf3facef28fc1031cae5de97f9ecc1e76dc06b3f82309a737,d43a6d49d7745c6cf1999da0ed7a80162cced60a43f6ae5ffe9dd43b24356591,pass,pass,0,0,a7781bfb8860257e1817131466ffa686c910c9c9ef7a428975924fcda5fdb3ed,,Tier1_GFN2-xTB_default_opt_ddCOSMO,41.7,
tier1:redox:M027:S012:q1:m2,M027_QP1_M2,S012,1,2,resolved,runs/geometry/resolved/tier1/M027_QP1_M2/S012.xyz,e28c2803da12c100a7e306a7c55c0e7b42c9da1ba3ac40c84c81165ade81532d,tier1_same_run_redox,20260729-jhtvs-fullspace-tier1-v1,redox-monomer-027-solvent-012-oxidized,e28c2803da12c100a7e306a7c55c0e7b42c9da1ba3ac40c84c81165ade81532d,f2d49b637a5eb6af53a639fdba7a888021a9ba3252205e4c49d2a6c89e614ef5,pass,pass,0,0,a7781bfb8860257e1817131466ffa686c910c9c9ef7a428975924fcda5fdb3ed,,Tier1_GFN2-xTB_default_opt_ddCOSMO,43.3,
tier1:redox:M027:S013:q1:m2,M027_QP1_M2,S013,1,2,resolved,runs/geometry/resolved/tier1/M027_QP1_M2/S013.xyz,90254451af37bf38700ef42b4edbd03dbc8eecf07d6b7b867bf82445013e95ef,tier1_same_run_redox,20260729-jhtvs-fullspace-tier1-v1,redox-monomer-027-solvent-013-oxidized,90254451af37bf38700ef42b4edbd03dbc8eecf07d6b7b867bf82445013e95ef,37db7047f35e5fb77676450b36f66d5113fc7ff95938f08c484e1f5a307da4c7,pass,pass,0,0,a7781bfb8860257e1817131466ffa686c910c9c9ef7a428975924fcda5fdb3ed,,Tier1_GFN2-xTB_default_opt_ddCOSMO,32.2,
tier1:redox:M027:S014:q1:m2,M027_QP1_M2,S014,1,2,resolved,runs/geometry/resolved/tier1/M027_QP1_M2/S014.xyz,bd77f3fa0705efc2228aca7e9d48857166a8baffe739e46721f240ef81ed3b86,tier1_same_run_redox,20260729-jhtvs-fullspace-tier1-v1,redox-monomer-027-solvent-014-oxidized,bd77f3fa0705efc2228aca7e9d48857166a8baffe739e46721f240ef81ed3b86,63fbb1a788691f7d83db8c02601e8159b5ddb6d4e01f7899663b8d89d332337c,pass,pass,0,0,a7781bfb8860257e1817131466ffa686c910c9c9ef7a428975924fcda5fdb3ed,,Tier1_GFN2-xTB_default_opt_ddCOSMO,4.34,
tier1:redox:M027:S015:q0:m1,M027_Q0_M1,S015,0,1,resolved,runs/geometry/resolved/tier1/M027_Q0_M1/S015.xyz,a87b3e7ae1ee29836cdc2c73fc38dfbf1ba41a2815e86ae923b2255f5cca5bab,tier1_same_run_redox,20260729-jhtvs-fullspace-tier1-v1,redox-monomer-027-solvent-015-resting,a87b3e7ae1ee29836cdc2c73fc38dfbf1ba41a2815e86ae923b2255f5cca5bab,2acb9716599510b1f3b5312e2705e8ec233d445b7f8d08167dd709e16f80f3a2,pass,pass,0,0,a7781bfb8860257e1817131466ffa686c910c9c9ef7a428975924fcda5fdb3ed,,Tier1_GFN2-xTB_default_opt_ddCOSMO,11.4,
tier1:redox:M027:S015:q1:m2,M027_QP1_M2,S015,1,2,resolved,runs/geometry/resolved/tier1/M027_QP1_M2/S015.xyz,000b94d82c1c14ba42848de3ecac46d649e7a5e8edc6d9ea8402f7d44557c009,tier1_same_run_redox,20260729-jhtvs-fullspace-tier1-v1,redox-monomer-027-solvent-015-oxidized,000b94d82c1c14ba42848de3ecac46d649e7a5e8edc6d9ea8402f7d44557c009,6fec91acdf552ea359e7b667bcb38b885d7f4589b8b0efeefcb0f1a2ae4ef72e,pass,pass,0,0,a7781bfb8860257e1817131466ffa686c910c9c9ef7a428975924fcda5fdb3ed,,Tier1_GFN2-xTB_default_opt_ddCOSMO,11.4,
tier1:redox:M027:S016:q1:m2,M027_QP1_M2,S016,1,2,resolved,runs/geometry/resolved/tier1/M027_QP1_M2/S016.xyz,f3d2afc57f8ce4aad525751bfa8afe93a762e8e1ad92876354caee5aa401af5f,tier1_same_run_redox,20260729-jhtvs-fullspace-tier1-v1,redox-monomer-027-solvent-016-oxidized,f3d2afc57f8ce4aad525751bfa8afe93a762e8e1ad92876354caee5aa401af5f,cddd4a64ec26b18138cb6887535847e60528fb73ffaeb7ac81012f8203a9faf3,pass,pass,0,0,a7781bfb8860257e1817131466ffa686c910c9c9ef7a428975924fcda5fdb3ed,,Tier1_GFN2-xTB_default_opt_ddCOSMO,9.7,
tier1:redox:M027:S017:q1:m2,M027_QP1_M2,S017,1,2,resolved,runs/geometry/resolved/tier1/M027_QP1_M2/S017.xyz,f0564140fb0db05ce255a3c8fa5687c3fa5d06c67f93852a7d2dbf4b0d790d79,tier1_same_run_redox,20260729-jhtvs-fullspace-tier1-v1,redox-monomer-027-solvent-017-oxidized,f0564140fb0db05ce255a3c8fa5687c3fa5d06c67f93852a7d2dbf4b0d790d79,950957b7605230ff21595c605172d968beb1e5e324d5ce04021c7027416283e4,pass,pass,0,0,a7781bfb8860257e1817131466ffa686c910c9c9ef7a428975924fcda5fdb3ed,,Tier1_GFN2-xTB_default_opt_ddCOSMO,13.8,
tier1:redox:M027:S018:q1:m2,M027_QP1_M2,S018,1,2,resolved,runs/geometry/resolved/tier1/M027_QP1_M2/S018.xyz,1fff2dbd0fb561fa8ef5841e38983f86ef2cb3e37aba1de92f84f88e213e9141,tier1_same_run_redox,20260729-jhtvs-fullspace-tier1-v1,redox-monomer-027-solvent-018-oxidized,1fff2dbd0fb561fa8ef5841e38983f86ef2cb3e37aba1de92f84f88e213e9141,8016f317729e9f9237a7b20532579378eb28bd87ee263019d07ffa9e5c4df1c1,pass,pass,0,0,a7781bfb8860257e1817131466ffa686c910c9c9ef7a428975924fcda5fdb3ed,,Tier1_GFN2-xTB_default_opt_ddCOSMO,9.8,
tier1:redox:M027:S019:q1:m2,M027_QP1_M2,S019,1,2,resolved,runs/geometry/resolved/tier1/M027_QP1_M2/S019.xyz,5a6560a423fc47e31a7726f37d600e312fb05fa8f67f44af951c5401ee95d034,tier1_same_run_redox,20260729-jhtvs-fullspace-tier1-v1,redox-monomer-027-solvent-019-oxidized,5a6560a423fc47e31a7726f37d600e312fb05fa8f67f44af951c5401ee95d034,77af76d4fc99b82d834049430258e7e10c343ea4e2e22b302ae05fa59fbc25a6,pass,pass,0,0,a7781bfb8860257e1817131466ffa686c910c9c9ef7a428975924fcda5fdb3ed,,Tier1_GFN2-xTB_default_opt_ddCOSMO,29.324,
tier1:redox:M027:S020:q1:m2,M027_QP1_M2,S020,1,2,resolved,runs/geometry/resolved/tier1/M027_QP1_M2/S020.xyz,ff13e8c17ab626a7e38e5a8626d9470c7bf854b9bc0bb2c3c53e24fc2fb68371,tier1_same_run_redox,20260729-jhtvs-fullspace-tier1-v1,redox-monomer-027-solvent-020-oxidized,ff13e8c17ab626a7e38e5a8626d9470c7bf854b9bc0bb2c3c53e24fc2fb68371,ad057d2e294f4c93f575401d7494977a7ad3bc71e08b2a66cbbb991346ac90cb,pass,pass,0,0,a7781bfb8860257e1817131466ffa686c910c9c9ef7a428975924fcda5fdb3ed,,Tier1_GFN2-xTB_default_opt_ddCOSMO,10.125,
tier1:redox:M027:S021:q0:m1,M027_Q0_M1,S021,0,1,resolved,runs/geometry/resolved/tier1/M027_Q0_M1/S021.xyz,7756763c0d2dad6d51d090827f9437b0415860321f2b209d62a695bf7eae99da,tier1_same_run_redox,20260729-jhtvs-fullspace-tier1-v1,redox-monomer-027-solvent-021-resting,7756763c0d2dad6d51d090827f9437b0415860321f2b209d62a695bf7eae99da,bd4cab5bc06678f2636ddf7844f6ad6fad0551d2810bcaf57d4e17126187190e,pass,pass,0,0,a7781bfb8860257e1817131466ffa686c910c9c9ef7a428975924fcda5fdb3ed,,Tier1_GFN2-xTB_default_opt_ddCOSMO,4.7113,
tier1:redox:M027:S021:q1:m2,M027_QP1_M2,S021,1,2,resolved,runs/geometry/resolved/tier1/M027_QP1_M2/S021.xyz,1dd1e79e00330b469f8e9f221f289da04a58205b56fb5e972a48cb46e1fa64f7,tier1_same_run_redox,20260729-jhtvs-fullspace-tier1-v1,redox-monomer-027-solvent-021-oxidized,1dd1e79e00330b469f8e9f221f289da04a58205b56fb5e972a48cb46e1fa64f7,a207942df4ca125a9ab51a4d3a7a27cf7ea20c6587e74070cdc7f7b438029e07,pass,pass,0,0,a7781bfb8860257e1817131466ffa686c910c9c9ef7a428975924fcda5fdb3ed,,Tier1_GFN2-xTB_default_opt_ddCOSMO,4.7113,
tier1:redox:M027:S022:q1:m2,M027_QP1_M2,S022,1,2,resolved,runs/geometry/resolved/tier1/M027_QP1_M2/S022.xyz,e6d3caf3349c1e7c000deddac907d27ef3476c8b7c96eb552433531cb7ba0483,tier1_same_run_redox,20260729-jhtvs-fullspace-tier1-v1,redox-monomer-027-solvent-022-oxidized,e6d3caf3349c1e7c000deddac907d27ef3476c8b7c96eb552433531cb7ba0483,5ee399e4ae4f73a914ca7b612d3f3a32000252546384baa9e879a49d4d5b5592,pass,pass,0,0,a7781bfb8860257e1817131466ffa686c910c9c9ef7a428975924fcda5fdb3ed,,Tier1_GFN2-xTB_default_opt_ddCOSMO,89.78,
tier1:redox:M027:S023:q1:m2,M027_QP1_M2,S023,1,2,resolved,runs/geometry/resolved/tier1/M027_QP1_M2/S023.xyz,52bf8b748ae87a19d6a62a79f58a5e04da5148cac35abdf1e6870b981735e238,tier1_same_run_redox,20260729-jhtvs-fullspace-tier1-v1,redox-monomer-027-solvent-023-oxidized,52bf8b748ae87a19d6a62a79f58a5e04da5148cac35abdf1e6870b981735e238,5f06c2a5c16cfee2de15fb7506741ab6e0d89b10c3d971088044453b19c4b055,pass,pass,0,0,a7781bfb8860257e1817131466ffa686c910c9c9ef7a428975924fcda5fdb3ed,,Tier1_GFN2-xTB_default_opt_ddCOSMO,3.087,
tier1:redox:M027:S024:q1:m2,M027_QP1_M2,S024,1,2,resolved,runs/geometry/resolved/tier1/M027_QP1_M2/S024.xyz,2d52a19f6c4bf0e228884acd682de8875e3cfead15e4d194dcc9c93426395fcd,tier1_same_run_redox,20260729-jhtvs-fullspace-tier1-v1,redox-monomer-027-solvent-024-oxidized,2d52a19f6c4bf0e228884acd682de8875e3cfead15e4d194dcc9c93426395fcd,c0c38c4ba7d5ecd3a5b55d0eec35de3dcbe4274bafa083c92a6f8a3154a27132,pass,pass,0,0,a7781bfb8860257e1817131466ffa686c910c9c9ef7a428975924fcda5fdb3ed,,Tier1_GFN2-xTB_default_opt_ddCOSMO,2.2099,
tier1:redox:M027:S025:q1:m2,M027_QP1_M2,S025,1,2,resolved,runs/geometry/resolved/tier1/M027_QP1_M2/S025.xyz,7117702b48ee306a679912fc3f45cc2d58ca04f8a9d187dc2797c7b73bbf9f77,tier1_same_run_redox,20260729-jhtvs-fullspace-tier1-v1,redox-monomer-027-solvent-025-oxidized,7117702b48ee306a679912fc3f45cc2d58ca04f8a9d187dc2797c7b73bbf9f77,223a1ea4846c75a263071ea783d504fdad438a430ef0dfedc4ff4a90cac32fdf,pass,pass,0,0,a7781bfb8860257e1817131466ffa686c910c9c9ef7a428975924fcda5fdb3ed,,Tier1_GFN2-xTB_default_opt_ddCOSMO,7.3,
tier1:redox:M031:S003:q0:m1,M031_Q0_M1,S003,0,1,resolved,runs/geometry/resolved/tier1/M031_Q0_M1/S003.xyz,961a452bdfe2be406827fe18e46c247907d237aec8d51df7d5e453ac366f305c,tier1_same_run_redox,20260729-jhtvs-fullspace-tier1-v1,redox-monomer-031-solvent-003-resting,961a452bdfe2be406827fe18e46c247907d237aec8d51df7d5e453ac366f305c,832401208ac04171187a2eadd894309b442dcc1fe4841fb078ea0ef1ed06321a,pass,pass,0,0,a7781bfb8860257e1817131466ffa686c910c9c9ef7a428975924fcda5fdb3ed,,Tier1_GFN2-xTB_default_opt_ddCOSMO,64.92,
tier1:redox:M031:S003:q1:m2,M031_QP1_M2,S003,1,2,resolved,runs/geometry/resolved/tier1/M031_QP1_M2/S003.xyz,f69e8569ada2abcb0dd50dfbd9868d30885a748f051c0f2c9649b57ff9a54f75,tier1_same_run_redox,20260729-jhtvs-fullspace-tier1-v1,redox-monomer-031-solvent-003-oxidized,f69e8569ada2abcb0dd50dfbd9868d30885a748f051c0f2c9649b57ff9a54f75,85d1795ba140a71c47cacfb35b20ff6ef7ae20cb7c77404ad9e79254f8ebf8f6,pass,pass,0,0,a7781bfb8860257e1817131466ffa686c910c9c9ef7a428975924fcda5fdb3ed,,Tier1_GFN2-xTB_default_opt_ddCOSMO,64.92,
tier1:redox:M031:S013:q0:m1,M031_Q0_M1,S013,0,1,resolved,runs/geometry/resolved/tier1/M031_Q0_M1/S013.xyz,d0f9e698cb7b224cc65ca3dae6de75bf074074d13fbf315d8d5040c4cb650f7c,tier1_same_run_redox,20260729-jhtvs-fullspace-tier1-v1,redox-monomer-031-solvent-013-resting,d0f9e698cb7b224cc65ca3dae6de75bf074074d13fbf315d8d5040c4cb650f7c,2d1d9c39dd8c2872dac05706585f14bb18030bc4975d40bb9728cf860829fcbd,pass,pass,0,0,a7781bfb8860257e1817131466ffa686c910c9c9ef7a428975924fcda5fdb3ed,,Tier1_GFN2-xTB_default_opt_ddCOSMO,32.2,
tier1:redox:M031:S013:q1:m2,M031_QP1_M2,S013,1,2,resolved,runs/geometry/resolved/tier1/M031_QP1_M2/S013.xyz,c93396321c5907ebfae923741ef05defcf37a401be087b25e696fbbc42f22369,tier1_same_run_redox,20260729-jhtvs-fullspace-tier1-v1,redox-monomer-031-solvent-013-oxidized,c93396321c5907ebfae923741ef05defcf37a401be087b25e696fbbc42f22369,c8259b67a4205a4f1e0210baa8f095e79ac3ea6df0dbdc82cb50ae1f63963099,pass,pass,0,0,a7781bfb8860257e1817131466ffa686c910c9c9ef7a428975924fcda5fdb3ed,,Tier1_GFN2-xTB_default_opt_ddCOSMO,32.2,
tier1:redox:M031:S014:q0:m1,M031_Q0_M1,S014,0,1,resolved,runs/geometry/resolved/tier1/M031_Q0_M1/S014.xyz,57200625b3732d9e2fe6f8d1674b6ad02a5bec7b6293a3e2d972a7c0e96888de,tier1_same_run_redox,20260729-jhtvs-fullspace-tier1-v1,redox-monomer-031-solvent-014-resting,57200625b3732d9e2fe6f8d1674b6ad02a5bec7b6293a3e2d972a7c0e96888de,c77a2c630348cc2a6aaa5eb1f333fa036ee2a3a0de3bd7dcfd2e4a5aa9d277fe,pass,pass,0,0,a7781bfb8860257e1817131466ffa686c910c9c9ef7a428975924fcda5fdb3ed,,Tier1_GFN2-xTB_default_opt_ddCOSMO,4.34,
tier1:redox:M031:S014:q1:m2,M031_QP1_M2,S014,1,2,resolved,runs/geometry/resolved/tier1/M031_QP1_M2/S014.xyz,0541bbec7c4451872ed4e6ec66bd7f8d7a061de7a18d03c80713a8ea0527f0ee,tier1_same_run_redox,20260729-jhtvs-fullspace-tier1-v1,redox-monomer-031-solvent-014-oxidized,0541bbec7c4451872ed4e6ec66bd7f8d7a061de7a18d03c80713a8ea0527f0ee,cab61751eb6951186606371be61411758365102641907e12ada62e3dbc7e86f0,pass,pass,0,0,a7781bfb8860257e1817131466ffa686c910c9c9ef7a428975924fcda5fdb3ed,,Tier1_GFN2-xTB_default_opt_ddCOSMO,4.34,
tier1:redox:M031:S020:q0:m1,M031_Q0_M1,S020,0,1,resolved,runs/geometry/resolved/tier1/M031_Q0_M1/S020.xyz,2ff190a0084e0fec8286daa29c6dd13bf5d3175952e1c1a15c393edb3ff1c5d8,tier1_same_run_redox,20260729-jhtvs-fullspace-tier1-v1,redox-monomer-031-solvent-020-resting,2ff190a0084e0fec8286daa29c6dd13bf5d3175952e1c1a15c393edb3ff1c5d8,eee51db180a23a2ce3a017a06d8aca9275661197cd324c52312cd783a2e3f2e3,pass,pass,0,0,a7781bfb8860257e1817131466ffa686c910c9c9ef7a428975924fcda5fdb3ed,,Tier1_GFN2-xTB_default_opt_ddCOSMO,10.125,
tier1:redox:M031:S020:q1:m2,M031_QP1_M2,S020,1,2,resolved,runs/geometry/resolved/tier1/M031_QP1_M2/S020.xyz,3e3e4bdd9a6c3ddf136221e51a79731eccae1475300091dbc77e3eb5facfe981,tier1_same_run_redox,20260729-jhtvs-fullspace-tier1-v1,redox-monomer-031-solvent-020-oxidized,3e3e4bdd9a6c3ddf136221e51a79731eccae1475300091dbc77e3eb5facfe981,2d08ded82cff410c8f11fe39c23e4769abf1f56b30b56873fd00a9f787551f09,pass,pass,0,0,a7781bfb8860257e1817131466ffa686c910c9c9ef7a428975924fcda5fdb3ed,,Tier1_GFN2-xTB_default_opt_ddCOSMO,10.125,
tier1:redox:M036:S001:q0:m1,M036_Q0_M1,S001,0,1,resolved,runs/geometry/resolved/tier1/M036_Q0_M1/S001.xyz,aafff0d237bcdb92bcdf3444ee7f5331e19112258744e266329368fb75365ed3,tier1_same_run_redox,20260729-jhtvs-fullspace-tier1-v1,redox-monomer-036-solvent-001-resting,aafff0d237bcdb92bcdf3444ee7f5331e19112258744e266329368fb75365ed3,6e8b2871f276703e2e9d919a907a00d1457cf33a61c3c44b7f909733eaecf157,pass,pass,0,0,a7781bfb8860257e1817131466ffa686c910c9c9ef7a428975924fcda5fdb3ed,,Tier1_GFN2-xTB_default_opt_ddCOSMO,35.688,
tier1:redox:M036:S001:q1:m2,M036_QP1_M2,S001,1,2,resolved,runs/geometry/resolved/tier1/M036_QP1_M2/S001.xyz,cc5b05667792c5d47e8d9dbdd184eafdd2361cecfce1caa78e19704627fa6afd,tier1_same_run_redox,20260729-jhtvs-fullspace-tier1-v1,redox-monomer-036-solvent-001-oxidized,cc5b05667792c5d47e8d9dbdd184eafdd2361cecfce1caa78e19704627fa6afd,14313332684f9b2b58acaf61763b9c1501b74deb5df57755f28f0fbf1f357238,pass,pass,0,0,a7781bfb8860257e1817131466ffa686c910c9c9ef7a428975924fcda5fdb3ed,,Tier1_GFN2-xTB_default_opt_ddCOSMO,35.688,
tier1:redox:M036:S007:q0:m1,M036_Q0_M1,S007,0,1,resolved,runs/geometry/resolved/tier1/M036_Q0_M1/S007.xyz,788d4a36805239a746a1332377583918d90dbd673df5c5e0228738b732c96565,tier1_same_run_redox,20260729-jhtvs-fullspace-tier1-v1,redox-monomer-036-solvent-007-resting,788d4a36805239a746a1332377583918d90dbd673df5c5e0228738b732c96565,b57edec6ab5cc83cd863a841fb9e46c2cecf7bec4ae849684e797bfa06099496,pass,pass,0,0,a7781bfb8860257e1817131466ffa686c910c9c9ef7a428975924fcda5fdb3ed,,Tier1_GFN2-xTB_default_opt_ddCOSMO,46.826,
tier1:redox:M036:S007:q1:m2,M036_QP1_M2,S007,1,2,resolved,runs/geometry/resolved/tier1/M036_QP1_M2/S007.xyz,c24eb32062cf0930415d0cb8ed8a83bb062bb6f2b5cb258f14b67f79bab357c2,tier1_same_run_redox,20260729-jhtvs-fullspace-tier1-v1,redox-monomer-036-solvent-007-oxidized,c24eb32062cf0930415d0cb8ed8a83bb062bb6f2b5cb258f14b67f79bab357c2,eac7aa2b3fbcc2516e6b01df3d7ba537c4fb935f25688c0ed9ff8bf5bacfbd1f,pass,pass,0,0,a7781bfb8860257e1817131466ffa686c910c9c9ef7a428975924fcda5fdb3ed,,Tier1_GFN2-xTB_default_opt_ddCOSMO,46.826,
tier1:redox:M036:S017:q0:m1,M036_Q0_M1,S017,0,1,resolved,runs/geometry/resolved/tier1/M036_Q0_M1/S017.xyz,fc5febb2883cfbbf1394315ef2292349a493f731b724445c7781c363e45094c2,tier1_same_run_redox,20260729-jhtvs-fullspace-tier1-v1,redox-monomer-036-solvent-017-resting,fc5febb2883cfbbf1394315ef2292349a493f731b724445c7781c363e45094c2,951686f081d4a3c57ef594ac02bf8509cbeecc1e825f22acb0c468995ccf738c,pass,pass,0,0,a7781bfb8860257e1817131466ffa686c910c9c9ef7a428975924fcda5fdb3ed,,Tier1_GFN2-xTB_default_opt_ddCOSMO,13.8,
tier1:redox:M036:S017:q1:m2,M036_QP1_M2,S017,1,2,resolved,runs/geometry/resolved/tier1/M036_QP1_M2/S017.xyz,428ae8b09382ac89ffc77cf70ba73a30c1c094271e5ff0d1729faedfc933e7c2,tier1_same_run_redox,20260729-jhtvs-fullspace-tier1-v1,redox-monomer-036-solvent-017-oxidized,428ae8b09382ac89ffc77cf70ba73a30c1c094271e5ff0d1729faedfc933e7c2,8f5b6b0bc0bd4d6e36bce48344b7ea52b3a3d0f5f8993e1fa861757f9ce2c23d,pass,pass,0,0,a7781bfb8860257e1817131466ffa686c910c9c9ef7a428975924fcda5fdb3ed,,Tier1_GFN2-xTB_default_opt_ddCOSMO,13.8,
tier1:redox:M036:S022:q0:m1,M036_Q0_M1,S022,0,1,resolved,runs/geometry/resolved/tier1/M036_Q0_M1/S022.xyz,de3087d8bce00ceb248b753564ce5f0614633940e8d6f6de67f86e0ca7436042,tier1_same_run_redox,20260729-jhtvs-fullspace-tier1-v1,redox-monomer-036-solvent-022-resting,de3087d8bce00ceb248b753564ce5f0614633940e8d6f6de67f86e0ca7436042,1de964889062ce2338f247d5e9e5f28cb7786d7f1948e1a85a8ab2ae41f2419d,pass,pass,0,0,a7781bfb8860257e1817131466ffa686c910c9c9ef7a428975924fcda5fdb3ed,,Tier1_GFN2-xTB_default_opt_ddCOSMO,89.78,
tier1:redox:M036:S022:q1:m2,M036_QP1_M2,S022,1,2,resolved,runs/geometry/resolved/tier1/M036_QP1_M2/S022.xyz,283d06716acd278cd87a65e77c65de76ccc1d1bdadb7cba9270af404d98c9848,tier1_same_run_redox,20260729-jhtvs-fullspace-tier1-v1,redox-monomer-036-solvent-022-oxidized,283d06716acd278cd87a65e77c65de76ccc1d1bdadb7cba9270af404d98c9848,0ece8ed606db9e7e5a7bb4fcf0d1a06d6c3214114ad5caaf8003fa87b99e38cb,pass,pass,0,0,a7781bfb8860257e1817131466ffa686c910c9c9ef7a428975924fcda5fdb3ed,,Tier1_GFN2-xTB_default_opt_ddCOSMO,89.78,
tier1:redox:M038:S004:q0:m1,M038_Q0_M1,S004,0,1,resolved,runs/geometry/resolved/tier1/M038_Q0_M1/S004.xyz,b0aed992e513df7fa147e83e9bb44a2c50853e3de240177d37ca9b3523f327a9,tier1_same_run_redox,20260729-jhtvs-fullspace-tier1-v1,redox-monomer-038-solvent-004-resting,b0aed992e513df7fa147e83e9bb44a2c50853e3de240177d37ca9b3523f327a9,0c67bd3183bdc3450cf4d31cad2fe67af6ac8d7f662e081f89b6503e201b03e5,pass,pass,0,0,a7781bfb8860257e1817131466ffa686c910c9c9ef7a428975924fcda5fdb3ed,,Tier1_GFN2-xTB_default_opt_ddCOSMO,34.809,
tier1:redox:M038:S004:q1:m2,M038_QP1_M2,S004,1,2,resolved,runs/geometry/resolved/tier1/M038_QP1_M2/S004.xyz,eaebfdb1e8d3628abf0d0bfb164d3a544d991ecbb2af13c4595a76b22c5e0c53,tier1_same_run_redox,20260729-jhtvs-fullspace-tier1-v1,redox-monomer-038-solvent-004-oxidized,eaebfdb1e8d3628abf0d0bfb164d3a544d991ecbb2af13c4595a76b22c5e0c53,55d0d658795567947025cfd7b9adddc593e85b61640ab9f4704459c6bf81bbd7,pass,pass,0,0,a7781bfb8860257e1817131466ffa686c910c9c9ef7a428975924fcda5fdb3ed,,Tier1_GFN2-xTB_default_opt_ddCOSMO,34.809,
tier1:redox:M038:S011:q0:m1,M038_Q0_M1,S011,0,1,resolved,runs/geometry/resolved/tier1/M038_Q0_M1/S011.xyz,de203e7b9db4c75b9a8e65138869787b3afef8fec9f56ffeb99d55324bac4553,tier1_same_run_redox,20260729-jhtvs-fullspace-tier1-v1,redox-monomer-038-solvent-011-resting,de203e7b9db4c75b9a8e65138869787b3afef8fec9f56ffeb99d55324bac4553,72a337fbd913b41d33f40871611ccedded275846ca161070d0111479f3db6b99,pass,pass,0,0,a7781bfb8860257e1817131466ffa686c910c9c9ef7a428975924fcda5fdb3ed,,Tier1_GFN2-xTB_default_opt_ddCOSMO,41.7,
tier1:redox:M038:S011:q1:m2,M038_QP1_M2,S011,1,2,resolved,runs/geometry/resolved/tier1/M038_QP1_M2/S011.xyz,7496917fb33be17492a22d8a41468dede62e45b4e344e8ec6fe30b7a4916322f,tier1_same_run_redox,20260729-jhtvs-fullspace-tier1-v1,redox-monomer-038-solvent-011-oxidized,7496917fb33be17492a22d8a41468dede62e45b4e344e8ec6fe30b7a4916322f,d9ca1e999bb110b11b118b63ce398beaa7040402db32c49bd0108c0337eb8999,pass,pass,0,0,a7781bfb8860257e1817131466ffa686c910c9c9ef7a428975924fcda5fdb3ed,,Tier1_GFN2-xTB_default_opt_ddCOSMO,41.7,
tier1:redox:M038:S018:q0:m1,M038_Q0_M1,S018,0,1,resolved,runs/geometry/resolved/tier1/M038_Q0_M1/S018.xyz,902c35eb59c9f1b4779d18362c4f5aba5985d233a229bc783839a082d1b74e5e,tier1_same_run_redox,20260729-jhtvs-fullspace-tier1-v1,redox-monomer-038-solvent-018-resting,902c35eb59c9f1b4779d18362c4f5aba5985d233a229bc783839a082d1b74e5e,8066fa3af72d96d9d41ff00a5e7836c9b0ecf9220ce0c45ceec8cc390ac89d10,pass,pass,0,0,a7781bfb8860257e1817131466ffa686c910c9c9ef7a428975924fcda5fdb3ed,,Tier1_GFN2-xTB_default_opt_ddCOSMO,9.8,
tier1:redox:M038:S018:q1:m2,M038_QP1_M2,S018,1,2,resolved,runs/geometry/resolved/tier1/M038_QP1_M2/S018.xyz,95d320584b98ab89c343f2e3d7625fe1c3dfd8a052118164c4a12357f6fdde48,tier1_same_run_redox,20260729-jhtvs-fullspace-tier1-v1,redox-monomer-038-solvent-018-oxidized,95d320584b98ab89c343f2e3d7625fe1c3dfd8a052118164c4a12357f6fdde48,0727eb639964581897dfff1465e272299c5ddef4161b81894a800a3939823594,pass,pass,0,0,a7781bfb8860257e1817131466ffa686c910c9c9ef7a428975924fcda5fdb3ed,,Tier1_GFN2-xTB_default_opt_ddCOSMO,9.8,
tier1:redox:M038:S025:q0:m1,M038_Q0_M1,S025,0,1,resolved,runs/geometry/resolved/tier1/M038_Q0_M1/S025.xyz,1b88dc107da281a3c5b4f41d517fb9707723b6af017b19452869aa5dce5b6cd2,tier1_same_run_redox,20260729-jhtvs-fullspace-tier1-v1,redox-monomer-038-solvent-025-resting,1b88dc107da281a3c5b4f41d517fb9707723b6af017b19452869aa5dce5b6cd2,c5406c461defb60f2ec3455b96daaf711558dcf71985daa165498c23d8e13775,pass,pass,0,0,a7781bfb8860257e1817131466ffa686c910c9c9ef7a428975924fcda5fdb3ed,,Tier1_GFN2-xTB_default_opt_ddCOSMO,7.3,
tier1:redox:M038:S025:q1:m2,M038_QP1_M2,S025,1,2,resolved,runs/geometry/resolved/tier1/M038_QP1_M2/S025.xyz,1ec8ed0378b8bce32246750f373d098b2b43e5be707e9d604fba0cd3d3b47b6a,tier1_same_run_redox,20260729-jhtvs-fullspace-tier1-v1,redox-monomer-038-solvent-025-oxidized,1ec8ed0378b8bce32246750f373d098b2b43e5be707e9d604fba0cd3d3b47b6a,f684d5c33b7538c30e69b9463ba63fb2dc8c0147ddef6d352bbbaea7daf39213,pass,pass,0,0,a7781bfb8860257e1817131466ffa686c910c9c9ef7a428975924fcda5fdb3ed,,Tier1_GFN2-xTB_default_opt_ddCOSMO,7.3,
tier1:redox:M042:S005:q0:m1,M042_Q0_M1,S005,0,1,resolved,runs/geometry/resolved/tier1/M042_Q0_M1/S005.xyz,31ccdb3a8634848cac51836a011f5af9e242d9640a6db31ee01b74ac30ea0bdd,tier1_same_run_redox,20260729-jhtvs-fullspace-tier1-v1,redox-monomer-042-solvent-005-resting,31ccdb3a8634848cac51836a011f5af9e242d9640a6db31ee01b74ac30ea0bdd,ae2ec5a2b05278a7fb284a447e4e93b85d7cf0fe2a05583a282d1a0354b8c03a,pass,pass,0,0,a7781bfb8860257e1817131466ffa686c910c9c9ef7a428975924fcda5fdb3ed,,Tier1_GFN2-xTB_default_opt_ddCOSMO,25.592,
tier1:redox:M042:S005:q1:m2,M042_QP1_M2,S005,1,2,resolved,runs/geometry/resolved/tier1/M042_QP1_M2/S005.xyz,b172f9a657bd89413d3694988e19402b0e78a47c225c43142fd98e8cc62245de,tier1_same_run_redox,20260729-jhtvs-fullspace-tier1-v1,redox-monomer-042-solvent-005-oxidized,b172f9a657bd89413d3694988e19402b0e78a47c225c43142fd98e8cc62245de,c4aa96bda410ae6710eab99d663f804f29d73d8ce4d481112271b35fa05fb9a1,pass,pass,0,0,a7781bfb8860257e1817131466ffa686c910c9c9ef7a428975924fcda5fdb3ed,,Tier1_GFN2-xTB_default_opt_ddCOSMO,25.592,
tier1:redox:M042:S012:q0:m1,M042_Q0_M1,S012,0,1,resolved,runs/geometry/resolved/tier1/M042_Q0_M1/S012.xyz,882ba25cb87a4b4ddac47b2f6802f6b533233ed8166c7d94c2ca36204a103f4f,tier1_same_run_redox,20260729-jhtvs-fullspace-tier1-v1,redox-monomer-042-solvent-012-resting,882ba25cb87a4b4ddac47b2f6802f6b533233ed8166c7d94c2ca36204a103f4f,0c828f27eadb5f564c0fede481ad487835f985b697ea9ad335a0c5f58e269cd6,pass,pass,0,0,a7781bfb8860257e1817131466ffa686c910c9c9ef7a428975924fcda5fdb3ed,,Tier1_GFN2-xTB_default_opt_ddCOSMO,43.3,
tier1:redox:M042:S012:q1:m2,M042_QP1_M2,S012,1,2,resolved,runs/geometry/resolved/tier1/M042_QP1_M2/S012.xyz,c9c8db4675983f7fd80a0d21e9c14999d0b81e2d2187d40288511d5880dc1891,tier1_same_run_redox,20260729-jhtvs-fullspace-tier1-v1,redox-monomer-042-solvent-012-oxidized,c9c8db4675983f7fd80a0d21e9c14999d0b81e2d2187d40288511d5880dc1891,852782a7cdbe74f7aebaabe57c4e8588ae64a7323c2c7f48189e75571432271e,pass,pass,0,0,a7781bfb8860257e1817131466ffa686c910c9c9ef7a428975924fcda5fdb3ed,,Tier1_GFN2-xTB_default_opt_ddCOSMO,43.3,
tier1:redox:M042:S015:q0:m1,M042_Q0_M1,S015,0,1,resolved,runs/geometry/resolved/tier1/M042_Q0_M1/S015.xyz,8ee55f3b6e08097822ca64c91ab58a54298170f4ea858ffd4bd3c879f8b8b88e,tier1_same_run_redox,20260729-jhtvs-fullspace-tier1-v1,redox-monomer-042-solvent-015-resting,8ee55f3b6e08097822ca64c91ab58a54298170f4ea858ffd4bd3c879f8b8b88e,afc7b0545fe34a873e40d3ae650acde1bc4869b221d8e7d207a6dbc3b39d640c,pass,pass,0,0,a7781bfb8860257e1817131466ffa686c910c9c9ef7a428975924fcda5fdb3ed,,Tier1_GFN2-xTB_default_opt_ddCOSMO,11.4,
tier1:redox:M042:S015:q1:m2,M042_QP1_M2,S015,1,2,resolved,runs/geometry/resolved/tier1/M042_QP1_M2/S015.xyz,bfe3ab5a849b7dacdb33c6e93d0f963ceb3042388e50d3913b0207c79bcc8e5e,tier1_same_run_redox,20260729-jhtvs-fullspace-tier1-v1,redox-monomer-042-solvent-015-oxidized,bfe3ab5a849b7dacdb33c6e93d0f963ceb3042388e50d3913b0207c79bcc8e5e,eff8f92e60d80d6f22f19cd2123854a2f6249013d4329c1aac886cbd2d67ee94,pass,pass,0,0,a7781bfb8860257e1817131466ffa686c910c9c9ef7a428975924fcda5fdb3ed,,Tier1_GFN2-xTB_default_opt_ddCOSMO,11.4,
tier1:redox:M042:S023:q0:m1,M042_Q0_M1,S023,0,1,resolved,runs/geometry/resolved/tier1/M042_Q0_M1/S023.xyz,58b73d70df1cf5b892e06dca6d643e9582110b562dc975c6d63711f17b65c8cb,tier1_same_run_redox,20260729-jhtvs-fullspace-tier1-v1,redox-monomer-042-solvent-023-resting,58b73d70df1cf5b892e06dca6d643e9582110b562dc975c6d63711f17b65c8cb,47f3e4a8fdb2438c7e62e27b775df5f0c79f8db78d616398431bbe26b9dae0dd,pass,pass,0,0,a7781bfb8860257e1817131466ffa686c910c9c9ef7a428975924fcda5fdb3ed,,Tier1_GFN2-xTB_default_opt_ddCOSMO,3.087,
tier1:redox:M042:S023:q1:m2,M042_QP1_M2,S023,1,2,resolved,runs/geometry/resolved/tier1/M042_QP1_M2/S023.xyz,f7b6586616e99c378455de1694dbe7cf3ac201f5192dbed6d70d39b4f32d7779,tier1_same_run_redox,20260729-jhtvs-fullspace-tier1-v1,redox-monomer-042-solvent-023-oxidized,f7b6586616e99c378455de1694dbe7cf3ac201f5192dbed6d70d39b4f32d7779,13a8f2cfb58d2a9c17bc384a6e25c666b41e466a111860320928a6650ba4b444,pass,pass,0,0,a7781bfb8860257e1817131466ffa686c910c9c9ef7a428975924fcda5fdb3ed,,Tier1_GFN2-xTB_default_opt_ddCOSMO,3.087,
tier1:redox:M047:S002:q0:m1,M047_Q0_M1,S002,0,1,resolved,runs/geometry/resolved/tier1/M047_Q0_M1/S002.xyz,703778e3055761c44efbf2ac356d9028a238d2838f2349a49f2d0d9ab5673b66,tier1_same_run_redox,20260729-jhtvs-fullspace-tier1-v1,redox-monomer-047-solvent-002-resting,703778e3055761c44efbf2ac356d9028a238d2838f2349a49f2d0d9ab5673b66,7accfb3a2a009500d7ca5310ad194958339fd7da4c33719b10c4f3b6007a3970,pass,pass,0,0,a7781bfb8860257e1817131466ffa686c910c9c9ef7a428975924fcda5fdb3ed,,Tier1_GFN2-xTB_default_opt_ddCOSMO,8.93,
tier1:redox:M047:S002:q1:m2,M047_QP1_M2,S002,1,2,resolved,runs/geometry/resolved/tier1/M047_QP1_M2/S002.xyz,109b7f81baa140120bc3bee75193ff427e18e02df4d7f3b5223d438352a3cff9,tier1_same_run_redox,20260729-jhtvs-fullspace-tier1-v1,redox-monomer-047-solvent-002-oxidized,109b7f81baa140120bc3bee75193ff427e18e02df4d7f3b5223d438352a3cff9,144c2bed61c952afc10b746d00812cd344806e4e5fc0f095192b5b490e95f5ce,pass,pass,0,0,a7781bfb8860257e1817131466ffa686c910c9c9ef7a428975924fcda5fdb3ed,,Tier1_GFN2-xTB_default_opt_ddCOSMO,8.93,
tier1:redox:M047:S006:q0:m1,M047_Q0_M1,S006,0,1,resolved,runs/geometry/resolved/tier1/M047_Q0_M1/S006.xyz,771e9ad196852b8261d6d52bc09f49d79d4896130169b5082c108e4edec3fce3,tier1_same_run_redox,20260729-jhtvs-fullspace-tier1-v1,redox-monomer-047-solvent-006-resting,771e9ad196852b8261d6d52bc09f49d79d4896130169b5082c108e4edec3fce3,3011462e8669197de1d71dcc6dc2b89c038de5b9c15cad4e505f0406a682463c,pass,pass,0,0,a7781bfb8860257e1817131466ffa686c910c9c9ef7a428975924fcda5fdb3ed,,Tier1_GFN2-xTB_default_opt_ddCOSMO,37.219,
tier1:redox:M047:S006:q1:m2,M047_QP1_M2,S006,1,2,resolved,runs/geometry/resolved/tier1/M047_QP1_M2/S006.xyz,71c55797aeb8c2e71aef71e05c73bf108b2ada3addc78cefccbe388422e78333,tier1_same_run_redox,20260729-jhtvs-fullspace-tier1-v1,redox-monomer-047-solvent-006-oxidized,71c55797aeb8c2e71aef71e05c73bf108b2ada3addc78cefccbe388422e78333,30031523507d7b32bc0934d26e29a67519314486475256ed8d058b679bca0a39,pass,pass,0,0,a7781bfb8860257e1817131466ffa686c910c9c9ef7a428975924fcda5fdb3ed,,Tier1_GFN2-xTB_default_opt_ddCOSMO,37.219,
tier1:redox:M047:S016:q0:m1,M047_Q0_M1,S016,0,1,resolved,runs/geometry/resolved/tier1/M047_Q0_M1/S016.xyz,2f228a8657a7999ac8e6d40c615079b545657c611a37a92f7e4398b7f18c5bd4,tier1_same_run_redox,20260729-jhtvs-fullspace-tier1-v1,redox-monomer-047-solvent-016-resting,2f228a8657a7999ac8e6d40c615079b545657c611a37a92f7e4398b7f18c5bd4,9f58ebaf06966e12253678bb1e7c9e4e4c5f205a559bdbe50bee4d3585baf6c2,pass,pass,0,0,a7781bfb8860257e1817131466ffa686c910c9c9ef7a428975924fcda5fdb3ed,,Tier1_GFN2-xTB_default_opt_ddCOSMO,9.7,
tier1:redox:M047:S016:q1:m2,M047_QP1_M2,S016,1,2,resolved,runs/geometry/resolved/tier1/M047_QP1_M2/S016.xyz,e262837280b0706e7e5bd1fa68d07a9fc8fe29f23826624a643ebf67ba0669ce,tier1_same_run_redox,20260729-jhtvs-fullspace-tier1-v1,redox-monomer-047-solvent-016-oxidized,e262837280b0706e7e5bd1fa68d07a9fc8fe29f23826624a643ebf67ba0669ce,64c9190c73d249b5ace2ed13dcf0fd85cb16f884450bc8239665ac7899dafddb,pass,pass,0,0,a7781bfb8860257e1817131466ffa686c910c9c9ef7a428975924fcda5fdb3ed,,Tier1_GFN2-xTB_default_opt_ddCOSMO,9.7,
tier1:redox:M047:S024:q0:m1,M047_Q0_M1,S024,0,1,resolved,runs/geometry/resolved/tier1/M047_Q0_M1/S024.xyz,fabfa66d132b0472a045814b8befe8d5ed262429924b8e58dd9a6ae738789718,tier1_same_run_redox,20260729-jhtvs-fullspace-tier1-v1,redox-monomer-047-solvent-024-resting,fabfa66d132b0472a045814b8befe8d5ed262429924b8e58dd9a6ae738789718,759cc7fc5d88b19b039c1f9dc78dea2fc5baa412a3e564915e56317b0c5a2cf6,pass,pass,0,0,a7781bfb8860257e1817131466ffa686c910c9c9ef7a428975924fcda5fdb3ed,,Tier1_GFN2-xTB_default_opt_ddCOSMO,2.2099,
tier1:redox:M047:S024:q1:m2,M047_QP1_M2,S024,1,2,resolved,runs/geometry/resolved/tier1/M047_QP1_M2/S024.xyz,4c4cc96559b746d741cb8979fb1d14287cbb2634a6c4fca7728d71a8cfd01dfd,tier1_same_run_redox,20260729-jhtvs-fullspace-tier1-v1,redox-monomer-047-solvent-024-oxidized,4c4cc96559b746d741cb8979fb1d14287cbb2634a6c4fca7728d71a8cfd01dfd,c7af5c9b8eadb88f8df08efe6e765552023197dcd6c5cfff5fdc0186cb6e5d27,pass,pass,0,0,a7781bfb8860257e1817131466ffa686c910c9c9ef7a428975924fcda5fdb3ed,,Tier1_GFN2-xTB_default_opt_ddCOSMO,2.2099,
tier1:redox:M048:S003:q0:m1,M048_Q0_M1,S003,0,1,resolved,runs/geometry/resolved/tier1/M048_Q0_M1/S003.xyz,3f6c9928e9260bfcde014ab8c3feed3f34c58c3b949185b4deb778401850813e,tier1_same_run_redox,20260729-jhtvs-fullspace-tier1-v1,redox-monomer-048-solvent-003-resting,3f6c9928e9260bfcde014ab8c3feed3f34c58c3b949185b4deb778401850813e,dacc7fc69087f57eba1bc3274eb1c88b40e5311efb72eab30ba3da94bb05a2af,pass,pass,0,0,a7781bfb8860257e1817131466ffa686c910c9c9ef7a428975924fcda5fdb3ed,,Tier1_GFN2-xTB_default_opt_ddCOSMO,64.92,
tier1:redox:M048:S003:q1:m2,M048_QP1_M2,S003,1,2,resolved,runs/geometry/resolved/tier1/M048_QP1_M2/S003.xyz,1bb940e20f2b0f1d303fb7ec2c5f5f88329f59d1970b2188b3b71fdfd84aae9c,tier1_same_run_redox,20260729-jhtvs-fullspace-tier1-v1,redox-monomer-048-solvent-003-oxidized,1bb940e20f2b0f1d303fb7ec2c5f5f88329f59d1970b2188b3b71fdfd84aae9c,d87dba6f28dc013616dac5c9cec898ee41117bae762e2e5fd97e1813b64371ad,pass,pass,0,0,a7781bfb8860257e1817131466ffa686c910c9c9ef7a428975924fcda5fdb3ed,,Tier1_GFN2-xTB_default_opt_ddCOSMO,64.92,
tier1:redox:M048:S013:q0:m1,M048_Q0_M1,S013,0,1,resolved,runs/geometry/resolved/tier1/M048_Q0_M1/S013.xyz,bc266319647aa1aa82224b6c363faab72400cda9caf0288ea9545f16eeb38230,tier1_same_run_redox,20260729-jhtvs-fullspace-tier1-v1,redox-monomer-048-solvent-013-resting,bc266319647aa1aa82224b6c363faab72400cda9caf0288ea9545f16eeb38230,46144a0884eca3c2c7791ada5e230beddf5ff7dc3ddf591d2cdfce1ffb2360a6,pass,pass,0,0,a7781bfb8860257e1817131466ffa686c910c9c9ef7a428975924fcda5fdb3ed,,Tier1_GFN2-xTB_default_opt_ddCOSMO,32.2,
tier1:redox:M048:S013:q1:m2,M048_QP1_M2,S013,1,2,resolved,runs/geometry/resolved/tier1/M048_QP1_M2/S013.xyz,7f8d218e2523ca187d5890cbd93ad0b49c1cebc4630cb0a4ac295bf3fcaa8fa4,tier1_same_run_redox,20260729-jhtvs-fullspace-tier1-v1,redox-monomer-048-solvent-013-oxidized,7f8d218e2523ca187d5890cbd93ad0b49c1cebc4630cb0a4ac295bf3fcaa8fa4,6038e1ec5515d4c85b44186cf7b72eec1434c78729381153ead47a9eca2cb3bf,pass,pass,0,0,a7781bfb8860257e1817131466ffa686c910c9c9ef7a428975924fcda5fdb3ed,,Tier1_GFN2-xTB_default_opt_ddCOSMO,32.2,
tier1:redox:M048:S020:q0:m1,M048_Q0_M1,S020,0,1,resolved,runs/geometry/resolved/tier1/M048_Q0_M1/S020.xyz,d09a9214134518dbade02943e2aa45bccb486204df70c0792e9e87e3bc1298b8,tier1_same_run_redox,20260729-jhtvs-fullspace-tier1-v1,redox-monomer-048-solvent-020-resting,d09a9214134518dbade02943e2aa45bccb486204df70c0792e9e87e3bc1298b8,f64bab2edacab044bad27535399e0f59aadb9c23554de51d3ba4521b51a59f09,pass,pass,0,0,a7781bfb8860257e1817131466ffa686c910c9c9ef7a428975924fcda5fdb3ed,,Tier1_GFN2-xTB_default_opt_ddCOSMO,10.125,
tier1:redox:M048:S020:q1:m2,M048_QP1_M2,S020,1,2,resolved,runs/geometry/resolved/tier1/M048_QP1_M2/S020.xyz,bdce8e693e7e074b96a665ef18d801a4178558902d3f7335c836cfb4fb84e4b5,tier1_same_run_redox,20260729-jhtvs-fullspace-tier1-v1,redox-monomer-048-solvent-020-oxidized,bdce8e693e7e074b96a665ef18d801a4178558902d3f7335c836cfb4fb84e4b5,feb6c24cf24f4fdcf73ce6c73cbcca8b8bd86aeda9a03a482896c971b17c46d2,pass,pass,0,0,a7781bfb8860257e1817131466ffa686c910c9c9ef7a428975924fcda5fdb3ed,,Tier1_GFN2-xTB_default_opt_ddCOSMO,10.125,
tier1:redox:M048:S021:q0:m1,M048_Q0_M1,S021,0,1,resolved,runs/geometry/resolved/tier1/M048_Q0_M1/S021.xyz,febe64824bf2ba8f57a818f8641ed346f27b842d4f3d23f42df385fa54997d20,tier1_same_run_redox,20260729-jhtvs-fullspace-tier1-v1,redox-monomer-048-solvent-021-resting,febe64824bf2ba8f57a818f8641ed346f27b842d4f3d23f42df385fa54997d20,d6dd81005541b8ab863f561c49667e8ac7cfcc5c3a90b9b1c9d988f59001c090,pass,pass,0,0,a7781bfb8860257e1817131466ffa686c910c9c9ef7a428975924fcda5fdb3ed,,Tier1_GFN2-xTB_default_opt_ddCOSMO,4.7113,
tier1:redox:M048:S021:q1:m2,M048_QP1_M2,S021,1,2,resolved,runs/geometry/resolved/tier1/M048_QP1_M2/S021.xyz,8338ebd20ceb055842891b648c16f6a2f2559ba8c21fa2f401a59da9c153f8ea,tier1_same_run_redox,20260729-jhtvs-fullspace-tier1-v1,redox-monomer-048-solvent-021-oxidized,8338ebd20ceb055842891b648c16f6a2f2559ba8c21fa2f401a59da9c153f8ea,92aa19afa988f8c7f25ef74f220676b8377997e5fc0a88ed86efc265afacc170,pass,pass,0,0,a7781bfb8860257e1817131466ffa686c910c9c9ef7a428975924fcda5fdb3ed,,Tier1_GFN2-xTB_default_opt_ddCOSMO,4.7113,
tier1:redox:M050:S001:q0:m1,M050_Q0_M1,S001,0,1,resolved,runs/geometry/resolved/tier1/M050_Q0_M1/S001.xyz,5af7e687813063e60d11f1f6a4f00e796d0a718ca18d87a4bbe6d79e7efd94a0,tier1_same_run_redox,20260729-jhtvs-fullspace-tier1-v1,redox-monomer-050-solvent-001-resting,5af7e687813063e60d11f1f6a4f00e796d0a718ca18d87a4bbe6d79e7efd94a0,5f151cf4bf7a329ec6d579c2e19a62af422e3a4bdbdff417913365c228ee7916,pass,pass,0,0,a7781bfb8860257e1817131466ffa686c910c9c9ef7a428975924fcda5fdb3ed,,Tier1_GFN2-xTB_default_opt_ddCOSMO,35.688,
tier1:redox:M050:S001:q1:m2,M050_QP1_M2,S001,1,2,resolved,runs/geometry/resolved/tier1/M050_QP1_M2/S001.xyz,7c8c6db2eecf3d86551028246c344b4aa6a51246e6820f6c2963750240356520,tier1_same_run_redox,20260729-jhtvs-fullspace-tier1-v1,redox-monomer-050-solvent-001-oxidized,7c8c6db2eecf3d86551028246c344b4aa6a51246e6820f6c2963750240356520,b3fe7e649437798b1bfc05577b57a06a836fc691e5ac591183e4cc250e111480,pass,pass,0,0,a7781bfb8860257e1817131466ffa686c910c9c9ef7a428975924fcda5fdb3ed,,Tier1_GFN2-xTB_default_opt_ddCOSMO,35.688,
tier1:redox:M050:S007:q0:m1,M050_Q0_M1,S007,0,1,resolved,runs/geometry/resolved/tier1/M050_Q0_M1/S007.xyz,f4c5485f85d833cb653ff1f4ea11ae6a148980d711422dfd4a88652a6c51c807,tier1_same_run_redox,20260729-jhtvs-fullspace-tier1-v1,redox-monomer-050-solvent-007-resting,f4c5485f85d833cb653ff1f4ea11ae6a148980d711422dfd4a88652a6c51c807,5a97d9632da4df58292ac45d7c060a0c61fd2ef00c40dffd97d25662c561ac0f,pass,pass,0,0,a7781bfb8860257e1817131466ffa686c910c9c9ef7a428975924fcda5fdb3ed,,Tier1_GFN2-xTB_default_opt_ddCOSMO,46.826,
tier1:redox:M050:S007:q1:m2,M050_QP1_M2,S007,1,2,resolved,runs/geometry/resolved/tier1/M050_QP1_M2/S007.xyz,b4bc0b31f8b179307242745d37438c031cd107da9bb929e2ad7b6b7591648afd,tier1_same_run_redox,20260729-jhtvs-fullspace-tier1-v1,redox-monomer-050-solvent-007-oxidized,b4bc0b31f8b179307242745d37438c031cd107da9bb929e2ad7b6b7591648afd,a0a9a017fcfb445d69480394652482105a55af6963547a62a4cc0845101cc5f9,pass,pass,0,0,a7781bfb8860257e1817131466ffa686c910c9c9ef7a428975924fcda5fdb3ed,,Tier1_GFN2-xTB_default_opt_ddCOSMO,46.826,
tier1:redox:M050:S018:q0:m1,M050_Q0_M1,S018,0,1,resolved,runs/geometry/resolved/tier1/M050_Q0_M1/S018.xyz,d425f6dc21645b3b27151b5f4e25df002df676ba381973c293cb05e37ae43559,tier1_same_run_redox,20260729-jhtvs-fullspace-tier1-v1,redox-monomer-050-solvent-018-resting,d425f6dc21645b3b27151b5f4e25df002df676ba381973c293cb05e37ae43559,bc38e4a24cfd4de8c3ce8b991102ec5598768ef2b158467d1501a7ea1a0e10b8,pass,pass,0,0,a7781bfb8860257e1817131466ffa686c910c9c9ef7a428975924fcda5fdb3ed,,Tier1_GFN2-xTB_default_opt_ddCOSMO,9.8,
tier1:redox:M050:S018:q1:m2,M050_QP1_M2,S018,1,2,resolved,runs/geometry/resolved/tier1/M050_QP1_M2/S018.xyz,be13f3fb6931515ce453e037b2dba2c54c410e5f4cef04599d4b54f919a82f98,tier1_same_run_redox,20260729-jhtvs-fullspace-tier1-v1,redox-monomer-050-solvent-018-oxidized,be13f3fb6931515ce453e037b2dba2c54c410e5f4cef04599d4b54f919a82f98,622f9bc3e5867c5435086d4e3103ad2228c9f026bc7854451c7bdcf099c5fe31,pass,pass,0,0,a7781bfb8860257e1817131466ffa686c910c9c9ef7a428975924fcda5fdb3ed,,Tier1_GFN2-xTB_default_opt_ddCOSMO,9.8,
tier1:redox:M050:S022:q0:m1,M050_Q0_M1,S022,0,1,resolved,runs/geometry/resolved/tier1/M050_Q0_M1/S022.xyz,e30bb564c387bcfa3ecd491e6438fc10f91cdcdfb7ecc57b730435fe0412c986,tier1_same_run_redox,20260729-jhtvs-fullspace-tier1-v1,redox-monomer-050-solvent-022-resting,e30bb564c387bcfa3ecd491e6438fc10f91cdcdfb7ecc57b730435fe0412c986,720a1b974fb5d6754dc284fa16246626024646de850b4d23c7af556b0457ad44,pass,pass,0,0,a7781bfb8860257e1817131466ffa686c910c9c9ef7a428975924fcda5fdb3ed,,Tier1_GFN2-xTB_default_opt_ddCOSMO,89.78,
tier1:redox:M050:S022:q1:m2,M050_QP1_M2,S022,1,2,resolved,runs/geometry/resolved/tier1/M050_QP1_M2/S022.xyz,9ea2a3802724bf28ab707cd12cd9f5da8a59cddfe895003f2ebf94b02630dc1b,tier1_same_run_redox,20260729-jhtvs-fullspace-tier1-v1,redox-monomer-050-solvent-022-oxidized,9ea2a3802724bf28ab707cd12cd9f5da8a59cddfe895003f2ebf94b02630dc1b,2d31ad09b4c56a665b83e6be34dfc3340778390b029be032aa3b66dca3aff382,pass,pass,0,0,a7781bfb8860257e1817131466ffa686c910c9c9ef7a428975924fcda5fdb3ed,,Tier1_GFN2-xTB_default_opt_ddCOSMO,89.78,
tier1:redox:M055:S004:q0:m1,M055_Q0_M1,S004,0,1,resolved,runs/geometry/resolved/tier1/M055_Q0_M1/S004.xyz,1dc38a32f1df3b11ce3f53eb325cc26acedecf3e532edc91e2cd7f34354d2053,tier1_same_run_redox,20260729-jhtvs-fullspace-tier1-v1,redox-monomer-055-solvent-004-resting,1dc38a32f1df3b11ce3f53eb325cc26acedecf3e532edc91e2cd7f34354d2053,2cb0344211878a3bb31e5b3ea03017bd03e0a694eca31413b6a6c6b19a910dae,pass,pass,0,0,a7781bfb8860257e1817131466ffa686c910c9c9ef7a428975924fcda5fdb3ed,,Tier1_GFN2-xTB_default_opt_ddCOSMO,34.809,
tier1:redox:M055:S004:q1:m2,M055_QP1_M2,S004,1,2,resolved,runs/geometry/resolved/tier1/M055_QP1_M2/S004.xyz,b6a4ed04950d898897510ac980dd88718f52e348e6dd6378cc618832d6c4d560,tier1_same_run_redox,20260729-jhtvs-fullspace-tier1-v1,redox-monomer-055-solvent-004-oxidized,b6a4ed04950d898897510ac980dd88718f52e348e6dd6378cc618832d6c4d560,f96930ea16fe4440c3f31d7a030554d506a6c0c0580b6c95d81a8b39ecd23473,pass,pass,0,0,a7781bfb8860257e1817131466ffa686c910c9c9ef7a428975924fcda5fdb3ed,,Tier1_GFN2-xTB_default_opt_ddCOSMO,34.809,
tier1:redox:M055:S008:q0:m1,M055_Q0_M1,S008,0,1,resolved,runs/geometry/resolved/tier1/M055_Q0_M1/S008.xyz,ea5f4d36dd0c3a97ecb89b9539bca4ad5fa2900a2ca47820ce8494ba6211afff,tier1_same_run_redox,20260729-jhtvs-fullspace-tier1-v1,redox-monomer-055-solvent-008-resting,ea5f4d36dd0c3a97ecb89b9539bca4ad5fa2900a2ca47820ce8494ba6211afff,a0c8cce5b9b60e77cffeb68c9d44c2208dee1387b39958eca0197fd1d6a4e079,pass,pass,0,0,a7781bfb8860257e1817131466ffa686c910c9c9ef7a428975924fcda5fdb3ed,,Tier1_GFN2-xTB_default_opt_ddCOSMO,7.4257,
tier1:redox:M055:S008:q1:m2,M055_QP1_M2,S008,1,2,resolved,runs/geometry/resolved/tier1/M055_QP1_M2/S008.xyz,02680670f5d65d042552eb1721308856596718e4f7f445431fc438cb5796d281,tier1_same_run_redox,20260729-jhtvs-fullspace-tier1-v1,redox-monomer-055-solvent-008-oxidized,02680670f5d65d042552eb1721308856596718e4f7f445431fc438cb5796d281,37718a91115567f464549340d1d217b212b40757ce4243c0124cff2f59c94556,pass,pass,0,0,a7781bfb8860257e1817131466ffa686c910c9c9ef7a428975924fcda5fdb3ed,,Tier1_GFN2-xTB_default_opt_ddCOSMO,7.4257,
tier1:redox:M055:S011:q0:m1,M055_Q0_M1,S011,0,1,resolved,runs/geometry/resolved/tier1/M055_Q0_M1/S011.xyz,9708274bed8c49938ce24bccf1345f2bb0d2a26e2711792dbba708b8b9af65d4,tier1_same_run_redox,20260729-jhtvs-fullspace-tier1-v1,redox-monomer-055-solvent-011-resting,9708274bed8c49938ce24bccf1345f2bb0d2a26e2711792dbba708b8b9af65d4,062e20c6239d0ca3f38ae711529f5757505a3dff70dae3be5eebad3418886067,pass,pass,0,0,a7781bfb8860257e1817131466ffa686c910c9c9ef7a428975924fcda5fdb3ed,,Tier1_GFN2-xTB_default_opt_ddCOSMO,41.7,
tier1:redox:M055:S011:q1:m2,M055_QP1_M2,S011,1,2,resolved,runs/geometry/resolved/tier1/M055_QP1_M2/S011.xyz,ee0fa151707816146c3e61dc22c26ec5d9401d0d6c0d0c5c8f6578d24446c652,tier1_same_run_redox,20260729-jhtvs-fullspace-tier1-v1,redox-monomer-055-solvent-011-oxidized,ee0fa151707816146c3e61dc22c26ec5d9401d0d6c0d0c5c8f6578d24446c652,30ea8e62b30deb0b1e257d23f2a6da8de4535f8d0992ea0fb484f2ad29a1d05e,pass,pass,0,0,a7781bfb8860257e1817131466ffa686c910c9c9ef7a428975924fcda5fdb3ed,,Tier1_GFN2-xTB_default_opt_ddCOSMO,41.7,
tier1:redox:M055:S015:q0:m1,M055_Q0_M1,S015,0,1,resolved,runs/geometry/resolved/tier1/M055_Q0_M1/S015.xyz,fbb3f7d3fa35eb9872f1aec6fbb8515971e451c27de47c12d9e3cacefaedf212,tier1_same_run_redox,20260729-jhtvs-fullspace-tier1-v1,redox-monomer-055-solvent-015-resting,fbb3f7d3fa35eb9872f1aec6fbb8515971e451c27de47c12d9e3cacefaedf212,6cd7c3b9b0e993a466149d3ac17f82f0af1a5f8d78aa5efd0bd4497ca1dfd70d,pass,pass,0,0,a7781bfb8860257e1817131466ffa686c910c9c9ef7a428975924fcda5fdb3ed,,Tier1_GFN2-xTB_default_opt_ddCOSMO,11.4,
tier1:redox:M055:S015:q1:m2,M055_QP1_M2,S015,1,2,resolved,runs/geometry/resolved/tier1/M055_QP1_M2/S015.xyz,e569ea20fc1d5f7c28ccee774958b1eddae4c98da87a41cb4b88b975fb3dff1b,tier1_same_run_redox,20260729-jhtvs-fullspace-tier1-v1,redox-monomer-055-solvent-015-oxidized,e569ea20fc1d5f7c28ccee774958b1eddae4c98da87a41cb4b88b975fb3dff1b,60516b8a0211d50e7b53a1173ff9a99bc11fe9289e9ea77e018c233f9c6a74cf,pass,pass,0,0,a7781bfb8860257e1817131466ffa686c910c9c9ef7a428975924fcda5fdb3ed,,Tier1_GFN2-xTB_default_opt_ddCOSMO,11.4,
tier1:redox:M058:S005:q0:m1,M058_Q0_M1,S005,0,1,resolved,runs/geometry/resolved/tier1/M058_Q0_M1/S005.xyz,9717e2b6fbb947eb41231005de2daa6efa21249973176b9b9f71d695992cfd05,tier1_same_run_redox,20260729-jhtvs-fullspace-tier1-v1,redox-monomer-058-solvent-005-resting,9717e2b6fbb947eb41231005de2daa6efa21249973176b9b9f71d695992cfd05,fbfa84e05dc2d3f7f163541b48036c433e2d457464db7189488e4af5516171f3,pass,pass,0,0,a7781bfb8860257e1817131466ffa686c910c9c9ef7a428975924fcda5fdb3ed,,Tier1_GFN2-xTB_default_opt_ddCOSMO,25.592,
tier1:redox:M058:S005:q1:m2,M058_QP1_M2,S005,1,2,resolved,runs/geometry/resolved/tier1/M058_QP1_M2/S005.xyz,afe9f54d804544b9d74d38728d5e9f9d49b6779fa2b6c4bbe5522fca0d95d005,tier1_same_run_redox,20260729-jhtvs-fullspace-tier1-v1,redox-monomer-058-solvent-005-oxidized,afe9f54d804544b9d74d38728d5e9f9d49b6779fa2b6c4bbe5522fca0d95d005,11f0001eee19765e37225be0d994a508fdfb1adcf1438130b253e8dc64bc7686,pass,pass,0,0,a7781bfb8860257e1817131466ffa686c910c9c9ef7a428975924fcda5fdb3ed,,Tier1_GFN2-xTB_default_opt_ddCOSMO,25.592,
tier1:redox:M058:S012:q0:m1,M058_Q0_M1,S012,0,1,resolved,runs/geometry/resolved/tier1/M058_Q0_M1/S012.xyz,8467d94f16cbad95501a081b716a39fb1a7116334468e3f7510b2bfc53315251,tier1_same_run_redox,20260729-jhtvs-fullspace-tier1-v1,redox-monomer-058-solvent-012-resting,8467d94f16cbad95501a081b716a39fb1a7116334468e3f7510b2bfc53315251,46a810b59eac88756ff827c2b48fa070f9d818eed3b45f4b6a3b0cdf9d91e5f5,pass,pass,0,0,a7781bfb8860257e1817131466ffa686c910c9c9ef7a428975924fcda5fdb3ed,,Tier1_GFN2-xTB_default_opt_ddCOSMO,43.3,
tier1:redox:M058:S012:q1:m2,M058_QP1_M2,S012,1,2,resolved,runs/geometry/resolved/tier1/M058_QP1_M2/S012.xyz,f28f164f3da979fcee87708e75754b0cd95d4e5cfacef65b88ce4d679eb62266,tier1_same_run_redox,20260729-jhtvs-fullspace-tier1-v1,redox-monomer-058-solvent-012-oxidized,f28f164f3da979fcee87708e75754b0cd95d4e5cfacef65b88ce4d679eb62266,442ac06823165fb67eab206d038043466ea3f0d4f6b78e865f2bda3665763000,pass,pass,0,0,a7781bfb8860257e1817131466ffa686c910c9c9ef7a428975924fcda5fdb3ed,,Tier1_GFN2-xTB_default_opt_ddCOSMO,43.3,
tier1:redox:M058:S016:q0:m1,M058_Q0_M1,S016,0,1,resolved,runs/geometry/resolved/tier1/M058_Q0_M1/S016.xyz,bc47bf497d0aa0b0fef80a2c1ef409cc75bedf8598d3ad08969b54705be3dd49,tier1_same_run_redox,20260729-jhtvs-fullspace-tier1-v1,redox-monomer-058-solvent-016-resting,bc47bf497d0aa0b0fef80a2c1ef409cc75bedf8598d3ad08969b54705be3dd49,c85460c752df89d928fd621ce9899a849de27e5c69dbbfa6ff8b521211e68b06,pass,pass,0,0,a7781bfb8860257e1817131466ffa686c910c9c9ef7a428975924fcda5fdb3ed,,Tier1_GFN2-xTB_default_opt_ddCOSMO,9.7,
tier1:redox:M058:S016:q1:m2,M058_QP1_M2,S016,1,2,resolved,runs/geometry/resolved/tier1/M058_QP1_M2/S016.xyz,0a519950653f8771eecfd578f01fe54259cc80055a08d84def85ae76053b239c,tier1_same_run_redox,20260729-jhtvs-fullspace-tier1-v1,redox-monomer-058-solvent-016-oxidized,0a519950653f8771eecfd578f01fe54259cc80055a08d84def85ae76053b239c,fd774724903ad0886cecaa71340540cccb59bdb7af53a38e59f689535fc94e97,pass,pass,0,0,a7781bfb8860257e1817131466ffa686c910c9c9ef7a428975924fcda5fdb3ed,,Tier1_GFN2-xTB_default_opt_ddCOSMO,9.7,
tier1:redox:M058:S025:q0:m1,M058_Q0_M1,S025,0,1,resolved,runs/geometry/resolved/tier1/M058_Q0_M1/S025.xyz,28fd5cfe8eb019148a1dd63acb31a8af7dc4bc3ad09ffc7c5a772a1ed9b0e1cc,tier1_same_run_redox,20260729-jhtvs-fullspace-tier1-v1,redox-monomer-058-solvent-025-resting,28fd5cfe8eb019148a1dd63acb31a8af7dc4bc3ad09ffc7c5a772a1ed9b0e1cc,36409f627c6bfa9e33e24801cac382d7f6b60bc86a80e058dfe0f7cc86cc25ce,pass,pass,0,0,a7781bfb8860257e1817131466ffa686c910c9c9ef7a428975924fcda5fdb3ed,,Tier1_GFN2-xTB_default_opt_ddCOSMO,7.3,
tier1:redox:M058:S025:q1:m2,M058_QP1_M2,S025,1,2,resolved,runs/geometry/resolved/tier1/M058_QP1_M2/S025.xyz,f887787dfef77e80af8d8fb3024cf2e31c5494305e8e30598e9e5a7996fdb647,tier1_same_run_redox,20260729-jhtvs-fullspace-tier1-v1,redox-monomer-058-solvent-025-oxidized,f887787dfef77e80af8d8fb3024cf2e31c5494305e8e30598e9e5a7996fdb647,3f73fd3cadb4a11a6e162aae977b4e89443594a1529658d86d952a1005056f94,pass,pass,0,0,a7781bfb8860257e1817131466ffa686c910c9c9ef7a428975924fcda5fdb3ed,,Tier1_GFN2-xTB_default_opt_ddCOSMO,7.3,
tier1:redox:M060:S002:q0:m1,M060_Q0_M1,S002,0,1,resolved,runs/geometry/resolved/tier1/M060_Q0_M1/S002.xyz,6ea1cbd1735b4a3b8cd1e5485cfccbb7c5c63f1cd640b1497e6f568a3a89052e,tier1_same_run_redox,20260729-jhtvs-fullspace-tier1-v1,redox-monomer-060-solvent-002-resting,6ea1cbd1735b4a3b8cd1e5485cfccbb7c5c63f1cd640b1497e6f568a3a89052e,62f975ed7fab337d5d0022043077d89b830eb145ab9ea283a04a20d69af64985,pass,pass,0,0,a7781bfb8860257e1817131466ffa686c910c9c9ef7a428975924fcda5fdb3ed,,Tier1_GFN2-xTB_default_opt_ddCOSMO,8.93,
tier1:redox:M060:S002:q1:m2,M060_QP1_M2,S002,1,2,resolved,runs/geometry/resolved/tier1/M060_QP1_M2/S002.xyz,810f8a9658db69377139ec50285d710c03b039fe87125798636bfaa0950a8e76,tier1_same_run_redox,20260729-jhtvs-fullspace-tier1-v1,redox-monomer-060-solvent-002-oxidized,810f8a9658db69377139ec50285d710c03b039fe87125798636bfaa0950a8e76,2b44fd92538aeb7d25a487cfe883b245616cbbd9a7bb2b043ef526570b91f7f0,pass,pass,0,0,a7781bfb8860257e1817131466ffa686c910c9c9ef7a428975924fcda5fdb3ed,,Tier1_GFN2-xTB_default_opt_ddCOSMO,8.93,
tier1:redox:M060:S006:q0:m1,M060_Q0_M1,S006,0,1,resolved,runs/geometry/resolved/tier1/M060_Q0_M1/S006.xyz,876a8c5ec257491ba94ee6b04b3c35618ea03a20a509e4c819d76cfac061bdcf,tier1_same_run_redox,20260729-jhtvs-fullspace-tier1-v1,redox-monomer-060-solvent-006-resting,876a8c5ec257491ba94ee6b04b3c35618ea03a20a509e4c819d76cfac061bdcf,7da9928eb850fa9d8777a74917f0e4b0ccef7a10d62d6e3edb6c13bce83d5e6f,pass,pass,0,0,a7781bfb8860257e1817131466ffa686c910c9c9ef7a428975924fcda5fdb3ed,,Tier1_GFN2-xTB_default_opt_ddCOSMO,37.219,
tier1:redox:M060:S006:q1:m2,M060_QP1_M2,S006,1,2,resolved,runs/geometry/resolved/tier1/M060_QP1_M2/S006.xyz,bac67348d2b8c3e979d3736aa972c21c23e78442ba552984154ea5dbdea28450,tier1_same_run_redox,20260729-jhtvs-fullspace-tier1-v1,redox-monomer-060-solvent-006-oxidized,bac67348d2b8c3e979d3736aa972c21c23e78442ba552984154ea5dbdea28450,09907a8db2dd2f69dd5f960a08e48f5cd3fbf2f74528b7d426278315844a1d82,pass,pass,0,0,a7781bfb8860257e1817131466ffa686c910c9c9ef7a428975924fcda5fdb3ed,,Tier1_GFN2-xTB_default_opt_ddCOSMO,37.219,
tier1:redox:M060:S017:q0:m1,M060_Q0_M1,S017,0,1,resolved,runs/geometry/resolved/tier1/M060_Q0_M1/S017.xyz,6a92ac4d5f4763a8ff7a0398e877e6f5847c09f40ec31a860a0442da43df1cff,tier1_same_run_redox,20260729-jhtvs-fullspace-tier1-v1,redox-monomer-060-solvent-017-resting,6a92ac4d5f4763a8ff7a0398e877e6f5847c09f40ec31a860a0442da43df1cff,fdbc783621adaf2b2c0adea184e0cefa0b7a2708e10f5acf6fa4312b6316a025,pass,pass,0,0,a7781bfb8860257e1817131466ffa686c910c9c9ef7a428975924fcda5fdb3ed,,Tier1_GFN2-xTB_default_opt_ddCOSMO,13.8,
tier1:redox:M060:S017:q1:m2,M060_QP1_M2,S017,1,2,resolved,runs/geometry/resolved/tier1/M060_QP1_M2/S017.xyz,966e1e0abd2e6e8b63f35f02db3dde5b2ddc26b2f595154ed2d27e568b141555,tier1_same_run_redox,20260729-jhtvs-fullspace-tier1-v1,redox-monomer-060-solvent-017-oxidized,966e1e0abd2e6e8b63f35f02db3dde5b2ddc26b2f595154ed2d27e568b141555,dc611448af63b654743d94980d766ee3340b8982433685b6d39ca0d4fd87bbe6,pass,pass,0,0,a7781bfb8860257e1817131466ffa686c910c9c9ef7a428975924fcda5fdb3ed,,Tier1_GFN2-xTB_default_opt_ddCOSMO,13.8,
tier1:redox:M060:S023:q0:m1,M060_Q0_M1,S023,0,1,resolved,runs/geometry/resolved/tier1/M060_Q0_M1/S023.xyz,b2924197452fc404cbe5797af85cb06f12068737fd9a4d28804369d18ad38ef4,tier1_same_run_redox,20260729-jhtvs-fullspace-tier1-v1,redox-monomer-060-solvent-023-resting,b2924197452fc404cbe5797af85cb06f12068737fd9a4d28804369d18ad38ef4,aa345080d7ad70498820e4f7ec2f41bc83012b9ba2d7de0e7ab1f46005c398e1,pass,pass,0,0,a7781bfb8860257e1817131466ffa686c910c9c9ef7a428975924fcda5fdb3ed,,Tier1_GFN2-xTB_default_opt_ddCOSMO,3.087,
tier1:redox:M060:S023:q1:m2,M060_QP1_M2,S023,1,2,resolved,runs/geometry/resolved/tier1/M060_QP1_M2/S023.xyz,c8c374b8ee2c2e17c0771430af64ff38217c22cd0b48922057a81878180a4976,tier1_same_run_redox,20260729-jhtvs-fullspace-tier1-v1,redox-monomer-060-solvent-023-oxidized,c8c374b8ee2c2e17c0771430af64ff38217c22cd0b48922057a81878180a4976,caa3718f14d44507a0fa0ef6dde847226923f9da1cb3a984a4c02397b4d78c20,pass,pass,0,0,a7781bfb8860257e1817131466ffa686c910c9c9ef7a428975924fcda5fdb3ed,,Tier1_GFN2-xTB_default_opt_ddCOSMO,3.087,
tier1:redox:M068:S003:q0:m1,M068_Q0_M1,S003,0,1,resolved,runs/geometry/resolved/tier1/M068_Q0_M1/S003.xyz,cc6015b792872fef049f70cf95b8d07745ae6875e16cc5e95f62608e502ca1d6,tier1_same_run_redox,20260729-jhtvs-fullspace-tier1-v1,redox-monomer-068-solvent-003-resting,cc6015b792872fef049f70cf95b8d07745ae6875e16cc5e95f62608e502ca1d6,ecb437c7813cb25ad7d802149ada4761993eebf67a8cb3e8c731fc9802f82202,pass,pass,0,0,a7781bfb8860257e1817131466ffa686c910c9c9ef7a428975924fcda5fdb3ed,,Tier1_GFN2-xTB_default_opt_ddCOSMO,64.92,
tier1:redox:M068:S003:q1:m2,M068_QP1_M2,S003,1,2,resolved,runs/geometry/resolved/tier1/M068_QP1_M2/S003.xyz,a2d111f67e5f22b5425641947ce6ceeb72353cc530e47e09de199318c0663655,tier1_same_run_redox,20260729-jhtvs-fullspace-tier1-v1,redox-monomer-068-solvent-003-oxidized,a2d111f67e5f22b5425641947ce6ceeb72353cc530e47e09de199318c0663655,6d9624355c2ac507b011aa2961a9c395f87e0025ccf7570a3ee42ef450a52ee4,pass,pass,0,0,a7781bfb8860257e1817131466ffa686c910c9c9ef7a428975924fcda5fdb3ed,,Tier1_GFN2-xTB_default_opt_ddCOSMO,64.92,
tier1:redox:M068:S013:q0:m1,M068_Q0_M1,S013,0,1,resolved,runs/geometry/resolved/tier1/M068_Q0_M1/S013.xyz,0a35370d9f57898ade8184c97945839e701323a3397f7b5420cb9d5b105c94f2,tier1_same_run_redox,20260729-jhtvs-fullspace-tier1-v1,redox-monomer-068-solvent-013-resting,0a35370d9f57898ade8184c97945839e701323a3397f7b5420cb9d5b105c94f2,bd7f483fcea10416130eea2b657b2d74983f2e2376a3b4e3a6a79164656f77f8,pass,pass,0,0,a7781bfb8860257e1817131466ffa686c910c9c9ef7a428975924fcda5fdb3ed,,Tier1_GFN2-xTB_default_opt_ddCOSMO,32.2,
tier1:redox:M068:S013:q1:m2,M068_QP1_M2,S013,1,2,resolved,runs/geometry/resolved/tier1/M068_QP1_M2/S013.xyz,efba66b042f6fd5f7b0ed3f84e77454231ec1c1ddfd4de292e73822bd30d51b5,tier1_same_run_redox,20260729-jhtvs-fullspace-tier1-v1,redox-monomer-068-solvent-013-oxidized,efba66b042f6fd5f7b0ed3f84e77454231ec1c1ddfd4de292e73822bd30d51b5,c2ab313e4e202a61f18efd6aad9edcc0024da965f506185c87c79b30725b0c00,pass,pass,0,0,a7781bfb8860257e1817131466ffa686c910c9c9ef7a428975924fcda5fdb3ed,,Tier1_GFN2-xTB_default_opt_ddCOSMO,32.2,
tier1:redox:M068:S020:q0:m1,M068_Q0_M1,S020,0,1,resolved,runs/geometry/resolved/tier1/M068_Q0_M1/S020.xyz,68543ce0a8f8bc02beb995028c20357057897108c7d9799cdf6daf321a830a4d,tier1_same_run_redox,20260729-jhtvs-fullspace-tier1-v1,redox-monomer-068-solvent-020-resting,68543ce0a8f8bc02beb995028c20357057897108c7d9799cdf6daf321a830a4d,4351cbe6041ccbe9df5ea918360b65a4343e899e903353281dead0ff066efd72,pass,pass,0,0,a7781bfb8860257e1817131466ffa686c910c9c9ef7a428975924fcda5fdb3ed,,Tier1_GFN2-xTB_default_opt_ddCOSMO,10.125,
tier1:redox:M068:S020:q1:m2,M068_QP1_M2,S020,1,2,resolved,runs/geometry/resolved/tier1/M068_QP1_M2/S020.xyz,01fcea3ac8584561bdda7cc9739de25bc3e12ea8d50d6e1dfd33b0665303a132,tier1_same_run_redox,20260729-jhtvs-fullspace-tier1-v1,redox-monomer-068-solvent-020-oxidized,01fcea3ac8584561bdda7cc9739de25bc3e12ea8d50d6e1dfd33b0665303a132,4526b3d32e6d291372b81a4e6811dd7eb8ea41b24a91a7ee0dce4b9ee16f6b2e,pass,pass,0,0,a7781bfb8860257e1817131466ffa686c910c9c9ef7a428975924fcda5fdb3ed,,Tier1_GFN2-xTB_default_opt_ddCOSMO,10.125,
tier1:redox:M068:S024:q0:m1,M068_Q0_M1,S024,0,1,resolved,runs/geometry/resolved/tier1/M068_Q0_M1/S024.xyz,c04e40de29a7b5bb86b24247edcffe084bd80e51844cdd80da4efa1babfc5831,tier1_same_run_redox,20260729-jhtvs-fullspace-tier1-v1,redox-monomer-068-solvent-024-resting,c04e40de29a7b5bb86b24247edcffe084bd80e51844cdd80da4efa1babfc5831,6146bbbf40b41651ee223b595db06dfefc739e1a9bcbf6a1637fb546f7da87d7,pass,pass,0,0,a7781bfb8860257e1817131466ffa686c910c9c9ef7a428975924fcda5fdb3ed,,Tier1_GFN2-xTB_default_opt_ddCOSMO,2.2099,
tier1:redox:M068:S024:q1:m2,M068_QP1_M2,S024,1,2,resolved,runs/geometry/resolved/tier1/M068_QP1_M2/S024.xyz,5785baf1a9d86fcd4a95cc2579a661ef3600866d3bd7283d0367ecfec8ed2aae,tier1_same_run_redox,20260729-jhtvs-fullspace-tier1-v1,redox-monomer-068-solvent-024-oxidized,5785baf1a9d86fcd4a95cc2579a661ef3600866d3bd7283d0367ecfec8ed2aae,120883e159eee1c2bf6ffdee17f82fa3c2f269b1c444fa424d3979b98b9175aa,pass,pass,0,0,a7781bfb8860257e1817131466ffa686c910c9c9ef7a428975924fcda5fdb3ed,,Tier1_GFN2-xTB_default_opt_ddCOSMO,2.2099,
tier1:redox:M069:S001:q0:m1,M069_Q0_M1,S001,0,1,resolved,runs/geometry/resolved/tier1/M069_Q0_M1/S001.xyz,11b904503a92335c31b1c9db19f1d60bab06d5bf705e12bdee3a8909dd36a70e,tier1_same_run_redox,20260729-jhtvs-fullspace-tier1-v1,redox-monomer-069-solvent-001-resting,11b904503a92335c31b1c9db19f1d60bab06d5bf705e12bdee3a8909dd36a70e,9b06b1fff3ace8c2b3505877afbd83fb9e9117b89a4f202daae16f8c7ec02669,pass,pass,0,0,a7781bfb8860257e1817131466ffa686c910c9c9ef7a428975924fcda5fdb3ed,,Tier1_GFN2-xTB_default_opt_ddCOSMO,35.688,
tier1:redox:M069:S001:q1:m2,M069_QP1_M2,S001,1,2,resolved,runs/geometry/resolved/tier1/M069_QP1_M2/S001.xyz,6c40284b429b667310167ed13c1a71a547d5b23c09c8e8d9bb4f96c822ece44f,tier1_same_run_redox,20260729-jhtvs-fullspace-tier1-v1,redox-monomer-069-solvent-001-oxidized,6c40284b429b667310167ed13c1a71a547d5b23c09c8e8d9bb4f96c822ece44f,d64c2dcf726cbc46681510c480d6e5e0b1bf15099927f2665043edaa05730dc4,pass,pass,0,0,a7781bfb8860257e1817131466ffa686c910c9c9ef7a428975924fcda5fdb3ed,,Tier1_GFN2-xTB_default_opt_ddCOSMO,35.688,
tier1:redox:M069:S007:q0:m1,M069_Q0_M1,S007,0,1,resolved,runs/geometry/resolved/tier1/M069_Q0_M1/S007.xyz,37286d64e995d51a792ec493d676c3be99988fbfc92ecf452e7a223ae517173d,tier1_same_run_redox,20260729-jhtvs-fullspace-tier1-v1,redox-monomer-069-solvent-007-resting,37286d64e995d51a792ec493d676c3be99988fbfc92ecf452e7a223ae517173d,bc0ae4eac6318419cbe97348b519e27f2ab53c3817377eab86b1ea23d02cdcfb,pass,pass,0,0,a7781bfb8860257e1817131466ffa686c910c9c9ef7a428975924fcda5fdb3ed,,Tier1_GFN2-xTB_default_opt_ddCOSMO,46.826,
tier1:redox:M069:S007:q1:m2,M069_QP1_M2,S007,1,2,resolved,runs/geometry/resolved/tier1/M069_QP1_M2/S007.xyz,a14efe17feced5b1f3745a3f614f9904b33fd887765bc6a97a2600f196529847,tier1_same_run_redox,20260729-jhtvs-fullspace-tier1-v1,redox-monomer-069-solvent-007-oxidized,a14efe17feced5b1f3745a3f614f9904b33fd887765bc6a97a2600f196529847,2588fc069cbbd707d8a6ec0a363c1f5c49ed1c9e9ce22e81d5fec1a8b52144ea,pass,pass,0,0,a7781bfb8860257e1817131466ffa686c910c9c9ef7a428975924fcda5fdb3ed,,Tier1_GFN2-xTB_default_opt_ddCOSMO,46.826,
tier1:redox:M069:S015:q0:m1,M069_Q0_M1,S015,0,1,resolved,runs/geometry/resolved/tier1/M069_Q0_M1/S015.xyz,1f48b8f7962206684ce63f5617137e9f7f19054de8e7b9fbabb53d19ee27cf6e,tier1_same_run_redox,20260729-jhtvs-fullspace-tier1-v1,redox-monomer-069-solvent-015-resting,1f48b8f7962206684ce63f5617137e9f7f19054de8e7b9fbabb53d19ee27cf6e,3d3590f1ab4279f1af77338faf8b8c06048f936e93af97eaabb124c4689d4a7c,pass,pass,0,0,a7781bfb8860257e1817131466ffa686c910c9c9ef7a428975924fcda5fdb3ed,,Tier1_GFN2-xTB_default_opt_ddCOSMO,11.4,
tier1:redox:M069:S015:q1:m2,M069_QP1_M2,S015,1,2,resolved,runs/geometry/resolved/tier1/M069_QP1_M2/S015.xyz,d78d874a34c71864c68dcc0ae246e06b4a643a876c50864ffda86f8d3c0397cc,tier1_same_run_redox,20260729-jhtvs-fullspace-tier1-v1,redox-monomer-069-solvent-015-oxidized,d78d874a34c71864c68dcc0ae246e06b4a643a876c50864ffda86f8d3c0397cc,77faf91d84d7495544ade696b604360ca7799d69caf1e2d3185578aae5342347,pass,pass,0,0,a7781bfb8860257e1817131466ffa686c910c9c9ef7a428975924fcda5fdb3ed,,Tier1_GFN2-xTB_default_opt_ddCOSMO,11.4,
tier1:redox:M069:S022:q0:m1,M069_Q0_M1,S022,0,1,resolved,runs/geometry/resolved/tier1/M069_Q0_M1/S022.xyz,9adc44db7ef61c92746be4fbf419b0282018de9d248a2b6673bd6e0924873d24,tier1_same_run_redox,20260729-jhtvs-fullspace-tier1-v1,redox-monomer-069-solvent-022-resting,9adc44db7ef61c92746be4fbf419b0282018de9d248a2b6673bd6e0924873d24,a9f06170a855d77b8c9a99c2d45477f59b2a55745c573a44452059cd033f06d8,pass,pass,0,0,a7781bfb8860257e1817131466ffa686c910c9c9ef7a428975924fcda5fdb3ed,,Tier1_GFN2-xTB_default_opt_ddCOSMO,89.78,
tier1:redox:M069:S022:q1:m2,M069_QP1_M2,S022,1,2,resolved,runs/geometry/resolved/tier1/M069_QP1_M2/S022.xyz,42ff6d44d12b5dd26f92fe5104e5d8f25ee4291714f4c5df2999f9cafa8be084,tier1_same_run_redox,20260729-jhtvs-fullspace-tier1-v1,redox-monomer-069-solvent-022-oxidized,42ff6d44d12b5dd26f92fe5104e5d8f25ee4291714f4c5df2999f9cafa8be084,d5473b39a7b50dd3ceea59200a44e45e7c8aed505174f0c3630a214a93f731a5,pass,pass,0,0,a7781bfb8860257e1817131466ffa686c910c9c9ef7a428975924fcda5fdb3ed,,Tier1_GFN2-xTB_default_opt_ddCOSMO,89.78,
tier1:redox:M070:S004:q0:m1,M070_Q0_M1,S004,0,1,resolved,runs/geometry/resolved/tier1/M070_Q0_M1/S004.xyz,3e84cf5ece6c546b863824e05260dd06d1f25ce588d3656ddc0cf816041a60ff,tier1_same_run_redox,20260729-jhtvs-fullspace-tier1-v1,redox-monomer-070-solvent-004-resting,3e84cf5ece6c546b863824e05260dd06d1f25ce588d3656ddc0cf816041a60ff,845ffd94470402dc4b1e065a183c8b75c06bf61b3969ec71baf146162b2178ce,pass,pass,0,0,a7781bfb8860257e1817131466ffa686c910c9c9ef7a428975924fcda5fdb3ed,,Tier1_GFN2-xTB_default_opt_ddCOSMO,34.809,
tier1:redox:M070:S004:q1:m2,M070_QP1_M2,S004,1,2,resolved,runs/geometry/resolved/tier1/M070_QP1_M2/S004.xyz,0567888c3502f740e7ec872264388784ffafdf476c116814966ff290881032e9,tier1_same_run_redox,20260729-jhtvs-fullspace-tier1-v1,redox-monomer-070-solvent-004-oxidized,0567888c3502f740e7ec872264388784ffafdf476c116814966ff290881032e9,0de1caec2cde56d1baaafc62d6d250a1bed37d594a7e7c2a5f7cfc7cf0afa1e0,pass,pass,0,0,a7781bfb8860257e1817131466ffa686c910c9c9ef7a428975924fcda5fdb3ed,,Tier1_GFN2-xTB_default_opt_ddCOSMO,34.809,
tier1:redox:M070:S011:q0:m1,M070_Q0_M1,S011,0,1,resolved,runs/geometry/resolved/tier1/M070_Q0_M1/S011.xyz,f9ae7fce8532e5a8e7550560f36b46c83520e42fad28cd81e31bbeeb5c6841b4,tier1_same_run_redox,20260729-jhtvs-fullspace-tier1-v1,redox-monomer-070-solvent-011-resting,f9ae7fce8532e5a8e7550560f36b46c83520e42fad28cd81e31bbeeb5c6841b4,56a606a2b37d024297c41b015386b9b3974b931ab8e545d717eca26e3ac6ab08,pass,pass,0,0,a7781bfb8860257e1817131466ffa686c910c9c9ef7a428975924fcda5fdb3ed,,Tier1_GFN2-xTB_default_opt_ddCOSMO,41.7,
tier1:redox:M070:S011:q1:m2,M070_QP1_M2,S011,1,2,resolved,runs/geometry/resolved/tier1/M070_QP1_M2/S011.xyz,a97b8732d6c3ce45bad431c19b4a3a86e2eaff7b719ca4e0c58bec4b3ed41a22,tier1_same_run_redox,20260729-jhtvs-fullspace-tier1-v1,redox-monomer-070-solvent-011-oxidized,a97b8732d6c3ce45bad431c19b4a3a86e2eaff7b719ca4e0c58bec4b3ed41a22,93010c9101fc72082b6abb6c9f8cc2aa3bf67f42c745dda148d4a0793ea51c05,pass,pass,0,0,a7781bfb8860257e1817131466ffa686c910c9c9ef7a428975924fcda5fdb3ed,,Tier1_GFN2-xTB_default_opt_ddCOSMO,41.7,
tier1:redox:M070:S014:q0:m1,M070_Q0_M1,S014,0,1,resolved,runs/geometry/resolved/tier1/M070_Q0_M1/S014.xyz,663b8c9b2fd1f900f83007ac00ada950dc304a637c513dc7d764e29897582bc8,tier1_same_run_redox,20260729-jhtvs-fullspace-tier1-v1,redox-monomer-070-solvent-014-resting,663b8c9b2fd1f900f83007ac00ada950dc304a637c513dc7d764e29897582bc8,0a60e21ca7e2b0bd7f7d1caebba7e02a4c826828c1aaecc0b094c0983ecfc7a3,pass,pass,0,0,a7781bfb8860257e1817131466ffa686c910c9c9ef7a428975924fcda5fdb3ed,,Tier1_GFN2-xTB_default_opt_ddCOSMO,4.34,
tier1:redox:M070:S014:q1:m2,M070_QP1_M2,S014,1,2,resolved,runs/geometry/resolved/tier1/M070_QP1_M2/S014.xyz,a41d3ee7f340b5230f55140262ec1b799479963dc25739b3c930f42ab02fe114,tier1_same_run_redox,20260729-jhtvs-fullspace-tier1-v1,redox-monomer-070-solvent-014-oxidized,a41d3ee7f340b5230f55140262ec1b799479963dc25739b3c930f42ab02fe114,0295517cdab4e4e852b501acfb4d9276e0545b31155501607b209cc3536f6f6c,pass,pass,0,0,a7781bfb8860257e1817131466ffa686c910c9c9ef7a428975924fcda5fdb3ed,,Tier1_GFN2-xTB_default_opt_ddCOSMO,4.34,
tier1:redox:M070:S016:q0:m1,M070_Q0_M1,S016,0,1,resolved,runs/geometry/resolved/tier1/M070_Q0_M1/S016.xyz,7b2f6c8b4ebbe6e40bd38378be01ec4a1e5a1da1c2125e60c076481f73c75c6e,tier1_same_run_redox,20260729-jhtvs-fullspace-tier1-v1,redox-monomer-070-solvent-016-resting,7b2f6c8b4ebbe6e40bd38378be01ec4a1e5a1da1c2125e60c076481f73c75c6e,6d8eb3e363b9201f165f9cb706e8fac92a04c58686d2129d30b1c36f5014560a,pass,pass,0,0,a7781bfb8860257e1817131466ffa686c910c9c9ef7a428975924fcda5fdb3ed,,Tier1_GFN2-xTB_default_opt_ddCOSMO,9.7,
tier1:redox:M070:S016:q1:m2,M070_QP1_M2,S016,1,2,resolved,runs/geometry/resolved/tier1/M070_QP1_M2/S016.xyz,fb7b316df9b84d0ae22a1b22c14ad7a469d14b4482fbcac774ee3dc61f115073,tier1_same_run_redox,20260729-jhtvs-fullspace-tier1-v1,redox-monomer-070-solvent-016-oxidized,fb7b316df9b84d0ae22a1b22c14ad7a469d14b4482fbcac774ee3dc61f115073,19b02c106a3ff6298b58838404178167b97a9220dc17f46fe4ea8943bcd82cc4,pass,pass,0,0,a7781bfb8860257e1817131466ffa686c910c9c9ef7a428975924fcda5fdb3ed,,Tier1_GFN2-xTB_default_opt_ddCOSMO,9.7,
tier1:redox:M074:S005:q0:m1,M074_Q0_M1,S005,0,1,resolved,runs/geometry/resolved/tier1/M074_Q0_M1/S005.xyz,4e2523e72073dff5951b6fcc2f9a5add97568ed54c20ca5df04ae481b1f06a8f,tier1_same_run_redox,20260729-jhtvs-fullspace-tier1-v1,redox-monomer-074-solvent-005-resting,4e2523e72073dff5951b6fcc2f9a5add97568ed54c20ca5df04ae481b1f06a8f,886960e068176f0d5aa77bc5e7fde6213fa78e3ce0e69addbc322a9f80e742d9,pass,pass,0,0,a7781bfb8860257e1817131466ffa686c910c9c9ef7a428975924fcda5fdb3ed,,Tier1_GFN2-xTB_default_opt_ddCOSMO,25.592,
tier1:redox:M074:S005:q1:m2,M074_QP1_M2,S005,1,2,resolved,runs/geometry/resolved/tier1/M074_QP1_M2/S005.xyz,af9ee50e224485e26b667f046ae0bf013a46b42a07d710ce5bdeb23fdec0854a,tier1_same_run_redox,20260729-jhtvs-fullspace-tier1-v1,redox-monomer-074-solvent-005-oxidized,af9ee50e224485e26b667f046ae0bf013a46b42a07d710ce5bdeb23fdec0854a,6b43b39d19c599170965c4ecfabb2877bfcfb10eec09becdba6704d2d072fd57,pass,pass,0,0,a7781bfb8860257e1817131466ffa686c910c9c9ef7a428975924fcda5fdb3ed,,Tier1_GFN2-xTB_default_opt_ddCOSMO,25.592,
tier1:redox:M074:S008:q0:m1,M074_Q0_M1,S008,0,1,resolved,runs/geometry/resolved/tier1/M074_Q0_M1/S008.xyz,b2aceba40289122dc80c4a193b31e621bd4ae39453caf4b68727b649b4e415ce,tier1_same_run_redox,20260729-jhtvs-fullspace-tier1-v1,redox-monomer-074-solvent-008-resting,b2aceba40289122dc80c4a193b31e621bd4ae39453caf4b68727b649b4e415ce,8e80a340f2369f4549fc6d76c950fae45cc164d98ad3a7c443c0f5b95aacd3a3,pass,pass,0,0,a7781bfb8860257e1817131466ffa686c910c9c9ef7a428975924fcda5fdb3ed,,Tier1_GFN2-xTB_default_opt_ddCOSMO,7.4257,
tier1:redox:M074:S008:q1:m2,M074_QP1_M2,S008,1,2,resolved,runs/geometry/resolved/tier1/M074_QP1_M2/S008.xyz,dbad914acaf041ade73bc1ff37ad82999fee37dfe180ecbad9c5f9cad51148d2,tier1_same_run_redox,20260729-jhtvs-fullspace-tier1-v1,redox-monomer-074-solvent-008-oxidized,dbad914acaf041ade73bc1ff37ad82999fee37dfe180ecbad9c5f9cad51148d2,0ce0fad39ea17e12059495224caf226b46ba983ac71bc4d8e3e9fdf4a37ea2a1,pass,pass,0,0,a7781bfb8860257e1817131466ffa686c910c9c9ef7a428975924fcda5fdb3ed,,Tier1_GFN2-xTB_default_opt_ddCOSMO,7.4257,
tier1:redox:M074:S012:q0:m1,M074_Q0_M1,S012,0,1,resolved,runs/geometry/resolved/tier1/M074_Q0_M1/S012.xyz,3da041d51d5c57f7ac0b363286fc9254a5bbc8d325a01c80bdacf1d82ef6b7ea,tier1_same_run_redox,20260729-jhtvs-fullspace-tier1-v1,redox-monomer-074-solvent-012-resting,3da041d51d5c57f7ac0b363286fc9254a5bbc8d325a01c80bdacf1d82ef6b7ea,4b8e11537f87f4b98baa527f5b552645ea7afba42c01217232655a3581eeed6f,pass,pass,0,0,a7781bfb8860257e1817131466ffa686c910c9c9ef7a428975924fcda5fdb3ed,,Tier1_GFN2-xTB_default_opt_ddCOSMO,43.3,
tier1:redox:M074:S012:q1:m2,M074_QP1_M2,S012,1,2,resolved,runs/geometry/resolved/tier1/M074_QP1_M2/S012.xyz,4196427c93543a59d97eb73297581cf7ac4e7d9413dbba7f949432ceb7a3225c,tier1_same_run_redox,20260729-jhtvs-fullspace-tier1-v1,redox-monomer-074-solvent-012-oxidized,4196427c93543a59d97eb73297581cf7ac4e7d9413dbba7f949432ceb7a3225c,2697228e821e3eecc8fdb7c4383d6f2a57a1c72d8a3a16d872de1fd3707abcc6,pass,pass,0,0,a7781bfb8860257e1817131466ffa686c910c9c9ef7a428975924fcda5fdb3ed,,Tier1_GFN2-xTB_default_opt_ddCOSMO,43.3,
tier1:redox:M074:S017:q0:m1,M074_Q0_M1,S017,0,1,resolved,runs/geometry/resolved/tier1/M074_Q0_M1/S017.xyz,318f531d3a1b7d42e1186fb9b726a8f68dc766e20b0899eac7ce3accfde0a9ed,tier1_same_run_redox,20260729-jhtvs-fullspace-tier1-v1,redox-monomer-074-solvent-017-resting,318f531d3a1b7d42e1186fb9b726a8f68dc766e20b0899eac7ce3accfde0a9ed,671ea27600166ef6226c212135901cd3a13976e54caf12aff61261d3f6238ec0,pass,pass,0,0,a7781bfb8860257e1817131466ffa686c910c9c9ef7a428975924fcda5fdb3ed,,Tier1_GFN2-xTB_default_opt_ddCOSMO,13.8,
tier1:redox:M074:S017:q1:m2,M074_QP1_M2,S017,1,2,resolved,runs/geometry/resolved/tier1/M074_QP1_M2/S017.xyz,a5ceb5231274de822e4ffcd6ad474720209db7888d22d22964b450a232c2dd98,tier1_same_run_redox,20260729-jhtvs-fullspace-tier1-v1,redox-monomer-074-solvent-017-oxidized,a5ceb5231274de822e4ffcd6ad474720209db7888d22d22964b450a232c2dd98,0614ee3e34e46d60f8897b2d57973c947a28ee63da6b6139213fdbf00daa080c,pass,pass,0,0,a7781bfb8860257e1817131466ffa686c910c9c9ef7a428975924fcda5fdb3ed,,Tier1_GFN2-xTB_default_opt_ddCOSMO,13.8,
tier1:redox:M077:S002:q0:m1,M077_Q0_M1,S002,0,1,resolved,runs/geometry/resolved/tier1/M077_Q0_M1/S002.xyz,e48c0cd00c5bad78f6be5258ee258143389cc58ae5372df37e0819ab2ce0c7e9,tier1_same_run_redox,20260729-jhtvs-fullspace-tier1-v1,redox-monomer-077-solvent-002-resting,e48c0cd00c5bad78f6be5258ee258143389cc58ae5372df37e0819ab2ce0c7e9,36f8f42f8b0cf61a775ae065a31c233eab9079c74de88f5950345f24569bec7e,pass,pass,0,0,a7781bfb8860257e1817131466ffa686c910c9c9ef7a428975924fcda5fdb3ed,,Tier1_GFN2-xTB_default_opt_ddCOSMO,8.93,
tier1:redox:M077:S002:q1:m2,M077_QP1_M2,S002,1,2,resolved,runs/geometry/resolved/tier1/M077_QP1_M2/S002.xyz,183562f173b55cc5ee38348e76527f24ad85a1548d1feb7ed001af060f78ea70,tier1_same_run_redox,20260729-jhtvs-fullspace-tier1-v1,redox-monomer-077-solvent-002-oxidized,183562f173b55cc5ee38348e76527f24ad85a1548d1feb7ed001af060f78ea70,7e88832d5f231b1bbddbea32b2aa0a983951a60f5223dd4a270d7a76d09a997d,pass,pass,0,0,a7781bfb8860257e1817131466ffa686c910c9c9ef7a428975924fcda5fdb3ed,,Tier1_GFN2-xTB_default_opt_ddCOSMO,8.93,
tier1:redox:M077:S006:q0:m1,M077_Q0_M1,S006,0,1,resolved,runs/geometry/resolved/tier1/M077_Q0_M1/S006.xyz,c4989cbfa1e707fe0fd2c8fc781982db2732c805d632571a01364a595442f88c,tier1_same_run_redox,20260729-jhtvs-fullspace-tier1-v1,redox-monomer-077-solvent-006-resting,c4989cbfa1e707fe0fd2c8fc781982db2732c805d632571a01364a595442f88c,1924cec2d27a0550e41c42facd7e05c40e045aa58f47cc531c10e329b7a399d7,pass,pass,0,0,a7781bfb8860257e1817131466ffa686c910c9c9ef7a428975924fcda5fdb3ed,,Tier1_GFN2-xTB_default_opt_ddCOSMO,37.219,
tier1:redox:M077:S006:q1:m2,M077_QP1_M2,S006,1,2,resolved,runs/geometry/resolved/tier1/M077_QP1_M2/S006.xyz,553cfbbdad97ebe595ecae3639b385361ed7e295058e1df3039a933670140358,tier1_same_run_redox,20260729-jhtvs-fullspace-tier1-v1,redox-monomer-077-solvent-006-oxidized,553cfbbdad97ebe595ecae3639b385361ed7e295058e1df3039a933670140358,3c29f9fbc1456ab693632561fafbe23c36382b91aa41dc7a7cf0e62290486a22,pass,pass,0,0,a7781bfb8860257e1817131466ffa686c910c9c9ef7a428975924fcda5fdb3ed,,Tier1_GFN2-xTB_default_opt_ddCOSMO,37.219,
tier1:redox:M077:S018:q0:m1,M077_Q0_M1,S018,0,1,resolved,runs/geometry/resolved/tier1/M077_Q0_M1/S018.xyz,2ad6b178fd631b2f78662d2622015c6cdd5a6f7b38039efbe0e4f8ee652aa8d2,tier1_same_run_redox,20260729-jhtvs-fullspace-tier1-v1,redox-monomer-077-solvent-018-resting,2ad6b178fd631b2f78662d2622015c6cdd5a6f7b38039efbe0e4f8ee652aa8d2,12a63f9c8df2ae4df66fad5243cdab9530011ee5558535014843dc9b441bcba7,pass,pass,0,0,a7781bfb8860257e1817131466ffa686c910c9c9ef7a428975924fcda5fdb3ed,,Tier1_GFN2-xTB_default_opt_ddCOSMO,9.8,
tier1:redox:M077:S018:q1:m2,M077_QP1_M2,S018,1,2,resolved,runs/geometry/resolved/tier1/M077_QP1_M2/S018.xyz,e1ed24bbc9176ffccf58c2fd36662a77873c89b630b2caf9e1055a01a51d84b4,tier1_same_run_redox,20260729-jhtvs-fullspace-tier1-v1,redox-monomer-077-solvent-018-oxidized,e1ed24bbc9176ffccf58c2fd36662a77873c89b630b2caf9e1055a01a51d84b4,86738f9457ddaaa30616b85e15e3601b2413f674f7576a96165a772e9c1d58a4,pass,pass,0,0,a7781bfb8860257e1817131466ffa686c910c9c9ef7a428975924fcda5fdb3ed,,Tier1_GFN2-xTB_default_opt_ddCOSMO,9.8,
tier1:redox:M077:S025:q0:m1,M077_Q0_M1,S025,0,1,resolved,runs/geometry/resolved/tier1/M077_Q0_M1/S025.xyz,8821f62899b6ee9c687c68b2d09d238bd0c96e191b0830306141e3f7123b5c12,tier1_same_run_redox,20260729-jhtvs-fullspace-tier1-v1,redox-monomer-077-solvent-025-resting,8821f62899b6ee9c687c68b2d09d238bd0c96e191b0830306141e3f7123b5c12,51efd4603e9bf46a024df694d0f0c392059e1e965754534a2b123ea2a9b56391,pass,pass,0,0,a7781bfb8860257e1817131466ffa686c910c9c9ef7a428975924fcda5fdb3ed,,Tier1_GFN2-xTB_default_opt_ddCOSMO,7.3,
tier1:redox:M077:S025:q1:m2,M077_QP1_M2,S025,1,2,resolved,runs/geometry/resolved/tier1/M077_QP1_M2/S025.xyz,c205532874edad78811a0cd2dc58267303d54de061189a0e9cc9473b5a7b43b8,tier1_same_run_redox,20260729-jhtvs-fullspace-tier1-v1,redox-monomer-077-solvent-025-oxidized,c205532874edad78811a0cd2dc58267303d54de061189a0e9cc9473b5a7b43b8,46f22a74d431a446e7d10688e55c24e6cdffcefcc4cefb8bb43c8859d80058a6,pass,pass,0,0,a7781bfb8860257e1817131466ffa686c910c9c9ef7a428975924fcda5fdb3ed,,Tier1_GFN2-xTB_default_opt_ddCOSMO,7.3,
tier1:redox:M078:S003:q0:m1,M078_Q0_M1,S003,0,1,resolved,runs/geometry/resolved/tier1/M078_Q0_M1/S003.xyz,69d08422ddedc4d86e0c080d3f6b0d65ff14eb9e879632db832a4cc85d4f955b,tier1_same_run_redox,20260729-jhtvs-fullspace-tier1-v1,redox-monomer-078-solvent-003-resting,69d08422ddedc4d86e0c080d3f6b0d65ff14eb9e879632db832a4cc85d4f955b,74da8ba5048b5cb4abdae68ccf2f874d77d2bbdaf68b3171023822335ad1e69f,pass,pass,0,0,a7781bfb8860257e1817131466ffa686c910c9c9ef7a428975924fcda5fdb3ed,,Tier1_GFN2-xTB_default_opt_ddCOSMO,64.92,
tier1:redox:M078:S003:q1:m2,M078_QP1_M2,S003,1,2,resolved,runs/geometry/resolved/tier1/M078_QP1_M2/S003.xyz,f8790586ab4ab2a1d91526f4c248f319a6f459e4b5f7460068116d327276adab,tier1_same_run_redox,20260729-jhtvs-fullspace-tier1-v1,redox-monomer-078-solvent-003-oxidized,f8790586ab4ab2a1d91526f4c248f319a6f459e4b5f7460068116d327276adab,99f44d9a254651d465c458b36e30f2485c8cbe27105f9d26e674ebf936b73700,pass,pass,0,0,a7781bfb8860257e1817131466ffa686c910c9c9ef7a428975924fcda5fdb3ed,,Tier1_GFN2-xTB_default_opt_ddCOSMO,64.92,
tier1:redox:M078:S013:q0:m1,M078_Q0_M1,S013,0,1,resolved,runs/geometry/resolved/tier1/M078_Q0_M1/S013.xyz,c13be356d798efc4f56b6932d46b291383dd62bb7e70f7117384a5ad18ce27cf,tier1_same_run_redox,20260729-jhtvs-fullspace-tier1-v1,redox-monomer-078-solvent-013-resting,c13be356d798efc4f56b6932d46b291383dd62bb7e70f7117384a5ad18ce27cf,2589638f79a59d089ffb6401a52b9894cecc1abc27cb7fe6e6a252104ff7d426,pass,pass,0,0,a7781bfb8860257e1817131466ffa686c910c9c9ef7a428975924fcda5fdb3ed,,Tier1_GFN2-xTB_default_opt_ddCOSMO,32.2,
tier1:redox:M078:S013:q1:m2,M078_QP1_M2,S013,1,2,resolved,runs/geometry/resolved/tier1/M078_QP1_M2/S013.xyz,51c5af7ec3a8cb1c232d95261fc909ec961fd2d3fe2e11b64f8be361816228f6,tier1_same_run_redox,20260729-jhtvs-fullspace-tier1-v1,redox-monomer-078-solvent-013-oxidized,51c5af7ec3a8cb1c232d95261fc909ec961fd2d3fe2e11b64f8be361816228f6,5e12dceec83359ec6ccc052ffbb6cadb28b3c7c3259919d54aecddde9893aa19,pass,pass,0,0,a7781bfb8860257e1817131466ffa686c910c9c9ef7a428975924fcda5fdb3ed,,Tier1_GFN2-xTB_default_opt_ddCOSMO,32.2,
tier1:redox:M078:S020:q0:m1,M078_Q0_M1,S020,0,1,resolved,runs/geometry/resolved/tier1/M078_Q0_M1/S020.xyz,abe66703f369ce9cd13263c96baa34b60aaf65f65c2384000bdbe6108fd07d9d,tier1_same_run_redox,20260729-jhtvs-fullspace-tier1-v1,redox-monomer-078-solvent-020-resting,abe66703f369ce9cd13263c96baa34b60aaf65f65c2384000bdbe6108fd07d9d,b06a6e353456902560acde20815369522e45a16fdca76e5d2d57b264d932338a,pass,pass,0,0,a7781bfb8860257e1817131466ffa686c910c9c9ef7a428975924fcda5fdb3ed,,Tier1_GFN2-xTB_default_opt_ddCOSMO,10.125,
tier1:redox:M078:S020:q1:m2,M078_QP1_M2,S020,1,2,resolved,runs/geometry/resolved/tier1/M078_QP1_M2/S020.xyz,a051236336c7e2ff3eb5f61aea6e414049bf73ca8d2a516d6b9822e08f807830,tier1_same_run_redox,20260729-jhtvs-fullspace-tier1-v1,redox-monomer-078-solvent-020-oxidized,a051236336c7e2ff3eb5f61aea6e414049bf73ca8d2a516d6b9822e08f807830,fb88cfabaaa07ef888642e4c27684dcecadc99962df44d2e6ba79abbc6ace811,pass,pass,0,0,a7781bfb8860257e1817131466ffa686c910c9c9ef7a428975924fcda5fdb3ed,,Tier1_GFN2-xTB_default_opt_ddCOSMO,10.125,
tier1:redox:M078:S023:q0:m1,M078_Q0_M1,S023,0,1,resolved,runs/geometry/resolved/tier1/M078_Q0_M1/S023.xyz,147fa562dc468bf441436293c6f50b94e3d5fb648aa526bb3302862da64a2a51,tier1_same_run_redox,20260729-jhtvs-fullspace-tier1-v1,redox-monomer-078-solvent-023-resting,147fa562dc468bf441436293c6f50b94e3d5fb648aa526bb3302862da64a2a51,074fe617b265b013e7c242fd201a120f0bbf20f12a4ff5e0269be8d3605f86aa,pass,pass,0,0,a7781bfb8860257e1817131466ffa686c910c9c9ef7a428975924fcda5fdb3ed,,Tier1_GFN2-xTB_default_opt_ddCOSMO,3.087,
tier1:redox:M078:S023:q1:m2,M078_QP1_M2,S023,1,2,resolved,runs/geometry/resolved/tier1/M078_QP1_M2/S023.xyz,759128976766f57e840467c4b8df199018eb306710e9d34f48fd4d2cdfcf9274,tier1_same_run_redox,20260729-jhtvs-fullspace-tier1-v1,redox-monomer-078-solvent-023-oxidized,759128976766f57e840467c4b8df199018eb306710e9d34f48fd4d2cdfcf9274,0fdaf42b63834e9218170e61165455d254a3271705cdfbecd87e83c66ded87d0,pass,pass,0,0,a7781bfb8860257e1817131466ffa686c910c9c9ef7a428975924fcda5fdb3ed,,Tier1_GFN2-xTB_default_opt_ddCOSMO,3.087,
tier1:redox:M083:S001:q0:m1,M083_Q0_M1,S001,0,1,resolved,runs/geometry/resolved/tier1/M083_Q0_M1/S001.xyz,e4c52fdc46c4c562ac709d2a6bb6c0d7ad24409eb9be2c44f72f73276707109a,tier1_same_run_redox,20260729-jhtvs-fullspace-tier1-v1,redox-monomer-083-solvent-001-resting,e4c52fdc46c4c562ac709d2a6bb6c0d7ad24409eb9be2c44f72f73276707109a,7834981177ae22f4596336ad56928df26cce7531f9a67acd5f5e50a540db16e1,pass,pass,0,0,a7781bfb8860257e1817131466ffa686c910c9c9ef7a428975924fcda5fdb3ed,,Tier1_GFN2-xTB_default_opt_ddCOSMO,35.688,
tier1:redox:M083:S001:q1:m2,M083_QP1_M2,S001,1,2,resolved,runs/geometry/resolved/tier1/M083_QP1_M2/S001.xyz,f4635a12a8db65c067a979ab2e0f27610f1a37a2a63fd27c8a225b9858d6e72c,tier1_same_run_redox,20260729-jhtvs-fullspace-tier1-v1,redox-monomer-083-solvent-001-oxidized,f4635a12a8db65c067a979ab2e0f27610f1a37a2a63fd27c8a225b9858d6e72c,4da226c9fa52bb0268626966cb79cb6f45c9a9a561abd04c5e7e5d44eb78bf59,pass,pass,0,0,a7781bfb8860257e1817131466ffa686c910c9c9ef7a428975924fcda5fdb3ed,,Tier1_GFN2-xTB_default_opt_ddCOSMO,35.688,
tier1:redox:M083:S007:q0:m1,M083_Q0_M1,S007,0,1,resolved,runs/geometry/resolved/tier1/M083_Q0_M1/S007.xyz,fde8dc0ef70a15d3055ec4f4998112c45d77386c9cff0a3e1411105eac4cb87f,tier1_same_run_redox,20260729-jhtvs-fullspace-tier1-v1,redox-monomer-083-solvent-007-resting,fde8dc0ef70a15d3055ec4f4998112c45d77386c9cff0a3e1411105eac4cb87f,81d83c55f49f2e470e79509b5404dad05908c1c4064fb7d05bfe5b2fa3e95753,pass,pass,0,0,a7781bfb8860257e1817131466ffa686c910c9c9ef7a428975924fcda5fdb3ed,,Tier1_GFN2-xTB_default_opt_ddCOSMO,46.826,
tier1:redox:M083:S007:q1:m2,M083_QP1_M2,S007,1,2,resolved,runs/geometry/resolved/tier1/M083_QP1_M2/S007.xyz,8e4c685c3a72293d22fd59597f497558697c75cd1dc555ff04a449d8e4589d93,tier1_same_run_redox,20260729-jhtvs-fullspace-tier1-v1,redox-monomer-083-solvent-007-oxidized,8e4c685c3a72293d22fd59597f497558697c75cd1dc555ff04a449d8e4589d93,cce913e5dada4725043f87484d2b7bcdcb8e1bcad745c42f1ef8f202abc05c39,pass,pass,0,0,a7781bfb8860257e1817131466ffa686c910c9c9ef7a428975924fcda5fdb3ed,,Tier1_GFN2-xTB_default_opt_ddCOSMO,46.826,
tier1:redox:M083:S016:q0:m1,M083_Q0_M1,S016,0,1,resolved,runs/geometry/resolved/tier1/M083_Q0_M1/S016.xyz,b6a9fdd67c415037c201494aae8ba050b0ab15e1b806c0d2908010eb6565e23b,tier1_same_run_redox,20260729-jhtvs-fullspace-tier1-v1,redox-monomer-083-solvent-016-resting,b6a9fdd67c415037c201494aae8ba050b0ab15e1b806c0d2908010eb6565e23b,88716b4331f41b202601aeb767de11ea9790ebd77c0793f387d41ae919a19800,pass,pass,0,0,a7781bfb8860257e1817131466ffa686c910c9c9ef7a428975924fcda5fdb3ed,,Tier1_GFN2-xTB_default_opt_ddCOSMO,9.7,
tier1:redox:M083:S016:q1:m2,M083_QP1_M2,S016,1,2,resolved,runs/geometry/resolved/tier1/M083_QP1_M2/S016.xyz,09b21abbf6e118e68510ed26aefb82f53ea907ae66d6709ba5fd998ffe9b8ef2,tier1_same_run_redox,20260729-jhtvs-fullspace-tier1-v1,redox-monomer-083-solvent-016-oxidized,09b21abbf6e118e68510ed26aefb82f53ea907ae66d6709ba5fd998ffe9b8ef2,d07fa0c71fdbbcdb7ca7c894c0259642022993ff8eaf94b1625276071c624490,pass,pass,0,0,a7781bfb8860257e1817131466ffa686c910c9c9ef7a428975924fcda5fdb3ed,,Tier1_GFN2-xTB_default_opt_ddCOSMO,9.7,
tier1:redox:M083:S022:q0:m1,M083_Q0_M1,S022,0,1,resolved,runs/geometry/resolved/tier1/M083_Q0_M1/S022.xyz,0708f210e8f4bac3407f7ef17547f168e625b8140d82f74b0c41e839697c4145,tier1_same_run_redox,20260729-jhtvs-fullspace-tier1-v1,redox-monomer-083-solvent-022-resting,0708f210e8f4bac3407f7ef17547f168e625b8140d82f74b0c41e839697c4145,0511f26d0f49c5b20e3fcb82aba66db820a072d58b71537d54ef6e53d42011f2,pass,pass,0,0,a7781bfb8860257e1817131466ffa686c910c9c9ef7a428975924fcda5fdb3ed,,Tier1_GFN2-xTB_default_opt_ddCOSMO,89.78,
tier1:redox:M083:S022:q1:m2,M083_QP1_M2,S022,1,2,resolved,runs/geometry/resolved/tier1/M083_QP1_M2/S022.xyz,17c034da8e980e3f0dc8f735f1c81f8618bf7e19941944d552bb39562782a6ef,tier1_same_run_redox,20260729-jhtvs-fullspace-tier1-v1,redox-monomer-083-solvent-022-oxidized,17c034da8e980e3f0dc8f735f1c81f8618bf7e19941944d552bb39562782a6ef,44ef3b04496ede0641f1bac91a53a3bc9fce8ff3b16051c8d306695bb803c815,pass,pass,0,0,a7781bfb8860257e1817131466ffa686c910c9c9ef7a428975924fcda5fdb3ed,,Tier1_GFN2-xTB_default_opt_ddCOSMO,89.78,
tier1:redox:M084:S001:q0:m1,M084_Q0_M1,S001,0,1,resolved,runs/geometry/resolved/tier1/M084_Q0_M1/S001.xyz,e40aa6fa3000026be958659fcff130de3ff9cfa7281a2140647b2aebd77ed662,tier1_same_run_redox,20260729-jhtvs-fullspace-tier1-v1,redox-monomer-084-solvent-001-resting,e40aa6fa3000026be958659fcff130de3ff9cfa7281a2140647b2aebd77ed662,4991dca913aac129ae8e618e3fd017a4ea165f93f3c470be9fed0582479c50fa,pass,pass,0,0,a7781bfb8860257e1817131466ffa686c910c9c9ef7a428975924fcda5fdb3ed,,Tier1_GFN2-xTB_default_opt_ddCOSMO,35.688,
tier1:redox:M084:S001:q1:m2,M084_QP1_M2,S001,1,2,resolved,runs/geometry/resolved/tier1/M084_QP1_M2/S001.xyz,82c01c1aa9b8e39fd2620de52b1f2d21ebfcc725dd264c9cc7f2ec2cc9adf777,tier1_same_run_redox,20260729-jhtvs-fullspace-tier1-v1,redox-monomer-084-solvent-001-oxidized,82c01c1aa9b8e39fd2620de52b1f2d21ebfcc725dd264c9cc7f2ec2cc9adf777,cf32a5f2cdf896bc5d6715e74d0cf339e69b79e53645fe44651aca1a6b07af98,pass,pass,0,0,a7781bfb8860257e1817131466ffa686c910c9c9ef7a428975924fcda5fdb3ed,,Tier1_GFN2-xTB_default_opt_ddCOSMO,35.688,
tier1:redox:M084:S002:q0:m1,M084_Q0_M1,S002,0,1,resolved,runs/geometry/resolved/tier1/M084_Q0_M1/S002.xyz,b6efa0d5ace6872fdf802cbdd69a882726389a8de1303490d48beb2c03c7a90b,tier1_same_run_redox,20260729-jhtvs-fullspace-tier1-v1,redox-monomer-084-solvent-002-resting,b6efa0d5ace6872fdf802cbdd69a882726389a8de1303490d48beb2c03c7a90b,79cf1b9c304fa923533f7c3ba41bb69e874b410cc2870a3846e7310afe750a22,pass,pass,0,0,a7781bfb8860257e1817131466ffa686c910c9c9ef7a428975924fcda5fdb3ed,,Tier1_GFN2-xTB_default_opt_ddCOSMO,8.93,
tier1:redox:M084:S002:q1:m2,M084_QP1_M2,S002,1,2,resolved,runs/geometry/resolved/tier1/M084_QP1_M2/S002.xyz,c786ec7ad787777c3b73229d0df131d26331fd2df28c5d6663dbdf0a945f6810,tier1_same_run_redox,20260729-jhtvs-fullspace-tier1-v1,redox-monomer-084-solvent-002-oxidized,c786ec7ad787777c3b73229d0df131d26331fd2df28c5d6663dbdf0a945f6810,c186d36e5508910e63880ccbf6c2d63812a306e51f7cae378d31f9c0377ba68d,pass,pass,0,0,a7781bfb8860257e1817131466ffa686c910c9c9ef7a428975924fcda5fdb3ed,,Tier1_GFN2-xTB_default_opt_ddCOSMO,8.93,
tier1:redox:M084:S003:q0:m1,M084_Q0_M1,S003,0,1,resolved,runs/geometry/resolved/tier1/M084_Q0_M1/S003.xyz,b12a9000363eb3948b927f1a6d572105e3988f17e8ccc6c7eeefd8ac28b44a80,tier1_same_run_redox,20260729-jhtvs-fullspace-tier1-v1,redox-monomer-084-solvent-003-resting,b12a9000363eb3948b927f1a6d572105e3988f17e8ccc6c7eeefd8ac28b44a80,84a6a86bb6c845ed947c47f7715ba48f0a8c232f09ea4af7455c56637fe6d008,pass,pass,0,0,a7781bfb8860257e1817131466ffa686c910c9c9ef7a428975924fcda5fdb3ed,,Tier1_GFN2-xTB_default_opt_ddCOSMO,64.92,
tier1:redox:M084:S003:q1:m2,M084_QP1_M2,S003,1,2,resolved,runs/geometry/resolved/tier1/M084_QP1_M2/S003.xyz,4125cd61bc3482e9432bf31e592e4d9786d1369b883f5f02c8c3eecedc7ee003,tier1_same_run_redox,20260729-jhtvs-fullspace-tier1-v1,redox-monomer-084-solvent-003-oxidized,4125cd61bc3482e9432bf31e592e4d9786d1369b883f5f02c8c3eecedc7ee003,6832abd820eb6d1a42cdd086b31f44ee39d82781ec3488c55812dc0fab6d559c,pass,pass,0,0,a7781bfb8860257e1817131466ffa686c910c9c9ef7a428975924fcda5fdb3ed,,Tier1_GFN2-xTB_default_opt_ddCOSMO,64.92,
tier1:redox:M084:S004:q0:m1,M084_Q0_M1,S004,0,1,resolved,runs/geometry/resolved/tier1/M084_Q0_M1/S004.xyz,c7ed16765b350b749e56028058f25692badbfb73d2adeb55ff7aa06939bd09f7,tier1_same_run_redox,20260729-jhtvs-fullspace-tier1-v1,redox-monomer-084-solvent-004-resting,c7ed16765b350b749e56028058f25692badbfb73d2adeb55ff7aa06939bd09f7,72b43843f4352eb13a717d3e3601cb8a206e2a2866da67204d45fa3b01d29571,pass,pass,0,0,a7781bfb8860257e1817131466ffa686c910c9c9ef7a428975924fcda5fdb3ed,,Tier1_GFN2-xTB_default_opt_ddCOSMO,34.809,
tier1:redox:M084:S004:q1:m2,M084_QP1_M2,S004,1,2,resolved,runs/geometry/resolved/tier1/M084_QP1_M2/S004.xyz,61876802d2b8f06d6e16de1fe45ebcbdc60fce391bd7de6bc830812479113988,tier1_same_run_redox,20260729-jhtvs-fullspace-tier1-v1,redox-monomer-084-solvent-004-oxidized,61876802d2b8f06d6e16de1fe45ebcbdc60fce391bd7de6bc830812479113988,34b5736b98b7964f2ce7bdbc32da3221a8beabe8e232368cdd7ba2c99eeca511,pass,pass,0,0,a7781bfb8860257e1817131466ffa686c910c9c9ef7a428975924fcda5fdb3ed,,Tier1_GFN2-xTB_default_opt_ddCOSMO,34.809,
tier1:redox:M084:S005:q0:m1,M084_Q0_M1,S005,0,1,resolved,runs/geometry/resolved/tier1/M084_Q0_M1/S005.xyz,9c24ee72ef08f20ddfefe01d8fe66c7114840be6d1f6cbaed3d4e1298daba555,tier1_same_run_redox,20260729-jhtvs-fullspace-tier1-v1,redox-monomer-084-solvent-005-resting,9c24ee72ef08f20ddfefe01d8fe66c7114840be6d1f6cbaed3d4e1298daba555,7f8212d9f7faeed5ddd5a25c5cba1e1dfbd308d3de61d2f959b5552a346aaed4,pass,pass,0,0,a7781bfb8860257e1817131466ffa686c910c9c9ef7a428975924fcda5fdb3ed,,Tier1_GFN2-xTB_default_opt_ddCOSMO,25.592,
tier1:redox:M084:S005:q1:m2,M084_QP1_M2,S005,1,2,resolved,runs/geometry/resolved/tier1/M084_QP1_M2/S005.xyz,221f8a2676c143aff3d4ed045a0eea8d6eddfc80c2da5cbea1f63d814e011ffe,tier1_same_run_redox,20260729-jhtvs-fullspace-tier1-v1,redox-monomer-084-solvent-005-oxidized,221f8a2676c143aff3d4ed045a0eea8d6eddfc80c2da5cbea1f63d814e011ffe,0ce90e0cb3b82c11f7e2c135286d7c39a394f60b78aba2859ba5c41e0f19c052,pass,pass,0,0,a7781bfb8860257e1817131466ffa686c910c9c9ef7a428975924fcda5fdb3ed,,Tier1_GFN2-xTB_default_opt_ddCOSMO,25.592,
tier1:redox:M084:S006:q0:m1,M084_Q0_M1,S006,0,1,resolved,runs/geometry/resolved/tier1/M084_Q0_M1/S006.xyz,fe491499ca6076b32f733dc5fcfecbfbd57f71ff1c5470c123b1a13b25615f23,tier1_same_run_redox,20260729-jhtvs-fullspace-tier1-v1,redox-monomer-084-solvent-006-resting,fe491499ca6076b32f733dc5fcfecbfbd57f71ff1c5470c123b1a13b25615f23,d120953b0fb7a4372ece76aa31fdedc6d967526b448e8f06e708211f32c9a185,pass,pass,0,0,a7781bfb8860257e1817131466ffa686c910c9c9ef7a428975924fcda5fdb3ed,,Tier1_GFN2-xTB_default_opt_ddCOSMO,37.219,
tier1:redox:M084:S006:q1:m2,M084_QP1_M2,S006,1,2,resolved,runs/geometry/resolved/tier1/M084_QP1_M2/S006.xyz,25233447be534f651494baaa8b706061b407774885e9a500ad4424f759d3daaa,tier1_same_run_redox,20260729-jhtvs-fullspace-tier1-v1,redox-monomer-084-solvent-006-oxidized,25233447be534f651494baaa8b706061b407774885e9a500ad4424f759d3daaa,731eeda843f38491ebf8da66cbb00046997ed1525f6107892a3d7d8a30cc5e31,pass,pass,0,0,a7781bfb8860257e1817131466ffa686c910c9c9ef7a428975924fcda5fdb3ed,,Tier1_GFN2-xTB_default_opt_ddCOSMO,37.219,
tier1:redox:M084:S007:q0:m1,M084_Q0_M1,S007,0,1,resolved,runs/geometry/resolved/tier1/M084_Q0_M1/S007.xyz,f0fa9049c202397975ca18ff6213839e0fb68bfcc383c7fb3f81ac538c88dd75,tier1_same_run_redox,20260729-jhtvs-fullspace-tier1-v1,redox-monomer-084-solvent-007-resting,f0fa9049c202397975ca18ff6213839e0fb68bfcc383c7fb3f81ac538c88dd75,f0a3bb8ce1d5712e5f1faaf0ff461410446afe5017e1ed86a3126d7ac6267e30,pass,pass,0,0,a7781bfb8860257e1817131466ffa686c910c9c9ef7a428975924fcda5fdb3ed,,Tier1_GFN2-xTB_default_opt_ddCOSMO,46.826,
tier1:redox:M084:S007:q1:m2,M084_QP1_M2,S007,1,2,resolved,runs/geometry/resolved/tier1/M084_QP1_M2/S007.xyz,a757d4a0c8c90be8a38a00504803d99ebc352935ccad090c949e8e762bca86f2,tier1_same_run_redox,20260729-jhtvs-fullspace-tier1-v1,redox-monomer-084-solvent-007-oxidized,a757d4a0c8c90be8a38a00504803d99ebc352935ccad090c949e8e762bca86f2,66fa085a62fbb9e504f060d2a7dbddae6c3930cc99663f86119dadf9998e119e,pass,pass,0,0,a7781bfb8860257e1817131466ffa686c910c9c9ef7a428975924fcda5fdb3ed,,Tier1_GFN2-xTB_default_opt_ddCOSMO,46.826,
tier1:redox:M084:S008:q0:m1,M084_Q0_M1,S008,0,1,resolved,runs/geometry/resolved/tier1/M084_Q0_M1/S008.xyz,ff363d39f7606d791c0b725aeb53efbca0ef16760cd38b0175338a06e03cfe71,tier1_same_run_redox,20260729-jhtvs-fullspace-tier1-v1,redox-monomer-084-solvent-008-resting,ff363d39f7606d791c0b725aeb53efbca0ef16760cd38b0175338a06e03cfe71,8cb78992f641b40baa4b4b70ee0a0b87700daf2e9ee4074cc6249a648b17020d,pass,pass,0,0,a7781bfb8860257e1817131466ffa686c910c9c9ef7a428975924fcda5fdb3ed,,Tier1_GFN2-xTB_default_opt_ddCOSMO,7.4257,
tier1:redox:M084:S008:q1:m2,M084_QP1_M2,S008,1,2,resolved,runs/geometry/resolved/tier1/M084_QP1_M2/S008.xyz,1b46f55503cd82b6f52f278eac039b22e202e7e45a9bb2b1b7b395217871f63e,tier1_same_run_redox,20260729-jhtvs-fullspace-tier1-v1,redox-monomer-084-solvent-008-oxidized,1b46f55503cd82b6f52f278eac039b22e202e7e45a9bb2b1b7b395217871f63e,eb7d139ab5ff33b527c8bd659218cbffa1be81bbb47f468dddd943ba8e87ec44,pass,pass,0,0,a7781bfb8860257e1817131466ffa686c910c9c9ef7a428975924fcda5fdb3ed,,Tier1_GFN2-xTB_default_opt_ddCOSMO,7.4257,
tier1:redox:M084:S009:q0:m1,M084_Q0_M1,S009,0,1,resolved,runs/geometry/resolved/tier1/M084_Q0_M1/S009.xyz,959d65742fe9027b453a97968b290e64d072dcc33fd60d808dac2776736311bd,tier1_same_run_redox,20260729-jhtvs-fullspace-tier1-v1,redox-monomer-084-solvent-009-resting,959d65742fe9027b453a97968b290e64d072dcc33fd60d808dac2776736311bd,989900b53db7e66e8e4a682440d81f0e9dc9c431e16fc7bdadc8188d49e5a4e3,pass,pass,0,0,a7781bfb8860257e1817131466ffa686c910c9c9ef7a428975924fcda5fdb3ed,,Tier1_GFN2-xTB_default_opt_ddCOSMO,36.562,
tier1:redox:M084:S009:q1:m2,M084_QP1_M2,S009,1,2,resolved,runs/geometry/resolved/tier1/M084_QP1_M2/S009.xyz,53017bbba873f737c893717f5e6e8631ae2f569731436fa13c0802d881fa6153,tier1_same_run_redox,20260729-jhtvs-fullspace-tier1-v1,redox-monomer-084-solvent-009-oxidized,53017bbba873f737c893717f5e6e8631ae2f569731436fa13c0802d881fa6153,fbb94f4f27e64ecb3c543e224e69d5e3ae32d7ef07535b603e828b97186e2db4,pass,pass,0,0,a7781bfb8860257e1817131466ffa686c910c9c9ef7a428975924fcda5fdb3ed,,Tier1_GFN2-xTB_default_opt_ddCOSMO,36.562,
tier1:redox:M084:S010:q0:m1,M084_Q0_M1,S010,0,1,resolved,runs/geometry/resolved/tier1/M084_Q0_M1/S010.xyz,1af41ca13546420952c94f140275dfbee2ff07468a405560910400ab2292b8a1,tier1_same_run_redox,20260729-jhtvs-fullspace-tier1-v1,redox-monomer-084-solvent-010-resting,1af41ca13546420952c94f140275dfbee2ff07468a405560910400ab2292b8a1,07a98ab74d9cdf6e0a928278c8af6eefeac3bdaac4e16eb39890545a9c2f4666,pass,pass,0,0,a7781bfb8860257e1817131466ffa686c910c9c9ef7a428975924fcda5fdb3ed,,Tier1_GFN2-xTB_default_opt_ddCOSMO,78.355,
tier1:redox:M084:S010:q1:m2,M084_QP1_M2,S010,1,2,resolved,runs/geometry/resolved/tier1/M084_QP1_M2/S010.xyz,d584e9304f60cfd54f613de8bc459283bbf1294cc51819a85ee4ecafe40a6dfd,tier1_same_run_redox,20260729-jhtvs-fullspace-tier1-v1,redox-monomer-084-solvent-010-oxidized,d584e9304f60cfd54f613de8bc459283bbf1294cc51819a85ee4ecafe40a6dfd,7f53438283746cbe70e2a5d662158683c575ca036bc0c1dd0284c0de18fa6abd,pass,pass,0,0,a7781bfb8860257e1817131466ffa686c910c9c9ef7a428975924fcda5fdb3ed,,Tier1_GFN2-xTB_default_opt_ddCOSMO,78.355,
tier1:redox:M084:S011:q0:m1,M084_Q0_M1,S011,0,1,resolved,runs/geometry/resolved/tier1/M084_Q0_M1/S011.xyz,4d7cbd1d83f600bf3178752ab6bd5ae40d9b9744af9c0002edfdaeacf0bbab1d,tier1_same_run_redox,20260729-jhtvs-fullspace-tier1-v1,redox-monomer-084-solvent-011-resting,4d7cbd1d83f600bf3178752ab6bd5ae40d9b9744af9c0002edfdaeacf0bbab1d,ef5cce3eccb7b710ef11cdaba8007b4d5960909ec874d4051f26ea322783bff4,pass,pass,0,0,a7781bfb8860257e1817131466ffa686c910c9c9ef7a428975924fcda5fdb3ed,,Tier1_GFN2-xTB_default_opt_ddCOSMO,41.7,
tier1:redox:M084:S011:q1:m2,M084_QP1_M2,S011,1,2,resolved,runs/geometry/resolved/tier1/M084_QP1_M2/S011.xyz,55d72742710269920eab979659c8e8fa06772fe4626ce6a73dffb9eabb72c5dc,tier1_same_run_redox,20260729-jhtvs-fullspace-tier1-v1,redox-monomer-084-solvent-011-oxidized,55d72742710269920eab979659c8e8fa06772fe4626ce6a73dffb9eabb72c5dc,c6acfdfdd750686d5104c87c9605f23063b940a1592a14359c9acb3df4791022,pass,pass,0,0,a7781bfb8860257e1817131466ffa686c910c9c9ef7a428975924fcda5fdb3ed,,Tier1_GFN2-xTB_default_opt_ddCOSMO,41.7,
tier1:redox:M084:S012:q0:m1,M084_Q0_M1,S012,0,1,resolved,runs/geometry/resolved/tier1/M084_Q0_M1/S012.xyz,ab802b0d0144d25c509ba3347f0fe7dccf393a5e6bc57531398362a5ceaafe28,tier1_same_run_redox,20260729-jhtvs-fullspace-tier1-v1,redox-monomer-084-solvent-012-resting,ab802b0d0144d25c509ba3347f0fe7dccf393a5e6bc57531398362a5ceaafe28,e8840b76cda968ff73cfb0017881fd18b788c2ef1563d0ce0476dc8f57b1f5bf,pass,pass,0,0,a7781bfb8860257e1817131466ffa686c910c9c9ef7a428975924fcda5fdb3ed,,Tier1_GFN2-xTB_default_opt_ddCOSMO,43.3,
tier1:redox:M084:S012:q1:m2,M084_QP1_M2,S012,1,2,resolved,runs/geometry/resolved/tier1/M084_QP1_M2/S012.xyz,597b4bac12fd75a57b7c87526c3b77f789e5df009aa6c601d5c8b97a28cf9bdd,tier1_same_run_redox,20260729-jhtvs-fullspace-tier1-v1,redox-monomer-084-solvent-012-oxidized,597b4bac12fd75a57b7c87526c3b77f789e5df009aa6c601d5c8b97a28cf9bdd,0485d08728534d7bc527004899f0008a9572715218683c5f139480fd50f159c7,pass,pass,0,0,a7781bfb8860257e1817131466ffa686c910c9c9ef7a428975924fcda5fdb3ed,,Tier1_GFN2-xTB_default_opt_ddCOSMO,43.3,
tier1:redox:M084:S013:q0:m1,M084_Q0_M1,S013,0,1,resolved,runs/geometry/resolved/tier1/M084_Q0_M1/S013.xyz,49ef7f3b4ad58340913a2599e7bbe368f8b1b5957532712ba262a8b749392df4,tier1_same_run_redox,20260729-jhtvs-fullspace-tier1-v1,redox-monomer-084-solvent-013-resting,49ef7f3b4ad58340913a2599e7bbe368f8b1b5957532712ba262a8b749392df4,a6642c0a1eded815eddfd5ce677911d494fd3881fe769d6cebe36ec9f25c7927,pass,pass,0,0,a7781bfb8860257e1817131466ffa686c910c9c9ef7a428975924fcda5fdb3ed,,Tier1_GFN2-xTB_default_opt_ddCOSMO,32.2,
tier1:redox:M084:S013:q1:m2,M084_QP1_M2,S013,1,2,resolved,runs/geometry/resolved/tier1/M084_QP1_M2/S013.xyz,883fda12e42ab8e324ae9123196e7bf3ae30c1be8fded36f85cee8b571d09d69,tier1_same_run_redox,20260729-jhtvs-fullspace-tier1-v1,redox-monomer-084-solvent-013-oxidized,883fda12e42ab8e324ae9123196e7bf3ae30c1be8fded36f85cee8b571d09d69,4f616ddd30e34bc7f85ce559d8337f97ca78c1878e6c57f82a2024ad6fe658ff,pass,pass,0,0,a7781bfb8860257e1817131466ffa686c910c9c9ef7a428975924fcda5fdb3ed,,Tier1_GFN2-xTB_default_opt_ddCOSMO,32.2,
tier1:redox:M084:S014:q0:m1,M084_Q0_M1,S014,0,1,resolved,runs/geometry/resolved/tier1/M084_Q0_M1/S014.xyz,0aab9b8a2134291e502be20bf61f4f3bc635027ed04bc4aa32dea1cc05b14ac9,tier1_same_run_redox,20260729-jhtvs-fullspace-tier1-v1,redox-monomer-084-solvent-014-resting,0aab9b8a2134291e502be20bf61f4f3bc635027ed04bc4aa32dea1cc05b14ac9,1ed4901101470e64d8a70d504300b414e5cb642d43b2bb4630888e9bf0470947,pass,pass,0,0,a7781bfb8860257e1817131466ffa686c910c9c9ef7a428975924fcda5fdb3ed,,Tier1_GFN2-xTB_default_opt_ddCOSMO,4.34,
tier1:redox:M084:S014:q1:m2,M084_QP1_M2,S014,1,2,resolved,runs/geometry/resolved/tier1/M084_QP1_M2/S014.xyz,f90bcf855b5923e2b6f1987931caf1cfd69b3627fc2e210cf04818ece483ed7d,tier1_same_run_redox,20260729-jhtvs-fullspace-tier1-v1,redox-monomer-084-solvent-014-oxidized,f90bcf855b5923e2b6f1987931caf1cfd69b3627fc2e210cf04818ece483ed7d,6eab0a3e6a3f0f9db68f319101e54f49a1d2bbf9f5041bfa688576dc6c2a0a13,pass,pass,0,0,a7781bfb8860257e1817131466ffa686c910c9c9ef7a428975924fcda5fdb3ed,,Tier1_GFN2-xTB_default_opt_ddCOSMO,4.34,
tier1:redox:M084:S015:q0:m1,M084_Q0_M1,S015,0,1,resolved,runs/geometry/resolved/tier1/M084_Q0_M1/S015.xyz,9995f640eb3bcff6081d8a02fefd3aa620005e89e97498f706fe11f614748621,tier1_same_run_redox,20260729-jhtvs-fullspace-tier1-v1,redox-monomer-084-solvent-015-resting,9995f640eb3bcff6081d8a02fefd3aa620005e89e97498f706fe11f614748621,db62147a3608a8cb33e56f7e857fbd80df4a6bbec396222d7103ff7a718032cf,pass,pass,0,0,a7781bfb8860257e1817131466ffa686c910c9c9ef7a428975924fcda5fdb3ed,,Tier1_GFN2-xTB_default_opt_ddCOSMO,11.4,
tier1:redox:M084:S015:q1:m2,M084_QP1_M2,S015,1,2,resolved,runs/geometry/resolved/tier1/M084_QP1_M2/S015.xyz,2771ab2738da20a791a15b9e9a9dc35670d3c635a7dfae1d46f31ce001d6c1bc,tier1_same_run_redox,20260729-jhtvs-fullspace-tier1-v1,redox-monomer-084-solvent-015-oxidized,2771ab2738da20a791a15b9e9a9dc35670d3c635a7dfae1d46f31ce001d6c1bc,15e0afcee34d6ea5dd7ac915978c9fdd0b5b044cf22e1c4355fe54fcb612fe9d,pass,pass,0,0,a7781bfb8860257e1817131466ffa686c910c9c9ef7a428975924fcda5fdb3ed,,Tier1_GFN2-xTB_default_opt_ddCOSMO,11.4,
tier1:redox:M084:S016:q0:m1,M084_Q0_M1,S016,0,1,resolved,runs/geometry/resolved/tier1/M084_Q0_M1/S016.xyz,a8e5ba0a8b45c17e6fbab79dd330ecad4c7d1e2bdb8d7b8ea5f5f8a905a81d8d,tier1_same_run_redox,20260729-jhtvs-fullspace-tier1-v1,redox-monomer-084-solvent-016-resting,a8e5ba0a8b45c17e6fbab79dd330ecad4c7d1e2bdb8d7b8ea5f5f8a905a81d8d,01eca3dafb5707ff9f8d5054fbc7d598a8e50f2d4afbce1f7a66d8684f1e8eb0,pass,pass,0,0,a7781bfb8860257e1817131466ffa686c910c9c9ef7a428975924fcda5fdb3ed,,Tier1_GFN2-xTB_default_opt_ddCOSMO,9.7,
tier1:redox:M084:S016:q1:m2,M084_QP1_M2,S016,1,2,resolved,runs/geometry/resolved/tier1/M084_QP1_M2/S016.xyz,bbd6fb827694cd18bda2e741a56261339147c824be54fce0e0b5d18280a14fa0,tier1_same_run_redox,20260729-jhtvs-fullspace-tier1-v1,redox-monomer-084-solvent-016-oxidized,bbd6fb827694cd18bda2e741a56261339147c824be54fce0e0b5d18280a14fa0,b3cc26d06ad002715a1f8987ac8f2a109235a7e91c12941d117e2d6ec359417a,pass,pass,0,0,a7781bfb8860257e1817131466ffa686c910c9c9ef7a428975924fcda5fdb3ed,,Tier1_GFN2-xTB_default_opt_ddCOSMO,9.7,
tier1:redox:M084:S017:q0:m1,M084_Q0_M1,S017,0,1,resolved,runs/geometry/resolved/tier1/M084_Q0_M1/S017.xyz,ef95aa9f0528a6cfe71314b6624b013be771cedb8171df994ec330244e728827,tier1_same_run_redox,20260729-jhtvs-fullspace-tier1-v1,redox-monomer-084-solvent-017-resting,ef95aa9f0528a6cfe71314b6624b013be771cedb8171df994ec330244e728827,527ca1eb2f587c55153215c635f93ac74e86003df84df74b99a01e5d43d123c5,pass,pass,0,0,a7781bfb8860257e1817131466ffa686c910c9c9ef7a428975924fcda5fdb3ed,,Tier1_GFN2-xTB_default_opt_ddCOSMO,13.8,
tier1:redox:M084:S017:q1:m2,M084_QP1_M2,S017,1,2,resolved,runs/geometry/resolved/tier1/M084_QP1_M2/S017.xyz,a6a0adb6d446cc04757b971d760718688ce7a37365a6c881b16fcfbc967c8507,tier1_same_run_redox,20260729-jhtvs-fullspace-tier1-v1,redox-monomer-084-solvent-017-oxidized,a6a0adb6d446cc04757b971d760718688ce7a37365a6c881b16fcfbc967c8507,cd87aee0343270ebeca8585cf2169ae2aac6f1b073f202a05290286ef1f465dd,pass,pass,0,0,a7781bfb8860257e1817131466ffa686c910c9c9ef7a428975924fcda5fdb3ed,,Tier1_GFN2-xTB_default_opt_ddCOSMO,13.8,
tier1:redox:M084:S018:q0:m1,M084_Q0_M1,S018,0,1,resolved,runs/geometry/resolved/tier1/M084_Q0_M1/S018.xyz,11f62de7fe3e3b280c9f3367ed0db3aff423d038aec8faee51900d32b786906e,tier1_same_run_redox,20260729-jhtvs-fullspace-tier1-v1,redox-monomer-084-solvent-018-resting,11f62de7fe3e3b280c9f3367ed0db3aff423d038aec8faee51900d32b786906e,218cd4d08d83ff0ea826e03612a4be0e1d7756c0a1a03145012f2200c71ceea6,pass,pass,0,0,a7781bfb8860257e1817131466ffa686c910c9c9ef7a428975924fcda5fdb3ed,,Tier1_GFN2-xTB_default_opt_ddCOSMO,9.8,
tier1:redox:M084:S018:q1:m2,M084_QP1_M2,S018,1,2,resolved,runs/geometry/resolved/tier1/M084_QP1_M2/S018.xyz,1e98bc1279e69060626344ec114fe851e49d0fca87d2ea8a736d4b658635c2b4,tier1_same_run_redox,20260729-jhtvs-fullspace-tier1-v1,redox-monomer-084-solvent-018-oxidized,1e98bc1279e69060626344ec114fe851e49d0fca87d2ea8a736d4b658635c2b4,a623930e9136fb9124c90ce4294807ce26374549ed553f7a849e22b09d3338d4,pass,pass,0,0,a7781bfb8860257e1817131466ffa686c910c9c9ef7a428975924fcda5fdb3ed,,Tier1_GFN2-xTB_default_opt_ddCOSMO,9.8,
tier1:redox:M084:S019:q0:m1,M084_Q0_M1,S019,0,1,resolved,runs/geometry/resolved/tier1/M084_Q0_M1/S019.xyz,353a0d6ee401265527dc410605c64832ef6563916dec277bd59ae60b77f07a7a,tier1_same_run_redox,20260729-jhtvs-fullspace-tier1-v1,redox-monomer-084-solvent-019-resting,353a0d6ee401265527dc410605c64832ef6563916dec277bd59ae60b77f07a7a,487ad5e8627365ccdd5b55ebe746b0a68c222fee278e0e8fd87e68547ae491a1,pass,pass,0,0,a7781bfb8860257e1817131466ffa686c910c9c9ef7a428975924fcda5fdb3ed,,Tier1_GFN2-xTB_default_opt_ddCOSMO,29.324,
tier1:redox:M084:S019:q1:m2,M084_QP1_M2,S019,1,2,resolved,runs/geometry/resolved/tier1/M084_QP1_M2/S019.xyz,3ceb615af272f6aa2065fd06b629607a2061f29f8c8fcecea7985d84b97af8a3,tier1_same_run_redox,20260729-jhtvs-fullspace-tier1-v1,redox-monomer-084-solvent-019-oxidized,3ceb615af272f6aa2065fd06b629607a2061f29f8c8fcecea7985d84b97af8a3,5f1aca54b05be4935dee518aaffd37aaf38ef4d2d0dc637b6f22f4a17fc138b7,pass,pass,0,0,a7781bfb8860257e1817131466ffa686c910c9c9ef7a428975924fcda5fdb3ed,,Tier1_GFN2-xTB_default_opt_ddCOSMO,29.324,
tier1:redox:M084:S020:q0:m1,M084_Q0_M1,S020,0,1,resolved,runs/geometry/resolved/tier1/M084_Q0_M1/S020.xyz,a6efe63efb5894fda87fa1efd14be790ff3f6c796b31971cc6c2a0a2f6f12cc5,tier1_same_run_redox,20260729-jhtvs-fullspace-tier1-v1,redox-monomer-084-solvent-020-resting,a6efe63efb5894fda87fa1efd14be790ff3f6c796b31971cc6c2a0a2f6f12cc5,01794dead3997a9b73e5f027dd132d7146f381856d9411946e07c66c9eb7adb8,pass,pass,0,0,a7781bfb8860257e1817131466ffa686c910c9c9ef7a428975924fcda5fdb3ed,,Tier1_GFN2-xTB_default_opt_ddCOSMO,10.125,
tier1:redox:M084:S020:q1:m2,M084_QP1_M2,S020,1,2,resolved,runs/geometry/resolved/tier1/M084_QP1_M2/S020.xyz,7019ceea44f09fe1cc28238ac2d3df047be54d6e8386972311e642730a8da542,tier1_same_run_redox,20260729-jhtvs-fullspace-tier1-v1,redox-monomer-084-solvent-020-oxidized,7019ceea44f09fe1cc28238ac2d3df047be54d6e8386972311e642730a8da542,45f60e442a5977c81a7cd5e61692e0c6d8c0a3e619c5522752558327af085684,pass,pass,0,0,a7781bfb8860257e1817131466ffa686c910c9c9ef7a428975924fcda5fdb3ed,,Tier1_GFN2-xTB_default_opt_ddCOSMO,10.125,
tier1:redox:M084:S021:q0:m1,M084_Q0_M1,S021,0,1,resolved,runs/geometry/resolved/tier1/M084_Q0_M1/S021.xyz,879b40297fd66ca98c3feb115fe670a9bea0bf72a5cdd01e79160cd2aad23cc6,tier1_same_run_redox,20260729-jhtvs-fullspace-tier1-v1,redox-monomer-084-solvent-021-resting,879b40297fd66ca98c3feb115fe670a9bea0bf72a5cdd01e79160cd2aad23cc6,777f2131946b93ac872031412e1f47ef60851ee91a29f224fdae00ef38399f45,pass,pass,0,0,a7781bfb8860257e1817131466ffa686c910c9c9ef7a428975924fcda5fdb3ed,,Tier1_GFN2-xTB_default_opt_ddCOSMO,4.7113,
tier1:redox:M084:S021:q1:m2,M084_QP1_M2,S021,1,2,resolved,runs/geometry/resolved/tier1/M084_QP1_M2/S021.xyz,dc3dd9afae098b3212710accdadba37b375a05af5aa8004db35c46ea6b6aad93,tier1_same_run_redox,20260729-jhtvs-fullspace-tier1-v1,redox-monomer-084-solvent-021-oxidized,dc3dd9afae098b3212710accdadba37b375a05af5aa8004db35c46ea6b6aad93,504a40f3567814f5f891b6d0848913af25a95a9697ad1d7b056d20a85e5e113d,pass,pass,0,0,a7781bfb8860257e1817131466ffa686c910c9c9ef7a428975924fcda5fdb3ed,,Tier1_GFN2-xTB_default_opt_ddCOSMO,4.7113,
tier1:redox:M084:S022:q0:m1,M084_Q0_M1,S022,0,1,resolved,runs/geometry/resolved/tier1/M084_Q0_M1/S022.xyz,7283887bc23247c9878bf1c80fea2e1db9e46c23c49c8b3660f9f04ece649173,tier1_same_run_redox,20260729-jhtvs-fullspace-tier1-v1,redox-monomer-084-solvent-022-resting,7283887bc23247c9878bf1c80fea2e1db9e46c23c49c8b3660f9f04ece649173,bda60129d011b670d2782028b176c01a80dd7e408587a1edcf6c7f0f1f5cafd4,pass,pass,0,0,a7781bfb8860257e1817131466ffa686c910c9c9ef7a428975924fcda5fdb3ed,,Tier1_GFN2-xTB_default_opt_ddCOSMO,89.78,
tier1:redox:M084:S022:q1:m2,M084_QP1_M2,S022,1,2,resolved,runs/geometry/resolved/tier1/M084_QP1_M2/S022.xyz,a3f15c0134bef1d60d91c3c033e8788f202ab3cf55eeb268fd63df1e31af7475,tier1_same_run_redox,20260729-jhtvs-fullspace-tier1-v1,redox-monomer-084-solvent-022-oxidized,a3f15c0134bef1d60d91c3c033e8788f202ab3cf55eeb268fd63df1e31af7475,41b750f38f4464ae1a8462df6f209f38b647d1d6002c47082d25ca21762dd0bc,pass,pass,0,0,a7781bfb8860257e1817131466ffa686c910c9c9ef7a428975924fcda5fdb3ed,,Tier1_GFN2-xTB_default_opt_ddCOSMO,89.78,
tier1:redox:M084:S023:q0:m1,M084_Q0_M1,S023,0,1,resolved,runs/geometry/resolved/tier1/M084_Q0_M1/S023.xyz,68856619beabcaf2352ad7191ab9e5fa0050b8a0114561d6e5ef41e6c43d6ca5,tier1_same_run_redox,20260729-jhtvs-fullspace-tier1-v1,redox-monomer-084-solvent-023-resting,68856619beabcaf2352ad7191ab9e5fa0050b8a0114561d6e5ef41e6c43d6ca5,ec20532b7c7fad834db11f9280ae9f743628d2a698094b6843f442cb0fd98845,pass,pass,0,0,a7781bfb8860257e1817131466ffa686c910c9c9ef7a428975924fcda5fdb3ed,,Tier1_GFN2-xTB_default_opt_ddCOSMO,3.087,
tier1:redox:M084:S023:q1:m2,M084_QP1_M2,S023,1,2,resolved,runs/geometry/resolved/tier1/M084_QP1_M2/S023.xyz,32c8ca55001b9c116134982ccdfca4d4c79a36fe06cfe7b3d0d31e4075dfab80,tier1_same_run_redox,20260729-jhtvs-fullspace-tier1-v1,redox-monomer-084-solvent-023-oxidized,32c8ca55001b9c116134982ccdfca4d4c79a36fe06cfe7b3d0d31e4075dfab80,ee6ec846413061421d346d113305762ac11c666eb2111f32a60596ec619851af,pass,pass,0,0,a7781bfb8860257e1817131466ffa686c910c9c9ef7a428975924fcda5fdb3ed,,Tier1_GFN2-xTB_default_opt_ddCOSMO,3.087,
tier1:redox:M084:S024:q0:m1,M084_Q0_M1,S024,0,1,resolved,runs/geometry/resolved/tier1/M084_Q0_M1/S024.xyz,bc787c5dd64da1cad7879ba01cd6ca01cfe2f1f750fc2a9511697fc0868ab3b2,tier1_same_run_redox,20260729-jhtvs-fullspace-tier1-v1,redox-monomer-084-solvent-024-resting,bc787c5dd64da1cad7879ba01cd6ca01cfe2f1f750fc2a9511697fc0868ab3b2,c58ed5ff8d25d9debb0a4472d4791e6c4560c03ad499c59510c8f9a95d13e77d,pass,pass,0,0,a7781bfb8860257e1817131466ffa686c910c9c9ef7a428975924fcda5fdb3ed,,Tier1_GFN2-xTB_default_opt_ddCOSMO,2.2099,
tier1:redox:M084:S024:q1:m2,M084_QP1_M2,S024,1,2,resolved,runs/geometry/resolved/tier1/M084_QP1_M2/S024.xyz,b9d8f5d4c6ec90ca4b1bdd87b933ebd010ecd64dce88d9ede1369eefeb372a04,tier1_same_run_redox,20260729-jhtvs-fullspace-tier1-v1,redox-monomer-084-solvent-024-oxidized,b9d8f5d4c6ec90ca4b1bdd87b933ebd010ecd64dce88d9ede1369eefeb372a04,78241ed95e9a035af1294a0b9204768a01de5583361fd341d32fbad094a7a339,pass,pass,0,0,a7781bfb8860257e1817131466ffa686c910c9c9ef7a428975924fcda5fdb3ed,,Tier1_GFN2-xTB_default_opt_ddCOSMO,2.2099,
tier1:redox:M084:S025:q0:m1,M084_Q0_M1,S025,0,1,resolved,runs/geometry/resolved/tier1/M084_Q0_M1/S025.xyz,28faf7f94e03b29789e073c4ab88beb7983e8cb38c4de765945a61c4b3f28a0f,tier1_same_run_redox,20260729-jhtvs-fullspace-tier1-v1,redox-monomer-084-solvent-025-resting,28faf7f94e03b29789e073c4ab88beb7983e8cb38c4de765945a61c4b3f28a0f,e8b780e09ac11cff8b978cce523fc4556d5de0549590e8b69d7e64d509bd71ad,pass,pass,0,0,a7781bfb8860257e1817131466ffa686c910c9c9ef7a428975924fcda5fdb3ed,,Tier1_GFN2-xTB_default_opt_ddCOSMO,7.3,
tier1:redox:M084:S025:q1:m2,M084_QP1_M2,S025,1,2,resolved,runs/geometry/resolved/tier1/M084_QP1_M2/S025.xyz,2eba426ef3f0c88bc3eb2b922bebcb267afd9e98edd39283142df3399c48aa3f,tier1_same_run_redox,20260729-jhtvs-fullspace-tier1-v1,redox-monomer-084-solvent-025-oxidized,2eba426ef3f0c88bc3eb2b922bebcb267afd9e98edd39283142df3399c48aa3f,357a419fcd81d44ec989120367fba1dbc84bac9702c4f0418d610b831a087c52,pass,pass,0,0,a7781bfb8860257e1817131466ffa686c910c9c9ef7a428975924fcda5fdb3ed,,Tier1_GFN2-xTB_default_opt_ddCOSMO,7.3,
tier1:redox:M086:S005:q0:m1,M086_Q0_M1,S005,0,1,resolved,runs/geometry/resolved/tier1/M086_Q0_M1/S005.xyz,9e574e98aeda79cfdac23882148c1b85855ec0f9b95af4c40c4eae48515fe65b,tier1_same_run_redox,20260729-jhtvs-fullspace-tier1-v1,redox-monomer-086-solvent-005-resting,9e574e98aeda79cfdac23882148c1b85855ec0f9b95af4c40c4eae48515fe65b,26d262d5e3e9b866da03feec82e21f674503f3e3e6f34930aa27ccd29c790e40,pass,pass,0,0,a7781bfb8860257e1817131466ffa686c910c9c9ef7a428975924fcda5fdb3ed,,Tier1_GFN2-xTB_default_opt_ddCOSMO,25.592,
tier1:redox:M086:S005:q1:m2,M086_QP1_M2,S005,1,2,resolved,runs/geometry/resolved/tier1/M086_QP1_M2/S005.xyz,b5a69db70b17fc9968b4d43d25019b38277ecece74d5beb1085457b74e536e0b,tier1_same_run_redox,20260729-jhtvs-fullspace-tier1-v1,redox-monomer-086-solvent-005-oxidized,b5a69db70b17fc9968b4d43d25019b38277ecece74d5beb1085457b74e536e0b,d881bac9c24b4f856d19c3286104b8ba4a0bff5a78da477d0f17a500bfa5ffe5,pass,pass,0,0,a7781bfb8860257e1817131466ffa686c910c9c9ef7a428975924fcda5fdb3ed,,Tier1_GFN2-xTB_default_opt_ddCOSMO,25.592,
tier1:redox:M086:S012:q0:m1,M086_Q0_M1,S012,0,1,resolved,runs/geometry/resolved/tier1/M086_Q0_M1/S012.xyz,014d952fad4994c53a5f8872bc98e55b7f3200769e7275595f8aa6bb06026ffd,tier1_same_run_redox,20260729-jhtvs-fullspace-tier1-v1,redox-monomer-086-solvent-012-resting,014d952fad4994c53a5f8872bc98e55b7f3200769e7275595f8aa6bb06026ffd,5114f759cafad1efe69405ce4a2179081b361e718eba143933a17da7237251b0,pass,pass,0,0,a7781bfb8860257e1817131466ffa686c910c9c9ef7a428975924fcda5fdb3ed,,Tier1_GFN2-xTB_default_opt_ddCOSMO,43.3,
tier1:redox:M086:S012:q1:m2,M086_QP1_M2,S012,1,2,resolved,runs/geometry/resolved/tier1/M086_QP1_M2/S012.xyz,eeeb0c38c3d61def6325dd02e16cc0a44e776a056ef384a0da43fb77e420cd39,tier1_same_run_redox,20260729-jhtvs-fullspace-tier1-v1,redox-monomer-086-solvent-012-oxidized,eeeb0c38c3d61def6325dd02e16cc0a44e776a056ef384a0da43fb77e420cd39,c832a921c9b453feffd7653312c330e1eb4176764aee8463655e9dc871153668,pass,pass,0,0,a7781bfb8860257e1817131466ffa686c910c9c9ef7a428975924fcda5fdb3ed,,Tier1_GFN2-xTB_default_opt_ddCOSMO,43.3,
tier1:redox:M086:S014:q0:m1,M086_Q0_M1,S014,0,1,resolved,runs/geometry/resolved/tier1/M086_Q0_M1/S014.xyz,bcb5b07b2223d6ea9afea06fc11ef4a5dba58a4451303265d86485f04e52c1fc,tier1_same_run_redox,20260729-jhtvs-fullspace-tier1-v1,redox-monomer-086-solvent-014-resting,bcb5b07b2223d6ea9afea06fc11ef4a5dba58a4451303265d86485f04e52c1fc,7efdcdf63d7f9a046aebcbc2964c8f5b101cbaada81503023a80a8b758ceff9e,pass,pass,0,0,a7781bfb8860257e1817131466ffa686c910c9c9ef7a428975924fcda5fdb3ed,,Tier1_GFN2-xTB_default_opt_ddCOSMO,4.34,
tier1:redox:M086:S014:q1:m2,M086_QP1_M2,S014,1,2,resolved,runs/geometry/resolved/tier1/M086_QP1_M2/S014.xyz,304a4c82a804ae499a4eab77d92b3ea4793c0f624d33dbe01484a553687c1929,tier1_same_run_redox,20260729-jhtvs-fullspace-tier1-v1,redox-monomer-086-solvent-014-oxidized,304a4c82a804ae499a4eab77d92b3ea4793c0f624d33dbe01484a553687c1929,bde435f10680fd0edc54d23ddd38b200081b5fb9ab59f278f2fef8bc725fe6ca,pass,pass,0,0,a7781bfb8860257e1817131466ffa686c910c9c9ef7a428975924fcda5fdb3ed,,Tier1_GFN2-xTB_default_opt_ddCOSMO,4.34,
tier1:redox:M086:S018:q0:m1,M086_Q0_M1,S018,0,1,resolved,runs/geometry/resolved/tier1/M086_Q0_M1/S018.xyz,54edacb821487e1e8004fd0172ff43698b576bc2a960b55703b1bc3d1272bb66,tier1_same_run_redox,20260729-jhtvs-fullspace-tier1-v1,redox-monomer-086-solvent-018-resting,54edacb821487e1e8004fd0172ff43698b576bc2a960b55703b1bc3d1272bb66,11c49c7c27d46a3f57bd2e9af184b563b91ee5db4d1064592a22b0e9d02f4e82,pass,pass,0,0,a7781bfb8860257e1817131466ffa686c910c9c9ef7a428975924fcda5fdb3ed,,Tier1_GFN2-xTB_default_opt_ddCOSMO,9.8,
tier1:redox:M086:S018:q1:m2,M086_QP1_M2,S018,1,2,resolved,runs/geometry/resolved/tier1/M086_QP1_M2/S018.xyz,ed3aef906dca6bf18d8839ddb9dd71ab40dc120f98df6dc273b876f524398321,tier1_same_run_redox,20260729-jhtvs-fullspace-tier1-v1,redox-monomer-086-solvent-018-oxidized,ed3aef906dca6bf18d8839ddb9dd71ab40dc120f98df6dc273b876f524398321,b67bcba9cdf434cb7b30c8082709d85beb19567deb134ca4cdfd9e8cbd88e651,pass,pass,0,0,a7781bfb8860257e1817131466ffa686c910c9c9ef7a428975924fcda5fdb3ed,,Tier1_GFN2-xTB_default_opt_ddCOSMO,9.8,
tier1:redox:M089:S002:q0:m1,M089_Q0_M1,S002,0,1,resolved,runs/geometry/resolved/tier1/M089_Q0_M1/S002.xyz,3f906a6da11ef343808ad062c6d282e2f300507e23fa9bbe891c81122998622d,tier1_same_run_redox,20260729-jhtvs-fullspace-tier1-v1,redox-monomer-089-solvent-002-resting,3f906a6da11ef343808ad062c6d282e2f300507e23fa9bbe891c81122998622d,682ca67afe64eece16cdec04fde152dc0cfb2c3f8da93ebed624f02fa6276a00,pass,pass,0,0,a7781bfb8860257e1817131466ffa686c910c9c9ef7a428975924fcda5fdb3ed,,Tier1_GFN2-xTB_default_opt_ddCOSMO,8.93,
tier1:redox:M089:S002:q1:m2,M089_QP1_M2,S002,1,2,resolved,runs/geometry/resolved/tier1/M089_QP1_M2/S002.xyz,122cac4d53ebc1344b27a8daf693a8e086e3420e5fb5129f8168aef7bda2493d,tier1_same_run_redox,20260729-jhtvs-fullspace-tier1-v1,redox-monomer-089-solvent-002-oxidized,122cac4d53ebc1344b27a8daf693a8e086e3420e5fb5129f8168aef7bda2493d,436d8abdfbdee53f21677777423859a321c43499ecf39c8b0e36a6248641a5ca,pass,pass,0,0,a7781bfb8860257e1817131466ffa686c910c9c9ef7a428975924fcda5fdb3ed,,Tier1_GFN2-xTB_default_opt_ddCOSMO,8.93,
tier1:redox:M089:S006:q0:m1,M089_Q0_M1,S006,0,1,resolved,runs/geometry/resolved/tier1/M089_Q0_M1/S006.xyz,6365e30d99cfdb5d547fbc486c1b181c60b86b607cdc79044f35068e11d269b2,tier1_same_run_redox,20260729-jhtvs-fullspace-tier1-v1,redox-monomer-089-solvent-006-resting,6365e30d99cfdb5d547fbc486c1b181c60b86b607cdc79044f35068e11d269b2,720dfb27eccf6b923f7b390d4d150339528fc8087ac83b0fd5c4fb7609fb4415,pass,pass,0,0,a7781bfb8860257e1817131466ffa686c910c9c9ef7a428975924fcda5fdb3ed,,Tier1_GFN2-xTB_default_opt_ddCOSMO,37.219,
tier1:redox:M089:S006:q1:m2,M089_QP1_M2,S006,1,2,resolved,runs/geometry/resolved/tier1/M089_QP1_M2/S006.xyz,c463ee9d244a88acc6daebc0681eef67ee9a058df8ca507e46af66fdc3881b56,tier1_same_run_redox,20260729-jhtvs-fullspace-tier1-v1,redox-monomer-089-solvent-006-oxidized,c463ee9d244a88acc6daebc0681eef67ee9a058df8ca507e46af66fdc3881b56,ed6780ba0e1b75e2ff86f85e791118c6ccc51b1ff42fde8a09dacf98df20e454,pass,pass,0,0,a7781bfb8860257e1817131466ffa686c910c9c9ef7a428975924fcda5fdb3ed,,Tier1_GFN2-xTB_default_opt_ddCOSMO,37.219,
tier1:redox:M089:S008:q0:m1,M089_Q0_M1,S008,0,1,resolved,runs/geometry/resolved/tier1/M089_Q0_M1/S008.xyz,f53366a65543f48ad9ce74b56332d07b7e526ca059533280099794597314e56c,tier1_same_run_redox,20260729-jhtvs-fullspace-tier1-v1,redox-monomer-089-solvent-008-resting,f53366a65543f48ad9ce74b56332d07b7e526ca059533280099794597314e56c,e3ed6494924bf4951c563583a7557e1cf4dc19af18985efae46287255bb30d08,pass,pass,0,0,a7781bfb8860257e1817131466ffa686c910c9c9ef7a428975924fcda5fdb3ed,,Tier1_GFN2-xTB_default_opt_ddCOSMO,7.4257,
tier1:redox:M089:S008:q1:m2,M089_QP1_M2,S008,1,2,resolved,runs/geometry/resolved/tier1/M089_QP1_M2/S008.xyz,3680b8641453534b18be89a6d86394e50db5235d8f10bc8c3f195745ed7eee11,tier1_same_run_redox,20260729-jhtvs-fullspace-tier1-v1,redox-monomer-089-solvent-008-oxidized,3680b8641453534b18be89a6d86394e50db5235d8f10bc8c3f195745ed7eee11,6b4133da9b8e5fdb73cb599e2b07a5ff2f24136ce12f25ef9837fa979a37aa57,pass,pass,0,0,a7781bfb8860257e1817131466ffa686c910c9c9ef7a428975924fcda5fdb3ed,,Tier1_GFN2-xTB_default_opt_ddCOSMO,7.4257,
tier1:redox:M089:S015:q0:m1,M089_Q0_M1,S015,0,1,resolved,runs/geometry/resolved/tier1/M089_Q0_M1/S015.xyz,321400931aab7638369a5f283f67db29bf81ad1eca1c06242a2a5b048653a9fb,tier1_same_run_redox,20260729-jhtvs-fullspace-tier1-v1,redox-monomer-089-solvent-015-resting,321400931aab7638369a5f283f67db29bf81ad1eca1c06242a2a5b048653a9fb,9a1c3c15dd4aeb95e17b6ee03b2b776572c3cf5c2749d6cff894289c97935d00,pass,pass,0,0,a7781bfb8860257e1817131466ffa686c910c9c9ef7a428975924fcda5fdb3ed,,Tier1_GFN2-xTB_default_opt_ddCOSMO,11.4,
tier1:redox:M089:S015:q1:m2,M089_QP1_M2,S015,1,2,resolved,runs/geometry/resolved/tier1/M089_QP1_M2/S015.xyz,132685828c099d3f0a47e8ffa1875ccdca93a7da8feefcf0646e3650706fb589,tier1_same_run_redox,20260729-jhtvs-fullspace-tier1-v1,redox-monomer-089-solvent-015-oxidized,132685828c099d3f0a47e8ffa1875ccdca93a7da8feefcf0646e3650706fb589,92d52ef4ff01943e055fb8728a139c5ab0ebfbc0ddfc34b6ee0fc6477173aa89,pass,pass,0,0,a7781bfb8860257e1817131466ffa686c910c9c9ef7a428975924fcda5fdb3ed,,Tier1_GFN2-xTB_default_opt_ddCOSMO,11.4,
tier1:redox:M094:S003:q0:m1,M094_Q0_M1,S003,0,1,resolved,runs/geometry/resolved/tier1/M094_Q0_M1/S003.xyz,74abc0c2cc89b1650c3b21d26b7a76d67a9849838482795dc1e014fa94fd4a0a,tier1_same_run_redox,20260729-jhtvs-fullspace-tier1-v1,redox-monomer-094-solvent-003-resting,74abc0c2cc89b1650c3b21d26b7a76d67a9849838482795dc1e014fa94fd4a0a,2d8d5a7bc280e92ba9a9b184ff7836b596c4fd07330c90d382b2757c2ab4f8d0,pass,pass,0,0,a7781bfb8860257e1817131466ffa686c910c9c9ef7a428975924fcda5fdb3ed,,Tier1_GFN2-xTB_default_opt_ddCOSMO,64.92,
tier1:redox:M094:S003:q1:m2,M094_QP1_M2,S003,1,2,resolved,runs/geometry/resolved/tier1/M094_QP1_M2/S003.xyz,9741726d208e356e24029b5abe307d047bbcb36a78e68ba5dfe8d35b858a8e7b,tier1_same_run_redox,20260729-jhtvs-fullspace-tier1-v1,redox-monomer-094-solvent-003-oxidized,9741726d208e356e24029b5abe307d047bbcb36a78e68ba5dfe8d35b858a8e7b,2e01bc8d5059aa3fc70542ebc9b59a963ab85cba85762da5b0ad65f689d914ae,pass,pass,0,0,a7781bfb8860257e1817131466ffa686c910c9c9ef7a428975924fcda5fdb3ed,,Tier1_GFN2-xTB_default_opt_ddCOSMO,64.92,
tier1:redox:M094:S013:q0:m1,M094_Q0_M1,S013,0,1,resolved,runs/geometry/resolved/tier1/M094_Q0_M1/S013.xyz,17a174977317f84dfdce0e078cc94eb78f59f8795ec95d61643ea460f24a3091,tier1_same_run_redox,20260729-jhtvs-fullspace-tier1-v1,redox-monomer-094-solvent-013-resting,17a174977317f84dfdce0e078cc94eb78f59f8795ec95d61643ea460f24a3091,db0b9f2f699d0358d1f0601ab6578d7955b319b1a49338bd4359b9abad7bb5b3,pass,pass,0,0,a7781bfb8860257e1817131466ffa686c910c9c9ef7a428975924fcda5fdb3ed,,Tier1_GFN2-xTB_default_opt_ddCOSMO,32.2,
tier1:redox:M094:S013:q1:m2,M094_QP1_M2,S013,1,2,resolved,runs/geometry/resolved/tier1/M094_QP1_M2/S013.xyz,c4658ae1851098a29807a4f411963bfe523778c97534854ecce23c424af598ea,tier1_same_run_redox,20260729-jhtvs-fullspace-tier1-v1,redox-monomer-094-solvent-013-oxidized,c4658ae1851098a29807a4f411963bfe523778c97534854ecce23c424af598ea,85110498519f018aa43141fa213676a0927a7d644fdf8af2ea5f88ad5bd3401c,pass,pass,0,0,a7781bfb8860257e1817131466ffa686c910c9c9ef7a428975924fcda5fdb3ed,,Tier1_GFN2-xTB_default_opt_ddCOSMO,32.2,
tier1:redox:M094:S020:q0:m1,M094_Q0_M1,S020,0,1,resolved,runs/geometry/resolved/tier1/M094_Q0_M1/S020.xyz,f05e9b51b6b10a390286cf97364a4a6623c17a89970bb7b521cc1add682ac8e6,tier1_same_run_redox,20260729-jhtvs-fullspace-tier1-v1,redox-monomer-094-solvent-020-resting,f05e9b51b6b10a390286cf97364a4a6623c17a89970bb7b521cc1add682ac8e6,a2763d659b405a429b52ae6c6250d5ee344f415baa26478201e7a367c1c51e8f,pass,pass,0,0,a7781bfb8860257e1817131466ffa686c910c9c9ef7a428975924fcda5fdb3ed,,Tier1_GFN2-xTB_default_opt_ddCOSMO,10.125,
tier1:redox:M094:S020:q1:m2,M094_QP1_M2,S020,1,2,resolved,runs/geometry/resolved/tier1/M094_QP1_M2/S020.xyz,b95664c0839e8e8338e1a1103a4d49572c1e800f4cb6e39b5ac911b1734da6f7,tier1_same_run_redox,20260729-jhtvs-fullspace-tier1-v1,redox-monomer-094-solvent-020-oxidized,b95664c0839e8e8338e1a1103a4d49572c1e800f4cb6e39b5ac911b1734da6f7,d4154cab845912a0909ada5140be8b1e6ab9b85e7c309af179c41db216bd7c87,pass,pass,0,0,a7781bfb8860257e1817131466ffa686c910c9c9ef7a428975924fcda5fdb3ed,,Tier1_GFN2-xTB_default_opt_ddCOSMO,10.125,
tier1:redox:M094:S025:q0:m1,M094_Q0_M1,S025,0,1,resolved,runs/geometry/resolved/tier1/M094_Q0_M1/S025.xyz,22fe9de87313c4cc4a97fba1b0f6f1b6953ef05bd79d0a51bc58efb4d8558c05,tier1_same_run_redox,20260729-jhtvs-fullspace-tier1-v1,redox-monomer-094-solvent-025-resting,22fe9de87313c4cc4a97fba1b0f6f1b6953ef05bd79d0a51bc58efb4d8558c05,f6e3cccb350bc0c1b452459162894cc79914fb78d76c7d125dd6e261503f9304,pass,pass,0,0,a7781bfb8860257e1817131466ffa686c910c9c9ef7a428975924fcda5fdb3ed,,Tier1_GFN2-xTB_default_opt_ddCOSMO,7.3,
tier1:redox:M094:S025:q1:m2,M094_QP1_M2,S025,1,2,resolved,runs/geometry/resolved/tier1/M094_QP1_M2/S025.xyz,76945cd7be6b040d6cae6146df1393d5e85491d4e6a7359d25d8d7d6d6022cab,tier1_same_run_redox,20260729-jhtvs-fullspace-tier1-v1,redox-monomer-094-solvent-025-oxidized,76945cd7be6b040d6cae6146df1393d5e85491d4e6a7359d25d8d7d6d6022cab,7ba001d8f83d75d283e7fc14d36e11589a94ae816376a300b693204683f4893b,pass,pass,0,0,a7781bfb8860257e1817131466ffa686c910c9c9ef7a428975924fcda5fdb3ed,,Tier1_GFN2-xTB_default_opt_ddCOSMO,7.3,
tier1:redox:M096:S001:q0:m1,M096_Q0_M1,S001,0,1,resolved,runs/geometry/resolved/tier1/M096_Q0_M1/S001.xyz,9b48cf245b5601cda29a91d04c995e71fd88791a51cdbdb45c4a30a694c0aeab,tier1_same_run_redox,20260729-jhtvs-fullspace-tier1-v1,redox-monomer-096-solvent-001-resting,9b48cf245b5601cda29a91d04c995e71fd88791a51cdbdb45c4a30a694c0aeab,254156f27f693fb436a271d2619586f432770658ea4f36b00ca03cf3e4b78155,pass,pass,0,0,a7781bfb8860257e1817131466ffa686c910c9c9ef7a428975924fcda5fdb3ed,,Tier1_GFN2-xTB_default_opt_ddCOSMO,35.688,
tier1:redox:M096:S001:q1:m2,M096_QP1_M2,S001,1,2,resolved,runs/geometry/resolved/tier1/M096_QP1_M2/S001.xyz,339369115e06785fd9bfa7ff51f55dbd361478c7fc25ae93e92c0ce47938e1e2,tier1_same_run_redox,20260729-jhtvs-fullspace-tier1-v1,redox-monomer-096-solvent-001-oxidized,339369115e06785fd9bfa7ff51f55dbd361478c7fc25ae93e92c0ce47938e1e2,6e426739162cd120ab79bd698c9d6d67d5ce5a50b0035d9071aee92df13deef5,pass,pass,0,0,a7781bfb8860257e1817131466ffa686c910c9c9ef7a428975924fcda5fdb3ed,,Tier1_GFN2-xTB_default_opt_ddCOSMO,35.688,
tier1:redox:M096:S007:q0:m1,M096_Q0_M1,S007,0,1,resolved,runs/geometry/resolved/tier1/M096_Q0_M1/S007.xyz,9c623be9377b887c70570a350fb7b39347dcbd9e7fbcba42e604bf26ab939b43,tier1_same_run_redox,20260729-jhtvs-fullspace-tier1-v1,redox-monomer-096-solvent-007-resting,9c623be9377b887c70570a350fb7b39347dcbd9e7fbcba42e604bf26ab939b43,98c4c75af5e5b12ce72fe0f174f7cdd37a9161279eecbc3607132a1b2039a5fe,pass,pass,0,0,a7781bfb8860257e1817131466ffa686c910c9c9ef7a428975924fcda5fdb3ed,,Tier1_GFN2-xTB_default_opt_ddCOSMO,46.826,
tier1:redox:M096:S007:q1:m2,M096_QP1_M2,S007,1,2,resolved,runs/geometry/resolved/tier1/M096_QP1_M2/S007.xyz,1a00ebf0af022d308fef92354ee6969913144a8d7ffb79e2dd6c429ffc215046,tier1_same_run_redox,20260729-jhtvs-fullspace-tier1-v1,redox-monomer-096-solvent-007-oxidized,1a00ebf0af022d308fef92354ee6969913144a8d7ffb79e2dd6c429ffc215046,879c1f7f4f7c9c7670f5a617c5c9c89456bf06bf9069e15ec5f3c4b944604a27,pass,pass,0,0,a7781bfb8860257e1817131466ffa686c910c9c9ef7a428975924fcda5fdb3ed,,Tier1_GFN2-xTB_default_opt_ddCOSMO,46.826,
tier1:redox:M096:S017:q0:m1,M096_Q0_M1,S017,0,1,resolved,runs/geometry/resolved/tier1/M096_Q0_M1/S017.xyz,f458dbe9dac8f22bae6e6c14849e04ed308bf360b92c68a348aedf543bb6bb30,tier1_same_run_redox,20260729-jhtvs-fullspace-tier1-v1,redox-monomer-096-solvent-017-resting,f458dbe9dac8f22bae6e6c14849e04ed308bf360b92c68a348aedf543bb6bb30,719a3786cfba1ff758c4a18c40e994bb84665f17a6ff0a2f2a2a39884a74d126,pass,pass,0,0,a7781bfb8860257e1817131466ffa686c910c9c9ef7a428975924fcda5fdb3ed,,Tier1_GFN2-xTB_default_opt_ddCOSMO,13.8,
tier1:redox:M096:S017:q1:m2,M096_QP1_M2,S017,1,2,resolved,runs/geometry/resolved/tier1/M096_QP1_M2/S017.xyz,b45a5be364e8715f9307ddc6cffdbcccdfc859aa152d96b047c61395eff42334,tier1_same_run_redox,20260729-jhtvs-fullspace-tier1-v1,redox-monomer-096-solvent-017-oxidized,b45a5be364e8715f9307ddc6cffdbcccdfc859aa152d96b047c61395eff42334,1681368a7d399a4ac9e5e013b0f07534fa1da607e358c2c92db0cea2a1548685,pass,pass,0,0,a7781bfb8860257e1817131466ffa686c910c9c9ef7a428975924fcda5fdb3ed,,Tier1_GFN2-xTB_default_opt_ddCOSMO,13.8,
tier1:redox:M096:S022:q0:m1,M096_Q0_M1,S022,0,1,resolved,runs/geometry/resolved/tier1/M096_Q0_M1/S022.xyz,d6301a87ec5d79a27aa21ae2a82643abf019cb084209446e5f331a0dbe9c6d59,tier1_same_run_redox,20260729-jhtvs-fullspace-tier1-v1,redox-monomer-096-solvent-022-resting,d6301a87ec5d79a27aa21ae2a82643abf019cb084209446e5f331a0dbe9c6d59,eee46e39307e0b0938a41a066c368459a5b870d91c981f62c500851eecfff6ee,pass,pass,0,0,a7781bfb8860257e1817131466ffa686c910c9c9ef7a428975924fcda5fdb3ed,,Tier1_GFN2-xTB_default_opt_ddCOSMO,89.78,
tier1:redox:M096:S022:q1:m2,M096_QP1_M2,S022,1,2,resolved,runs/geometry/resolved/tier1/M096_QP1_M2/S022.xyz,71cfcf34498259b6779de503f64165ba8ae90ab2f97d27060c4aa017f35ba388,tier1_same_run_redox,20260729-jhtvs-fullspace-tier1-v1,redox-monomer-096-solvent-022-oxidized,71cfcf34498259b6779de503f64165ba8ae90ab2f97d27060c4aa017f35ba388,b4d83dc54d3d5994f9bc26543a7956cf2035aa8b7a630e4104f184c3f59eee36,pass,pass,0,0,a7781bfb8860257e1817131466ffa686c910c9c9ef7a428975924fcda5fdb3ed,,Tier1_GFN2-xTB_default_opt_ddCOSMO,89.78,
tier1:redox:M097:S004:q0:m1,M097_Q0_M1,S004,0,1,resolved,runs/geometry/resolved/tier1/M097_Q0_M1/S004.xyz,1d4e5e837d0d98e6d000ec0d5918170f825bbe4123e6ed6973d00b0576480121,tier1_same_run_redox,20260729-jhtvs-fullspace-tier1-v1,redox-monomer-097-solvent-004-resting,1d4e5e837d0d98e6d000ec0d5918170f825bbe4123e6ed6973d00b0576480121,81b3ea299d4581daa75a4387ad9451e82e22c1f5f2ee9db4b03f1f550ff98752,pass,pass,0,0,a7781bfb8860257e1817131466ffa686c910c9c9ef7a428975924fcda5fdb3ed,,Tier1_GFN2-xTB_default_opt_ddCOSMO,34.809,
tier1:redox:M097:S004:q1:m2,M097_QP1_M2,S004,1,2,resolved,runs/geometry/resolved/tier1/M097_QP1_M2/S004.xyz,5f087e6ead4762673eeecce9467231dd8690f1a7b2ae61a536db95f391ea0f5e,tier1_same_run_redox,20260729-jhtvs-fullspace-tier1-v1,redox-monomer-097-solvent-004-oxidized,5f087e6ead4762673eeecce9467231dd8690f1a7b2ae61a536db95f391ea0f5e,3281ae33bcb2230cb4a73d9e298d0f58ee954ba1fe6bb5716b5d4d2045f4bef6,pass,pass,0,0,a7781bfb8860257e1817131466ffa686c910c9c9ef7a428975924fcda5fdb3ed,,Tier1_GFN2-xTB_default_opt_ddCOSMO,34.809,
tier1:redox:M097:S011:q0:m1,M097_Q0_M1,S011,0,1,resolved,runs/geometry/resolved/tier1/M097_Q0_M1/S011.xyz,73cd3b68eced0906d00f022cf0222847a8432b43929d9136afde5191298fa42c,tier1_same_run_redox,20260729-jhtvs-fullspace-tier1-v1,redox-monomer-097-solvent-011-resting,73cd3b68eced0906d00f022cf0222847a8432b43929d9136afde5191298fa42c,ed3f57790504685777fc88b5e2e252086a5f075c28f55f7adee5439720acc52e,pass,pass,0,0,a7781bfb8860257e1817131466ffa686c910c9c9ef7a428975924fcda5fdb3ed,,Tier1_GFN2-xTB_default_opt_ddCOSMO,41.7,
tier1:redox:M097:S011:q1:m2,M097_QP1_M2,S011,1,2,resolved,runs/geometry/resolved/tier1/M097_QP1_M2/S011.xyz,33491dc54203f7ca7d79d4787f68cdecfea02d801a0bf822e8683272b74d0e92,tier1_same_run_redox,20260729-jhtvs-fullspace-tier1-v1,redox-monomer-097-solvent-011-oxidized,33491dc54203f7ca7d79d4787f68cdecfea02d801a0bf822e8683272b74d0e92,3df01b76a6972c2a6469e872bb96be26bea634e92576d9f60f040dd36ec2ef5b,pass,pass,0,0,a7781bfb8860257e1817131466ffa686c910c9c9ef7a428975924fcda5fdb3ed,,Tier1_GFN2-xTB_default_opt_ddCOSMO,41.7,
tier1:redox:M097:S018:q0:m1,M097_Q0_M1,S018,0,1,resolved,runs/geometry/resolved/tier1/M097_Q0_M1/S018.xyz,725f7f4fb72c6ffe6a0f2c0d49ec170c16a4e954118b1f2134f082c07e9be539,tier1_same_run_redox,20260729-jhtvs-fullspace-tier1-v1,redox-monomer-097-solvent-018-resting,725f7f4fb72c6ffe6a0f2c0d49ec170c16a4e954118b1f2134f082c07e9be539,f30f084ee577bce5c4d1ebdbeb6c8b2ebad0ad36272c89214ad00aa46d249751,pass,pass,0,0,a7781bfb8860257e1817131466ffa686c910c9c9ef7a428975924fcda5fdb3ed,,Tier1_GFN2-xTB_default_opt_ddCOSMO,9.8,
tier1:redox:M097:S018:q1:m2,M097_QP1_M2,S018,1,2,resolved,runs/geometry/resolved/tier1/M097_QP1_M2/S018.xyz,afa7d633cf29b9a0270b83ad4df54b260ba8e6b2c107bc083e6418a94de6b31c,tier1_same_run_redox,20260729-jhtvs-fullspace-tier1-v1,redox-monomer-097-solvent-018-oxidized,afa7d633cf29b9a0270b83ad4df54b260ba8e6b2c107bc083e6418a94de6b31c,9e83a4ab79f966bb2f2dcd82790d3505c9b0a2874ce6f2850f5b662ad280f4f0,pass,pass,0,0,a7781bfb8860257e1817131466ffa686c910c9c9ef7a428975924fcda5fdb3ed,,Tier1_GFN2-xTB_default_opt_ddCOSMO,9.8,
tier1:redox:M097:S024:q0:m1,M097_Q0_M1,S024,0,1,resolved,runs/geometry/resolved/tier1/M097_Q0_M1/S024.xyz,6b2c03798826097568854b2407b2a716defd781d418e4fbdc0fbe142f7cf4f5a,tier1_same_run_redox,20260729-jhtvs-fullspace-tier1-v1,redox-monomer-097-solvent-024-resting,6b2c03798826097568854b2407b2a716defd781d418e4fbdc0fbe142f7cf4f5a,e6b2c1a14eed6585f93eaa520233e0b2891bce628f73a7cd8ff2da5846022218,pass,pass,0,0,a7781bfb8860257e1817131466ffa686c910c9c9ef7a428975924fcda5fdb3ed,,Tier1_GFN2-xTB_default_opt_ddCOSMO,2.2099,
tier1:redox:M097:S024:q1:m2,M097_QP1_M2,S024,1,2,resolved,runs/geometry/resolved/tier1/M097_QP1_M2/S024.xyz,7ce3828a62d49e8098f12518b6db0dc85065fbe1579f88b92e3a95440fe29323,tier1_same_run_redox,20260729-jhtvs-fullspace-tier1-v1,redox-monomer-097-solvent-024-oxidized,7ce3828a62d49e8098f12518b6db0dc85065fbe1579f88b92e3a95440fe29323,aa21615306660626533a4bb8f26a90ebc8b7579eac8b2bd152bb62e98d9bf415,pass,pass,0,0,a7781bfb8860257e1817131466ffa686c910c9c9ef7a428975924fcda5fdb3ed,,Tier1_GFN2-xTB_default_opt_ddCOSMO,2.2099,
tier1:redox:S001:S001:q0:m1,S001_Q0_M1,S001,0,1,resolved,runs/geometry/resolved/tier1/S001_Q0_M1/S001.xyz,2f126b3daee7595eac16f8c867eecec004eb2d795f3c805944c21e598e8b044a,tier1_same_run_redox,20260729-jhtvs-fullspace-tier1-v1,redox-solvent-001-self-resting,2f126b3daee7595eac16f8c867eecec004eb2d795f3c805944c21e598e8b044a,98a79d0dc89584cf34b69545d2cb275e90793421d3103326693a2a892169b2d8,pass,pass,0,0,c61f926a3aae371cab69209a43e333fd14f2c98e7b934d450d3463932cb0dc8f,,Tier1_GFN2-xTB_default_opt_ddCOSMO,35.688,
tier1:redox:S001:S001:q1:m2,S001_QP1_M2,S001,1,2,resolved,runs/geometry/resolved/tier1/S001_QP1_M2/S001.xyz,70f9e8b996986d875f2a7db461a7a274881daf1b7dbc36c0569688b0d9adf796,tier1_same_run_redox,20260729-jhtvs-fullspace-tier1-v1,redox-solvent-001-self-oxidized,70f9e8b996986d875f2a7db461a7a274881daf1b7dbc36c0569688b0d9adf796,110e6a2054d94807d3d72ac5d4d15a214be011205080eac1ec639cc4e24ef07a,pass,pass,0,0,c61f926a3aae371cab69209a43e333fd14f2c98e7b934d450d3463932cb0dc8f,,Tier1_GFN2-xTB_default_opt_ddCOSMO,35.688,
tier1:redox:S002:S002:q0:m1,S002_Q0_M1,S002,0,1,resolved,runs/geometry/resolved/tier1/S002_Q0_M1/S002.xyz,7db8876d824400a79dd93ce95b0b46e5a10b7a266ed3889747a122ff6ba63bcb,tier1_same_run_redox,20260729-jhtvs-fullspace-tier1-v1,redox-solvent-002-self-resting,7db8876d824400a79dd93ce95b0b46e5a10b7a266ed3889747a122ff6ba63bcb,61671ef2e1cdda838b72886e0d76a6e343a2de38975472397538e07315f41d19,pass,pass,0,0,c61f926a3aae371cab69209a43e333fd14f2c98e7b934d450d3463932cb0dc8f,,Tier1_GFN2-xTB_default_opt_ddCOSMO,8.93,
tier1:redox:S002:S002:q1:m2,S002_QP1_M2,S002,1,2,resolved,runs/geometry/resolved/tier1/S002_QP1_M2/S002.xyz,198d96e41c26ba3494d7514b533eda313bc7c74916464145bfb01d9df61afbf2,tier1_same_run_redox,20260729-jhtvs-fullspace-tier1-v1,redox-solvent-002-self-oxidized,198d96e41c26ba3494d7514b533eda313bc7c74916464145bfb01d9df61afbf2,66898a81c7a5dc931d1ffa5b97c31dd300aaeb60263011a4943356b61883e9de,pass,pass,0,0,c61f926a3aae371cab69209a43e333fd14f2c98e7b934d450d3463932cb0dc8f,,Tier1_GFN2-xTB_default_opt_ddCOSMO,8.93,
tier1:redox:S003:S003:q0:m1,S003_Q0_M1,S003,0,1,resolved,runs/geometry/resolved/tier1/S003_Q0_M1/S003.xyz,3c5fe1ea4eda0ce2a9a31173364c910fb41cedc4d50d72f9fe540deeba6ebb8e,tier1_same_run_redox,20260729-jhtvs-fullspace-tier1-v1,redox-solvent-003-self-resting,3c5fe1ea4eda0ce2a9a31173364c910fb41cedc4d50d72f9fe540deeba6ebb8e,20ed334927ae6dd43713e78127218a76ba1b2d5e374d4b84da27db9d2c05d6eb,pass,pass,0,0,c61f926a3aae371cab69209a43e333fd14f2c98e7b934d450d3463932cb0dc8f,,Tier1_GFN2-xTB_default_opt_ddCOSMO,64.92,
tier1:redox:S003:S003:q1:m2,S003_QP1_M2,S003,1,2,resolved,runs/geometry/resolved/tier1/S003_QP1_M2/S003.xyz,9af2d08bee6f95b12010ed54c007fcd7e0898518bb8928547b8909c576dcd720,tier1_same_run_redox,20260729-jhtvs-fullspace-tier1-v1,redox-solvent-003-self-oxidized,9af2d08bee6f95b12010ed54c007fcd7e0898518bb8928547b8909c576dcd720,90ef0fdfb079d22a8fbd83cf841827767e6cd59df2cb41c8e83f341e7f9df06e,pass,pass,0,0,c61f926a3aae371cab69209a43e333fd14f2c98e7b934d450d3463932cb0dc8f,,Tier1_GFN2-xTB_default_opt_ddCOSMO,64.92,
tier1:redox:S004:S004:q0:m1,S004_Q0_M1,S004,0,1,resolved,runs/geometry/resolved/tier1/S004_Q0_M1/S004.xyz,12ca1ebde9cf6f04518fc0c329275821e0f8e8d1f3d55d3e88ecaf803da5e0cf,tier1_same_run_redox,20260729-jhtvs-fullspace-tier1-v1,redox-solvent-004-self-resting,12ca1ebde9cf6f04518fc0c329275821e0f8e8d1f3d55d3e88ecaf803da5e0cf,1489ab1c1d9de29fcf437d18eaccb5eec45fd982d5e3c795e4f62010bf9ce410,pass,pass,0,0,c61f926a3aae371cab69209a43e333fd14f2c98e7b934d450d3463932cb0dc8f,,Tier1_GFN2-xTB_default_opt_ddCOSMO,34.809,
tier1:redox:S004:S004:q1:m2,S004_QP1_M2,S004,1,2,resolved,runs/geometry/resolved/tier1/S004_QP1_M2/S004.xyz,7d68d1039c01ac2b7614ae1ea240e88fce47ed0dd81841b6f14f80cbfb616b12,tier1_same_run_redox,20260729-jhtvs-fullspace-tier1-v1,redox-solvent-004-self-oxidized,7d68d1039c01ac2b7614ae1ea240e88fce47ed0dd81841b6f14f80cbfb616b12,843a8375203b1e21a9f45555b2010aa7dd8cd7a471d6a7b2446d959590def66b,pass,pass,0,0,c61f926a3aae371cab69209a43e333fd14f2c98e7b934d450d3463932cb0dc8f,,Tier1_GFN2-xTB_default_opt_ddCOSMO,34.809,
tier1:redox:S005:S005:q0:m1,S005_Q0_M1,S005,0,1,resolved,runs/geometry/resolved/tier1/S005_Q0_M1/S005.xyz,b6dac09cb4acdcc42e6cc67ad14b56145b28c487a1941cfe71f0cb362b3ecd3c,tier1_same_run_redox,20260729-jhtvs-fullspace-tier1-v1,redox-solvent-005-self-resting,b6dac09cb4acdcc42e6cc67ad14b56145b28c487a1941cfe71f0cb362b3ecd3c,cc39b9ac4a844bcb03e2c0ff4a3acc69ce1754195b9aaafe1731c6a91f37c38a,pass,pass,0,0,c61f926a3aae371cab69209a43e333fd14f2c98e7b934d450d3463932cb0dc8f,,Tier1_GFN2-xTB_default_opt_ddCOSMO,25.592,
tier1:redox:S005:S005:q1:m2,S005_QP1_M2,S005,1,2,resolved,runs/geometry/resolved/tier1/S005_QP1_M2/S005.xyz,667e0f62859f42ee2182f1a862f95dd54e09ff96b4c92be5377ba654140c68f0,tier1_same_run_redox,20260729-jhtvs-fullspace-tier1-v1,redox-solvent-005-self-oxidized,667e0f62859f42ee2182f1a862f95dd54e09ff96b4c92be5377ba654140c68f0,047c76e7c9b17540a3d9a9fca198b47fe9494f49b00095a76937333d0af0c51b,pass,pass,0,0,c61f926a3aae371cab69209a43e333fd14f2c98e7b934d450d3463932cb0dc8f,,Tier1_GFN2-xTB_default_opt_ddCOSMO,25.592,
tier1:redox:S006:S006:q0:m1,S006_Q0_M1,S006,0,1,resolved,runs/geometry/resolved/tier1/S006_Q0_M1/S006.xyz,cc1f3e65c41358ec10fe003a5faf22bd26aff343ce13eff61a4737e2fb4aa423,tier1_same_run_redox,20260729-jhtvs-fullspace-tier1-v1,redox-solvent-006-self-resting,cc1f3e65c41358ec10fe003a5faf22bd26aff343ce13eff61a4737e2fb4aa423,5c323d2ef63d1e0b6f451fe529f51e2db5bf0efaa061fb18887897cf93730c36,pass,pass,0,0,c61f926a3aae371cab69209a43e333fd14f2c98e7b934d450d3463932cb0dc8f,,Tier1_GFN2-xTB_default_opt_ddCOSMO,37.219,
tier1:redox:S006:S006:q1:m2,S006_QP1_M2,S006,1,2,resolved,runs/geometry/resolved/tier1/S006_QP1_M2/S006.xyz,7936c25c58e4f724701d80ecd841c9a1fa1e4458fca995358d3b5f60d3e71980,tier1_same_run_redox,20260729-jhtvs-fullspace-tier1-v1,redox-solvent-006-self-oxidized,7936c25c58e4f724701d80ecd841c9a1fa1e4458fca995358d3b5f60d3e71980,e82d3ad7063d11f025f8d375f492e8aa3e25a4affb3b449967e1864a4b46f08a,pass,pass,0,0,c61f926a3aae371cab69209a43e333fd14f2c98e7b934d450d3463932cb0dc8f,,Tier1_GFN2-xTB_default_opt_ddCOSMO,37.219,
tier1:redox:S007:S007:q0:m1,S007_Q0_M1,S007,0,1,resolved,runs/geometry/resolved/tier1/S007_Q0_M1/S007.xyz,a2490ce875ee6775a847addd2f54b67f3f6bdd5ea22b75dc9f199bd19430fc44,tier1_same_run_redox,20260729-jhtvs-fullspace-tier1-v1,redox-solvent-007-self-resting,a2490ce875ee6775a847addd2f54b67f3f6bdd5ea22b75dc9f199bd19430fc44,360a2a4487f883a388bd9b2a7957c2c0a313bb286331cbd883550add0456335c,pass,pass,0,0,c61f926a3aae371cab69209a43e333fd14f2c98e7b934d450d3463932cb0dc8f,,Tier1_GFN2-xTB_default_opt_ddCOSMO,46.826,
tier1:redox:S007:S007:q1:m2,S007_QP1_M2,S007,1,2,resolved,runs/geometry/resolved/tier1/S007_QP1_M2/S007.xyz,c7af52b7c1e79dae778fdfeafcbcd47649ef9b175d439064e5f40974913f046e,tier1_same_run_redox,20260729-jhtvs-fullspace-tier1-v1,redox-solvent-007-self-oxidized,c7af52b7c1e79dae778fdfeafcbcd47649ef9b175d439064e5f40974913f046e,7888858be0242db30c40714ee2a2cc521e2d83d6846fb8a935c213ba8ba45f51,pass,pass,0,0,c61f926a3aae371cab69209a43e333fd14f2c98e7b934d450d3463932cb0dc8f,,Tier1_GFN2-xTB_default_opt_ddCOSMO,46.826,
tier1:redox:S008:S008:q0:m1,S008_Q0_M1,S008,0,1,resolved,runs/geometry/resolved/tier1/S008_Q0_M1/S008.xyz,2502feca89fe320e9c6a243262e7c9f3b48391cfc3f6ca4c73d304a33b34bf12,tier1_same_run_redox,20260729-jhtvs-fullspace-tier1-v1,redox-solvent-008-self-resting,2502feca89fe320e9c6a243262e7c9f3b48391cfc3f6ca4c73d304a33b34bf12,2bed1f2e0739952f258d7928015c354722b7948431139641bbddc2de52643eb5,pass,pass,0,0,c61f926a3aae371cab69209a43e333fd14f2c98e7b934d450d3463932cb0dc8f,,Tier1_GFN2-xTB_default_opt_ddCOSMO,7.4257,
tier1:redox:S008:S008:q1:m2,S008_QP1_M2,S008,1,2,resolved,runs/geometry/resolved/tier1/S008_QP1_M2/S008.xyz,fe699ce152e79729a7dcaae55a91db2a8961a2d022bd0ee8d5f33248ab0421f2,tier1_same_run_redox,20260729-jhtvs-fullspace-tier1-v1,redox-solvent-008-self-oxidized,fe699ce152e79729a7dcaae55a91db2a8961a2d022bd0ee8d5f33248ab0421f2,5cc33d1455e55ea6788014df08e4e2cdd9cc848037c4898b826ce8a994f9849c,pass,pass,0,0,c61f926a3aae371cab69209a43e333fd14f2c98e7b934d450d3463932cb0dc8f,,Tier1_GFN2-xTB_default_opt_ddCOSMO,7.4257,
tier1:redox:S009:S009:q0:m1,S009_Q0_M1,S009,0,1,resolved,runs/geometry/resolved/tier1/S009_Q0_M1/S009.xyz,ea84c7f7e693eb100e0990b1284aaf9d04696cd991740696d7b0b94c98fdcf34,tier1_same_run_redox,20260729-jhtvs-fullspace-tier1-v1,redox-solvent-009-self-resting,ea84c7f7e693eb100e0990b1284aaf9d04696cd991740696d7b0b94c98fdcf34,f71886e5e6e1c1c6d1caa8aeea9c678460d93a2d9d3a340024af5067450d7dfc,pass,pass,0,0,c61f926a3aae371cab69209a43e333fd14f2c98e7b934d450d3463932cb0dc8f,,Tier1_GFN2-xTB_default_opt_ddCOSMO,36.562,
tier1:redox:S009:S009:q1:m2,S009_QP1_M2,S009,1,2,resolved,runs/geometry/resolved/tier1/S009_QP1_M2/S009.xyz,59060b29fb87c86dbebfa3f1bec258489aa3c61bc80fe0da7d4c3179d1ee10b0,tier1_same_run_redox,20260729-jhtvs-fullspace-tier1-v1,redox-solvent-009-self-oxidized,59060b29fb87c86dbebfa3f1bec258489aa3c61bc80fe0da7d4c3179d1ee10b0,639fd097a649eb656a725ea0ce7581f8bf6327d728ba9776394dcbefaa9b1446,pass,pass,0,0,c61f926a3aae371cab69209a43e333fd14f2c98e7b934d450d3463932cb0dc8f,,Tier1_GFN2-xTB_default_opt_ddCOSMO,36.562,
tier1:redox:S010:S010:q0:m1,S010_Q0_M1,S010,0,1,resolved,runs/geometry/resolved/tier1/S010_Q0_M1/S010.xyz,c77a5be1cfca229f5f858be64206379b212aa421cfee78f9a0321bd9b4cc3c4a,tier1_same_run_redox,20260729-jhtvs-fullspace-tier1-v1,redox-solvent-010-self-resting,c77a5be1cfca229f5f858be64206379b212aa421cfee78f9a0321bd9b4cc3c4a,da9b6266360e2599b630ae6ace861b03bcd25f7bc25e65ddcfe9df0d525a1485,pass,pass,0,0,c61f926a3aae371cab69209a43e333fd14f2c98e7b934d450d3463932cb0dc8f,,Tier1_GFN2-xTB_default_opt_ddCOSMO,78.355,
tier1:redox:S010:S010:q1:m2,S010_QP1_M2,S010,1,2,resolved,runs/geometry/resolved/tier1/S010_QP1_M2/S010.xyz,06f224dde8dcc2ca613e04d06ab007ece9f77df8c605f6cf39a9c1c579d5b4c5,tier1_same_run_redox,20260729-jhtvs-fullspace-tier1-v1,redox-solvent-010-self-oxidized,06f224dde8dcc2ca613e04d06ab007ece9f77df8c605f6cf39a9c1c579d5b4c5,fe9c12dfd01721481420076ca52b11c2c12e0440ecfa261f485d8edc68200585,pass,pass,0,0,c61f926a3aae371cab69209a43e333fd14f2c98e7b934d450d3463932cb0dc8f,,Tier1_GFN2-xTB_default_opt_ddCOSMO,78.355,
tier1:redox:S011:S011:q0:m1,S011_Q0_M1,S011,0,1,resolved,runs/geometry/resolved/tier1/S011_Q0_M1/S011.xyz,e785a57ac0d76e2aa84f94653172207feee3d64556291e1567e719d136e86088,tier1_same_run_redox,20260729-jhtvs-fullspace-tier1-v1,redox-solvent-011-self-resting,e785a57ac0d76e2aa84f94653172207feee3d64556291e1567e719d136e86088,3bba0c85c65c80f57a1137f58c336d07741c1f01d115c91e86a34d6bb4a44791,pass,pass,0,0,c61f926a3aae371cab69209a43e333fd14f2c98e7b934d450d3463932cb0dc8f,,Tier1_GFN2-xTB_default_opt_ddCOSMO,41.7,
tier1:redox:S011:S011:q1:m2,S011_QP1_M2,S011,1,2,resolved,runs/geometry/resolved/tier1/S011_QP1_M2/S011.xyz,275cf39adf540f22b31bf52c067028c582dfad6e1c8165221f146afb35844456,tier1_same_run_redox,20260729-jhtvs-fullspace-tier1-v1,redox-solvent-011-self-oxidized,275cf39adf540f22b31bf52c067028c582dfad6e1c8165221f146afb35844456,0a114a876de9852d45a2e5fe6e4c08a4ad9fe8a5f7684f241841cfd8dd1334f4,pass,pass,0,0,c61f926a3aae371cab69209a43e333fd14f2c98e7b934d450d3463932cb0dc8f,,Tier1_GFN2-xTB_default_opt_ddCOSMO,41.7,
tier1:redox:S012:S012:q0:m1,S012_Q0_M1,S012,0,1,resolved,runs/geometry/resolved/tier1/S012_Q0_M1/S012.xyz,08f2dbae1076ad26cde3cd4c58c105d1dfa7a8da5c48a7e3788da58f49d9736f,tier1_same_run_redox,20260729-jhtvs-fullspace-tier1-v1,redox-solvent-012-self-resting,08f2dbae1076ad26cde3cd4c58c105d1dfa7a8da5c48a7e3788da58f49d9736f,8da4fe6c537c7e80d0088f7f60438e2fdc1b07a347221e743cfd9908b5694a63,pass,pass,0,0,c61f926a3aae371cab69209a43e333fd14f2c98e7b934d450d3463932cb0dc8f,,Tier1_GFN2-xTB_default_opt_ddCOSMO,43.3,
tier1:redox:S012:S012:q1:m2,S012_QP1_M2,S012,1,2,resolved,runs/geometry/resolved/tier1/S012_QP1_M2/S012.xyz,4fcf48f559184811866e9d5fcdc718f9e77258aa95087c9015e83a7d638733d0,tier1_same_run_redox,20260729-jhtvs-fullspace-tier1-v1,redox-solvent-012-self-oxidized,4fcf48f559184811866e9d5fcdc718f9e77258aa95087c9015e83a7d638733d0,88388a2dbc4ee344abf770ff7091707cf5bcab6ec518f01ba5207f0056934f4a,pass,pass,0,0,c61f926a3aae371cab69209a43e333fd14f2c98e7b934d450d3463932cb0dc8f,,Tier1_GFN2-xTB_default_opt_ddCOSMO,43.3,
tier1:redox:S013:S013:q0:m1,S013_Q0_M1,S013,0,1,resolved,runs/geometry/resolved/tier1/S013_Q0_M1/S013.xyz,e70562abbae3f3232e4c377ef1e9f94cd7803f2c4407aa5baa9de711ec46c907,tier1_same_run_redox,20260729-jhtvs-fullspace-tier1-v1,redox-solvent-013-self-resting,e70562abbae3f3232e4c377ef1e9f94cd7803f2c4407aa5baa9de711ec46c907,c2df580049445dc018ba839a4de3f6febdca3048b889f766d37db9c59afc8d40,pass,pass,0,0,c61f926a3aae371cab69209a43e333fd14f2c98e7b934d450d3463932cb0dc8f,,Tier1_GFN2-xTB_default_opt_ddCOSMO,32.2,
tier1:redox:S013:S013:q1:m2,S013_QP1_M2,S013,1,2,resolved,runs/geometry/resolved/tier1/S013_QP1_M2/S013.xyz,f11505225ff5967e6f76299eff9d7b4528310053ba1ad87fb71d23887b7d0da8,tier1_same_run_redox,20260729-jhtvs-fullspace-tier1-v1,redox-solvent-013-self-oxidized,f11505225ff5967e6f76299eff9d7b4528310053ba1ad87fb71d23887b7d0da8,ca7e727bf075d1a34750242e1253b3e180c68a1d657fb48264c206ec4fcb65f6,pass,pass,0,0,c61f926a3aae371cab69209a43e333fd14f2c98e7b934d450d3463932cb0dc8f,,Tier1_GFN2-xTB_default_opt_ddCOSMO,32.2,
tier1:redox:S014:S014:q0:m1,S014_Q0_M1,S014,0,1,resolved,runs/geometry/resolved/tier1/S014_Q0_M1/S014.xyz,eea550e799ddafb598220bdf4eb57ff36694a37c09f38df537fd0d6003e7202e,tier1_same_run_redox,20260729-jhtvs-fullspace-tier1-v1,redox-solvent-014-self-resting,eea550e799ddafb598220bdf4eb57ff36694a37c09f38df537fd0d6003e7202e,8538bfcf38c5d94ed381b51488b32acdf7680c69b5458c0704e5b338c73eb643,pass,pass,0,0,c61f926a3aae371cab69209a43e333fd14f2c98e7b934d450d3463932cb0dc8f,,Tier1_GFN2-xTB_default_opt_ddCOSMO,4.34,
tier1:redox:S014:S014:q1:m2,S014_QP1_M2,S014,1,2,resolved,runs/geometry/resolved/tier1/S014_QP1_M2/S014.xyz,a4bf165bf4378aedef3d6bd02b953856fec476822b850315f6f952b0044ff5ad,tier1_same_run_redox,20260729-jhtvs-fullspace-tier1-v1,redox-solvent-014-self-oxidized,a4bf165bf4378aedef3d6bd02b953856fec476822b850315f6f952b0044ff5ad,8be05bb8118f374687e574363153bc4bad6b0b9de5dad001cbe6f399377ecca5,pass,pass,0,0,c61f926a3aae371cab69209a43e333fd14f2c98e7b934d450d3463932cb0dc8f,,Tier1_GFN2-xTB_default_opt_ddCOSMO,4.34,
tier1:redox:S015:S015:q0:m1,S015_Q0_M1,S015,0,1,resolved,runs/geometry/resolved/tier1/S015_Q0_M1/S015.xyz,d9d6ece01e4dd6fb3340b2e60ec62824d0a7c63e46be0dd6bfbd4014a0fc51a0,tier1_same_run_redox,20260729-jhtvs-fullspace-tier1-v1,redox-solvent-015-self-resting,d9d6ece01e4dd6fb3340b2e60ec62824d0a7c63e46be0dd6bfbd4014a0fc51a0,419c9d4103a823254aef6a6aabdd4698fa028ce489c9db9ccf0fbdad1ef254f0,pass,pass,0,0,c61f926a3aae371cab69209a43e333fd14f2c98e7b934d450d3463932cb0dc8f,,Tier1_GFN2-xTB_default_opt_ddCOSMO,11.4,
tier1:redox:S015:S015:q1:m2,S015_QP1_M2,S015,1,2,resolved,runs/geometry/resolved/tier1/S015_QP1_M2/S015.xyz,00e81b385ee04441a4088d25ccdf9b810349ecc4944b93641e51550b0ac726f5,tier1_same_run_redox,20260729-jhtvs-fullspace-tier1-v1,redox-solvent-015-self-oxidized,00e81b385ee04441a4088d25ccdf9b810349ecc4944b93641e51550b0ac726f5,5743de073020e0f7dd82762bb1d56fc262de30200d01daada2125b0ef393f851,pass,pass,0,0,c61f926a3aae371cab69209a43e333fd14f2c98e7b934d450d3463932cb0dc8f,,Tier1_GFN2-xTB_default_opt_ddCOSMO,11.4,
tier1:redox:S016:S016:q0:m1,S016_Q0_M1,S016,0,1,resolved,runs/geometry/resolved/tier1/S016_Q0_M1/S016.xyz,dd0a79977434fdd07fcd3de0c98b642c17b198aed08bb5d9e535ad3d22b03569,tier1_same_run_redox,20260729-jhtvs-fullspace-tier1-v1,redox-solvent-016-self-resting,dd0a79977434fdd07fcd3de0c98b642c17b198aed08bb5d9e535ad3d22b03569,fd2b45fc86b3e1f63ad4dc9227ae52d0490b492a5ab9ca15c2c1c509ca6ab75e,pass,pass,0,0,c61f926a3aae371cab69209a43e333fd14f2c98e7b934d450d3463932cb0dc8f,,Tier1_GFN2-xTB_default_opt_ddCOSMO,9.7,
tier1:redox:S016:S016:q1:m2,S016_QP1_M2,S016,1,2,resolved,runs/geometry/resolved/tier1/S016_QP1_M2/S016.xyz,9456af08642f962cfb675f0504aa22ea49eb751f5db35f66fb58fafa607446d8,tier1_same_run_redox,20260729-jhtvs-fullspace-tier1-v1,redox-solvent-016-self-oxidized,9456af08642f962cfb675f0504aa22ea49eb751f5db35f66fb58fafa607446d8,9aee27042e320b5f00435fb20482f229f3f5dfa42929dd057f22862106f5d722,pass,pass,0,0,c61f926a3aae371cab69209a43e333fd14f2c98e7b934d450d3463932cb0dc8f,,Tier1_GFN2-xTB_default_opt_ddCOSMO,9.7,
tier1:redox:S017:S017:q0:m1,S017_Q0_M1,S017,0,1,resolved,runs/geometry/resolved/tier1/S017_Q0_M1/S017.xyz,c3370e476ccbe6ee5f810d62d7897417cd937102fc79eac5861c4294f8ec00f7,tier1_same_run_redox,20260729-jhtvs-fullspace-tier1-v1,redox-solvent-017-self-resting,c3370e476ccbe6ee5f810d62d7897417cd937102fc79eac5861c4294f8ec00f7,a9c6da7101d3a29c519e2904a5e74d117bd3c798086bb8f01a31723923625adb,pass,pass,0,0,c61f926a3aae371cab69209a43e333fd14f2c98e7b934d450d3463932cb0dc8f,,Tier1_GFN2-xTB_default_opt_ddCOSMO,13.8,
tier1:redox:S017:S017:q1:m2,S017_QP1_M2,S017,1,2,resolved,runs/geometry/resolved/tier1/S017_QP1_M2/S017.xyz,641444e1e53300ca2a52e20876fc6c3b1f487c6c052a2effa0e3c58b481342d1,tier1_same_run_redox,20260729-jhtvs-fullspace-tier1-v1,redox-solvent-017-self-oxidized,641444e1e53300ca2a52e20876fc6c3b1f487c6c052a2effa0e3c58b481342d1,56eba5764c6be6fdc83f0a345d1693c271ded7fba44031eccb05cf0d2df73d0c,pass,pass,0,0,c61f926a3aae371cab69209a43e333fd14f2c98e7b934d450d3463932cb0dc8f,,Tier1_GFN2-xTB_default_opt_ddCOSMO,13.8,
tier1:redox:S018:S018:q0:m1,S018_Q0_M1,S018,0,1,resolved,runs/geometry/resolved/tier1/S018_Q0_M1/S018.xyz,d270747734229e431eacc733c15bb3e5bfcb11da7872879acdb8bbdab79f4443,tier1_same_run_redox,20260729-jhtvs-fullspace-tier1-v1,redox-solvent-018-self-resting,d270747734229e431eacc733c15bb3e5bfcb11da7872879acdb8bbdab79f4443,dc859856dcf8347cd934e93a5fb846a7e32d20bfa093e413870b3e59dee7c966,pass,pass,0,0,c61f926a3aae371cab69209a43e333fd14f2c98e7b934d450d3463932cb0dc8f,,Tier1_GFN2-xTB_default_opt_ddCOSMO,9.8,
tier1:redox:S018:S018:q1:m2,S018_QP1_M2,S018,1,2,resolved,runs/geometry/resolved/tier1/S018_QP1_M2/S018.xyz,07d2759c5882c9d7c6eca15eff9d79066dfb11e0a348620e1b9f891a8e4a8ba0,tier1_same_run_redox,20260729-jhtvs-fullspace-tier1-v1,redox-solvent-018-self-oxidized,07d2759c5882c9d7c6eca15eff9d79066dfb11e0a348620e1b9f891a8e4a8ba0,5993bee630cb94ae91753341ac8a93cc8de27818303fc6eb4cb810e400056255,pass,pass,0,0,c61f926a3aae371cab69209a43e333fd14f2c98e7b934d450d3463932cb0dc8f,,Tier1_GFN2-xTB_default_opt_ddCOSMO,9.8,
tier1:redox:S019:S019:q0:m1,S019_Q0_M1,S019,0,1,resolved,runs/geometry/resolved/tier1/S019_Q0_M1/S019.xyz,d121490422b318b181dc2e6eacbfb9a83f924fb0b9b10d351a001b26d91a7975,tier1_same_run_redox,20260729-jhtvs-fullspace-tier1-v1,redox-solvent-019-self-resting,d121490422b318b181dc2e6eacbfb9a83f924fb0b9b10d351a001b26d91a7975,1d428bc0a82e972b6e1aa746e51e568ce42c7cfbddf447236334efef7c3df5d7,pass,pass,0,0,c61f926a3aae371cab69209a43e333fd14f2c98e7b934d450d3463932cb0dc8f,,Tier1_GFN2-xTB_default_opt_ddCOSMO,29.324,
tier1:redox:S019:S019:q1:m2,S019_QP1_M2,S019,1,2,resolved,runs/geometry/resolved/tier1/S019_QP1_M2/S019.xyz,f000fd6305399c667717ac61a4c0a38596f4f1e4bfbec49cdfcc8c727a7d04fa,tier1_same_run_redox,20260729-jhtvs-fullspace-tier1-v1,redox-solvent-019-self-oxidized,f000fd6305399c667717ac61a4c0a38596f4f1e4bfbec49cdfcc8c727a7d04fa,0d5ce12c1fce60b6014943a4283d29318e5430622e1c0c0a458fa5dc8212fa6b,pass,pass,0,0,c61f926a3aae371cab69209a43e333fd14f2c98e7b934d450d3463932cb0dc8f,,Tier1_GFN2-xTB_default_opt_ddCOSMO,29.324,
tier1:redox:S020:S020:q0:m1,S020_Q0_M1,S020,0,1,resolved,runs/geometry/resolved/tier1/S020_Q0_M1/S020.xyz,ffa36ed4f8702208968c96d125df9ddc990f684327add3acaf1a7b74057c0c32,tier1_same_run_redox,20260729-jhtvs-fullspace-tier1-v1,redox-solvent-020-self-resting,ffa36ed4f8702208968c96d125df9ddc990f684327add3acaf1a7b74057c0c32,a6f1aacb1142880deb6d8ad11d09ccb633ea22f1eb9e6714962fc9d07e014a89,pass,pass,0,0,c61f926a3aae371cab69209a43e333fd14f2c98e7b934d450d3463932cb0dc8f,,Tier1_GFN2-xTB_default_opt_ddCOSMO,10.125,
tier1:redox:S020:S020:q1:m2,S020_QP1_M2,S020,1,2,resolved,runs/geometry/resolved/tier1/S020_QP1_M2/S020.xyz,dab36c37bb4ba54d4c29b26851aff4a0724deb18f22690a4d43f89576c9fca02,tier1_same_run_redox,20260729-jhtvs-fullspace-tier1-v1,redox-solvent-020-self-oxidized,dab36c37bb4ba54d4c29b26851aff4a0724deb18f22690a4d43f89576c9fca02,e3972978f0a223d53e946dc48c6badb13dfdaff6b6e1d6cbac7a6213c7313050,pass,pass,0,0,c61f926a3aae371cab69209a43e333fd14f2c98e7b934d450d3463932cb0dc8f,,Tier1_GFN2-xTB_default_opt_ddCOSMO,10.125,
tier1:redox:S021:S021:q0:m1,S021_Q0_M1,S021,0,1,resolved,runs/geometry/resolved/tier1/S021_Q0_M1/S021.xyz,ebda52d69ce154974a28ef10e265901ae6e210592e96727178860e27ff25a5e5,tier1_same_run_redox,20260729-jhtvs-fullspace-tier1-v1,redox-solvent-021-self-resting,ebda52d69ce154974a28ef10e265901ae6e210592e96727178860e27ff25a5e5,ffb6b73cdd670362da635a34b5e70817491f94a2d7c2865a34c7aa31e63b3580,pass,pass,0,0,c61f926a3aae371cab69209a43e333fd14f2c98e7b934d450d3463932cb0dc8f,,Tier1_GFN2-xTB_default_opt_ddCOSMO,4.7113,
tier1:redox:S021:S021:q1:m2,S021_QP1_M2,S021,1,2,resolved,runs/geometry/resolved/tier1/S021_QP1_M2/S021.xyz,0dc6e8fb17cb8b69e7d1c8184061093c5350d85d58e98c00fb3d402c32594298,tier1_same_run_redox,20260729-jhtvs-fullspace-tier1-v1,redox-solvent-021-self-oxidized,0dc6e8fb17cb8b69e7d1c8184061093c5350d85d58e98c00fb3d402c32594298,01b627662b2a8e01ad8acdf3b8f48ffee1df64b4c6421e6240f072d445155b29,pass,pass,0,0,c61f926a3aae371cab69209a43e333fd14f2c98e7b934d450d3463932cb0dc8f,,Tier1_GFN2-xTB_default_opt_ddCOSMO,4.7113,
tier1:redox:S022:S022:q0:m1,S022_Q0_M1,S022,0,1,resolved,runs/geometry/resolved/tier1/S022_Q0_M1/S022.xyz,c0ca7882700e3a94cf44f17a76bfb125aea9c3bf525c2ea859bb9bba6d8a73eb,tier1_same_run_redox,20260729-jhtvs-fullspace-tier1-v1,redox-solvent-022-self-resting,c0ca7882700e3a94cf44f17a76bfb125aea9c3bf525c2ea859bb9bba6d8a73eb,efe3b27d2d5d7e548ca2fa3d89c928a391793939877500d67c3e1db269020da9,pass,pass,0,0,c61f926a3aae371cab69209a43e333fd14f2c98e7b934d450d3463932cb0dc8f,,Tier1_GFN2-xTB_default_opt_ddCOSMO,89.78,
tier1:redox:S022:S022:q1:m2,S022_QP1_M2,S022,1,2,resolved,runs/geometry/resolved/tier1/S022_QP1_M2/S022.xyz,98791541d2536da701ba7de983c299477476e5513a5f3dfc8beefc04b8c49f77,tier1_same_run_redox,20260729-jhtvs-fullspace-tier1-v1,redox-solvent-022-self-oxidized,98791541d2536da701ba7de983c299477476e5513a5f3dfc8beefc04b8c49f77,464656015c7908a7d30c82556f1868fba7cb9feef10b7b6b45f5298846c6abfb,pass,pass,0,0,c61f926a3aae371cab69209a43e333fd14f2c98e7b934d450d3463932cb0dc8f,,Tier1_GFN2-xTB_default_opt_ddCOSMO,89.78,
tier1:redox:S023:S023:q0:m1,S023_Q0_M1,S023,0,1,resolved,runs/geometry/resolved/tier1/S023_Q0_M1/S023.xyz,8d2da0b3b6c842eab6b8ed3bc915b2745f7525ff2959cc45a3525e412c33c9eb,tier1_same_run_redox,20260729-jhtvs-fullspace-tier1-v1,redox-solvent-023-self-resting,8d2da0b3b6c842eab6b8ed3bc915b2745f7525ff2959cc45a3525e412c33c9eb,448cbde8bb74a4f5bc11143c15e3b8ff173502573537a4a502ce37ee2abef8cb,pass,pass,0,0,c61f926a3aae371cab69209a43e333fd14f2c98e7b934d450d3463932cb0dc8f,,Tier1_GFN2-xTB_default_opt_ddCOSMO,3.087,
tier1:redox:S023:S023:q1:m2,S023_QP1_M2,S023,1,2,resolved,runs/geometry/resolved/tier1/S023_QP1_M2/S023.xyz,7fbf8f9860470d37746d4620baf7dde41c3550cad7fd2e4aff632fed99a858cb,tier1_same_run_redox,20260729-jhtvs-fullspace-tier1-v1,redox-solvent-023-self-oxidized,7fbf8f9860470d37746d4620baf7dde41c3550cad7fd2e4aff632fed99a858cb,66cf01e14b2116f418c701b4f08c602050e8b981331e06c0ee12c27f7c035b55,pass,pass,0,0,c61f926a3aae371cab69209a43e333fd14f2c98e7b934d450d3463932cb0dc8f,,Tier1_GFN2-xTB_default_opt_ddCOSMO,3.087,
tier1:redox:S024:S024:q0:m1,S024_Q0_M1,S024,0,1,resolved,runs/geometry/resolved/tier1/S024_Q0_M1/S024.xyz,6f38f9dfe15ffa014b943a928a819eaba367cc664dae9635354debd1a8738e9b,tier1_same_run_redox,20260729-jhtvs-fullspace-tier1-v1,redox-solvent-024-self-resting,6f38f9dfe15ffa014b943a928a819eaba367cc664dae9635354debd1a8738e9b,5ae653285f54ae30496fcaffd408608c8d4b9099f54c44e331c89aedc99cc0a7,pass,pass,0,0,c61f926a3aae371cab69209a43e333fd14f2c98e7b934d450d3463932cb0dc8f,,Tier1_GFN2-xTB_default_opt_ddCOSMO,2.2099,
tier1:redox:S024:S024:q1:m2,S024_QP1_M2,S024,1,2,resolved,runs/geometry/resolved/tier1/S024_QP1_M2/S024.xyz,de2f6d6b54d823a77d9ac1d6f5164cf4e991b71e83a91b030beb33967084cad9,tier1_same_run_redox,20260729-jhtvs-fullspace-tier1-v1,redox-solvent-024-self-oxidized,de2f6d6b54d823a77d9ac1d6f5164cf4e991b71e83a91b030beb33967084cad9,019cc8c43fb2e38c9ea2c2d9fcec5a9e4b721c115105feb59ff90fe19e46484a,pass,pass,0,0,c61f926a3aae371cab69209a43e333fd14f2c98e7b934d450d3463932cb0dc8f,,Tier1_GFN2-xTB_default_opt_ddCOSMO,2.2099,
tier1:redox:S025:S025:q0:m1,S025_Q0_M1,S025,0,1,resolved,runs/geometry/resolved/tier1/S025_Q0_M1/S025.xyz,ac6c5f24667f6488886fd602f37a6223610b771df2a4dc19d9d0f6513a7858db,tier1_same_run_redox,20260729-jhtvs-fullspace-tier1-v1,redox-solvent-025-self-resting,ac6c5f24667f6488886fd602f37a6223610b771df2a4dc19d9d0f6513a7858db,1f28f9b6813ba78802fd841b32232e409c514879577557bebc890057bda4bdcd,pass,pass,0,0,c61f926a3aae371cab69209a43e333fd14f2c98e7b934d450d3463932cb0dc8f,,Tier1_GFN2-xTB_default_opt_ddCOSMO,7.3,
tier1:redox:S025:S025:q1:m2,S025_QP1_M2,S025,1,2,resolved,runs/geometry/resolved/tier1/S025_QP1_M2/S025.xyz,b45a465923bce7a42cf1d287e880518df7fc5203c4edcd3adf2eae663cadd98b,tier1_same_run_redox,20260729-jhtvs-fullspace-tier1-v1,redox-solvent-025-self-oxidized,b45a465923bce7a42cf1d287e880518df7fc5203c4edcd3adf2eae663cadd98b,42e1e919ff54d0d62fa4336983a79c34df86cb64de2fee52eb5fd3559f58eb9f,pass,pass,0,0,c61f926a3aae371cab69209a43e333fd14f2c98e7b934d450d3463932cb0dc8f,,Tier1_GFN2-xTB_default_opt_ddCOSMO,7.3,
