state_id,parent_id,entity_type,species_name,smiles_or_generator,canonical_smiles,family,target_object_definition,state_label,formal_charge,multiplicity,reference_geometry_protocol,reference_geometry_key,source_id
M001_Q0_M1,M001,monomer,Thiophene,c1ccsc1,c1ccsc1,Thiophenes,exact monomer registered in the supplied full-space table,neutral,0,1,solvent-specific Tier-1 GFN2/ddCOSMO optimized state geometry,tier1:redox:M001:{solvent_id}:q0:m1,SRC_FULLSPACE_MONOMER;SRC_PROJECT_TIER1_CURRENT
M001_QP1_M2,M001,monomer,Thiophene,c1ccsc1,c1ccsc1,Thiophenes,exact monomer registered in the supplied full-space table,radical_cation,1,2,solvent-specific Tier-1 GFN2/ddCOSMO optimized state geometry,tier1:redox:M001:{solvent_id}:q1:m2,SRC_FULLSPACE_MONOMER;SRC_PROJECT_TIER1_CURRENT
M002_Q0_M1,M002,monomer,3-Methylthiophene,Cc1ccsc1,Cc1ccsc1,Thiophenes,exact monomer registered in the supplied full-space table,neutral,0,1,solvent-specific Tier-1 GFN2/ddCOSMO optimized state geometry,tier1:redox:M002:{solvent_id}:q0:m1,SRC_FULLSPACE_MONOMER;SRC_PROJECT_TIER1_CURRENT
M002_QP1_M2,M002,monomer,3-Methylthiophene,Cc1ccsc1,Cc1ccsc1,Thiophenes,exact monomer registered in the supplied full-space table,radical_cation,1,2,solvent-specific Tier-1 GFN2/ddCOSMO optimized state geometry,tier1:redox:M002:{solvent_id}:q1:m2,SRC_FULLSPACE_MONOMER;SRC_PROJECT_TIER1_CURRENT
M003_Q0_M1,M003,monomer,3-Ethylthiophene,CCc1ccsc1,CCc1ccsc1,Thiophenes,exact monomer registered in the supplied full-space table,neutral,0,1,solvent-specific Tier-1 GFN2/ddCOSMO optimized state geometry,tier1:redox:M003:{solvent_id}:q0:m1,SRC_FULLSPACE_MONOMER;SRC_PROJECT_TIER1_CURRENT
M003_QP1_M2,M003,monomer,3-Ethylthiophene,CCc1ccsc1,CCc1ccsc1,Thiophenes,exact monomer registered in the supplied full-space table,radical_cation,1,2,solvent-specific Tier-1 GFN2/ddCOSMO optimized state geometry,tier1:redox:M003:{solvent_id}:q1:m2,SRC_FULLSPACE_MONOMER;SRC_PROJECT_TIER1_CURRENT
M004_Q0_M1,M004,monomer,3-Propylthiophene,CCCc1ccsc1,CCCc1ccsc1,Thiophenes,exact monomer registered in the supplied full-space table,neutral,0,1,solvent-specific Tier-1 GFN2/ddCOSMO optimized state geometry,tier1:redox:M004:{solvent_id}:q0:m1,SRC_FULLSPACE_MONOMER;SRC_PROJECT_TIER1_CURRENT
M004_QP1_M2,M004,monomer,3-Propylthiophene,CCCc1ccsc1,CCCc1ccsc1,Thiophenes,exact monomer registered in the supplied full-space table,radical_cation,1,2,solvent-specific Tier-1 GFN2/ddCOSMO optimized state geometry,tier1:redox:M004:{solvent_id}:q1:m2,SRC_FULLSPACE_MONOMER;SRC_PROJECT_TIER1_CURRENT
M005_Q0_M1,M005,monomer,3-Butylthiophene,CCCCc1ccsc1,CCCCc1ccsc1,Thiophenes,exact monomer registered in the supplied full-space table,neutral,0,1,solvent-specific Tier-1 GFN2/ddCOSMO optimized state geometry,tier1:redox:M005:{solvent_id}:q0:m1,SRC_FULLSPACE_MONOMER;SRC_PROJECT_TIER1_CURRENT
M005_QP1_M2,M005,monomer,3-Butylthiophene,CCCCc1ccsc1,CCCCc1ccsc1,Thiophenes,exact monomer registered in the supplied full-space table,radical_cation,1,2,solvent-specific Tier-1 GFN2/ddCOSMO optimized state geometry,tier1:redox:M005:{solvent_id}:q1:m2,SRC_FULLSPACE_MONOMER;SRC_PROJECT_TIER1_CURRENT
M006_Q0_M1,M006,monomer,3-Hexylthiophene (3HT),CCCCCCc1ccsc1,CCCCCCc1ccsc1,Thiophenes,exact monomer registered in the supplied full-space table,neutral,0,1,solvent-specific Tier-1 GFN2/ddCOSMO optimized state geometry,tier1:redox:M006:{solvent_id}:q0:m1,SRC_FULLSPACE_MONOMER;SRC_PROJECT_TIER1_CURRENT
M006_QP1_M2,M006,monomer,3-Hexylthiophene (3HT),CCCCCCc1ccsc1,CCCCCCc1ccsc1,Thiophenes,exact monomer registered in the supplied full-space table,radical_cation,1,2,solvent-specific Tier-1 GFN2/ddCOSMO optimized state geometry,tier1:redox:M006:{solvent_id}:q1:m2,SRC_FULLSPACE_MONOMER;SRC_PROJECT_TIER1_CURRENT
M007_Q0_M1,M007,monomer,3-Octylthiophene,CCCCCCCCc1ccsc1,CCCCCCCCc1ccsc1,Thiophenes,exact monomer registered in the supplied full-space table,neutral,0,1,solvent-specific Tier-1 GFN2/ddCOSMO optimized state geometry,tier1:redox:M007:{solvent_id}:q0:m1,SRC_FULLSPACE_MONOMER;SRC_PROJECT_TIER1_CURRENT
M007_QP1_M2,M007,monomer,3-Octylthiophene,CCCCCCCCc1ccsc1,CCCCCCCCc1ccsc1,Thiophenes,exact monomer registered in the supplied full-space table,radical_cation,1,2,solvent-specific Tier-1 GFN2/ddCOSMO optimized state geometry,tier1:redox:M007:{solvent_id}:q1:m2,SRC_FULLSPACE_MONOMER;SRC_PROJECT_TIER1_CURRENT
M008_Q0_M1,M008,monomer,3-Methoxythiophene,COc1ccsc1,COc1ccsc1,Thiophenes,exact monomer registered in the supplied full-space table,neutral,0,1,solvent-specific Tier-1 GFN2/ddCOSMO optimized state geometry,tier1:redox:M008:{solvent_id}:q0:m1,SRC_FULLSPACE_MONOMER;SRC_PROJECT_TIER1_CURRENT
M008_QP1_M2,M008,monomer,3-Methoxythiophene,COc1ccsc1,COc1ccsc1,Thiophenes,exact monomer registered in the supplied full-space table,radical_cation,1,2,solvent-specific Tier-1 GFN2/ddCOSMO optimized state geometry,tier1:redox:M008:{solvent_id}:q1:m2,SRC_FULLSPACE_MONOMER;SRC_PROJECT_TIER1_CURRENT
M009_Q0_M1,M009,monomer,3-Ethoxythiophene,CCOc1ccsc1,CCOc1ccsc1,Thiophenes,exact monomer registered in the supplied full-space table,neutral,0,1,solvent-specific Tier-1 GFN2/ddCOSMO optimized state geometry,tier1:redox:M009:{solvent_id}:q0:m1,SRC_FULLSPACE_MONOMER;SRC_PROJECT_TIER1_CURRENT
M009_QP1_M2,M009,monomer,3-Ethoxythiophene,CCOc1ccsc1,CCOc1ccsc1,Thiophenes,exact monomer registered in the supplied full-space table,radical_cation,1,2,solvent-specific Tier-1 GFN2/ddCOSMO optimized state geometry,tier1:redox:M009:{solvent_id}:q1:m2,SRC_FULLSPACE_MONOMER;SRC_PROJECT_TIER1_CURRENT
M010_Q0_M1,M010,monomer,3-Fluorothiophene,Fc1ccsc1,Fc1ccsc1,Thiophenes,exact monomer registered in the supplied full-space table,neutral,0,1,solvent-specific Tier-1 GFN2/ddCOSMO optimized state geometry,tier1:redox:M010:{solvent_id}:q0:m1,SRC_FULLSPACE_MONOMER;SRC_PROJECT_TIER1_CURRENT
M010_QP1_M2,M010,monomer,3-Fluorothiophene,Fc1ccsc1,Fc1ccsc1,Thiophenes,exact monomer registered in the supplied full-space table,radical_cation,1,2,solvent-specific Tier-1 GFN2/ddCOSMO optimized state geometry,tier1:redox:M010:{solvent_id}:q1:m2,SRC_FULLSPACE_MONOMER;SRC_PROJECT_TIER1_CURRENT
M011_Q0_M1,M011,monomer,3-Chlorothiophene,Clc1ccsc1,Clc1ccsc1,Thiophenes,exact monomer registered in the supplied full-space table,neutral,0,1,solvent-specific Tier-1 GFN2/ddCOSMO optimized state geometry,tier1:redox:M011:{solvent_id}:q0:m1,SRC_FULLSPACE_MONOMER;SRC_PROJECT_TIER1_CURRENT
M011_QP1_M2,M011,monomer,3-Chlorothiophene,Clc1ccsc1,Clc1ccsc1,Thiophenes,exact monomer registered in the supplied full-space table,radical_cation,1,2,solvent-specific Tier-1 GFN2/ddCOSMO optimized state geometry,tier1:redox:M011:{solvent_id}:q1:m2,SRC_FULLSPACE_MONOMER;SRC_PROJECT_TIER1_CURRENT
M012_Q0_M1,M012,monomer,3-Bromothiophene,Brc1ccsc1,Brc1ccsc1,Thiophenes,exact monomer registered in the supplied full-space table,neutral,0,1,solvent-specific Tier-1 GFN2/ddCOSMO optimized state geometry,tier1:redox:M012:{solvent_id}:q0:m1,SRC_FULLSPACE_MONOMER;SRC_PROJECT_TIER1_CURRENT
M012_QP1_M2,M012,monomer,3-Bromothiophene,Brc1ccsc1,Brc1ccsc1,Thiophenes,exact monomer registered in the supplied full-space table,radical_cation,1,2,solvent-specific Tier-1 GFN2/ddCOSMO optimized state geometry,tier1:redox:M012:{solvent_id}:q1:m2,SRC_FULLSPACE_MONOMER;SRC_PROJECT_TIER1_CURRENT
M013_Q0_M1,M013,monomer,Thiophene-3-carbonitrile,N#Cc1ccsc1,N#Cc1ccsc1,Thiophenes,exact monomer registered in the supplied full-space table,neutral,0,1,solvent-specific Tier-1 GFN2/ddCOSMO optimized state geometry,tier1:redox:M013:{solvent_id}:q0:m1,SRC_FULLSPACE_MONOMER;SRC_PROJECT_TIER1_CURRENT
M013_QP1_M2,M013,monomer,Thiophene-3-carbonitrile,N#Cc1ccsc1,N#Cc1ccsc1,Thiophenes,exact monomer registered in the supplied full-space table,radical_cation,1,2,solvent-specific Tier-1 GFN2/ddCOSMO optimized state geometry,tier1:redox:M013:{solvent_id}:q1:m2,SRC_FULLSPACE_MONOMER;SRC_PROJECT_TIER1_CURRENT
M014_Q0_M1,M014,monomer,Methyl thiophene-3-carboxylate,COC(=O)c1ccsc1,COC(=O)c1ccsc1,Thiophenes,exact monomer registered in the supplied full-space table,neutral,0,1,solvent-specific Tier-1 GFN2/ddCOSMO optimized state geometry,tier1:redox:M014:{solvent_id}:q0:m1,SRC_FULLSPACE_MONOMER;SRC_PROJECT_TIER1_CURRENT
M014_QP1_M2,M014,monomer,Methyl thiophene-3-carboxylate,COC(=O)c1ccsc1,COC(=O)c1ccsc1,Thiophenes,exact monomer registered in the supplied full-space table,radical_cation,1,2,solvent-specific Tier-1 GFN2/ddCOSMO optimized state geometry,tier1:redox:M014:{solvent_id}:q1:m2,SRC_FULLSPACE_MONOMER;SRC_PROJECT_TIER1_CURRENT
M015_Q0_M1,M015,monomer,3-Acetylthiophene,CC(=O)c1ccsc1,CC(=O)c1ccsc1,Thiophenes,exact monomer registered in the supplied full-space table,neutral,0,1,solvent-specific Tier-1 GFN2/ddCOSMO optimized state geometry,tier1:redox:M015:{solvent_id}:q0:m1,SRC_FULLSPACE_MONOMER;SRC_PROJECT_TIER1_CURRENT
M015_QP1_M2,M015,monomer,3-Acetylthiophene,CC(=O)c1ccsc1,CC(=O)c1ccsc1,Thiophenes,exact monomer registered in the supplied full-space table,radical_cation,1,2,solvent-specific Tier-1 GFN2/ddCOSMO optimized state geometry,tier1:redox:M015:{solvent_id}:q1:m2,SRC_FULLSPACE_MONOMER;SRC_PROJECT_TIER1_CURRENT
M016_Q0_M1,M016,monomer,"3,4-Dimethylthiophene",Cc1cscc1C,Cc1cscc1C,Thiophenes,exact monomer registered in the supplied full-space table,neutral,0,1,solvent-specific Tier-1 GFN2/ddCOSMO optimized state geometry,tier1:redox:M016:{solvent_id}:q0:m1,SRC_FULLSPACE_MONOMER;SRC_PROJECT_TIER1_CURRENT
M016_QP1_M2,M016,monomer,"3,4-Dimethylthiophene",Cc1cscc1C,Cc1cscc1C,Thiophenes,exact monomer registered in the supplied full-space table,radical_cation,1,2,solvent-specific Tier-1 GFN2/ddCOSMO optimized state geometry,tier1:redox:M016:{solvent_id}:q1:m2,SRC_FULLSPACE_MONOMER;SRC_PROJECT_TIER1_CURRENT
M017_Q0_M1,M017,monomer,"3,4-Diethylthiophene",CCc1cscc1CC,CCc1cscc1CC,Thiophenes,exact monomer registered in the supplied full-space table,neutral,0,1,solvent-specific Tier-1 GFN2/ddCOSMO optimized state geometry,tier1:redox:M017:{solvent_id}:q0:m1,SRC_FULLSPACE_MONOMER;SRC_PROJECT_TIER1_CURRENT
M017_QP1_M2,M017,monomer,"3,4-Diethylthiophene",CCc1cscc1CC,CCc1cscc1CC,Thiophenes,exact monomer registered in the supplied full-space table,radical_cation,1,2,solvent-specific Tier-1 GFN2/ddCOSMO optimized state geometry,tier1:redox:M017:{solvent_id}:q1:m2,SRC_FULLSPACE_MONOMER;SRC_PROJECT_TIER1_CURRENT
M018_Q0_M1,M018,monomer,"3,4-Difluorothiophene",Fc1cscc1F,Fc1cscc1F,Thiophenes,exact monomer registered in the supplied full-space table,neutral,0,1,solvent-specific Tier-1 GFN2/ddCOSMO optimized state geometry,tier1:redox:M018:{solvent_id}:q0:m1,SRC_FULLSPACE_MONOMER;SRC_PROJECT_TIER1_CURRENT
M018_QP1_M2,M018,monomer,"3,4-Difluorothiophene",Fc1cscc1F,Fc1cscc1F,Thiophenes,exact monomer registered in the supplied full-space table,radical_cation,1,2,solvent-specific Tier-1 GFN2/ddCOSMO optimized state geometry,tier1:redox:M018:{solvent_id}:q1:m2,SRC_FULLSPACE_MONOMER;SRC_PROJECT_TIER1_CURRENT
M019_Q0_M1,M019,monomer,"3,4-Dichlorothiophene",Clc1cscc1Cl,Clc1cscc1Cl,Thiophenes,exact monomer registered in the supplied full-space table,neutral,0,1,solvent-specific Tier-1 GFN2/ddCOSMO optimized state geometry,tier1:redox:M019:{solvent_id}:q0:m1,SRC_FULLSPACE_MONOMER;SRC_PROJECT_TIER1_CURRENT
M019_QP1_M2,M019,monomer,"3,4-Dichlorothiophene",Clc1cscc1Cl,Clc1cscc1Cl,Thiophenes,exact monomer registered in the supplied full-space table,radical_cation,1,2,solvent-specific Tier-1 GFN2/ddCOSMO optimized state geometry,tier1:redox:M019:{solvent_id}:q1:m2,SRC_FULLSPACE_MONOMER;SRC_PROJECT_TIER1_CURRENT
M020_Q0_M1,M020,monomer,"3,4-Dimethoxythiophene",COc1cscc1OC,COc1cscc1OC,Thiophenes,exact monomer registered in the supplied full-space table,neutral,0,1,solvent-specific Tier-1 GFN2/ddCOSMO optimized state geometry,tier1:redox:M020:{solvent_id}:q0:m1,SRC_FULLSPACE_MONOMER;SRC_PROJECT_TIER1_CURRENT
M020_QP1_M2,M020,monomer,"3,4-Dimethoxythiophene",COc1cscc1OC,COc1cscc1OC,Thiophenes,exact monomer registered in the supplied full-space table,radical_cation,1,2,solvent-specific Tier-1 GFN2/ddCOSMO optimized state geometry,tier1:redox:M020:{solvent_id}:q1:m2,SRC_FULLSPACE_MONOMER;SRC_PROJECT_TIER1_CURRENT
M021_Q0_M1,M021,monomer,3-(Trifluoromethyl)thiophene,FC(F)(F)c1ccsc1,FC(F)(F)c1ccsc1,Thiophenes,exact monomer registered in the supplied full-space table,neutral,0,1,solvent-specific Tier-1 GFN2/ddCOSMO optimized state geometry,tier1:redox:M021:{solvent_id}:q0:m1,SRC_FULLSPACE_MONOMER;SRC_PROJECT_TIER1_CURRENT
M021_QP1_M2,M021,monomer,3-(Trifluoromethyl)thiophene,FC(F)(F)c1ccsc1,FC(F)(F)c1ccsc1,Thiophenes,exact monomer registered in the supplied full-space table,radical_cation,1,2,solvent-specific Tier-1 GFN2/ddCOSMO optimized state geometry,tier1:redox:M021:{solvent_id}:q1:m2,SRC_FULLSPACE_MONOMER;SRC_PROJECT_TIER1_CURRENT
M022_Q0_M1,M022,monomer,"3,4-Ethylenedioxythiophene (EDOT)",c1scc2c1OCCO2,c1scc2c1OCCO2,Thiophenes,exact monomer registered in the supplied full-space table,neutral,0,1,solvent-specific Tier-1 GFN2/ddCOSMO optimized state geometry,tier1:redox:M022:{solvent_id}:q0:m1,SRC_FULLSPACE_MONOMER;SRC_PROJECT_TIER1_CURRENT
M022_QP1_M2,M022,monomer,"3,4-Ethylenedioxythiophene (EDOT)",c1scc2c1OCCO2,c1scc2c1OCCO2,Thiophenes,exact monomer registered in the supplied full-space table,radical_cation,1,2,solvent-specific Tier-1 GFN2/ddCOSMO optimized state geometry,tier1:redox:M022:{solvent_id}:q1:m2,SRC_FULLSPACE_MONOMER;SRC_PROJECT_TIER1_CURRENT
M023_Q0_M1,M023,monomer,"3,4-Propylenedioxythiophene (ProDOT)",c1scc2c1OCCCO2,c1scc2c1OCCCO2,Thiophenes,exact monomer registered in the supplied full-space table,neutral,0,1,solvent-specific Tier-1 GFN2/ddCOSMO optimized state geometry,tier1:redox:M023:{solvent_id}:q0:m1,SRC_FULLSPACE_MONOMER;SRC_PROJECT_TIER1_CURRENT
M023_QP1_M2,M023,monomer,"3,4-Propylenedioxythiophene (ProDOT)",c1scc2c1OCCCO2,c1scc2c1OCCCO2,Thiophenes,exact monomer registered in the supplied full-space table,radical_cation,1,2,solvent-specific Tier-1 GFN2/ddCOSMO optimized state geometry,tier1:redox:M023:{solvent_id}:q1:m2,SRC_FULLSPACE_MONOMER;SRC_PROJECT_TIER1_CURRENT
M024_Q0_M1,M024,monomer,"2,2′-Bithiophene",c1csc(-c2cccs2)c1,c1csc(-c2cccs2)c1,Thiophenes,exact monomer registered in the supplied full-space table,neutral,0,1,solvent-specific Tier-1 GFN2/ddCOSMO optimized state geometry,tier1:redox:M024:{solvent_id}:q0:m1,SRC_FULLSPACE_MONOMER;SRC_PROJECT_TIER1_CURRENT
M024_QP1_M2,M024,monomer,"2,2′-Bithiophene",c1csc(-c2cccs2)c1,c1csc(-c2cccs2)c1,Thiophenes,exact monomer registered in the supplied full-space table,radical_cation,1,2,solvent-specific Tier-1 GFN2/ddCOSMO optimized state geometry,tier1:redox:M024:{solvent_id}:q1:m2,SRC_FULLSPACE_MONOMER;SRC_PROJECT_TIER1_CURRENT
M025_Q0_M1,M025,monomer,"2,2′:5′,2″-Terthiophene",c1csc(-c2ccc(-c3cccs3)s2)c1,c1csc(-c2ccc(-c3cccs3)s2)c1,Thiophenes,exact monomer registered in the supplied full-space table,neutral,0,1,solvent-specific Tier-1 GFN2/ddCOSMO optimized state geometry,tier1:redox:M025:{solvent_id}:q0:m1,SRC_FULLSPACE_MONOMER;SRC_PROJECT_TIER1_CURRENT
M025_QP1_M2,M025,monomer,"2,2′:5′,2″-Terthiophene",c1csc(-c2ccc(-c3cccs3)s2)c1,c1csc(-c2ccc(-c3cccs3)s2)c1,Thiophenes,exact monomer registered in the supplied full-space table,radical_cation,1,2,solvent-specific Tier-1 GFN2/ddCOSMO optimized state geometry,tier1:redox:M025:{solvent_id}:q1:m2,SRC_FULLSPACE_MONOMER;SRC_PROJECT_TIER1_CURRENT
M026_Q0_M1,M026,monomer,Pyrrole,c1cc[nH]c1,c1cc[nH]c1,Pyrroles,exact monomer registered in the supplied full-space table,neutral,0,1,solvent-specific Tier-1 GFN2/ddCOSMO optimized state geometry,tier1:redox:M026:{solvent_id}:q0:m1,SRC_FULLSPACE_MONOMER;SRC_PROJECT_TIER1_CURRENT
M026_QP1_M2,M026,monomer,Pyrrole,c1cc[nH]c1,c1cc[nH]c1,Pyrroles,exact monomer registered in the supplied full-space table,radical_cation,1,2,solvent-specific Tier-1 GFN2/ddCOSMO optimized state geometry,tier1:redox:M026:{solvent_id}:q1:m2,SRC_FULLSPACE_MONOMER;SRC_PROJECT_TIER1_CURRENT
M027_Q0_M1,M027,monomer,N-Methylpyrrole,Cn1cccc1,Cn1cccc1,Pyrroles,exact monomer registered in the supplied full-space table,neutral,0,1,solvent-specific Tier-1 GFN2/ddCOSMO optimized state geometry,tier1:redox:M027:{solvent_id}:q0:m1,SRC_FULLSPACE_MONOMER;SRC_PROJECT_TIER1_CURRENT
M027_QP1_M2,M027,monomer,N-Methylpyrrole,Cn1cccc1,Cn1cccc1,Pyrroles,exact monomer registered in the supplied full-space table,radical_cation,1,2,solvent-specific Tier-1 GFN2/ddCOSMO optimized state geometry,tier1:redox:M027:{solvent_id}:q1:m2,SRC_FULLSPACE_MONOMER;SRC_PROJECT_TIER1_CURRENT
M028_Q0_M1,M028,monomer,N-Ethylpyrrole,CCn1cccc1,CCn1cccc1,Pyrroles,exact monomer registered in the supplied full-space table,neutral,0,1,solvent-specific Tier-1 GFN2/ddCOSMO optimized state geometry,tier1:redox:M028:{solvent_id}:q0:m1,SRC_FULLSPACE_MONOMER;SRC_PROJECT_TIER1_CURRENT
M028_QP1_M2,M028,monomer,N-Ethylpyrrole,CCn1cccc1,CCn1cccc1,Pyrroles,exact monomer registered in the supplied full-space table,radical_cation,1,2,solvent-specific Tier-1 GFN2/ddCOSMO optimized state geometry,tier1:redox:M028:{solvent_id}:q1:m2,SRC_FULLSPACE_MONOMER;SRC_PROJECT_TIER1_CURRENT
M029_Q0_M1,M029,monomer,N-Propylpyrrole,CCCn1cccc1,CCCn1cccc1,Pyrroles,exact monomer registered in the supplied full-space table,neutral,0,1,solvent-specific Tier-1 GFN2/ddCOSMO optimized state geometry,tier1:redox:M029:{solvent_id}:q0:m1,SRC_FULLSPACE_MONOMER;SRC_PROJECT_TIER1_CURRENT
M029_QP1_M2,M029,monomer,N-Propylpyrrole,CCCn1cccc1,CCCn1cccc1,Pyrroles,exact monomer registered in the supplied full-space table,radical_cation,1,2,solvent-specific Tier-1 GFN2/ddCOSMO optimized state geometry,tier1:redox:M029:{solvent_id}:q1:m2,SRC_FULLSPACE_MONOMER;SRC_PROJECT_TIER1_CURRENT
M030_Q0_M1,M030,monomer,N-Hexylpyrrole,CCCCCCn1cccc1,CCCCCCn1cccc1,Pyrroles,exact monomer registered in the supplied full-space table,neutral,0,1,solvent-specific Tier-1 GFN2/ddCOSMO optimized state geometry,tier1:redox:M030:{solvent_id}:q0:m1,SRC_FULLSPACE_MONOMER;SRC_PROJECT_TIER1_CURRENT
M030_QP1_M2,M030,monomer,N-Hexylpyrrole,CCCCCCn1cccc1,CCCCCCn1cccc1,Pyrroles,exact monomer registered in the supplied full-space table,radical_cation,1,2,solvent-specific Tier-1 GFN2/ddCOSMO optimized state geometry,tier1:redox:M030:{solvent_id}:q1:m2,SRC_FULLSPACE_MONOMER;SRC_PROJECT_TIER1_CURRENT
M031_Q0_M1,M031,monomer,N-Octylpyrrole,CCCCCCCCn1cccc1,CCCCCCCCn1cccc1,Pyrroles,exact monomer registered in the supplied full-space table,neutral,0,1,solvent-specific Tier-1 GFN2/ddCOSMO optimized state geometry,tier1:redox:M031:{solvent_id}:q0:m1,SRC_FULLSPACE_MONOMER;SRC_PROJECT_TIER1_CURRENT
M031_QP1_M2,M031,monomer,N-Octylpyrrole,CCCCCCCCn1cccc1,CCCCCCCCn1cccc1,Pyrroles,exact monomer registered in the supplied full-space table,radical_cation,1,2,solvent-specific Tier-1 GFN2/ddCOSMO optimized state geometry,tier1:redox:M031:{solvent_id}:q1:m2,SRC_FULLSPACE_MONOMER;SRC_PROJECT_TIER1_CURRENT
M032_Q0_M1,M032,monomer,3-Methylpyrrole,Cc1cc[nH]c1,Cc1cc[nH]c1,Pyrroles,exact monomer registered in the supplied full-space table,neutral,0,1,solvent-specific Tier-1 GFN2/ddCOSMO optimized state geometry,tier1:redox:M032:{solvent_id}:q0:m1,SRC_FULLSPACE_MONOMER;SRC_PROJECT_TIER1_CURRENT
M032_QP1_M2,M032,monomer,3-Methylpyrrole,Cc1cc[nH]c1,Cc1cc[nH]c1,Pyrroles,exact monomer registered in the supplied full-space table,radical_cation,1,2,solvent-specific Tier-1 GFN2/ddCOSMO optimized state geometry,tier1:redox:M032:{solvent_id}:q1:m2,SRC_FULLSPACE_MONOMER;SRC_PROJECT_TIER1_CURRENT
M033_Q0_M1,M033,monomer,3-Ethylpyrrole,CCc1cc[nH]c1,CCc1cc[nH]c1,Pyrroles,exact monomer registered in the supplied full-space table,neutral,0,1,solvent-specific Tier-1 GFN2/ddCOSMO optimized state geometry,tier1:redox:M033:{solvent_id}:q0:m1,SRC_FULLSPACE_MONOMER;SRC_PROJECT_TIER1_CURRENT
M033_QP1_M2,M033,monomer,3-Ethylpyrrole,CCc1cc[nH]c1,CCc1cc[nH]c1,Pyrroles,exact monomer registered in the supplied full-space table,radical_cation,1,2,solvent-specific Tier-1 GFN2/ddCOSMO optimized state geometry,tier1:redox:M033:{solvent_id}:q1:m2,SRC_FULLSPACE_MONOMER;SRC_PROJECT_TIER1_CURRENT
M034_Q0_M1,M034,monomer,"3,4-Dimethylpyrrole",Cc1c[nH]cc1C,Cc1c[nH]cc1C,Pyrroles,exact monomer registered in the supplied full-space table,neutral,0,1,solvent-specific Tier-1 GFN2/ddCOSMO optimized state geometry,tier1:redox:M034:{solvent_id}:q0:m1,SRC_FULLSPACE_MONOMER;SRC_PROJECT_TIER1_CURRENT
M034_QP1_M2,M034,monomer,"3,4-Dimethylpyrrole",Cc1c[nH]cc1C,Cc1c[nH]cc1C,Pyrroles,exact monomer registered in the supplied full-space table,radical_cation,1,2,solvent-specific Tier-1 GFN2/ddCOSMO optimized state geometry,tier1:redox:M034:{solvent_id}:q1:m2,SRC_FULLSPACE_MONOMER;SRC_PROJECT_TIER1_CURRENT
M035_Q0_M1,M035,monomer,"3,4-Diethylpyrrole",CCc1c[nH]cc1CC,CCc1c[nH]cc1CC,Pyrroles,exact monomer registered in the supplied full-space table,neutral,0,1,solvent-specific Tier-1 GFN2/ddCOSMO optimized state geometry,tier1:redox:M035:{solvent_id}:q0:m1,SRC_FULLSPACE_MONOMER;SRC_PROJECT_TIER1_CURRENT
M035_QP1_M2,M035,monomer,"3,4-Diethylpyrrole",CCc1c[nH]cc1CC,CCc1c[nH]cc1CC,Pyrroles,exact monomer registered in the supplied full-space table,radical_cation,1,2,solvent-specific Tier-1 GFN2/ddCOSMO optimized state geometry,tier1:redox:M035:{solvent_id}:q1:m2,SRC_FULLSPACE_MONOMER;SRC_PROJECT_TIER1_CURRENT
M036_Q0_M1,M036,monomer,"3,4-Ethylenedioxypyrrole (EDOP)",c1[nH]cc2c1OCCO2,c1[nH]cc2c1OCCO2,Pyrroles,exact monomer registered in the supplied full-space table,neutral,0,1,solvent-specific Tier-1 GFN2/ddCOSMO optimized state geometry,tier1:redox:M036:{solvent_id}:q0:m1,SRC_FULLSPACE_MONOMER;SRC_PROJECT_TIER1_CURRENT
M036_QP1_M2,M036,monomer,"3,4-Ethylenedioxypyrrole (EDOP)",c1[nH]cc2c1OCCO2,c1[nH]cc2c1OCCO2,Pyrroles,exact monomer registered in the supplied full-space table,radical_cation,1,2,solvent-specific Tier-1 GFN2/ddCOSMO optimized state geometry,tier1:redox:M036:{solvent_id}:q1:m2,SRC_FULLSPACE_MONOMER;SRC_PROJECT_TIER1_CURRENT
M037_Q0_M1,M037,monomer,"N-Methyl-3,4-ethylenedioxypyrrole (N-Me-EDOP)",Cn1cc2c(c1)OCCO2,Cn1cc2c(c1)OCCO2,Pyrroles,exact monomer registered in the supplied full-space table,neutral,0,1,solvent-specific Tier-1 GFN2/ddCOSMO optimized state geometry,tier1:redox:M037:{solvent_id}:q0:m1,SRC_FULLSPACE_MONOMER;SRC_PROJECT_TIER1_CURRENT
M037_QP1_M2,M037,monomer,"N-Methyl-3,4-ethylenedioxypyrrole (N-Me-EDOP)",Cn1cc2c(c1)OCCO2,Cn1cc2c(c1)OCCO2,Pyrroles,exact monomer registered in the supplied full-space table,radical_cation,1,2,solvent-specific Tier-1 GFN2/ddCOSMO optimized state geometry,tier1:redox:M037:{solvent_id}:q1:m2,SRC_FULLSPACE_MONOMER;SRC_PROJECT_TIER1_CURRENT
M038_Q0_M1,M038,monomer,Furan,c1ccoc1,c1ccoc1,Furans,exact monomer registered in the supplied full-space table,neutral,0,1,solvent-specific Tier-1 GFN2/ddCOSMO optimized state geometry,tier1:redox:M038:{solvent_id}:q0:m1,SRC_FULLSPACE_MONOMER;SRC_PROJECT_TIER1_CURRENT
M038_QP1_M2,M038,monomer,Furan,c1ccoc1,c1ccoc1,Furans,exact monomer registered in the supplied full-space table,radical_cation,1,2,solvent-specific Tier-1 GFN2/ddCOSMO optimized state geometry,tier1:redox:M038:{solvent_id}:q1:m2,SRC_FULLSPACE_MONOMER;SRC_PROJECT_TIER1_CURRENT
M039_Q0_M1,M039,monomer,3-Methylfuran,Cc1ccoc1,Cc1ccoc1,Furans,exact monomer registered in the supplied full-space table,neutral,0,1,solvent-specific Tier-1 GFN2/ddCOSMO optimized state geometry,tier1:redox:M039:{solvent_id}:q0:m1,SRC_FULLSPACE_MONOMER;SRC_PROJECT_TIER1_CURRENT
M039_QP1_M2,M039,monomer,3-Methylfuran,Cc1ccoc1,Cc1ccoc1,Furans,exact monomer registered in the supplied full-space table,radical_cation,1,2,solvent-specific Tier-1 GFN2/ddCOSMO optimized state geometry,tier1:redox:M039:{solvent_id}:q1:m2,SRC_FULLSPACE_MONOMER;SRC_PROJECT_TIER1_CURRENT
M040_Q0_M1,M040,monomer,3-Ethylfuran,CCc1ccoc1,CCc1ccoc1,Furans,exact monomer registered in the supplied full-space table,neutral,0,1,solvent-specific Tier-1 GFN2/ddCOSMO optimized state geometry,tier1:redox:M040:{solvent_id}:q0:m1,SRC_FULLSPACE_MONOMER;SRC_PROJECT_TIER1_CURRENT
M040_QP1_M2,M040,monomer,3-Ethylfuran,CCc1ccoc1,CCc1ccoc1,Furans,exact monomer registered in the supplied full-space table,radical_cation,1,2,solvent-specific Tier-1 GFN2/ddCOSMO optimized state geometry,tier1:redox:M040:{solvent_id}:q1:m2,SRC_FULLSPACE_MONOMER;SRC_PROJECT_TIER1_CURRENT
M041_Q0_M1,M041,monomer,3-Hexylfuran,CCCCCCc1ccoc1,CCCCCCc1ccoc1,Furans,exact monomer registered in the supplied full-space table,neutral,0,1,solvent-specific Tier-1 GFN2/ddCOSMO optimized state geometry,tier1:redox:M041:{solvent_id}:q0:m1,SRC_FULLSPACE_MONOMER;SRC_PROJECT_TIER1_CURRENT
M041_QP1_M2,M041,monomer,3-Hexylfuran,CCCCCCc1ccoc1,CCCCCCc1ccoc1,Furans,exact monomer registered in the supplied full-space table,radical_cation,1,2,solvent-specific Tier-1 GFN2/ddCOSMO optimized state geometry,tier1:redox:M041:{solvent_id}:q1:m2,SRC_FULLSPACE_MONOMER;SRC_PROJECT_TIER1_CURRENT
M042_Q0_M1,M042,monomer,3-Octylfuran,CCCCCCCCc1ccoc1,CCCCCCCCc1ccoc1,Furans,exact monomer registered in the supplied full-space table,neutral,0,1,solvent-specific Tier-1 GFN2/ddCOSMO optimized state geometry,tier1:redox:M042:{solvent_id}:q0:m1,SRC_FULLSPACE_MONOMER;SRC_PROJECT_TIER1_CURRENT
M042_QP1_M2,M042,monomer,3-Octylfuran,CCCCCCCCc1ccoc1,CCCCCCCCc1ccoc1,Furans,exact monomer registered in the supplied full-space table,radical_cation,1,2,solvent-specific Tier-1 GFN2/ddCOSMO optimized state geometry,tier1:redox:M042:{solvent_id}:q1:m2,SRC_FULLSPACE_MONOMER;SRC_PROJECT_TIER1_CURRENT
M043_Q0_M1,M043,monomer,3-Methoxyfuran,COc1ccoc1,COc1ccoc1,Furans,exact monomer registered in the supplied full-space table,neutral,0,1,solvent-specific Tier-1 GFN2/ddCOSMO optimized state geometry,tier1:redox:M043:{solvent_id}:q0:m1,SRC_FULLSPACE_MONOMER;SRC_PROJECT_TIER1_CURRENT
M043_QP1_M2,M043,monomer,3-Methoxyfuran,COc1ccoc1,COc1ccoc1,Furans,exact monomer registered in the supplied full-space table,radical_cation,1,2,solvent-specific Tier-1 GFN2/ddCOSMO optimized state geometry,tier1:redox:M043:{solvent_id}:q1:m2,SRC_FULLSPACE_MONOMER;SRC_PROJECT_TIER1_CURRENT
M044_Q0_M1,M044,monomer,3-Fluorofuran,Fc1ccoc1,Fc1ccoc1,Furans,exact monomer registered in the supplied full-space table,neutral,0,1,solvent-specific Tier-1 GFN2/ddCOSMO optimized state geometry,tier1:redox:M044:{solvent_id}:q0:m1,SRC_FULLSPACE_MONOMER;SRC_PROJECT_TIER1_CURRENT
M044_QP1_M2,M044,monomer,3-Fluorofuran,Fc1ccoc1,Fc1ccoc1,Furans,exact monomer registered in the supplied full-space table,radical_cation,1,2,solvent-specific Tier-1 GFN2/ddCOSMO optimized state geometry,tier1:redox:M044:{solvent_id}:q1:m2,SRC_FULLSPACE_MONOMER;SRC_PROJECT_TIER1_CURRENT
M045_Q0_M1,M045,monomer,"3,4-Dimethylfuran",Cc1cocc1C,Cc1cocc1C,Furans,exact monomer registered in the supplied full-space table,neutral,0,1,solvent-specific Tier-1 GFN2/ddCOSMO optimized state geometry,tier1:redox:M045:{solvent_id}:q0:m1,SRC_FULLSPACE_MONOMER;SRC_PROJECT_TIER1_CURRENT
M045_QP1_M2,M045,monomer,"3,4-Dimethylfuran",Cc1cocc1C,Cc1cocc1C,Furans,exact monomer registered in the supplied full-space table,radical_cation,1,2,solvent-specific Tier-1 GFN2/ddCOSMO optimized state geometry,tier1:redox:M045:{solvent_id}:q1:m2,SRC_FULLSPACE_MONOMER;SRC_PROJECT_TIER1_CURRENT
M046_Q0_M1,M046,monomer,"3,4-Difluorofuran",Fc1cocc1F,Fc1cocc1F,Furans,exact monomer registered in the supplied full-space table,neutral,0,1,solvent-specific Tier-1 GFN2/ddCOSMO optimized state geometry,tier1:redox:M046:{solvent_id}:q0:m1,SRC_FULLSPACE_MONOMER;SRC_PROJECT_TIER1_CURRENT
M046_QP1_M2,M046,monomer,"3,4-Difluorofuran",Fc1cocc1F,Fc1cocc1F,Furans,exact monomer registered in the supplied full-space table,radical_cation,1,2,solvent-specific Tier-1 GFN2/ddCOSMO optimized state geometry,tier1:redox:M046:{solvent_id}:q1:m2,SRC_FULLSPACE_MONOMER;SRC_PROJECT_TIER1_CURRENT
M047_Q0_M1,M047,monomer,"3,4-Dimethoxyfuran",COc1cocc1OC,COc1cocc1OC,Furans,exact monomer registered in the supplied full-space table,neutral,0,1,solvent-specific Tier-1 GFN2/ddCOSMO optimized state geometry,tier1:redox:M047:{solvent_id}:q0:m1,SRC_FULLSPACE_MONOMER;SRC_PROJECT_TIER1_CURRENT
M047_QP1_M2,M047,monomer,"3,4-Dimethoxyfuran",COc1cocc1OC,COc1cocc1OC,Furans,exact monomer registered in the supplied full-space table,radical_cation,1,2,solvent-specific Tier-1 GFN2/ddCOSMO optimized state geometry,tier1:redox:M047:{solvent_id}:q1:m2,SRC_FULLSPACE_MONOMER;SRC_PROJECT_TIER1_CURRENT
M048_Q0_M1,M048,monomer,"2,2′-Bifuran",c1coc(-c2ccco2)c1,c1coc(-c2ccco2)c1,Furans,exact monomer registered in the supplied full-space table,neutral,0,1,solvent-specific Tier-1 GFN2/ddCOSMO optimized state geometry,tier1:redox:M048:{solvent_id}:q0:m1,SRC_FULLSPACE_MONOMER;SRC_PROJECT_TIER1_CURRENT
M048_QP1_M2,M048,monomer,"2,2′-Bifuran",c1coc(-c2ccco2)c1,c1coc(-c2ccco2)c1,Furans,exact monomer registered in the supplied full-space table,radical_cation,1,2,solvent-specific Tier-1 GFN2/ddCOSMO optimized state geometry,tier1:redox:M048:{solvent_id}:q1:m2,SRC_FULLSPACE_MONOMER;SRC_PROJECT_TIER1_CURRENT
M049_Q0_M1,M049,monomer,"2,2′:5′,2″-Terfuran",c1coc(-c2ccc(-c3ccco3)o2)c1,c1coc(-c2ccc(-c3ccco3)o2)c1,Furans,exact monomer registered in the supplied full-space table,neutral,0,1,solvent-specific Tier-1 GFN2/ddCOSMO optimized state geometry,tier1:redox:M049:{solvent_id}:q0:m1,SRC_FULLSPACE_MONOMER;SRC_PROJECT_TIER1_CURRENT
M049_QP1_M2,M049,monomer,"2,2′:5′,2″-Terfuran",c1coc(-c2ccc(-c3ccco3)o2)c1,c1coc(-c2ccc(-c3ccco3)o2)c1,Furans,exact monomer registered in the supplied full-space table,radical_cation,1,2,solvent-specific Tier-1 GFN2/ddCOSMO optimized state geometry,tier1:redox:M049:{solvent_id}:q1:m2,SRC_FULLSPACE_MONOMER;SRC_PROJECT_TIER1_CURRENT
M050_Q0_M1,M050,monomer,Selenophene,c1cc[se]c1,c1cc[se]c1,Selenophenes,exact monomer registered in the supplied full-space table,neutral,0,1,solvent-specific Tier-1 GFN2/ddCOSMO optimized state geometry,tier1:redox:M050:{solvent_id}:q0:m1,SRC_FULLSPACE_MONOMER;SRC_PROJECT_TIER1_CURRENT
M050_QP1_M2,M050,monomer,Selenophene,c1cc[se]c1,c1cc[se]c1,Selenophenes,exact monomer registered in the supplied full-space table,radical_cation,1,2,solvent-specific Tier-1 GFN2/ddCOSMO optimized state geometry,tier1:redox:M050:{solvent_id}:q1:m2,SRC_FULLSPACE_MONOMER;SRC_PROJECT_TIER1_CURRENT
M051_Q0_M1,M051,monomer,3-Methylselenophene,Cc1cc[se]c1,Cc1cc[se]c1,Selenophenes,exact monomer registered in the supplied full-space table,neutral,0,1,solvent-specific Tier-1 GFN2/ddCOSMO optimized state geometry,tier1:redox:M051:{solvent_id}:q0:m1,SRC_FULLSPACE_MONOMER;SRC_PROJECT_TIER1_CURRENT
M051_QP1_M2,M051,monomer,3-Methylselenophene,Cc1cc[se]c1,Cc1cc[se]c1,Selenophenes,exact monomer registered in the supplied full-space table,radical_cation,1,2,solvent-specific Tier-1 GFN2/ddCOSMO optimized state geometry,tier1:redox:M051:{solvent_id}:q1:m2,SRC_FULLSPACE_MONOMER;SRC_PROJECT_TIER1_CURRENT
M052_Q0_M1,M052,monomer,3-Ethylselenophene,CCc1cc[se]c1,CCc1cc[se]c1,Selenophenes,exact monomer registered in the supplied full-space table,neutral,0,1,solvent-specific Tier-1 GFN2/ddCOSMO optimized state geometry,tier1:redox:M052:{solvent_id}:q0:m1,SRC_FULLSPACE_MONOMER;SRC_PROJECT_TIER1_CURRENT
M052_QP1_M2,M052,monomer,3-Ethylselenophene,CCc1cc[se]c1,CCc1cc[se]c1,Selenophenes,exact monomer registered in the supplied full-space table,radical_cation,1,2,solvent-specific Tier-1 GFN2/ddCOSMO optimized state geometry,tier1:redox:M052:{solvent_id}:q1:m2,SRC_FULLSPACE_MONOMER;SRC_PROJECT_TIER1_CURRENT
M053_Q0_M1,M053,monomer,3-Butylselenophene,CCCCc1cc[se]c1,CCCCc1cc[se]c1,Selenophenes,exact monomer registered in the supplied full-space table,neutral,0,1,solvent-specific Tier-1 GFN2/ddCOSMO optimized state geometry,tier1:redox:M053:{solvent_id}:q0:m1,SRC_FULLSPACE_MONOMER;SRC_PROJECT_TIER1_CURRENT
M053_QP1_M2,M053,monomer,3-Butylselenophene,CCCCc1cc[se]c1,CCCCc1cc[se]c1,Selenophenes,exact monomer registered in the supplied full-space table,radical_cation,1,2,solvent-specific Tier-1 GFN2/ddCOSMO optimized state geometry,tier1:redox:M053:{solvent_id}:q1:m2,SRC_FULLSPACE_MONOMER;SRC_PROJECT_TIER1_CURRENT
M054_Q0_M1,M054,monomer,3-Hexylselenophene,CCCCCCc1cc[se]c1,CCCCCCc1cc[se]c1,Selenophenes,exact monomer registered in the supplied full-space table,neutral,0,1,solvent-specific Tier-1 GFN2/ddCOSMO optimized state geometry,tier1:redox:M054:{solvent_id}:q0:m1,SRC_FULLSPACE_MONOMER;SRC_PROJECT_TIER1_CURRENT
M054_QP1_M2,M054,monomer,3-Hexylselenophene,CCCCCCc1cc[se]c1,CCCCCCc1cc[se]c1,Selenophenes,exact monomer registered in the supplied full-space table,radical_cation,1,2,solvent-specific Tier-1 GFN2/ddCOSMO optimized state geometry,tier1:redox:M054:{solvent_id}:q1:m2,SRC_FULLSPACE_MONOMER;SRC_PROJECT_TIER1_CURRENT
M055_Q0_M1,M055,monomer,3-Octylselenophene,CCCCCCCCc1cc[se]c1,CCCCCCCCc1cc[se]c1,Selenophenes,exact monomer registered in the supplied full-space table,neutral,0,1,solvent-specific Tier-1 GFN2/ddCOSMO optimized state geometry,tier1:redox:M055:{solvent_id}:q0:m1,SRC_FULLSPACE_MONOMER;SRC_PROJECT_TIER1_CURRENT
M055_QP1_M2,M055,monomer,3-Octylselenophene,CCCCCCCCc1cc[se]c1,CCCCCCCCc1cc[se]c1,Selenophenes,exact monomer registered in the supplied full-space table,radical_cation,1,2,solvent-specific Tier-1 GFN2/ddCOSMO optimized state geometry,tier1:redox:M055:{solvent_id}:q1:m2,SRC_FULLSPACE_MONOMER;SRC_PROJECT_TIER1_CURRENT
M056_Q0_M1,M056,monomer,3-Fluoroselenophene,Fc1cc[se]c1,Fc1cc[se]c1,Selenophenes,exact monomer registered in the supplied full-space table,neutral,0,1,solvent-specific Tier-1 GFN2/ddCOSMO optimized state geometry,tier1:redox:M056:{solvent_id}:q0:m1,SRC_FULLSPACE_MONOMER;SRC_PROJECT_TIER1_CURRENT
M056_QP1_M2,M056,monomer,3-Fluoroselenophene,Fc1cc[se]c1,Fc1cc[se]c1,Selenophenes,exact monomer registered in the supplied full-space table,radical_cation,1,2,solvent-specific Tier-1 GFN2/ddCOSMO optimized state geometry,tier1:redox:M056:{solvent_id}:q1:m2,SRC_FULLSPACE_MONOMER;SRC_PROJECT_TIER1_CURRENT
M057_Q0_M1,M057,monomer,"3,4-Dimethylselenophene",Cc1c[se]cc1C,Cc1c[se]cc1C,Selenophenes,exact monomer registered in the supplied full-space table,neutral,0,1,solvent-specific Tier-1 GFN2/ddCOSMO optimized state geometry,tier1:redox:M057:{solvent_id}:q0:m1,SRC_FULLSPACE_MONOMER;SRC_PROJECT_TIER1_CURRENT
M057_QP1_M2,M057,monomer,"3,4-Dimethylselenophene",Cc1c[se]cc1C,Cc1c[se]cc1C,Selenophenes,exact monomer registered in the supplied full-space table,radical_cation,1,2,solvent-specific Tier-1 GFN2/ddCOSMO optimized state geometry,tier1:redox:M057:{solvent_id}:q1:m2,SRC_FULLSPACE_MONOMER;SRC_PROJECT_TIER1_CURRENT
M058_Q0_M1,M058,monomer,"3,4-Ethylenedioxyselenophene (EDOS)",c1[se]cc2c1OCCO2,c1[se]cc2c1OCCO2,Selenophenes,exact monomer registered in the supplied full-space table,neutral,0,1,solvent-specific Tier-1 GFN2/ddCOSMO optimized state geometry,tier1:redox:M058:{solvent_id}:q0:m1,SRC_FULLSPACE_MONOMER;SRC_PROJECT_TIER1_CURRENT
M058_QP1_M2,M058,monomer,"3,4-Ethylenedioxyselenophene (EDOS)",c1[se]cc2c1OCCO2,c1[se]cc2c1OCCO2,Selenophenes,exact monomer registered in the supplied full-space table,radical_cation,1,2,solvent-specific Tier-1 GFN2/ddCOSMO optimized state geometry,tier1:redox:M058:{solvent_id}:q1:m2,SRC_FULLSPACE_MONOMER;SRC_PROJECT_TIER1_CURRENT
M059_Q0_M1,M059,monomer,"3,4-Propylenedioxyselenophene (ProDOS)",c1[se]cc2c1OCCCO2,c1[se]cc2c1OCCCO2,Selenophenes,exact monomer registered in the supplied full-space table,neutral,0,1,solvent-specific Tier-1 GFN2/ddCOSMO optimized state geometry,tier1:redox:M059:{solvent_id}:q0:m1,SRC_FULLSPACE_MONOMER;SRC_PROJECT_TIER1_CURRENT
M059_QP1_M2,M059,monomer,"3,4-Propylenedioxyselenophene (ProDOS)",c1[se]cc2c1OCCCO2,c1[se]cc2c1OCCCO2,Selenophenes,exact monomer registered in the supplied full-space table,radical_cation,1,2,solvent-specific Tier-1 GFN2/ddCOSMO optimized state geometry,tier1:redox:M059:{solvent_id}:q1:m2,SRC_FULLSPACE_MONOMER;SRC_PROJECT_TIER1_CURRENT
M060_Q0_M1,M060,monomer,Aniline,Nc1ccccc1,Nc1ccccc1,Anilines,exact monomer registered in the supplied full-space table,neutral,0,1,solvent-specific Tier-1 GFN2/ddCOSMO optimized state geometry,tier1:redox:M060:{solvent_id}:q0:m1,SRC_FULLSPACE_MONOMER;SRC_PROJECT_TIER1_CURRENT
M060_QP1_M2,M060,monomer,Aniline,Nc1ccccc1,Nc1ccccc1,Anilines,exact monomer registered in the supplied full-space table,radical_cation,1,2,solvent-specific Tier-1 GFN2/ddCOSMO optimized state geometry,tier1:redox:M060:{solvent_id}:q1:m2,SRC_FULLSPACE_MONOMER;SRC_PROJECT_TIER1_CURRENT
M061_Q0_M1,M061,monomer,2-Methylaniline (o-toluidine),Cc1ccccc1N,Cc1ccccc1N,Anilines,exact monomer registered in the supplied full-space table,neutral,0,1,solvent-specific Tier-1 GFN2/ddCOSMO optimized state geometry,tier1:redox:M061:{solvent_id}:q0:m1,SRC_FULLSPACE_MONOMER;SRC_PROJECT_TIER1_CURRENT
M061_QP1_M2,M061,monomer,2-Methylaniline (o-toluidine),Cc1ccccc1N,Cc1ccccc1N,Anilines,exact monomer registered in the supplied full-space table,radical_cation,1,2,solvent-specific Tier-1 GFN2/ddCOSMO optimized state geometry,tier1:redox:M061:{solvent_id}:q1:m2,SRC_FULLSPACE_MONOMER;SRC_PROJECT_TIER1_CURRENT
M062_Q0_M1,M062,monomer,3-Methylaniline (m-toluidine),Cc1cccc(N)c1,Cc1cccc(N)c1,Anilines,exact monomer registered in the supplied full-space table,neutral,0,1,solvent-specific Tier-1 GFN2/ddCOSMO optimized state geometry,tier1:redox:M062:{solvent_id}:q0:m1,SRC_FULLSPACE_MONOMER;SRC_PROJECT_TIER1_CURRENT
M062_QP1_M2,M062,monomer,3-Methylaniline (m-toluidine),Cc1cccc(N)c1,Cc1cccc(N)c1,Anilines,exact monomer registered in the supplied full-space table,radical_cation,1,2,solvent-specific Tier-1 GFN2/ddCOSMO optimized state geometry,tier1:redox:M062:{solvent_id}:q1:m2,SRC_FULLSPACE_MONOMER;SRC_PROJECT_TIER1_CURRENT
M063_Q0_M1,M063,monomer,2-Methoxyaniline (o-anisidine),COc1ccccc1N,COc1ccccc1N,Anilines,exact monomer registered in the supplied full-space table,neutral,0,1,solvent-specific Tier-1 GFN2/ddCOSMO optimized state geometry,tier1:redox:M063:{solvent_id}:q0:m1,SRC_FULLSPACE_MONOMER;SRC_PROJECT_TIER1_CURRENT
M063_QP1_M2,M063,monomer,2-Methoxyaniline (o-anisidine),COc1ccccc1N,COc1ccccc1N,Anilines,exact monomer registered in the supplied full-space table,radical_cation,1,2,solvent-specific Tier-1 GFN2/ddCOSMO optimized state geometry,tier1:redox:M063:{solvent_id}:q1:m2,SRC_FULLSPACE_MONOMER;SRC_PROJECT_TIER1_CURRENT
M064_Q0_M1,M064,monomer,3-Methoxyaniline (m-anisidine),COc1cccc(N)c1,COc1cccc(N)c1,Anilines,exact monomer registered in the supplied full-space table,neutral,0,1,solvent-specific Tier-1 GFN2/ddCOSMO optimized state geometry,tier1:redox:M064:{solvent_id}:q0:m1,SRC_FULLSPACE_MONOMER;SRC_PROJECT_TIER1_CURRENT
M064_QP1_M2,M064,monomer,3-Methoxyaniline (m-anisidine),COc1cccc(N)c1,COc1cccc(N)c1,Anilines,exact monomer registered in the supplied full-space table,radical_cation,1,2,solvent-specific Tier-1 GFN2/ddCOSMO optimized state geometry,tier1:redox:M064:{solvent_id}:q1:m2,SRC_FULLSPACE_MONOMER;SRC_PROJECT_TIER1_CURRENT
M065_Q0_M1,M065,monomer,2-Aminophenol (o-aminophenol),Nc1ccccc1O,Nc1ccccc1O,Anilines,exact monomer registered in the supplied full-space table,neutral,0,1,solvent-specific Tier-1 GFN2/ddCOSMO optimized state geometry,tier1:redox:M065:{solvent_id}:q0:m1,SRC_FULLSPACE_MONOMER;SRC_PROJECT_TIER1_CURRENT
M065_QP1_M2,M065,monomer,2-Aminophenol (o-aminophenol),Nc1ccccc1O,Nc1ccccc1O,Anilines,exact monomer registered in the supplied full-space table,radical_cation,1,2,solvent-specific Tier-1 GFN2/ddCOSMO optimized state geometry,tier1:redox:M065:{solvent_id}:q1:m2,SRC_FULLSPACE_MONOMER;SRC_PROJECT_TIER1_CURRENT
M066_Q0_M1,M066,monomer,3-Aminophenol (m-aminophenol),Nc1cccc(O)c1,Nc1cccc(O)c1,Anilines,exact monomer registered in the supplied full-space table,neutral,0,1,solvent-specific Tier-1 GFN2/ddCOSMO optimized state geometry,tier1:redox:M066:{solvent_id}:q0:m1,SRC_FULLSPACE_MONOMER;SRC_PROJECT_TIER1_CURRENT
M066_QP1_M2,M066,monomer,3-Aminophenol (m-aminophenol),Nc1cccc(O)c1,Nc1cccc(O)c1,Anilines,exact monomer registered in the supplied full-space table,radical_cation,1,2,solvent-specific Tier-1 GFN2/ddCOSMO optimized state geometry,tier1:redox:M066:{solvent_id}:q1:m2,SRC_FULLSPACE_MONOMER;SRC_PROJECT_TIER1_CURRENT
M067_Q0_M1,M067,monomer,2-Fluoroaniline,Nc1ccccc1F,Nc1ccccc1F,Anilines,exact monomer registered in the supplied full-space table,neutral,0,1,solvent-specific Tier-1 GFN2/ddCOSMO optimized state geometry,tier1:redox:M067:{solvent_id}:q0:m1,SRC_FULLSPACE_MONOMER;SRC_PROJECT_TIER1_CURRENT
M067_QP1_M2,M067,monomer,2-Fluoroaniline,Nc1ccccc1F,Nc1ccccc1F,Anilines,exact monomer registered in the supplied full-space table,radical_cation,1,2,solvent-specific Tier-1 GFN2/ddCOSMO optimized state geometry,tier1:redox:M067:{solvent_id}:q1:m2,SRC_FULLSPACE_MONOMER;SRC_PROJECT_TIER1_CURRENT
M068_Q0_M1,M068,monomer,"2,6-Dimethylaniline",Cc1cccc(C)c1N,Cc1cccc(C)c1N,Anilines,exact monomer registered in the supplied full-space table,neutral,0,1,solvent-specific Tier-1 GFN2/ddCOSMO optimized state geometry,tier1:redox:M068:{solvent_id}:q0:m1,SRC_FULLSPACE_MONOMER;SRC_PROJECT_TIER1_CURRENT
M068_QP1_M2,M068,monomer,"2,6-Dimethylaniline",Cc1cccc(C)c1N,Cc1cccc(C)c1N,Anilines,exact monomer registered in the supplied full-space table,radical_cation,1,2,solvent-specific Tier-1 GFN2/ddCOSMO optimized state geometry,tier1:redox:M068:{solvent_id}:q1:m2,SRC_FULLSPACE_MONOMER;SRC_PROJECT_TIER1_CURRENT
M069_Q0_M1,M069,monomer,Diphenylamine,c1ccc(Nc2ccccc2)cc1,c1ccc(Nc2ccccc2)cc1,Anilines,exact monomer registered in the supplied full-space table,neutral,0,1,solvent-specific Tier-1 GFN2/ddCOSMO optimized state geometry,tier1:redox:M069:{solvent_id}:q0:m1,SRC_FULLSPACE_MONOMER;SRC_PROJECT_TIER1_CURRENT
M069_QP1_M2,M069,monomer,Diphenylamine,c1ccc(Nc2ccccc2)cc1,c1ccc(Nc2ccccc2)cc1,Anilines,exact monomer registered in the supplied full-space table,radical_cation,1,2,solvent-specific Tier-1 GFN2/ddCOSMO optimized state geometry,tier1:redox:M069:{solvent_id}:q1:m2,SRC_FULLSPACE_MONOMER;SRC_PROJECT_TIER1_CURRENT
M070_Q0_M1,M070,monomer,Carbazole,c1ccc2c(c1)[nH]c1ccccc12,c1ccc2c(c1)[nH]c1ccccc12,Carbazoles,exact monomer registered in the supplied full-space table,neutral,0,1,solvent-specific Tier-1 GFN2/ddCOSMO optimized state geometry,tier1:redox:M070:{solvent_id}:q0:m1,SRC_FULLSPACE_MONOMER;SRC_PROJECT_TIER1_CURRENT
M070_QP1_M2,M070,monomer,Carbazole,c1ccc2c(c1)[nH]c1ccccc12,c1ccc2c(c1)[nH]c1ccccc12,Carbazoles,exact monomer registered in the supplied full-space table,radical_cation,1,2,solvent-specific Tier-1 GFN2/ddCOSMO optimized state geometry,tier1:redox:M070:{solvent_id}:q1:m2,SRC_FULLSPACE_MONOMER;SRC_PROJECT_TIER1_CURRENT
M071_Q0_M1,M071,monomer,N-Methylcarbazole,Cn1c2ccccc2c2ccccc21,Cn1c2ccccc2c2ccccc21,Carbazoles,exact monomer registered in the supplied full-space table,neutral,0,1,solvent-specific Tier-1 GFN2/ddCOSMO optimized state geometry,tier1:redox:M071:{solvent_id}:q0:m1,SRC_FULLSPACE_MONOMER;SRC_PROJECT_TIER1_CURRENT
M071_QP1_M2,M071,monomer,N-Methylcarbazole,Cn1c2ccccc2c2ccccc21,Cn1c2ccccc2c2ccccc21,Carbazoles,exact monomer registered in the supplied full-space table,radical_cation,1,2,solvent-specific Tier-1 GFN2/ddCOSMO optimized state geometry,tier1:redox:M071:{solvent_id}:q1:m2,SRC_FULLSPACE_MONOMER;SRC_PROJECT_TIER1_CURRENT
M072_Q0_M1,M072,monomer,N-Ethylcarbazole,CCn1c2ccccc2c2ccccc21,CCn1c2ccccc2c2ccccc21,Carbazoles,exact monomer registered in the supplied full-space table,neutral,0,1,solvent-specific Tier-1 GFN2/ddCOSMO optimized state geometry,tier1:redox:M072:{solvent_id}:q0:m1,SRC_FULLSPACE_MONOMER;SRC_PROJECT_TIER1_CURRENT
M072_QP1_M2,M072,monomer,N-Ethylcarbazole,CCn1c2ccccc2c2ccccc21,CCn1c2ccccc2c2ccccc21,Carbazoles,exact monomer registered in the supplied full-space table,radical_cation,1,2,solvent-specific Tier-1 GFN2/ddCOSMO optimized state geometry,tier1:redox:M072:{solvent_id}:q1:m2,SRC_FULLSPACE_MONOMER;SRC_PROJECT_TIER1_CURRENT
M073_Q0_M1,M073,monomer,N-Hexylcarbazole,CCCCCCn1c2ccccc2c2ccccc21,CCCCCCn1c2ccccc2c2ccccc21,Carbazoles,exact monomer registered in the supplied full-space table,neutral,0,1,solvent-specific Tier-1 GFN2/ddCOSMO optimized state geometry,tier1:redox:M073:{solvent_id}:q0:m1,SRC_FULLSPACE_MONOMER;SRC_PROJECT_TIER1_CURRENT
M073_QP1_M2,M073,monomer,N-Hexylcarbazole,CCCCCCn1c2ccccc2c2ccccc21,CCCCCCn1c2ccccc2c2ccccc21,Carbazoles,exact monomer registered in the supplied full-space table,radical_cation,1,2,solvent-specific Tier-1 GFN2/ddCOSMO optimized state geometry,tier1:redox:M073:{solvent_id}:q1:m2,SRC_FULLSPACE_MONOMER;SRC_PROJECT_TIER1_CURRENT
M074_Q0_M1,M074,monomer,N-Octylcarbazole,CCCCCCCCn1c2ccccc2c2ccccc21,CCCCCCCCn1c2ccccc2c2ccccc21,Carbazoles,exact monomer registered in the supplied full-space table,neutral,0,1,solvent-specific Tier-1 GFN2/ddCOSMO optimized state geometry,tier1:redox:M074:{solvent_id}:q0:m1,SRC_FULLSPACE_MONOMER;SRC_PROJECT_TIER1_CURRENT
M074_QP1_M2,M074,monomer,N-Octylcarbazole,CCCCCCCCn1c2ccccc2c2ccccc21,CCCCCCCCn1c2ccccc2c2ccccc21,Carbazoles,exact monomer registered in the supplied full-space table,radical_cation,1,2,solvent-specific Tier-1 GFN2/ddCOSMO optimized state geometry,tier1:redox:M074:{solvent_id}:q1:m2,SRC_FULLSPACE_MONOMER;SRC_PROJECT_TIER1_CURRENT
M075_Q0_M1,M075,monomer,N-Vinylcarbazole,C=Cn1c2ccccc2c2ccccc21,C=Cn1c2ccccc2c2ccccc21,Carbazoles,exact monomer registered in the supplied full-space table,neutral,0,1,solvent-specific Tier-1 GFN2/ddCOSMO optimized state geometry,tier1:redox:M075:{solvent_id}:q0:m1,SRC_FULLSPACE_MONOMER;SRC_PROJECT_TIER1_CURRENT
M075_QP1_M2,M075,monomer,N-Vinylcarbazole,C=Cn1c2ccccc2c2ccccc21,C=Cn1c2ccccc2c2ccccc21,Carbazoles,exact monomer registered in the supplied full-space table,radical_cation,1,2,solvent-specific Tier-1 GFN2/ddCOSMO optimized state geometry,tier1:redox:M075:{solvent_id}:q1:m2,SRC_FULLSPACE_MONOMER;SRC_PROJECT_TIER1_CURRENT
M076_Q0_M1,M076,monomer,"3,6-Bis(thiophen-2-yl)-9-methylcarbazole",Cn1c2ccc(-c3cccs3)cc2c2cc(-c3cccs3)ccc21,Cn1c2ccc(-c3cccs3)cc2c2cc(-c3cccs3)ccc21,Carbazoles,exact monomer registered in the supplied full-space table,neutral,0,1,solvent-specific Tier-1 GFN2/ddCOSMO optimized state geometry,tier1:redox:M076:{solvent_id}:q0:m1,SRC_FULLSPACE_MONOMER;SRC_PROJECT_TIER1_CURRENT
M076_QP1_M2,M076,monomer,"3,6-Bis(thiophen-2-yl)-9-methylcarbazole",Cn1c2ccc(-c3cccs3)cc2c2cc(-c3cccs3)ccc21,Cn1c2ccc(-c3cccs3)cc2c2cc(-c3cccs3)ccc21,Carbazoles,exact monomer registered in the supplied full-space table,radical_cation,1,2,solvent-specific Tier-1 GFN2/ddCOSMO optimized state geometry,tier1:redox:M076:{solvent_id}:q1:m2,SRC_FULLSPACE_MONOMER;SRC_PROJECT_TIER1_CURRENT
M077_Q0_M1,M077,monomer,"3,6-Bis(EDOT-2-yl)-9-methylcarbazole",Cn1c2ccc(-c3scc4c3OCCO4)cc2c2cc(-c3scc4c3OCCO4)ccc21,Cn1c2ccc(-c3scc4c3OCCO4)cc2c2cc(-c3scc4c3OCCO4)ccc21,Carbazoles,exact monomer registered in the supplied full-space table,neutral,0,1,solvent-specific Tier-1 GFN2/ddCOSMO optimized state geometry,tier1:redox:M077:{solvent_id}:q0:m1,SRC_FULLSPACE_MONOMER;SRC_PROJECT_TIER1_CURRENT
M077_QP1_M2,M077,monomer,"3,6-Bis(EDOT-2-yl)-9-methylcarbazole",Cn1c2ccc(-c3scc4c3OCCO4)cc2c2cc(-c3scc4c3OCCO4)ccc21,Cn1c2ccc(-c3scc4c3OCCO4)cc2c2cc(-c3scc4c3OCCO4)ccc21,Carbazoles,exact monomer registered in the supplied full-space table,radical_cation,1,2,solvent-specific Tier-1 GFN2/ddCOSMO optimized state geometry,tier1:redox:M077:{solvent_id}:q1:m2,SRC_FULLSPACE_MONOMER;SRC_PROJECT_TIER1_CURRENT
M078_Q0_M1,M078,monomer,"9,9-Dimethylfluorene",CC1(C)c2ccccc2-c2ccccc21,CC1(C)c2ccccc2-c2ccccc21,Fluorenes,exact monomer registered in the supplied full-space table,neutral,0,1,solvent-specific Tier-1 GFN2/ddCOSMO optimized state geometry,tier1:redox:M078:{solvent_id}:q0:m1,SRC_FULLSPACE_MONOMER;SRC_PROJECT_TIER1_CURRENT
M078_QP1_M2,M078,monomer,"9,9-Dimethylfluorene",CC1(C)c2ccccc2-c2ccccc21,CC1(C)c2ccccc2-c2ccccc21,Fluorenes,exact monomer registered in the supplied full-space table,radical_cation,1,2,solvent-specific Tier-1 GFN2/ddCOSMO optimized state geometry,tier1:redox:M078:{solvent_id}:q1:m2,SRC_FULLSPACE_MONOMER;SRC_PROJECT_TIER1_CURRENT
M079_Q0_M1,M079,monomer,"9,9-Diethylfluorene",CCC1(CC)c2ccccc2-c2ccccc21,CCC1(CC)c2ccccc2-c2ccccc21,Fluorenes,exact monomer registered in the supplied full-space table,neutral,0,1,solvent-specific Tier-1 GFN2/ddCOSMO optimized state geometry,tier1:redox:M079:{solvent_id}:q0:m1,SRC_FULLSPACE_MONOMER;SRC_PROJECT_TIER1_CURRENT
M079_QP1_M2,M079,monomer,"9,9-Diethylfluorene",CCC1(CC)c2ccccc2-c2ccccc21,CCC1(CC)c2ccccc2-c2ccccc21,Fluorenes,exact monomer registered in the supplied full-space table,radical_cation,1,2,solvent-specific Tier-1 GFN2/ddCOSMO optimized state geometry,tier1:redox:M079:{solvent_id}:q1:m2,SRC_FULLSPACE_MONOMER;SRC_PROJECT_TIER1_CURRENT
M080_Q0_M1,M080,monomer,"9,9-Dipropylfluorene",CCCC1(CCC)c2ccccc2-c2ccccc21,CCCC1(CCC)c2ccccc2-c2ccccc21,Fluorenes,exact monomer registered in the supplied full-space table,neutral,0,1,solvent-specific Tier-1 GFN2/ddCOSMO optimized state geometry,tier1:redox:M080:{solvent_id}:q0:m1,SRC_FULLSPACE_MONOMER;SRC_PROJECT_TIER1_CURRENT
M080_QP1_M2,M080,monomer,"9,9-Dipropylfluorene",CCCC1(CCC)c2ccccc2-c2ccccc21,CCCC1(CCC)c2ccccc2-c2ccccc21,Fluorenes,exact monomer registered in the supplied full-space table,radical_cation,1,2,solvent-specific Tier-1 GFN2/ddCOSMO optimized state geometry,tier1:redox:M080:{solvent_id}:q1:m2,SRC_FULLSPACE_MONOMER;SRC_PROJECT_TIER1_CURRENT
M081_Q0_M1,M081,monomer,"9,9-Dibutylfluorene",CCCCC1(CCCC)c2ccccc2-c2ccccc21,CCCCC1(CCCC)c2ccccc2-c2ccccc21,Fluorenes,exact monomer registered in the supplied full-space table,neutral,0,1,solvent-specific Tier-1 GFN2/ddCOSMO optimized state geometry,tier1:redox:M081:{solvent_id}:q0:m1,SRC_FULLSPACE_MONOMER;SRC_PROJECT_TIER1_CURRENT
M081_QP1_M2,M081,monomer,"9,9-Dibutylfluorene",CCCCC1(CCCC)c2ccccc2-c2ccccc21,CCCCC1(CCCC)c2ccccc2-c2ccccc21,Fluorenes,exact monomer registered in the supplied full-space table,radical_cation,1,2,solvent-specific Tier-1 GFN2/ddCOSMO optimized state geometry,tier1:redox:M081:{solvent_id}:q1:m2,SRC_FULLSPACE_MONOMER;SRC_PROJECT_TIER1_CURRENT
M082_Q0_M1,M082,monomer,"9,9-Dihexylfluorene",CCCCCCC1(CCCCCC)c2ccccc2-c2ccccc21,CCCCCCC1(CCCCCC)c2ccccc2-c2ccccc21,Fluorenes,exact monomer registered in the supplied full-space table,neutral,0,1,solvent-specific Tier-1 GFN2/ddCOSMO optimized state geometry,tier1:redox:M082:{solvent_id}:q0:m1,SRC_FULLSPACE_MONOMER;SRC_PROJECT_TIER1_CURRENT
M082_QP1_M2,M082,monomer,"9,9-Dihexylfluorene",CCCCCCC1(CCCCCC)c2ccccc2-c2ccccc21,CCCCCCC1(CCCCCC)c2ccccc2-c2ccccc21,Fluorenes,exact monomer registered in the supplied full-space table,radical_cation,1,2,solvent-specific Tier-1 GFN2/ddCOSMO optimized state geometry,tier1:redox:M082:{solvent_id}:q1:m2,SRC_FULLSPACE_MONOMER;SRC_PROJECT_TIER1_CURRENT
M083_Q0_M1,M083,monomer,"9,9-Dioctylfluorene",CCCCCCCCC1(CCCCCCCC)c2ccccc2-c2ccccc21,CCCCCCCCC1(CCCCCCCC)c2ccccc2-c2ccccc21,Fluorenes,exact monomer registered in the supplied full-space table,neutral,0,1,solvent-specific Tier-1 GFN2/ddCOSMO optimized state geometry,tier1:redox:M083:{solvent_id}:q0:m1,SRC_FULLSPACE_MONOMER;SRC_PROJECT_TIER1_CURRENT
M083_QP1_M2,M083,monomer,"9,9-Dioctylfluorene",CCCCCCCCC1(CCCCCCCC)c2ccccc2-c2ccccc21,CCCCCCCCC1(CCCCCCCC)c2ccccc2-c2ccccc21,Fluorenes,exact monomer registered in the supplied full-space table,radical_cation,1,2,solvent-specific Tier-1 GFN2/ddCOSMO optimized state geometry,tier1:redox:M083:{solvent_id}:q1:m2,SRC_FULLSPACE_MONOMER;SRC_PROJECT_TIER1_CURRENT
M084_Q0_M1,M084,monomer,"4,7-Bis(thiophen-2-yl)-2,1,3-benzothiadiazole (TBT)",c1csc(-c2ccc3nsnc3c2-c2cccs2)c1,c1csc(-c2ccc3nsnc3c2-c2cccs2)c1,Donor–Acceptor units,exact monomer registered in the supplied full-space table,neutral,0,1,solvent-specific Tier-1 GFN2/ddCOSMO optimized state geometry,tier1:redox:M084:{solvent_id}:q0:m1,SRC_FULLSPACE_MONOMER;SRC_PROJECT_TIER1_CURRENT
M084_QP1_M2,M084,monomer,"4,7-Bis(thiophen-2-yl)-2,1,3-benzothiadiazole (TBT)",c1csc(-c2ccc3nsnc3c2-c2cccs2)c1,c1csc(-c2ccc3nsnc3c2-c2cccs2)c1,Donor–Acceptor units,exact monomer registered in the supplied full-space table,radical_cation,1,2,solvent-specific Tier-1 GFN2/ddCOSMO optimized state geometry,tier1:redox:M084:{solvent_id}:q1:m2,SRC_FULLSPACE_MONOMER;SRC_PROJECT_TIER1_CURRENT
M085_Q0_M1,M085,monomer,"4,7-Bis(3-hexylthiophen-2-yl)-2,1,3-benzothiadiazole",CCCCCCc1csc(-c2c(-c3sccc3CCCCCC)ccc3nsnc23)c1,CCCCCCc1csc(-c2c(-c3sccc3CCCCCC)ccc3nsnc23)c1,Donor–Acceptor units,exact monomer registered in the supplied full-space table,neutral,0,1,solvent-specific Tier-1 GFN2/ddCOSMO optimized state geometry,tier1:redox:M085:{solvent_id}:q0:m1,SRC_FULLSPACE_MONOMER;SRC_PROJECT_TIER1_CURRENT
M085_QP1_M2,M085,monomer,"4,7-Bis(3-hexylthiophen-2-yl)-2,1,3-benzothiadiazole",CCCCCCc1csc(-c2c(-c3sccc3CCCCCC)ccc3nsnc23)c1,CCCCCCc1csc(-c2c(-c3sccc3CCCCCC)ccc3nsnc23)c1,Donor–Acceptor units,exact monomer registered in the supplied full-space table,radical_cation,1,2,solvent-specific Tier-1 GFN2/ddCOSMO optimized state geometry,tier1:redox:M085:{solvent_id}:q1:m2,SRC_FULLSPACE_MONOMER;SRC_PROJECT_TIER1_CURRENT
M086_Q0_M1,M086,monomer,"Thieno[3,4-b]pyrazine",c1cnc2cscc2n1,c1cnc2cscc2n1,Donor–Acceptor units,exact monomer registered in the supplied full-space table,neutral,0,1,solvent-specific Tier-1 GFN2/ddCOSMO optimized state geometry,tier1:redox:M086:{solvent_id}:q0:m1,SRC_FULLSPACE_MONOMER;SRC_PROJECT_TIER1_CURRENT
M086_QP1_M2,M086,monomer,"Thieno[3,4-b]pyrazine",c1cnc2cscc2n1,c1cnc2cscc2n1,Donor–Acceptor units,exact monomer registered in the supplied full-space table,radical_cation,1,2,solvent-specific Tier-1 GFN2/ddCOSMO optimized state geometry,tier1:redox:M086:{solvent_id}:q1:m2,SRC_FULLSPACE_MONOMER;SRC_PROJECT_TIER1_CURRENT
M087_Q0_M1,M087,monomer,"2,3-Dimethylthieno[3,4-b]pyrazine",Cc1nc2cscc2nc1C,Cc1nc2cscc2nc1C,Donor–Acceptor units,exact monomer registered in the supplied full-space table,neutral,0,1,solvent-specific Tier-1 GFN2/ddCOSMO optimized state geometry,tier1:redox:M087:{solvent_id}:q0:m1,SRC_FULLSPACE_MONOMER;SRC_PROJECT_TIER1_CURRENT
M087_QP1_M2,M087,monomer,"2,3-Dimethylthieno[3,4-b]pyrazine",Cc1nc2cscc2nc1C,Cc1nc2cscc2nc1C,Donor–Acceptor units,exact monomer registered in the supplied full-space table,radical_cation,1,2,solvent-specific Tier-1 GFN2/ddCOSMO optimized state geometry,tier1:redox:M087:{solvent_id}:q1:m2,SRC_FULLSPACE_MONOMER;SRC_PROJECT_TIER1_CURRENT
M088_Q0_M1,M088,monomer,"2,3-Dihexylthieno[3,4-b]pyrazine",CCCCCCc1nc2cscc2nc1CCCCCC,CCCCCCc1nc2cscc2nc1CCCCCC,Donor–Acceptor units,exact monomer registered in the supplied full-space table,neutral,0,1,solvent-specific Tier-1 GFN2/ddCOSMO optimized state geometry,tier1:redox:M088:{solvent_id}:q0:m1,SRC_FULLSPACE_MONOMER;SRC_PROJECT_TIER1_CURRENT
M088_QP1_M2,M088,monomer,"2,3-Dihexylthieno[3,4-b]pyrazine",CCCCCCc1nc2cscc2nc1CCCCCC,CCCCCCc1nc2cscc2nc1CCCCCC,Donor–Acceptor units,exact monomer registered in the supplied full-space table,radical_cation,1,2,solvent-specific Tier-1 GFN2/ddCOSMO optimized state geometry,tier1:redox:M088:{solvent_id}:q1:m2,SRC_FULLSPACE_MONOMER;SRC_PROJECT_TIER1_CURRENT
M089_Q0_M1,M089,monomer,"3,6-Bis(thiophen-2-yl)-2,5-dimethyl-DPP (TDPP-Me)",CN1C(=O)C2=C(c3cccs3)N(C)C(=O)C2=C1c1cccs1,CN1C(=O)C2=C(c3cccs3)N(C)C(=O)C2=C1c1cccs1,Donor–Acceptor units,exact monomer registered in the supplied full-space table,neutral,0,1,solvent-specific Tier-1 GFN2/ddCOSMO optimized state geometry,tier1:redox:M089:{solvent_id}:q0:m1,SRC_FULLSPACE_MONOMER;SRC_PROJECT_TIER1_CURRENT
M089_QP1_M2,M089,monomer,"3,6-Bis(thiophen-2-yl)-2,5-dimethyl-DPP (TDPP-Me)",CN1C(=O)C2=C(c3cccs3)N(C)C(=O)C2=C1c1cccs1,CN1C(=O)C2=C(c3cccs3)N(C)C(=O)C2=C1c1cccs1,Donor–Acceptor units,exact monomer registered in the supplied full-space table,radical_cation,1,2,solvent-specific Tier-1 GFN2/ddCOSMO optimized state geometry,tier1:redox:M089:{solvent_id}:q1:m2,SRC_FULLSPACE_MONOMER;SRC_PROJECT_TIER1_CURRENT
M090_Q0_M1,M090,monomer,"3,6-Bis(thiophen-2-yl)-2,5-dioctyl-DPP (TDPP-Oct)",CCCCCCCCN1C(=O)C2=C(c3cccs3)N(CCCCCCCC)C(=O)C2=C1c1cccs1,CCCCCCCCN1C(=O)C2=C(c3cccs3)N(CCCCCCCC)C(=O)C2=C1c1cccs1,Donor–Acceptor units,exact monomer registered in the supplied full-space table,neutral,0,1,solvent-specific Tier-1 GFN2/ddCOSMO optimized state geometry,tier1:redox:M090:{solvent_id}:q0:m1,SRC_FULLSPACE_MONOMER;SRC_PROJECT_TIER1_CURRENT
M090_QP1_M2,M090,monomer,"3,6-Bis(thiophen-2-yl)-2,5-dioctyl-DPP (TDPP-Oct)",CCCCCCCCN1C(=O)C2=C(c3cccs3)N(CCCCCCCC)C(=O)C2=C1c1cccs1,CCCCCCCCN1C(=O)C2=C(c3cccs3)N(CCCCCCCC)C(=O)C2=C1c1cccs1,Donor–Acceptor units,exact monomer registered in the supplied full-space table,radical_cation,1,2,solvent-specific Tier-1 GFN2/ddCOSMO optimized state geometry,tier1:redox:M090:{solvent_id}:q1:m2,SRC_FULLSPACE_MONOMER;SRC_PROJECT_TIER1_CURRENT
M091_Q0_M1,M091,monomer,"N,N′-Dimethylisoindigo",CN1C(=O)/C(=C2/C(=O)N(C)c3ccccc32)c2ccccc21,CN1C(=O)/C(=C2/C(=O)N(C)c3ccccc32)c2ccccc21,Donor–Acceptor units,exact monomer registered in the supplied full-space table,neutral,0,1,solvent-specific Tier-1 GFN2/ddCOSMO optimized state geometry,tier1:redox:M091:{solvent_id}:q0:m1,SRC_FULLSPACE_MONOMER;SRC_PROJECT_TIER1_CURRENT
M091_QP1_M2,M091,monomer,"N,N′-Dimethylisoindigo",CN1C(=O)/C(=C2/C(=O)N(C)c3ccccc32)c2ccccc21,CN1C(=O)/C(=C2/C(=O)N(C)c3ccccc32)c2ccccc21,Donor–Acceptor units,exact monomer registered in the supplied full-space table,radical_cation,1,2,solvent-specific Tier-1 GFN2/ddCOSMO optimized state geometry,tier1:redox:M091:{solvent_id}:q1:m2,SRC_FULLSPACE_MONOMER;SRC_PROJECT_TIER1_CURRENT
M092_Q0_M1,M092,monomer,"N,N′-Dioctylisoindigo",CCCCCCCCN1C(=O)/C(=C2/C(=O)N(CCCCCCCC)c3ccccc32)c2ccccc21,CCCCCCCCN1C(=O)/C(=C2/C(=O)N(CCCCCCCC)c3ccccc32)c2ccccc21,Donor–Acceptor units,exact monomer registered in the supplied full-space table,neutral,0,1,solvent-specific Tier-1 GFN2/ddCOSMO optimized state geometry,tier1:redox:M092:{solvent_id}:q0:m1,SRC_FULLSPACE_MONOMER;SRC_PROJECT_TIER1_CURRENT
M092_QP1_M2,M092,monomer,"N,N′-Dioctylisoindigo",CCCCCCCCN1C(=O)/C(=C2/C(=O)N(CCCCCCCC)c3ccccc32)c2ccccc21,CCCCCCCCN1C(=O)/C(=C2/C(=O)N(CCCCCCCC)c3ccccc32)c2ccccc21,Donor–Acceptor units,exact monomer registered in the supplied full-space table,radical_cation,1,2,solvent-specific Tier-1 GFN2/ddCOSMO optimized state geometry,tier1:redox:M092:{solvent_id}:q1:m2,SRC_FULLSPACE_MONOMER;SRC_PROJECT_TIER1_CURRENT
M093_Q0_M1,M093,monomer,"4,9-bis(thiophen-2-yl)-[1,2,5]thiadiazolo[3,4-g]quinoxaline (TTDQ)",c1csc(-c2c3nccnc3c(-c3cccs3)c3nsnc23)c1,c1csc(-c2c3nccnc3c(-c3cccs3)c3nsnc23)c1,Donor–Acceptor units,exact monomer registered in the supplied full-space table,neutral,0,1,solvent-specific Tier-1 GFN2/ddCOSMO optimized state geometry,tier1:redox:M093:{solvent_id}:q0:m1,SRC_FULLSPACE_MONOMER;SRC_PROJECT_TIER1_CURRENT
M093_QP1_M2,M093,monomer,"4,9-bis(thiophen-2-yl)-[1,2,5]thiadiazolo[3,4-g]quinoxaline (TTDQ)",c1csc(-c2c3nccnc3c(-c3cccs3)c3nsnc23)c1,c1csc(-c2c3nccnc3c(-c3cccs3)c3nsnc23)c1,Donor–Acceptor units,exact monomer registered in the supplied full-space table,radical_cation,1,2,solvent-specific Tier-1 GFN2/ddCOSMO optimized state geometry,tier1:redox:M093:{solvent_id}:q1:m2,SRC_FULLSPACE_MONOMER;SRC_PROJECT_TIER1_CURRENT
M094_Q0_M1,M094,monomer,"Cyclopenta[2,1-b:3,4-b′]dithiophene (CPDT)",c1cc2c(s1)-c1sccc1C2,c1cc2c(s1)-c1sccc1C2,Fused-ring systems,exact monomer registered in the supplied full-space table,neutral,0,1,solvent-specific Tier-1 GFN2/ddCOSMO optimized state geometry,tier1:redox:M094:{solvent_id}:q0:m1,SRC_FULLSPACE_MONOMER;SRC_PROJECT_TIER1_CURRENT
M094_QP1_M2,M094,monomer,"Cyclopenta[2,1-b:3,4-b′]dithiophene (CPDT)",c1cc2c(s1)-c1sccc1C2,c1cc2c(s1)-c1sccc1C2,Fused-ring systems,exact monomer registered in the supplied full-space table,radical_cation,1,2,solvent-specific Tier-1 GFN2/ddCOSMO optimized state geometry,tier1:redox:M094:{solvent_id}:q1:m2,SRC_FULLSPACE_MONOMER;SRC_PROJECT_TIER1_CURRENT
M095_Q0_M1,M095,monomer,"4,4-Dimethyl-CPDT",CC1(C)c2ccsc2-c2sccc21,CC1(C)c2ccsc2-c2sccc21,Fused-ring systems,exact monomer registered in the supplied full-space table,neutral,0,1,solvent-specific Tier-1 GFN2/ddCOSMO optimized state geometry,tier1:redox:M095:{solvent_id}:q0:m1,SRC_FULLSPACE_MONOMER;SRC_PROJECT_TIER1_CURRENT
M095_QP1_M2,M095,monomer,"4,4-Dimethyl-CPDT",CC1(C)c2ccsc2-c2sccc21,CC1(C)c2ccsc2-c2sccc21,Fused-ring systems,exact monomer registered in the supplied full-space table,radical_cation,1,2,solvent-specific Tier-1 GFN2/ddCOSMO optimized state geometry,tier1:redox:M095:{solvent_id}:q1:m2,SRC_FULLSPACE_MONOMER;SRC_PROJECT_TIER1_CURRENT
M096_Q0_M1,M096,monomer,"4,4-Dihexyl-CPDT",CCCCCCC1(CCCCCC)c2ccsc2-c2sccc21,CCCCCCC1(CCCCCC)c2ccsc2-c2sccc21,Fused-ring systems,exact monomer registered in the supplied full-space table,neutral,0,1,solvent-specific Tier-1 GFN2/ddCOSMO optimized state geometry,tier1:redox:M096:{solvent_id}:q0:m1,SRC_FULLSPACE_MONOMER;SRC_PROJECT_TIER1_CURRENT
M096_QP1_M2,M096,monomer,"4,4-Dihexyl-CPDT",CCCCCCC1(CCCCCC)c2ccsc2-c2sccc21,CCCCCCC1(CCCCCC)c2ccsc2-c2sccc21,Fused-ring systems,exact monomer registered in the supplied full-space table,radical_cation,1,2,solvent-specific Tier-1 GFN2/ddCOSMO optimized state geometry,tier1:redox:M096:{solvent_id}:q1:m2,SRC_FULLSPACE_MONOMER;SRC_PROJECT_TIER1_CURRENT
M097_Q0_M1,M097,monomer,"Dithieno[3,2-b:2′,3′-d]pyrrole (DTP)",c1cc2[nH]c3ccsc3c2s1,c1cc2[nH]c3ccsc3c2s1,Fused-ring systems,exact monomer registered in the supplied full-space table,neutral,0,1,solvent-specific Tier-1 GFN2/ddCOSMO optimized state geometry,tier1:redox:M097:{solvent_id}:q0:m1,SRC_FULLSPACE_MONOMER;SRC_PROJECT_TIER1_CURRENT
M097_QP1_M2,M097,monomer,"Dithieno[3,2-b:2′,3′-d]pyrrole (DTP)",c1cc2[nH]c3ccsc3c2s1,c1cc2[nH]c3ccsc3c2s1,Fused-ring systems,exact monomer registered in the supplied full-space table,radical_cation,1,2,solvent-specific Tier-1 GFN2/ddCOSMO optimized state geometry,tier1:redox:M097:{solvent_id}:q1:m2,SRC_FULLSPACE_MONOMER;SRC_PROJECT_TIER1_CURRENT
M098_Q0_M1,M098,monomer,"N-Octyl-dithieno[3,2-b:2′,3′-d]pyrrole",CCCCCCCCn1c2ccsc2c2sccc21,CCCCCCCCn1c2ccsc2c2sccc21,Fused-ring systems,exact monomer registered in the supplied full-space table,neutral,0,1,solvent-specific Tier-1 GFN2/ddCOSMO optimized state geometry,tier1:redox:M098:{solvent_id}:q0:m1,SRC_FULLSPACE_MONOMER;SRC_PROJECT_TIER1_CURRENT
M098_QP1_M2,M098,monomer,"N-Octyl-dithieno[3,2-b:2′,3′-d]pyrrole",CCCCCCCCn1c2ccsc2c2sccc21,CCCCCCCCn1c2ccsc2c2sccc21,Fused-ring systems,exact monomer registered in the supplied full-space table,radical_cation,1,2,solvent-specific Tier-1 GFN2/ddCOSMO optimized state geometry,tier1:redox:M098:{solvent_id}:q1:m2,SRC_FULLSPACE_MONOMER;SRC_PROJECT_TIER1_CURRENT
M099_Q0_M1,M099,monomer,"Indaceno[1,2-b:5,6-b′]dithiophene (IDT)",c1cc2c(s1)-c1cc3c(cc1C2)-c1sccc1C3,c1cc2c(s1)-c1cc3c(cc1C2)-c1sccc1C3,Fused-ring systems,exact monomer registered in the supplied full-space table,neutral,0,1,solvent-specific Tier-1 GFN2/ddCOSMO optimized state geometry,tier1:redox:M099:{solvent_id}:q0:m1,SRC_FULLSPACE_MONOMER;SRC_PROJECT_TIER1_CURRENT
M099_QP1_M2,M099,monomer,"Indaceno[1,2-b:5,6-b′]dithiophene (IDT)",c1cc2c(s1)-c1cc3c(cc1C2)-c1sccc1C3,c1cc2c(s1)-c1cc3c(cc1C2)-c1sccc1C3,Fused-ring systems,exact monomer registered in the supplied full-space table,radical_cation,1,2,solvent-specific Tier-1 GFN2/ddCOSMO optimized state geometry,tier1:redox:M099:{solvent_id}:q1:m2,SRC_FULLSPACE_MONOMER;SRC_PROJECT_TIER1_CURRENT
M100_Q0_M1,M100,monomer,"Acenaphtho[1,2-c]pyrrole",c1cc2c3c(cccc3c1)-c1c[nH]cc1-2,c1cc2c3c(cccc3c1)-c1c[nH]cc1-2,Fused-ring systems,exact monomer registered in the supplied full-space table,neutral,0,1,solvent-specific Tier-1 GFN2/ddCOSMO optimized state geometry,tier1:redox:M100:{solvent_id}:q0:m1,SRC_FULLSPACE_MONOMER;SRC_PROJECT_TIER1_CURRENT
M100_QP1_M2,M100,monomer,"Acenaphtho[1,2-c]pyrrole",c1cc2c3c(cccc3c1)-c1c[nH]cc1-2,c1cc2c3c(cccc3c1)-c1c[nH]cc1-2,Fused-ring systems,exact monomer registered in the supplied full-space table,radical_cation,1,2,solvent-specific Tier-1 GFN2/ddCOSMO optimized state geometry,tier1:redox:M100:{solvent_id}:q1:m2,SRC_FULLSPACE_MONOMER;SRC_PROJECT_TIER1_CURRENT
S001_Q0_M1,S001,solvent_oxidation_target,Acetonitrile (MeCN),CC#N,CC#N,Nitrile,exact registered medium object; ionic-liquid/DES rows use the fixed aggregate proxy encoded by the supplied SMILES,neutral,0,1,self-medium Tier-1 GFN2/ddCOSMO optimized state geometry,tier1:redox:S001:S001:q0:m1,SRC_FULLSPACE_SOLVENT;SRC_PROJECT_TIER1_CURRENT
S001_QP1_M2,S001,solvent_oxidation_target,Acetonitrile (MeCN),CC#N,CC#N,Nitrile,exact registered medium object; ionic-liquid/DES rows use the fixed aggregate proxy encoded by the supplied SMILES,radical_cation,1,2,self-medium Tier-1 GFN2/ddCOSMO optimized state geometry,tier1:redox:S001:S001:q1:m2,SRC_FULLSPACE_SOLVENT;SRC_PROJECT_TIER1_CURRENT
S002_Q0_M1,S002,solvent_oxidation_target,Dichloromethane (DCM),ClCCl,ClCCl,Halogenated solvent,exact registered medium object; ionic-liquid/DES rows use the fixed aggregate proxy encoded by the supplied SMILES,neutral,0,1,self-medium Tier-1 GFN2/ddCOSMO optimized state geometry,tier1:redox:S002:S002:q0:m1,SRC_FULLSPACE_SOLVENT;SRC_PROJECT_TIER1_CURRENT
S002_QP1_M2,S002,solvent_oxidation_target,Dichloromethane (DCM),ClCCl,ClCCl,Halogenated solvent,exact registered medium object; ionic-liquid/DES rows use the fixed aggregate proxy encoded by the supplied SMILES,radical_cation,1,2,self-medium Tier-1 GFN2/ddCOSMO optimized state geometry,tier1:redox:S002:S002:q1:m2,SRC_FULLSPACE_SOLVENT;SRC_PROJECT_TIER1_CURRENT
S003_Q0_M1,S003,solvent_oxidation_target,Propylene carbonate (PC),CC1COC(=O)O1,CC1COC(=O)O1,Cyclic carbonate,exact registered medium object; ionic-liquid/DES rows use the fixed aggregate proxy encoded by the supplied SMILES,neutral,0,1,self-medium Tier-1 GFN2/ddCOSMO optimized state geometry,tier1:redox:S003:S003:q0:m1,SRC_FULLSPACE_SOLVENT;SRC_PROJECT_TIER1_CURRENT
S003_QP1_M2,S003,solvent_oxidation_target,Propylene carbonate (PC),CC1COC(=O)O1,CC1COC(=O)O1,Cyclic carbonate,exact registered medium object; ionic-liquid/DES rows use the fixed aggregate proxy encoded by the supplied SMILES,radical_cation,1,2,self-medium Tier-1 GFN2/ddCOSMO optimized state geometry,tier1:redox:S003:S003:q1:m2,SRC_FULLSPACE_SOLVENT;SRC_PROJECT_TIER1_CURRENT
S004_Q0_M1,S004,solvent_oxidation_target,Nitrobenzene,O=[N+]([O-])c1ccccc1,O=[N+]([O-])c1ccccc1,Nitro solvent,exact registered medium object; ionic-liquid/DES rows use the fixed aggregate proxy encoded by the supplied SMILES,neutral,0,1,self-medium Tier-1 GFN2/ddCOSMO optimized state geometry,tier1:redox:S004:S004:q0:m1,SRC_FULLSPACE_SOLVENT;SRC_PROJECT_TIER1_CURRENT
S004_QP1_M2,S004,solvent_oxidation_target,Nitrobenzene,O=[N+]([O-])c1ccccc1,O=[N+]([O-])c1ccccc1,Nitro solvent,exact registered medium object; ionic-liquid/DES rows use the fixed aggregate proxy encoded by the supplied SMILES,radical_cation,1,2,self-medium Tier-1 GFN2/ddCOSMO optimized state geometry,tier1:redox:S004:S004:q1:m2,SRC_FULLSPACE_SOLVENT;SRC_PROJECT_TIER1_CURRENT
S005_Q0_M1,S005,solvent_oxidation_target,Benzonitrile,N#Cc1ccccc1,N#Cc1ccccc1,Nitrile,exact registered medium object; ionic-liquid/DES rows use the fixed aggregate proxy encoded by the supplied SMILES,neutral,0,1,self-medium Tier-1 GFN2/ddCOSMO optimized state geometry,tier1:redox:S005:S005:q0:m1,SRC_FULLSPACE_SOLVENT;SRC_PROJECT_TIER1_CURRENT
S005_QP1_M2,S005,solvent_oxidation_target,Benzonitrile,N#Cc1ccccc1,N#Cc1ccccc1,Nitrile,exact registered medium object; ionic-liquid/DES rows use the fixed aggregate proxy encoded by the supplied SMILES,radical_cation,1,2,self-medium Tier-1 GFN2/ddCOSMO optimized state geometry,tier1:redox:S005:S005:q1:m2,SRC_FULLSPACE_SOLVENT;SRC_PROJECT_TIER1_CURRENT
S006_Q0_M1,S006,solvent_oxidation_target,"N,N-Dimethylformamide (DMF)",CN(C)C=O,CN(C)C=O,Amide,exact registered medium object; ionic-liquid/DES rows use the fixed aggregate proxy encoded by the supplied SMILES,neutral,0,1,self-medium Tier-1 GFN2/ddCOSMO optimized state geometry,tier1:redox:S006:S006:q0:m1,SRC_FULLSPACE_SOLVENT;SRC_PROJECT_TIER1_CURRENT
S006_QP1_M2,S006,solvent_oxidation_target,"N,N-Dimethylformamide (DMF)",CN(C)C=O,CN(C)C=O,Amide,exact registered medium object; ionic-liquid/DES rows use the fixed aggregate proxy encoded by the supplied SMILES,radical_cation,1,2,self-medium Tier-1 GFN2/ddCOSMO optimized state geometry,tier1:redox:S006:S006:q1:m2,SRC_FULLSPACE_SOLVENT;SRC_PROJECT_TIER1_CURRENT
S007_Q0_M1,S007,solvent_oxidation_target,Dimethyl sulfoxide (DMSO),CS(C)=O,CS(C)=O,Sulfoxide,exact registered medium object; ionic-liquid/DES rows use the fixed aggregate proxy encoded by the supplied SMILES,neutral,0,1,self-medium Tier-1 GFN2/ddCOSMO optimized state geometry,tier1:redox:S007:S007:q0:m1,SRC_FULLSPACE_SOLVENT;SRC_PROJECT_TIER1_CURRENT
S007_QP1_M2,S007,solvent_oxidation_target,Dimethyl sulfoxide (DMSO),CS(C)=O,CS(C)=O,Sulfoxide,exact registered medium object; ionic-liquid/DES rows use the fixed aggregate proxy encoded by the supplied SMILES,radical_cation,1,2,self-medium Tier-1 GFN2/ddCOSMO optimized state geometry,tier1:redox:S007:S007:q1:m2,SRC_FULLSPACE_SOLVENT;SRC_PROJECT_TIER1_CURRENT
S008_Q0_M1,S008,solvent_oxidation_target,Tetrahydrofuran (THF),C1CCOC1,C1CCOC1,Ether,exact registered medium object; ionic-liquid/DES rows use the fixed aggregate proxy encoded by the supplied SMILES,neutral,0,1,self-medium Tier-1 GFN2/ddCOSMO optimized state geometry,tier1:redox:S008:S008:q0:m1,SRC_FULLSPACE_SOLVENT;SRC_PROJECT_TIER1_CURRENT
S008_QP1_M2,S008,solvent_oxidation_target,Tetrahydrofuran (THF),C1CCOC1,C1CCOC1,Ether,exact registered medium object; ionic-liquid/DES rows use the fixed aggregate proxy encoded by the supplied SMILES,radical_cation,1,2,self-medium Tier-1 GFN2/ddCOSMO optimized state geometry,tier1:redox:S008:S008:q1:m2,SRC_FULLSPACE_SOLVENT;SRC_PROJECT_TIER1_CURRENT
S009_Q0_M1,S009,solvent_oxidation_target,Nitromethane,C[N+](=O)[O-],C[N+](=O)[O-],Nitro solvent,exact registered medium object; ionic-liquid/DES rows use the fixed aggregate proxy encoded by the supplied SMILES,neutral,0,1,self-medium Tier-1 GFN2/ddCOSMO optimized state geometry,tier1:redox:S009:S009:q0:m1,SRC_FULLSPACE_SOLVENT;SRC_PROJECT_TIER1_CURRENT
S009_QP1_M2,S009,solvent_oxidation_target,Nitromethane,C[N+](=O)[O-],C[N+](=O)[O-],Nitro solvent,exact registered medium object; ionic-liquid/DES rows use the fixed aggregate proxy encoded by the supplied SMILES,radical_cation,1,2,self-medium Tier-1 GFN2/ddCOSMO optimized state geometry,tier1:redox:S009:S009:q1:m2,SRC_FULLSPACE_SOLVENT;SRC_PROJECT_TIER1_CURRENT
S010_Q0_M1,S010,solvent_oxidation_target,Water,O,O,Aqueous,exact registered medium object; ionic-liquid/DES rows use the fixed aggregate proxy encoded by the supplied SMILES,neutral,0,1,self-medium Tier-1 GFN2/ddCOSMO optimized state geometry,tier1:redox:S010:S010:q0:m1,SRC_FULLSPACE_SOLVENT;SRC_PROJECT_TIER1_CURRENT
S010_QP1_M2,S010,solvent_oxidation_target,Water,O,O,Aqueous,exact registered medium object; ionic-liquid/DES rows use the fixed aggregate proxy encoded by the supplied SMILES,radical_cation,1,2,self-medium Tier-1 GFN2/ddCOSMO optimized state geometry,tier1:redox:S010:S010:q1:m2,SRC_FULLSPACE_SOLVENT;SRC_PROJECT_TIER1_CURRENT
S011_Q0_M1,S011,solvent_oxidation_target,γ-Butyrolactone (GBL),O=C1CCCO1,O=C1CCCO1,Lactone,exact registered medium object; ionic-liquid/DES rows use the fixed aggregate proxy encoded by the supplied SMILES,neutral,0,1,self-medium Tier-1 GFN2/ddCOSMO optimized state geometry,tier1:redox:S011:S011:q0:m1,SRC_FULLSPACE_SOLVENT;SRC_PROJECT_TIER1_CURRENT
S011_QP1_M2,S011,solvent_oxidation_target,γ-Butyrolactone (GBL),O=C1CCCO1,O=C1CCCO1,Lactone,exact registered medium object; ionic-liquid/DES rows use the fixed aggregate proxy encoded by the supplied SMILES,radical_cation,1,2,self-medium Tier-1 GFN2/ddCOSMO optimized state geometry,tier1:redox:S011:S011:q1:m2,SRC_FULLSPACE_SOLVENT;SRC_PROJECT_TIER1_CURRENT
S012_Q0_M1,S012,solvent_oxidation_target,Sulfolane,O=S1(=O)CCCC1,O=S1(=O)CCCC1,Sulfone,exact registered medium object; ionic-liquid/DES rows use the fixed aggregate proxy encoded by the supplied SMILES,neutral,0,1,self-medium Tier-1 GFN2/ddCOSMO optimized state geometry,tier1:redox:S012:S012:q0:m1,SRC_FULLSPACE_SOLVENT;SRC_PROJECT_TIER1_CURRENT
S012_QP1_M2,S012,solvent_oxidation_target,Sulfolane,O=S1(=O)CCCC1,O=S1(=O)CCCC1,Sulfone,exact registered medium object; ionic-liquid/DES rows use the fixed aggregate proxy encoded by the supplied SMILES,radical_cation,1,2,self-medium Tier-1 GFN2/ddCOSMO optimized state geometry,tier1:redox:S012:S012:q1:m2,SRC_FULLSPACE_SOLVENT;SRC_PROJECT_TIER1_CURRENT
S013_Q0_M1,S013,solvent_oxidation_target,N-Methyl-2-pyrrolidone (NMP),CN1CCCC1=O,CN1CCCC1=O,Lactam,exact registered medium object; ionic-liquid/DES rows use the fixed aggregate proxy encoded by the supplied SMILES,neutral,0,1,self-medium Tier-1 GFN2/ddCOSMO optimized state geometry,tier1:redox:S013:S013:q0:m1,SRC_FULLSPACE_SOLVENT;SRC_PROJECT_TIER1_CURRENT
S013_QP1_M2,S013,solvent_oxidation_target,N-Methyl-2-pyrrolidone (NMP),CN1CCCC1=O,CN1CCCC1=O,Lactam,exact registered medium object; ionic-liquid/DES rows use the fixed aggregate proxy encoded by the supplied SMILES,radical_cation,1,2,self-medium Tier-1 GFN2/ddCOSMO optimized state geometry,tier1:redox:S013:S013:q1:m2,SRC_FULLSPACE_SOLVENT;SRC_PROJECT_TIER1_CURRENT
S014_Q0_M1,S014,solvent_oxidation_target,Boron trifluoride diethyl etherate (BFEE),CC[O+](CC)[B-](F)(F)F,CC[O+](CC)[B-](F)(F)F,Lewis-acid etherate,exact registered medium object; ionic-liquid/DES rows use the fixed aggregate proxy encoded by the supplied SMILES,neutral,0,1,self-medium Tier-1 GFN2/ddCOSMO optimized state geometry,tier1:redox:S014:S014:q0:m1,SRC_FULLSPACE_SOLVENT;SRC_PROJECT_TIER1_CURRENT
S014_QP1_M2,S014,solvent_oxidation_target,Boron trifluoride diethyl etherate (BFEE),CC[O+](CC)[B-](F)(F)F,CC[O+](CC)[B-](F)(F)F,Lewis-acid etherate,exact registered medium object; ionic-liquid/DES rows use the fixed aggregate proxy encoded by the supplied SMILES,radical_cation,1,2,self-medium Tier-1 GFN2/ddCOSMO optimized state geometry,tier1:redox:S014:S014:q1:m2,SRC_FULLSPACE_SOLVENT;SRC_PROJECT_TIER1_CURRENT
S015_Q0_M1,S015,solvent_oxidation_target,1-Butyl-3-methylimidazolium hexafluorophosphate ([BMIM][PF6]),CCCCn1cc[n+](C)c1.F[P-](F)(F)(F)(F)F,CCCCn1cc[n+](C)c1.F[P-](F)(F)(F)(F)F,Ionic liquid,exact registered medium object; ionic-liquid/DES rows use the fixed aggregate proxy encoded by the supplied SMILES,neutral,0,1,self-medium Tier-1 GFN2/ddCOSMO optimized state geometry,tier1:redox:S015:S015:q0:m1,SRC_FULLSPACE_SOLVENT;SRC_PROJECT_TIER1_CURRENT
S015_QP1_M2,S015,solvent_oxidation_target,1-Butyl-3-methylimidazolium hexafluorophosphate ([BMIM][PF6]),CCCCn1cc[n+](C)c1.F[P-](F)(F)(F)(F)F,CCCCn1cc[n+](C)c1.F[P-](F)(F)(F)(F)F,Ionic liquid,exact registered medium object; ionic-liquid/DES rows use the fixed aggregate proxy encoded by the supplied SMILES,radical_cation,1,2,self-medium Tier-1 GFN2/ddCOSMO optimized state geometry,tier1:redox:S015:S015:q1:m2,SRC_FULLSPACE_SOLVENT;SRC_PROJECT_TIER1_CURRENT
S016_Q0_M1,S016,solvent_oxidation_target,1-Butyl-3-methylimidazolium tetrafluoroborate ([BMIM][BF4]),CCCCn1cc[n+](C)c1.F[B-](F)(F)F,CCCCn1cc[n+](C)c1.F[B-](F)(F)F,Ionic liquid,exact registered medium object; ionic-liquid/DES rows use the fixed aggregate proxy encoded by the supplied SMILES,neutral,0,1,self-medium Tier-1 GFN2/ddCOSMO optimized state geometry,tier1:redox:S016:S016:q0:m1,SRC_FULLSPACE_SOLVENT;SRC_PROJECT_TIER1_CURRENT
S016_QP1_M2,S016,solvent_oxidation_target,1-Butyl-3-methylimidazolium tetrafluoroborate ([BMIM][BF4]),CCCCn1cc[n+](C)c1.F[B-](F)(F)F,CCCCn1cc[n+](C)c1.F[B-](F)(F)F,Ionic liquid,exact registered medium object; ionic-liquid/DES rows use the fixed aggregate proxy encoded by the supplied SMILES,radical_cation,1,2,self-medium Tier-1 GFN2/ddCOSMO optimized state geometry,tier1:redox:S016:S016:q1:m2,SRC_FULLSPACE_SOLVENT;SRC_PROJECT_TIER1_CURRENT
S017_Q0_M1,S017,solvent_oxidation_target,1-Ethyl-3-methylimidazolium bis(trifluoromethanesulfonyl)imide ([EMIM][TFSI]),CCn1cc[n+](C)c1.O=S(=O)([N-]S(=O)(=O)C(F)(F)F)C(F)(F)F,CCn1cc[n+](C)c1.O=S(=O)([N-]S(=O)(=O)C(F)(F)F)C(F)(F)F,Ionic liquid,exact registered medium object; ionic-liquid/DES rows use the fixed aggregate proxy encoded by the supplied SMILES,neutral,0,1,self-medium Tier-1 GFN2/ddCOSMO optimized state geometry,tier1:redox:S017:S017:q0:m1,SRC_FULLSPACE_SOLVENT;SRC_PROJECT_TIER1_CURRENT
S017_QP1_M2,S017,solvent_oxidation_target,1-Ethyl-3-methylimidazolium bis(trifluoromethanesulfonyl)imide ([EMIM][TFSI]),CCn1cc[n+](C)c1.O=S(=O)([N-]S(=O)(=O)C(F)(F)F)C(F)(F)F,CCn1cc[n+](C)c1.O=S(=O)([N-]S(=O)(=O)C(F)(F)F)C(F)(F)F,Ionic liquid,exact registered medium object; ionic-liquid/DES rows use the fixed aggregate proxy encoded by the supplied SMILES,radical_cation,1,2,self-medium Tier-1 GFN2/ddCOSMO optimized state geometry,tier1:redox:S017:S017:q1:m2,SRC_FULLSPACE_SOLVENT;SRC_PROJECT_TIER1_CURRENT
S018_Q0_M1,S018,solvent_oxidation_target,Choline chloride/urea (1:2) deep eutectic solvent,C[N+](C)(C)CCO.NC(N)=O.NC(N)=O.[Cl-],C[N+](C)(C)CCO.NC(N)=O.NC(N)=O.[Cl-],Deep eutectic solvent,exact registered medium object; ionic-liquid/DES rows use the fixed aggregate proxy encoded by the supplied SMILES,neutral,0,1,self-medium Tier-1 GFN2/ddCOSMO optimized state geometry,tier1:redox:S018:S018:q0:m1,SRC_FULLSPACE_SOLVENT;SRC_PROJECT_TIER1_CURRENT
S018_QP1_M2,S018,solvent_oxidation_target,Choline chloride/urea (1:2) deep eutectic solvent,C[N+](C)(C)CCO.NC(N)=O.NC(N)=O.[Cl-],C[N+](C)(C)CCO.NC(N)=O.NC(N)=O.[Cl-],Deep eutectic solvent,exact registered medium object; ionic-liquid/DES rows use the fixed aggregate proxy encoded by the supplied SMILES,radical_cation,1,2,self-medium Tier-1 GFN2/ddCOSMO optimized state geometry,tier1:redox:S018:S018:q1:m2,SRC_FULLSPACE_SOLVENT;SRC_PROJECT_TIER1_CURRENT
S019_Q0_M1,S019,solvent_oxidation_target,Propionitrile,CCC#N,CCC#N,Nitrile,exact registered medium object; ionic-liquid/DES rows use the fixed aggregate proxy encoded by the supplied SMILES,neutral,0,1,self-medium Tier-1 GFN2/ddCOSMO optimized state geometry,tier1:redox:S019:S019:q0:m1,SRC_FULLSPACE_SOLVENT;SRC_PROJECT_TIER1_CURRENT
S019_QP1_M2,S019,solvent_oxidation_target,Propionitrile,CCC#N,CCC#N,Nitrile,exact registered medium object; ionic-liquid/DES rows use the fixed aggregate proxy encoded by the supplied SMILES,radical_cation,1,2,self-medium Tier-1 GFN2/ddCOSMO optimized state geometry,tier1:redox:S019:S019:q1:m2,SRC_FULLSPACE_SOLVENT;SRC_PROJECT_TIER1_CURRENT
S020_Q0_M1,S020,solvent_oxidation_target,"1,2-Dichloroethane",ClCCCl,ClCCCl,Halogenated solvent,exact registered medium object; ionic-liquid/DES rows use the fixed aggregate proxy encoded by the supplied SMILES,neutral,0,1,self-medium Tier-1 GFN2/ddCOSMO optimized state geometry,tier1:redox:S020:S020:q0:m1,SRC_FULLSPACE_SOLVENT;SRC_PROJECT_TIER1_CURRENT
S020_QP1_M2,S020,solvent_oxidation_target,"1,2-Dichloroethane",ClCCCl,ClCCCl,Halogenated solvent,exact registered medium object; ionic-liquid/DES rows use the fixed aggregate proxy encoded by the supplied SMILES,radical_cation,1,2,self-medium Tier-1 GFN2/ddCOSMO optimized state geometry,tier1:redox:S020:S020:q1:m2,SRC_FULLSPACE_SOLVENT;SRC_PROJECT_TIER1_CURRENT
S021_Q0_M1,S021,solvent_oxidation_target,Chloroform,ClC(Cl)Cl,ClC(Cl)Cl,Halogenated solvent,exact registered medium object; ionic-liquid/DES rows use the fixed aggregate proxy encoded by the supplied SMILES,neutral,0,1,self-medium Tier-1 GFN2/ddCOSMO optimized state geometry,tier1:redox:S021:S021:q0:m1,SRC_FULLSPACE_SOLVENT;SRC_PROJECT_TIER1_CURRENT
S021_QP1_M2,S021,solvent_oxidation_target,Chloroform,ClC(Cl)Cl,ClC(Cl)Cl,Halogenated solvent,exact registered medium object; ionic-liquid/DES rows use the fixed aggregate proxy encoded by the supplied SMILES,radical_cation,1,2,self-medium Tier-1 GFN2/ddCOSMO optimized state geometry,tier1:redox:S021:S021:q1:m2,SRC_FULLSPACE_SOLVENT;SRC_PROJECT_TIER1_CURRENT
S022_Q0_M1,S022,solvent_oxidation_target,Ethylene carbonate,O=C1OCCO1,O=C1OCCO1,Cyclic carbonate,exact registered medium object; ionic-liquid/DES rows use the fixed aggregate proxy encoded by the supplied SMILES,neutral,0,1,self-medium Tier-1 GFN2/ddCOSMO optimized state geometry,tier1:redox:S022:S022:q0:m1,SRC_FULLSPACE_SOLVENT;SRC_PROJECT_TIER1_CURRENT
S022_QP1_M2,S022,solvent_oxidation_target,Ethylene carbonate,O=C1OCCO1,O=C1OCCO1,Cyclic carbonate,exact registered medium object; ionic-liquid/DES rows use the fixed aggregate proxy encoded by the supplied SMILES,radical_cation,1,2,self-medium Tier-1 GFN2/ddCOSMO optimized state geometry,tier1:redox:S022:S022:q1:m2,SRC_FULLSPACE_SOLVENT;SRC_PROJECT_TIER1_CURRENT
S023_Q0_M1,S023,solvent_oxidation_target,Dimethyl carbonate,COC(=O)OC,COC(=O)OC,Linear carbonate,exact registered medium object; ionic-liquid/DES rows use the fixed aggregate proxy encoded by the supplied SMILES,neutral,0,1,self-medium Tier-1 GFN2/ddCOSMO optimized state geometry,tier1:redox:S023:S023:q0:m1,SRC_FULLSPACE_SOLVENT;SRC_PROJECT_TIER1_CURRENT
S023_QP1_M2,S023,solvent_oxidation_target,Dimethyl carbonate,COC(=O)OC,COC(=O)OC,Linear carbonate,exact registered medium object; ionic-liquid/DES rows use the fixed aggregate proxy encoded by the supplied SMILES,radical_cation,1,2,self-medium Tier-1 GFN2/ddCOSMO optimized state geometry,tier1:redox:S023:S023:q1:m2,SRC_FULLSPACE_SOLVENT;SRC_PROJECT_TIER1_CURRENT
S024_Q0_M1,S024,solvent_oxidation_target,"1,4-Dioxane",C1COCCO1,C1COCCO1,Ether,exact registered medium object; ionic-liquid/DES rows use the fixed aggregate proxy encoded by the supplied SMILES,neutral,0,1,self-medium Tier-1 GFN2/ddCOSMO optimized state geometry,tier1:redox:S024:S024:q0:m1,SRC_FULLSPACE_SOLVENT;SRC_PROJECT_TIER1_CURRENT
S024_QP1_M2,S024,solvent_oxidation_target,"1,4-Dioxane",C1COCCO1,C1COCCO1,Ether,exact registered medium object; ionic-liquid/DES rows use the fixed aggregate proxy encoded by the supplied SMILES,radical_cation,1,2,self-medium Tier-1 GFN2/ddCOSMO optimized state geometry,tier1:redox:S024:S024:q1:m2,SRC_FULLSPACE_SOLVENT;SRC_PROJECT_TIER1_CURRENT
S025_Q0_M1,S025,solvent_oxidation_target,Diethylene glycol dimethyl ether (diglyme),COCCOCCOC,COCCOCCOC,Polyether,exact registered medium object; ionic-liquid/DES rows use the fixed aggregate proxy encoded by the supplied SMILES,neutral,0,1,self-medium Tier-1 GFN2/ddCOSMO optimized state geometry,tier1:redox:S025:S025:q0:m1,SRC_FULLSPACE_SOLVENT;SRC_PROJECT_TIER1_CURRENT
S025_QP1_M2,S025,solvent_oxidation_target,Diethylene glycol dimethyl ether (diglyme),COCCOCCOC,COCCOCCOC,Polyether,exact registered medium object; ionic-liquid/DES rows use the fixed aggregate proxy encoded by the supplied SMILES,radical_cation,1,2,self-medium Tier-1 GFN2/ddCOSMO optimized state geometry,tier1:redox:S025:S025:q1:m2,SRC_FULLSPACE_SOLVENT;SRC_PROJECT_TIER1_CURRENT
A001_QM1_M1,A001,electrolyte_anion,Hexafluorophosphate (PF6−),F[P-](F)(F)(F)(F)F,F[P-](F)(F)(F)(F)F,Tetraalkylammonium,unique canonical anion after canonical-SMILES deduplication,anion,-1,1,solvent-specific Tier-1 GFN2/ddCOSMO optimized state geometry,tier1:redox:A001:{solvent_id}:q-1:m1,SRC_FULLSPACE_ELECTROLYTE;SRC_PROJECT_TIER1_CURRENT
A001_Q0_M2,A001,electrolyte_anion,Hexafluorophosphate (PF6−),F[P-](F)(F)(F)(F)F,F[P-](F)(F)(F)(F)F,Tetraalkylammonium,unique canonical anion after canonical-SMILES deduplication,neutral_radical,0,2,solvent-specific Tier-1 GFN2/ddCOSMO optimized state geometry,tier1:redox:A001:{solvent_id}:q0:m2,SRC_FULLSPACE_ELECTROLYTE;SRC_PROJECT_TIER1_CURRENT
A002_QM1_M1,A002,electrolyte_anion,Tetrafluoroborate (BF4−),F[B-](F)(F)F,F[B-](F)(F)F,Lithium; Tetraalkylammonium,unique canonical anion after canonical-SMILES deduplication,anion,-1,1,solvent-specific Tier-1 GFN2/ddCOSMO optimized state geometry,tier1:redox:A002:{solvent_id}:q-1:m1,SRC_FULLSPACE_ELECTROLYTE;SRC_PROJECT_TIER1_CURRENT
A002_Q0_M2,A002,electrolyte_anion,Tetrafluoroborate (BF4−),F[B-](F)(F)F,F[B-](F)(F)F,Lithium; Tetraalkylammonium,unique canonical anion after canonical-SMILES deduplication,neutral_radical,0,2,solvent-specific Tier-1 GFN2/ddCOSMO optimized state geometry,tier1:redox:A002:{solvent_id}:q0:m2,SRC_FULLSPACE_ELECTROLYTE;SRC_PROJECT_TIER1_CURRENT
A003_QM1_M1,A003,electrolyte_anion,Perchlorate (ClO4−),[O-][Cl+3]([O-])([O-])[O-],[O-][Cl+3]([O-])([O-])[O-],Acid; Lithium; Silver; Sodium; Tetraalkylammonium,unique canonical anion after canonical-SMILES deduplication,anion,-1,1,solvent-specific Tier-1 GFN2/ddCOSMO optimized state geometry,tier1:redox:A003:{solvent_id}:q-1:m1,SRC_FULLSPACE_ELECTROLYTE;SRC_PROJECT_TIER1_CURRENT
A003_Q0_M2,A003,electrolyte_anion,Perchlorate (ClO4−),[O-][Cl+3]([O-])([O-])[O-],[O-][Cl+3]([O-])([O-])[O-],Acid; Lithium; Silver; Sodium; Tetraalkylammonium,unique canonical anion after canonical-SMILES deduplication,neutral_radical,0,2,solvent-specific Tier-1 GFN2/ddCOSMO optimized state geometry,tier1:redox:A003:{solvent_id}:q0:m2,SRC_FULLSPACE_ELECTROLYTE;SRC_PROJECT_TIER1_CURRENT
A004_QM1_M1,A004,electrolyte_anion,Trifluoromethanesulfonate (OTf−),O=S(=O)([O-])C(F)(F)F,O=S(=O)([O-])C(F)(F)F,Tetraalkylammonium,unique canonical anion after canonical-SMILES deduplication,anion,-1,1,solvent-specific Tier-1 GFN2/ddCOSMO optimized state geometry,tier1:redox:A004:{solvent_id}:q-1:m1,SRC_FULLSPACE_ELECTROLYTE;SRC_PROJECT_TIER1_CURRENT
A004_Q0_M2,A004,electrolyte_anion,Trifluoromethanesulfonate (OTf−),O=S(=O)([O-])C(F)(F)F,O=S(=O)([O-])C(F)(F)F,Tetraalkylammonium,unique canonical anion after canonical-SMILES deduplication,neutral_radical,0,2,solvent-specific Tier-1 GFN2/ddCOSMO optimized state geometry,tier1:redox:A004:{solvent_id}:q0:m2,SRC_FULLSPACE_ELECTROLYTE;SRC_PROJECT_TIER1_CURRENT
A005_QM1_M1,A005,electrolyte_anion,Bis(trifluoromethanesulfonyl)imide (TFSI−),O=S(=O)([N-]S(=O)(=O)C(F)(F)F)C(F)(F)F,O=S(=O)([N-]S(=O)(=O)C(F)(F)F)C(F)(F)F,Lithium; Tetraalkylammonium,unique canonical anion after canonical-SMILES deduplication,anion,-1,1,solvent-specific Tier-1 GFN2/ddCOSMO optimized state geometry,tier1:redox:A005:{solvent_id}:q-1:m1,SRC_FULLSPACE_ELECTROLYTE;SRC_PROJECT_TIER1_CURRENT
A005_Q0_M2,A005,electrolyte_anion,Bis(trifluoromethanesulfonyl)imide (TFSI−),O=S(=O)([N-]S(=O)(=O)C(F)(F)F)C(F)(F)F,O=S(=O)([N-]S(=O)(=O)C(F)(F)F)C(F)(F)F,Lithium; Tetraalkylammonium,unique canonical anion after canonical-SMILES deduplication,neutral_radical,0,2,solvent-specific Tier-1 GFN2/ddCOSMO optimized state geometry,tier1:redox:A005:{solvent_id}:q0:m2,SRC_FULLSPACE_ELECTROLYTE;SRC_PROJECT_TIER1_CURRENT
A006_QM1_M1,A006,electrolyte_anion,Poly(styrene sulfonate) H-capped repeat-unit anion (PSS− proxy),CCc1ccc(S(=O)(=O)[O-])cc1,CCc1ccc(S(=O)(=O)[O-])cc1,Polymeric,unique canonical anion after canonical-SMILES deduplication,anion,-1,1,solvent-specific Tier-1 GFN2/ddCOSMO optimized state geometry,tier1:redox:A006:{solvent_id}:q-1:m1,SRC_FULLSPACE_ELECTROLYTE;SRC_PROJECT_TIER1_CURRENT
A006_Q0_M2,A006,electrolyte_anion,Poly(styrene sulfonate) H-capped repeat-unit anion (PSS− proxy),CCc1ccc(S(=O)(=O)[O-])cc1,CCc1ccc(S(=O)(=O)[O-])cc1,Polymeric,unique canonical anion after canonical-SMILES deduplication,neutral_radical,0,2,solvent-specific Tier-1 GFN2/ddCOSMO optimized state geometry,tier1:redox:A006:{solvent_id}:q0:m2,SRC_FULLSPACE_ELECTROLYTE;SRC_PROJECT_TIER1_CURRENT
A007_QM1_M1,A007,electrolyte_anion,4-Dodecylbenzenesulfonate (DBSA−),CCCCCCCCCCCCc1ccc(S(=O)(=O)[O-])cc1,CCCCCCCCCCCCc1ccc(S(=O)(=O)[O-])cc1,Surfactant,unique canonical anion after canonical-SMILES deduplication,anion,-1,1,solvent-specific Tier-1 GFN2/ddCOSMO optimized state geometry,tier1:redox:A007:{solvent_id}:q-1:m1,SRC_FULLSPACE_ELECTROLYTE;SRC_PROJECT_TIER1_CURRENT
A007_Q0_M2,A007,electrolyte_anion,4-Dodecylbenzenesulfonate (DBSA−),CCCCCCCCCCCCc1ccc(S(=O)(=O)[O-])cc1,CCCCCCCCCCCCc1ccc(S(=O)(=O)[O-])cc1,Surfactant,unique canonical anion after canonical-SMILES deduplication,neutral_radical,0,2,solvent-specific Tier-1 GFN2/ddCOSMO optimized state geometry,tier1:redox:A007:{solvent_id}:q0:m2,SRC_FULLSPACE_ELECTROLYTE;SRC_PROJECT_TIER1_CURRENT
A008_QM1_M1,A008,electrolyte_anion,Hydrogen sulfate (HSO4−),O=S(=O)([O-])O,O=S(=O)([O-])O,Acid,unique canonical anion after canonical-SMILES deduplication,anion,-1,1,solvent-specific Tier-1 GFN2/ddCOSMO optimized state geometry,tier1:redox:A008:{solvent_id}:q-1:m1,SRC_FULLSPACE_ELECTROLYTE;SRC_PROJECT_TIER1_CURRENT
A008_Q0_M2,A008,electrolyte_anion,Hydrogen sulfate (HSO4−),O=S(=O)([O-])O,O=S(=O)([O-])O,Acid,unique canonical anion after canonical-SMILES deduplication,neutral_radical,0,2,solvent-specific Tier-1 GFN2/ddCOSMO optimized state geometry,tier1:redox:A008:{solvent_id}:q0:m2,SRC_FULLSPACE_ELECTROLYTE;SRC_PROJECT_TIER1_CURRENT
A009_QM1_M1,A009,electrolyte_anion,"4-Methylbenzenesulfonate (tosylate, pTS−)",Cc1ccc(S(=O)(=O)[O-])cc1,Cc1ccc(S(=O)(=O)[O-])cc1,Organic acid,unique canonical anion after canonical-SMILES deduplication,anion,-1,1,solvent-specific Tier-1 GFN2/ddCOSMO optimized state geometry,tier1:redox:A009:{solvent_id}:q-1:m1,SRC_FULLSPACE_ELECTROLYTE;SRC_PROJECT_TIER1_CURRENT
A009_Q0_M2,A009,electrolyte_anion,"4-Methylbenzenesulfonate (tosylate, pTS−)",Cc1ccc(S(=O)(=O)[O-])cc1,Cc1ccc(S(=O)(=O)[O-])cc1,Organic acid,unique canonical anion after canonical-SMILES deduplication,neutral_radical,0,2,solvent-specific Tier-1 GFN2/ddCOSMO optimized state geometry,tier1:redox:A009:{solvent_id}:q0:m2,SRC_FULLSPACE_ELECTROLYTE;SRC_PROJECT_TIER1_CURRENT
A010_QM1_M1,A010,electrolyte_anion,Camphor-10-sulfonate (CSA−),CC1(C)C2CCC1(CS(=O)(=O)[O-])C(=O)C2,CC1(C)C2CCC1(CS(=O)(=O)[O-])C(=O)C2,Organic acid,unique canonical anion after canonical-SMILES deduplication,anion,-1,1,solvent-specific Tier-1 GFN2/ddCOSMO optimized state geometry,tier1:redox:A010:{solvent_id}:q-1:m1,SRC_FULLSPACE_ELECTROLYTE;SRC_PROJECT_TIER1_CURRENT
A010_Q0_M2,A010,electrolyte_anion,Camphor-10-sulfonate (CSA−),CC1(C)C2CCC1(CS(=O)(=O)[O-])C(=O)C2,CC1(C)C2CCC1(CS(=O)(=O)[O-])C(=O)C2,Organic acid,unique canonical anion after canonical-SMILES deduplication,neutral_radical,0,2,solvent-specific Tier-1 GFN2/ddCOSMO optimized state geometry,tier1:redox:A010:{solvent_id}:q0:m2,SRC_FULLSPACE_ELECTROLYTE;SRC_PROJECT_TIER1_CURRENT
A011_QM1_M1,A011,electrolyte_anion,Chloride (Cl−),[Cl-],[Cl-],Inorganic,unique canonical anion after canonical-SMILES deduplication,anion,-1,1,solvent-specific Tier-1 GFN2/ddCOSMO optimized state geometry,tier1:redox:A011:{solvent_id}:q-1:m1,SRC_FULLSPACE_ELECTROLYTE;SRC_PROJECT_TIER1_CURRENT
A011_Q0_M2,A011,electrolyte_anion,Chloride (Cl−),[Cl-],[Cl-],Inorganic,unique canonical anion after canonical-SMILES deduplication,neutral_radical,0,2,solvent-specific Tier-1 GFN2/ddCOSMO optimized state geometry,tier1:redox:A011:{solvent_id}:q0:m2,SRC_FULLSPACE_ELECTROLYTE;SRC_PROJECT_TIER1_CURRENT
D001_QP2_M1,M001,sigma_complex_dication,Thiophene sigma-complex dication,tier2/src/gen_structures.py sigma constructor from M001,,Thiophenes,deterministic project sigma-complex dication built from the corresponding monomer,sigma_complex_dication,2,1,deterministic sigma construction then solvent-specific GFN2/ddCOSMO preoptimization with connectivity QC,surrogate:sigma_preopt:D001:{solvent_id}:q2:m1,SRC_PROJECT_TIER2_CURRENT;SRC_HANDOFF_SPEC
D002_QP2_M1,M002,sigma_complex_dication,3-Methylthiophene sigma-complex dication,tier2/src/gen_structures.py sigma constructor from M002,,Thiophenes,deterministic project sigma-complex dication built from the corresponding monomer,sigma_complex_dication,2,1,deterministic sigma construction then solvent-specific GFN2/ddCOSMO preoptimization with connectivity QC,surrogate:sigma_preopt:D002:{solvent_id}:q2:m1,SRC_PROJECT_TIER2_CURRENT;SRC_HANDOFF_SPEC
D003_QP2_M1,M003,sigma_complex_dication,3-Ethylthiophene sigma-complex dication,tier2/src/gen_structures.py sigma constructor from M003,,Thiophenes,deterministic project sigma-complex dication built from the corresponding monomer,sigma_complex_dication,2,1,deterministic sigma construction then solvent-specific GFN2/ddCOSMO preoptimization with connectivity QC,surrogate:sigma_preopt:D003:{solvent_id}:q2:m1,SRC_PROJECT_TIER2_CURRENT;SRC_HANDOFF_SPEC
D004_QP2_M1,M004,sigma_complex_dication,3-Propylthiophene sigma-complex dication,tier2/src/gen_structures.py sigma constructor from M004,,Thiophenes,deterministic project sigma-complex dication built from the corresponding monomer,sigma_complex_dication,2,1,deterministic sigma construction then solvent-specific GFN2/ddCOSMO preoptimization with connectivity QC,surrogate:sigma_preopt:D004:{solvent_id}:q2:m1,SRC_PROJECT_TIER2_CURRENT;SRC_HANDOFF_SPEC
D005_QP2_M1,M005,sigma_complex_dication,3-Butylthiophene sigma-complex dication,tier2/src/gen_structures.py sigma constructor from M005,,Thiophenes,deterministic project sigma-complex dication built from the corresponding monomer,sigma_complex_dication,2,1,deterministic sigma construction then solvent-specific GFN2/ddCOSMO preoptimization with connectivity QC,surrogate:sigma_preopt:D005:{solvent_id}:q2:m1,SRC_PROJECT_TIER2_CURRENT;SRC_HANDOFF_SPEC
D006_QP2_M1,M006,sigma_complex_dication,3-Hexylthiophene (3HT) sigma-complex dication,tier2/src/gen_structures.py sigma constructor from M006,,Thiophenes,deterministic project sigma-complex dication built from the corresponding monomer,sigma_complex_dication,2,1,deterministic sigma construction then solvent-specific GFN2/ddCOSMO preoptimization with connectivity QC,surrogate:sigma_preopt:D006:{solvent_id}:q2:m1,SRC_PROJECT_TIER2_CURRENT;SRC_HANDOFF_SPEC
D007_QP2_M1,M007,sigma_complex_dication,3-Octylthiophene sigma-complex dication,tier2/src/gen_structures.py sigma constructor from M007,,Thiophenes,deterministic project sigma-complex dication built from the corresponding monomer,sigma_complex_dication,2,1,deterministic sigma construction then solvent-specific GFN2/ddCOSMO preoptimization with connectivity QC,surrogate:sigma_preopt:D007:{solvent_id}:q2:m1,SRC_PROJECT_TIER2_CURRENT;SRC_HANDOFF_SPEC
D008_QP2_M1,M008,sigma_complex_dication,3-Methoxythiophene sigma-complex dication,tier2/src/gen_structures.py sigma constructor from M008,,Thiophenes,deterministic project sigma-complex dication built from the corresponding monomer,sigma_complex_dication,2,1,deterministic sigma construction then solvent-specific GFN2/ddCOSMO preoptimization with connectivity QC,surrogate:sigma_preopt:D008:{solvent_id}:q2:m1,SRC_PROJECT_TIER2_CURRENT;SRC_HANDOFF_SPEC
D009_QP2_M1,M009,sigma_complex_dication,3-Ethoxythiophene sigma-complex dication,tier2/src/gen_structures.py sigma constructor from M009,,Thiophenes,deterministic project sigma-complex dication built from the corresponding monomer,sigma_complex_dication,2,1,deterministic sigma construction then solvent-specific GFN2/ddCOSMO preoptimization with connectivity QC,surrogate:sigma_preopt:D009:{solvent_id}:q2:m1,SRC_PROJECT_TIER2_CURRENT;SRC_HANDOFF_SPEC
D010_QP2_M1,M010,sigma_complex_dication,3-Fluorothiophene sigma-complex dication,tier2/src/gen_structures.py sigma constructor from M010,,Thiophenes,deterministic project sigma-complex dication built from the corresponding monomer,sigma_complex_dication,2,1,deterministic sigma construction then solvent-specific GFN2/ddCOSMO preoptimization with connectivity QC,surrogate:sigma_preopt:D010:{solvent_id}:q2:m1,SRC_PROJECT_TIER2_CURRENT;SRC_HANDOFF_SPEC
D011_QP2_M1,M011,sigma_complex_dication,3-Chlorothiophene sigma-complex dication,tier2/src/gen_structures.py sigma constructor from M011,,Thiophenes,deterministic project sigma-complex dication built from the corresponding monomer,sigma_complex_dication,2,1,deterministic sigma construction then solvent-specific GFN2/ddCOSMO preoptimization with connectivity QC,surrogate:sigma_preopt:D011:{solvent_id}:q2:m1,SRC_PROJECT_TIER2_CURRENT;SRC_HANDOFF_SPEC
D012_QP2_M1,M012,sigma_complex_dication,3-Bromothiophene sigma-complex dication,tier2/src/gen_structures.py sigma constructor from M012,,Thiophenes,deterministic project sigma-complex dication built from the corresponding monomer,sigma_complex_dication,2,1,deterministic sigma construction then solvent-specific GFN2/ddCOSMO preoptimization with connectivity QC,surrogate:sigma_preopt:D012:{solvent_id}:q2:m1,SRC_PROJECT_TIER2_CURRENT;SRC_HANDOFF_SPEC
D013_QP2_M1,M013,sigma_complex_dication,Thiophene-3-carbonitrile sigma-complex dication,tier2/src/gen_structures.py sigma constructor from M013,,Thiophenes,deterministic project sigma-complex dication built from the corresponding monomer,sigma_complex_dication,2,1,deterministic sigma construction then solvent-specific GFN2/ddCOSMO preoptimization with connectivity QC,surrogate:sigma_preopt:D013:{solvent_id}:q2:m1,SRC_PROJECT_TIER2_CURRENT;SRC_HANDOFF_SPEC
D014_QP2_M1,M014,sigma_complex_dication,Methyl thiophene-3-carboxylate sigma-complex dication,tier2/src/gen_structures.py sigma constructor from M014,,Thiophenes,deterministic project sigma-complex dication built from the corresponding monomer,sigma_complex_dication,2,1,deterministic sigma construction then solvent-specific GFN2/ddCOSMO preoptimization with connectivity QC,surrogate:sigma_preopt:D014:{solvent_id}:q2:m1,SRC_PROJECT_TIER2_CURRENT;SRC_HANDOFF_SPEC
D015_QP2_M1,M015,sigma_complex_dication,3-Acetylthiophene sigma-complex dication,tier2/src/gen_structures.py sigma constructor from M015,,Thiophenes,deterministic project sigma-complex dication built from the corresponding monomer,sigma_complex_dication,2,1,deterministic sigma construction then solvent-specific GFN2/ddCOSMO preoptimization with connectivity QC,surrogate:sigma_preopt:D015:{solvent_id}:q2:m1,SRC_PROJECT_TIER2_CURRENT;SRC_HANDOFF_SPEC
D016_QP2_M1,M016,sigma_complex_dication,"3,4-Dimethylthiophene sigma-complex dication",tier2/src/gen_structures.py sigma constructor from M016,,Thiophenes,deterministic project sigma-complex dication built from the corresponding monomer,sigma_complex_dication,2,1,deterministic sigma construction then solvent-specific GFN2/ddCOSMO preoptimization with connectivity QC,surrogate:sigma_preopt:D016:{solvent_id}:q2:m1,SRC_PROJECT_TIER2_CURRENT;SRC_HANDOFF_SPEC
D017_QP2_M1,M017,sigma_complex_dication,"3,4-Diethylthiophene sigma-complex dication",tier2/src/gen_structures.py sigma constructor from M017,,Thiophenes,deterministic project sigma-complex dication built from the corresponding monomer,sigma_complex_dication,2,1,deterministic sigma construction then solvent-specific GFN2/ddCOSMO preoptimization with connectivity QC,surrogate:sigma_preopt:D017:{solvent_id}:q2:m1,SRC_PROJECT_TIER2_CURRENT;SRC_HANDOFF_SPEC
D018_QP2_M1,M018,sigma_complex_dication,"3,4-Difluorothiophene sigma-complex dication",tier2/src/gen_structures.py sigma constructor from M018,,Thiophenes,deterministic project sigma-complex dication built from the corresponding monomer,sigma_complex_dication,2,1,deterministic sigma construction then solvent-specific GFN2/ddCOSMO preoptimization with connectivity QC,surrogate:sigma_preopt:D018:{solvent_id}:q2:m1,SRC_PROJECT_TIER2_CURRENT;SRC_HANDOFF_SPEC
D019_QP2_M1,M019,sigma_complex_dication,"3,4-Dichlorothiophene sigma-complex dication",tier2/src/gen_structures.py sigma constructor from M019,,Thiophenes,deterministic project sigma-complex dication built from the corresponding monomer,sigma_complex_dication,2,1,deterministic sigma construction then solvent-specific GFN2/ddCOSMO preoptimization with connectivity QC,surrogate:sigma_preopt:D019:{solvent_id}:q2:m1,SRC_PROJECT_TIER2_CURRENT;SRC_HANDOFF_SPEC
D020_QP2_M1,M020,sigma_complex_dication,"3,4-Dimethoxythiophene sigma-complex dication",tier2/src/gen_structures.py sigma constructor from M020,,Thiophenes,deterministic project sigma-complex dication built from the corresponding monomer,sigma_complex_dication,2,1,deterministic sigma construction then solvent-specific GFN2/ddCOSMO preoptimization with connectivity QC,surrogate:sigma_preopt:D020:{solvent_id}:q2:m1,SRC_PROJECT_TIER2_CURRENT;SRC_HANDOFF_SPEC
D021_QP2_M1,M021,sigma_complex_dication,3-(Trifluoromethyl)thiophene sigma-complex dication,tier2/src/gen_structures.py sigma constructor from M021,,Thiophenes,deterministic project sigma-complex dication built from the corresponding monomer,sigma_complex_dication,2,1,deterministic sigma construction then solvent-specific GFN2/ddCOSMO preoptimization with connectivity QC,surrogate:sigma_preopt:D021:{solvent_id}:q2:m1,SRC_PROJECT_TIER2_CURRENT;SRC_HANDOFF_SPEC
D022_QP2_M1,M022,sigma_complex_dication,"3,4-Ethylenedioxythiophene (EDOT) sigma-complex dication",tier2/src/gen_structures.py sigma constructor from M022,,Thiophenes,deterministic project sigma-complex dication built from the corresponding monomer,sigma_complex_dication,2,1,deterministic sigma construction then solvent-specific GFN2/ddCOSMO preoptimization with connectivity QC,surrogate:sigma_preopt:D022:{solvent_id}:q2:m1,SRC_PROJECT_TIER2_CURRENT;SRC_HANDOFF_SPEC
D023_QP2_M1,M023,sigma_complex_dication,"3,4-Propylenedioxythiophene (ProDOT) sigma-complex dication",tier2/src/gen_structures.py sigma constructor from M023,,Thiophenes,deterministic project sigma-complex dication built from the corresponding monomer,sigma_complex_dication,2,1,deterministic sigma construction then solvent-specific GFN2/ddCOSMO preoptimization with connectivity QC,surrogate:sigma_preopt:D023:{solvent_id}:q2:m1,SRC_PROJECT_TIER2_CURRENT;SRC_HANDOFF_SPEC
D024_QP2_M1,M024,sigma_complex_dication,"2,2′-Bithiophene sigma-complex dication",tier2/src/gen_structures.py sigma constructor from M024,,Thiophenes,deterministic project sigma-complex dication built from the corresponding monomer,sigma_complex_dication,2,1,deterministic sigma construction then solvent-specific GFN2/ddCOSMO preoptimization with connectivity QC,surrogate:sigma_preopt:D024:{solvent_id}:q2:m1,SRC_PROJECT_TIER2_CURRENT;SRC_HANDOFF_SPEC
D025_QP2_M1,M025,sigma_complex_dication,"2,2′:5′,2″-Terthiophene sigma-complex dication",tier2/src/gen_structures.py sigma constructor from M025,,Thiophenes,deterministic project sigma-complex dication built from the corresponding monomer,sigma_complex_dication,2,1,deterministic sigma construction then solvent-specific GFN2/ddCOSMO preoptimization with connectivity QC,surrogate:sigma_preopt:D025:{solvent_id}:q2:m1,SRC_PROJECT_TIER2_CURRENT;SRC_HANDOFF_SPEC
D026_QP2_M1,M026,sigma_complex_dication,Pyrrole sigma-complex dication,tier2/src/gen_structures.py sigma constructor from M026,,Pyrroles,deterministic project sigma-complex dication built from the corresponding monomer,sigma_complex_dication,2,1,deterministic sigma construction then solvent-specific GFN2/ddCOSMO preoptimization with connectivity QC,surrogate:sigma_preopt:D026:{solvent_id}:q2:m1,SRC_PROJECT_TIER2_CURRENT;SRC_HANDOFF_SPEC
D027_QP2_M1,M027,sigma_complex_dication,N-Methylpyrrole sigma-complex dication,tier2/src/gen_structures.py sigma constructor from M027,,Pyrroles,deterministic project sigma-complex dication built from the corresponding monomer,sigma_complex_dication,2,1,deterministic sigma construction then solvent-specific GFN2/ddCOSMO preoptimization with connectivity QC,surrogate:sigma_preopt:D027:{solvent_id}:q2:m1,SRC_PROJECT_TIER2_CURRENT;SRC_HANDOFF_SPEC
D028_QP2_M1,M028,sigma_complex_dication,N-Ethylpyrrole sigma-complex dication,tier2/src/gen_structures.py sigma constructor from M028,,Pyrroles,deterministic project sigma-complex dication built from the corresponding monomer,sigma_complex_dication,2,1,deterministic sigma construction then solvent-specific GFN2/ddCOSMO preoptimization with connectivity QC,surrogate:sigma_preopt:D028:{solvent_id}:q2:m1,SRC_PROJECT_TIER2_CURRENT;SRC_HANDOFF_SPEC
D029_QP2_M1,M029,sigma_complex_dication,N-Propylpyrrole sigma-complex dication,tier2/src/gen_structures.py sigma constructor from M029,,Pyrroles,deterministic project sigma-complex dication built from the corresponding monomer,sigma_complex_dication,2,1,deterministic sigma construction then solvent-specific GFN2/ddCOSMO preoptimization with connectivity QC,surrogate:sigma_preopt:D029:{solvent_id}:q2:m1,SRC_PROJECT_TIER2_CURRENT;SRC_HANDOFF_SPEC
D030_QP2_M1,M030,sigma_complex_dication,N-Hexylpyrrole sigma-complex dication,tier2/src/gen_structures.py sigma constructor from M030,,Pyrroles,deterministic project sigma-complex dication built from the corresponding monomer,sigma_complex_dication,2,1,deterministic sigma construction then solvent-specific GFN2/ddCOSMO preoptimization with connectivity QC,surrogate:sigma_preopt:D030:{solvent_id}:q2:m1,SRC_PROJECT_TIER2_CURRENT;SRC_HANDOFF_SPEC
D031_QP2_M1,M031,sigma_complex_dication,N-Octylpyrrole sigma-complex dication,tier2/src/gen_structures.py sigma constructor from M031,,Pyrroles,deterministic project sigma-complex dication built from the corresponding monomer,sigma_complex_dication,2,1,deterministic sigma construction then solvent-specific GFN2/ddCOSMO preoptimization with connectivity QC,surrogate:sigma_preopt:D031:{solvent_id}:q2:m1,SRC_PROJECT_TIER2_CURRENT;SRC_HANDOFF_SPEC
D032_QP2_M1,M032,sigma_complex_dication,3-Methylpyrrole sigma-complex dication,tier2/src/gen_structures.py sigma constructor from M032,,Pyrroles,deterministic project sigma-complex dication built from the corresponding monomer,sigma_complex_dication,2,1,deterministic sigma construction then solvent-specific GFN2/ddCOSMO preoptimization with connectivity QC,surrogate:sigma_preopt:D032:{solvent_id}:q2:m1,SRC_PROJECT_TIER2_CURRENT;SRC_HANDOFF_SPEC
D033_QP2_M1,M033,sigma_complex_dication,3-Ethylpyrrole sigma-complex dication,tier2/src/gen_structures.py sigma constructor from M033,,Pyrroles,deterministic project sigma-complex dication built from the corresponding monomer,sigma_complex_dication,2,1,deterministic sigma construction then solvent-specific GFN2/ddCOSMO preoptimization with connectivity QC,surrogate:sigma_preopt:D033:{solvent_id}:q2:m1,SRC_PROJECT_TIER2_CURRENT;SRC_HANDOFF_SPEC
D034_QP2_M1,M034,sigma_complex_dication,"3,4-Dimethylpyrrole sigma-complex dication",tier2/src/gen_structures.py sigma constructor from M034,,Pyrroles,deterministic project sigma-complex dication built from the corresponding monomer,sigma_complex_dication,2,1,deterministic sigma construction then solvent-specific GFN2/ddCOSMO preoptimization with connectivity QC,surrogate:sigma_preopt:D034:{solvent_id}:q2:m1,SRC_PROJECT_TIER2_CURRENT;SRC_HANDOFF_SPEC
D035_QP2_M1,M035,sigma_complex_dication,"3,4-Diethylpyrrole sigma-complex dication",tier2/src/gen_structures.py sigma constructor from M035,,Pyrroles,deterministic project sigma-complex dication built from the corresponding monomer,sigma_complex_dication,2,1,deterministic sigma construction then solvent-specific GFN2/ddCOSMO preoptimization with connectivity QC,surrogate:sigma_preopt:D035:{solvent_id}:q2:m1,SRC_PROJECT_TIER2_CURRENT;SRC_HANDOFF_SPEC
D036_QP2_M1,M036,sigma_complex_dication,"3,4-Ethylenedioxypyrrole (EDOP) sigma-complex dication",tier2/src/gen_structures.py sigma constructor from M036,,Pyrroles,deterministic project sigma-complex dication built from the corresponding monomer,sigma_complex_dication,2,1,deterministic sigma construction then solvent-specific GFN2/ddCOSMO preoptimization with connectivity QC,surrogate:sigma_preopt:D036:{solvent_id}:q2:m1,SRC_PROJECT_TIER2_CURRENT;SRC_HANDOFF_SPEC
D037_QP2_M1,M037,sigma_complex_dication,"N-Methyl-3,4-ethylenedioxypyrrole (N-Me-EDOP) sigma-complex dication",tier2/src/gen_structures.py sigma constructor from M037,,Pyrroles,deterministic project sigma-complex dication built from the corresponding monomer,sigma_complex_dication,2,1,deterministic sigma construction then solvent-specific GFN2/ddCOSMO preoptimization with connectivity QC,surrogate:sigma_preopt:D037:{solvent_id}:q2:m1,SRC_PROJECT_TIER2_CURRENT;SRC_HANDOFF_SPEC
D038_QP2_M1,M038,sigma_complex_dication,Furan sigma-complex dication,tier2/src/gen_structures.py sigma constructor from M038,,Furans,deterministic project sigma-complex dication built from the corresponding monomer,sigma_complex_dication,2,1,deterministic sigma construction then solvent-specific GFN2/ddCOSMO preoptimization with connectivity QC,surrogate:sigma_preopt:D038:{solvent_id}:q2:m1,SRC_PROJECT_TIER2_CURRENT;SRC_HANDOFF_SPEC
D039_QP2_M1,M039,sigma_complex_dication,3-Methylfuran sigma-complex dication,tier2/src/gen_structures.py sigma constructor from M039,,Furans,deterministic project sigma-complex dication built from the corresponding monomer,sigma_complex_dication,2,1,deterministic sigma construction then solvent-specific GFN2/ddCOSMO preoptimization with connectivity QC,surrogate:sigma_preopt:D039:{solvent_id}:q2:m1,SRC_PROJECT_TIER2_CURRENT;SRC_HANDOFF_SPEC
D040_QP2_M1,M040,sigma_complex_dication,3-Ethylfuran sigma-complex dication,tier2/src/gen_structures.py sigma constructor from M040,,Furans,deterministic project sigma-complex dication built from the corresponding monomer,sigma_complex_dication,2,1,deterministic sigma construction then solvent-specific GFN2/ddCOSMO preoptimization with connectivity QC,surrogate:sigma_preopt:D040:{solvent_id}:q2:m1,SRC_PROJECT_TIER2_CURRENT;SRC_HANDOFF_SPEC
D041_QP2_M1,M041,sigma_complex_dication,3-Hexylfuran sigma-complex dication,tier2/src/gen_structures.py sigma constructor from M041,,Furans,deterministic project sigma-complex dication built from the corresponding monomer,sigma_complex_dication,2,1,deterministic sigma construction then solvent-specific GFN2/ddCOSMO preoptimization with connectivity QC,surrogate:sigma_preopt:D041:{solvent_id}:q2:m1,SRC_PROJECT_TIER2_CURRENT;SRC_HANDOFF_SPEC
D042_QP2_M1,M042,sigma_complex_dication,3-Octylfuran sigma-complex dication,tier2/src/gen_structures.py sigma constructor from M042,,Furans,deterministic project sigma-complex dication built from the corresponding monomer,sigma_complex_dication,2,1,deterministic sigma construction then solvent-specific GFN2/ddCOSMO preoptimization with connectivity QC,surrogate:sigma_preopt:D042:{solvent_id}:q2:m1,SRC_PROJECT_TIER2_CURRENT;SRC_HANDOFF_SPEC
D043_QP2_M1,M043,sigma_complex_dication,3-Methoxyfuran sigma-complex dication,tier2/src/gen_structures.py sigma constructor from M043,,Furans,deterministic project sigma-complex dication built from the corresponding monomer,sigma_complex_dication,2,1,deterministic sigma construction then solvent-specific GFN2/ddCOSMO preoptimization with connectivity QC,surrogate:sigma_preopt:D043:{solvent_id}:q2:m1,SRC_PROJECT_TIER2_CURRENT;SRC_HANDOFF_SPEC
D044_QP2_M1,M044,sigma_complex_dication,3-Fluorofuran sigma-complex dication,tier2/src/gen_structures.py sigma constructor from M044,,Furans,deterministic project sigma-complex dication built from the corresponding monomer,sigma_complex_dication,2,1,deterministic sigma construction then solvent-specific GFN2/ddCOSMO preoptimization with connectivity QC,surrogate:sigma_preopt:D044:{solvent_id}:q2:m1,SRC_PROJECT_TIER2_CURRENT;SRC_HANDOFF_SPEC
D045_QP2_M1,M045,sigma_complex_dication,"3,4-Dimethylfuran sigma-complex dication",tier2/src/gen_structures.py sigma constructor from M045,,Furans,deterministic project sigma-complex dication built from the corresponding monomer,sigma_complex_dication,2,1,deterministic sigma construction then solvent-specific GFN2/ddCOSMO preoptimization with connectivity QC,surrogate:sigma_preopt:D045:{solvent_id}:q2:m1,SRC_PROJECT_TIER2_CURRENT;SRC_HANDOFF_SPEC
D046_QP2_M1,M046,sigma_complex_dication,"3,4-Difluorofuran sigma-complex dication",tier2/src/gen_structures.py sigma constructor from M046,,Furans,deterministic project sigma-complex dication built from the corresponding monomer,sigma_complex_dication,2,1,deterministic sigma construction then solvent-specific GFN2/ddCOSMO preoptimization with connectivity QC,surrogate:sigma_preopt:D046:{solvent_id}:q2:m1,SRC_PROJECT_TIER2_CURRENT;SRC_HANDOFF_SPEC
D047_QP2_M1,M047,sigma_complex_dication,"3,4-Dimethoxyfuran sigma-complex dication",tier2/src/gen_structures.py sigma constructor from M047,,Furans,deterministic project sigma-complex dication built from the corresponding monomer,sigma_complex_dication,2,1,deterministic sigma construction then solvent-specific GFN2/ddCOSMO preoptimization with connectivity QC,surrogate:sigma_preopt:D047:{solvent_id}:q2:m1,SRC_PROJECT_TIER2_CURRENT;SRC_HANDOFF_SPEC
D048_QP2_M1,M048,sigma_complex_dication,"2,2′-Bifuran sigma-complex dication",tier2/src/gen_structures.py sigma constructor from M048,,Furans,deterministic project sigma-complex dication built from the corresponding monomer,sigma_complex_dication,2,1,deterministic sigma construction then solvent-specific GFN2/ddCOSMO preoptimization with connectivity QC,surrogate:sigma_preopt:D048:{solvent_id}:q2:m1,SRC_PROJECT_TIER2_CURRENT;SRC_HANDOFF_SPEC
D049_QP2_M1,M049,sigma_complex_dication,"2,2′:5′,2″-Terfuran sigma-complex dication",tier2/src/gen_structures.py sigma constructor from M049,,Furans,deterministic project sigma-complex dication built from the corresponding monomer,sigma_complex_dication,2,1,deterministic sigma construction then solvent-specific GFN2/ddCOSMO preoptimization with connectivity QC,surrogate:sigma_preopt:D049:{solvent_id}:q2:m1,SRC_PROJECT_TIER2_CURRENT;SRC_HANDOFF_SPEC
D050_QP2_M1,M050,sigma_complex_dication,Selenophene sigma-complex dication,tier2/src/gen_structures.py sigma constructor from M050,,Selenophenes,deterministic project sigma-complex dication built from the corresponding monomer,sigma_complex_dication,2,1,deterministic sigma construction then solvent-specific GFN2/ddCOSMO preoptimization with connectivity QC,surrogate:sigma_preopt:D050:{solvent_id}:q2:m1,SRC_PROJECT_TIER2_CURRENT;SRC_HANDOFF_SPEC
D051_QP2_M1,M051,sigma_complex_dication,3-Methylselenophene sigma-complex dication,tier2/src/gen_structures.py sigma constructor from M051,,Selenophenes,deterministic project sigma-complex dication built from the corresponding monomer,sigma_complex_dication,2,1,deterministic sigma construction then solvent-specific GFN2/ddCOSMO preoptimization with connectivity QC,surrogate:sigma_preopt:D051:{solvent_id}:q2:m1,SRC_PROJECT_TIER2_CURRENT;SRC_HANDOFF_SPEC
D052_QP2_M1,M052,sigma_complex_dication,3-Ethylselenophene sigma-complex dication,tier2/src/gen_structures.py sigma constructor from M052,,Selenophenes,deterministic project sigma-complex dication built from the corresponding monomer,sigma_complex_dication,2,1,deterministic sigma construction then solvent-specific GFN2/ddCOSMO preoptimization with connectivity QC,surrogate:sigma_preopt:D052:{solvent_id}:q2:m1,SRC_PROJECT_TIER2_CURRENT;SRC_HANDOFF_SPEC
D053_QP2_M1,M053,sigma_complex_dication,3-Butylselenophene sigma-complex dication,tier2/src/gen_structures.py sigma constructor from M053,,Selenophenes,deterministic project sigma-complex dication built from the corresponding monomer,sigma_complex_dication,2,1,deterministic sigma construction then solvent-specific GFN2/ddCOSMO preoptimization with connectivity QC,surrogate:sigma_preopt:D053:{solvent_id}:q2:m1,SRC_PROJECT_TIER2_CURRENT;SRC_HANDOFF_SPEC
D054_QP2_M1,M054,sigma_complex_dication,3-Hexylselenophene sigma-complex dication,tier2/src/gen_structures.py sigma constructor from M054,,Selenophenes,deterministic project sigma-complex dication built from the corresponding monomer,sigma_complex_dication,2,1,deterministic sigma construction then solvent-specific GFN2/ddCOSMO preoptimization with connectivity QC,surrogate:sigma_preopt:D054:{solvent_id}:q2:m1,SRC_PROJECT_TIER2_CURRENT;SRC_HANDOFF_SPEC
D055_QP2_M1,M055,sigma_complex_dication,3-Octylselenophene sigma-complex dication,tier2/src/gen_structures.py sigma constructor from M055,,Selenophenes,deterministic project sigma-complex dication built from the corresponding monomer,sigma_complex_dication,2,1,deterministic sigma construction then solvent-specific GFN2/ddCOSMO preoptimization with connectivity QC,surrogate:sigma_preopt:D055:{solvent_id}:q2:m1,SRC_PROJECT_TIER2_CURRENT;SRC_HANDOFF_SPEC
D056_QP2_M1,M056,sigma_complex_dication,3-Fluoroselenophene sigma-complex dication,tier2/src/gen_structures.py sigma constructor from M056,,Selenophenes,deterministic project sigma-complex dication built from the corresponding monomer,sigma_complex_dication,2,1,deterministic sigma construction then solvent-specific GFN2/ddCOSMO preoptimization with connectivity QC,surrogate:sigma_preopt:D056:{solvent_id}:q2:m1,SRC_PROJECT_TIER2_CURRENT;SRC_HANDOFF_SPEC
D057_QP2_M1,M057,sigma_complex_dication,"3,4-Dimethylselenophene sigma-complex dication",tier2/src/gen_structures.py sigma constructor from M057,,Selenophenes,deterministic project sigma-complex dication built from the corresponding monomer,sigma_complex_dication,2,1,deterministic sigma construction then solvent-specific GFN2/ddCOSMO preoptimization with connectivity QC,surrogate:sigma_preopt:D057:{solvent_id}:q2:m1,SRC_PROJECT_TIER2_CURRENT;SRC_HANDOFF_SPEC
D058_QP2_M1,M058,sigma_complex_dication,"3,4-Ethylenedioxyselenophene (EDOS) sigma-complex dication",tier2/src/gen_structures.py sigma constructor from M058,,Selenophenes,deterministic project sigma-complex dication built from the corresponding monomer,sigma_complex_dication,2,1,deterministic sigma construction then solvent-specific GFN2/ddCOSMO preoptimization with connectivity QC,surrogate:sigma_preopt:D058:{solvent_id}:q2:m1,SRC_PROJECT_TIER2_CURRENT;SRC_HANDOFF_SPEC
D059_QP2_M1,M059,sigma_complex_dication,"3,4-Propylenedioxyselenophene (ProDOS) sigma-complex dication",tier2/src/gen_structures.py sigma constructor from M059,,Selenophenes,deterministic project sigma-complex dication built from the corresponding monomer,sigma_complex_dication,2,1,deterministic sigma construction then solvent-specific GFN2/ddCOSMO preoptimization with connectivity QC,surrogate:sigma_preopt:D059:{solvent_id}:q2:m1,SRC_PROJECT_TIER2_CURRENT;SRC_HANDOFF_SPEC
D060_QP2_M1,M060,sigma_complex_dication,Aniline sigma-complex dication,tier2/src/gen_structures.py sigma constructor from M060,,Anilines,deterministic project sigma-complex dication built from the corresponding monomer,sigma_complex_dication,2,1,deterministic sigma construction then solvent-specific GFN2/ddCOSMO preoptimization with connectivity QC,surrogate:sigma_preopt:D060:{solvent_id}:q2:m1,SRC_PROJECT_TIER2_CURRENT;SRC_HANDOFF_SPEC
D061_QP2_M1,M061,sigma_complex_dication,2-Methylaniline (o-toluidine) sigma-complex dication,tier2/src/gen_structures.py sigma constructor from M061,,Anilines,deterministic project sigma-complex dication built from the corresponding monomer,sigma_complex_dication,2,1,deterministic sigma construction then solvent-specific GFN2/ddCOSMO preoptimization with connectivity QC,surrogate:sigma_preopt:D061:{solvent_id}:q2:m1,SRC_PROJECT_TIER2_CURRENT;SRC_HANDOFF_SPEC
D062_QP2_M1,M062,sigma_complex_dication,3-Methylaniline (m-toluidine) sigma-complex dication,tier2/src/gen_structures.py sigma constructor from M062,,Anilines,deterministic project sigma-complex dication built from the corresponding monomer,sigma_complex_dication,2,1,deterministic sigma construction then solvent-specific GFN2/ddCOSMO preoptimization with connectivity QC,surrogate:sigma_preopt:D062:{solvent_id}:q2:m1,SRC_PROJECT_TIER2_CURRENT;SRC_HANDOFF_SPEC
D063_QP2_M1,M063,sigma_complex_dication,2-Methoxyaniline (o-anisidine) sigma-complex dication,tier2/src/gen_structures.py sigma constructor from M063,,Anilines,deterministic project sigma-complex dication built from the corresponding monomer,sigma_complex_dication,2,1,deterministic sigma construction then solvent-specific GFN2/ddCOSMO preoptimization with connectivity QC,surrogate:sigma_preopt:D063:{solvent_id}:q2:m1,SRC_PROJECT_TIER2_CURRENT;SRC_HANDOFF_SPEC
D064_QP2_M1,M064,sigma_complex_dication,3-Methoxyaniline (m-anisidine) sigma-complex dication,tier2/src/gen_structures.py sigma constructor from M064,,Anilines,deterministic project sigma-complex dication built from the corresponding monomer,sigma_complex_dication,2,1,deterministic sigma construction then solvent-specific GFN2/ddCOSMO preoptimization with connectivity QC,surrogate:sigma_preopt:D064:{solvent_id}:q2:m1,SRC_PROJECT_TIER2_CURRENT;SRC_HANDOFF_SPEC
D065_QP2_M1,M065,sigma_complex_dication,2-Aminophenol (o-aminophenol) sigma-complex dication,tier2/src/gen_structures.py sigma constructor from M065,,Anilines,deterministic project sigma-complex dication built from the corresponding monomer,sigma_complex_dication,2,1,deterministic sigma construction then solvent-specific GFN2/ddCOSMO preoptimization with connectivity QC,surrogate:sigma_preopt:D065:{solvent_id}:q2:m1,SRC_PROJECT_TIER2_CURRENT;SRC_HANDOFF_SPEC
D066_QP2_M1,M066,sigma_complex_dication,3-Aminophenol (m-aminophenol) sigma-complex dication,tier2/src/gen_structures.py sigma constructor from M066,,Anilines,deterministic project sigma-complex dication built from the corresponding monomer,sigma_complex_dication,2,1,deterministic sigma construction then solvent-specific GFN2/ddCOSMO preoptimization with connectivity QC,surrogate:sigma_preopt:D066:{solvent_id}:q2:m1,SRC_PROJECT_TIER2_CURRENT;SRC_HANDOFF_SPEC
D067_QP2_M1,M067,sigma_complex_dication,2-Fluoroaniline sigma-complex dication,tier2/src/gen_structures.py sigma constructor from M067,,Anilines,deterministic project sigma-complex dication built from the corresponding monomer,sigma_complex_dication,2,1,deterministic sigma construction then solvent-specific GFN2/ddCOSMO preoptimization with connectivity QC,surrogate:sigma_preopt:D067:{solvent_id}:q2:m1,SRC_PROJECT_TIER2_CURRENT;SRC_HANDOFF_SPEC
D068_QP2_M1,M068,sigma_complex_dication,"2,6-Dimethylaniline sigma-complex dication",tier2/src/gen_structures.py sigma constructor from M068,,Anilines,deterministic project sigma-complex dication built from the corresponding monomer,sigma_complex_dication,2,1,deterministic sigma construction then solvent-specific GFN2/ddCOSMO preoptimization with connectivity QC,surrogate:sigma_preopt:D068:{solvent_id}:q2:m1,SRC_PROJECT_TIER2_CURRENT;SRC_HANDOFF_SPEC
D069_QP2_M1,M069,sigma_complex_dication,Diphenylamine sigma-complex dication,tier2/src/gen_structures.py sigma constructor from M069,,Anilines,deterministic project sigma-complex dication built from the corresponding monomer,sigma_complex_dication,2,1,deterministic sigma construction then solvent-specific GFN2/ddCOSMO preoptimization with connectivity QC,surrogate:sigma_preopt:D069:{solvent_id}:q2:m1,SRC_PROJECT_TIER2_CURRENT;SRC_HANDOFF_SPEC
D070_QP2_M1,M070,sigma_complex_dication,Carbazole sigma-complex dication,tier2/src/gen_structures.py sigma constructor from M070,,Carbazoles,deterministic project sigma-complex dication built from the corresponding monomer,sigma_complex_dication,2,1,deterministic sigma construction then solvent-specific GFN2/ddCOSMO preoptimization with connectivity QC,surrogate:sigma_preopt:D070:{solvent_id}:q2:m1,SRC_PROJECT_TIER2_CURRENT;SRC_HANDOFF_SPEC
D071_QP2_M1,M071,sigma_complex_dication,N-Methylcarbazole sigma-complex dication,tier2/src/gen_structures.py sigma constructor from M071,,Carbazoles,deterministic project sigma-complex dication built from the corresponding monomer,sigma_complex_dication,2,1,deterministic sigma construction then solvent-specific GFN2/ddCOSMO preoptimization with connectivity QC,surrogate:sigma_preopt:D071:{solvent_id}:q2:m1,SRC_PROJECT_TIER2_CURRENT;SRC_HANDOFF_SPEC
D072_QP2_M1,M072,sigma_complex_dication,N-Ethylcarbazole sigma-complex dication,tier2/src/gen_structures.py sigma constructor from M072,,Carbazoles,deterministic project sigma-complex dication built from the corresponding monomer,sigma_complex_dication,2,1,deterministic sigma construction then solvent-specific GFN2/ddCOSMO preoptimization with connectivity QC,surrogate:sigma_preopt:D072:{solvent_id}:q2:m1,SRC_PROJECT_TIER2_CURRENT;SRC_HANDOFF_SPEC
D073_QP2_M1,M073,sigma_complex_dication,N-Hexylcarbazole sigma-complex dication,tier2/src/gen_structures.py sigma constructor from M073,,Carbazoles,deterministic project sigma-complex dication built from the corresponding monomer,sigma_complex_dication,2,1,deterministic sigma construction then solvent-specific GFN2/ddCOSMO preoptimization with connectivity QC,surrogate:sigma_preopt:D073:{solvent_id}:q2:m1,SRC_PROJECT_TIER2_CURRENT;SRC_HANDOFF_SPEC
D074_QP2_M1,M074,sigma_complex_dication,N-Octylcarbazole sigma-complex dication,tier2/src/gen_structures.py sigma constructor from M074,,Carbazoles,deterministic project sigma-complex dication built from the corresponding monomer,sigma_complex_dication,2,1,deterministic sigma construction then solvent-specific GFN2/ddCOSMO preoptimization with connectivity QC,surrogate:sigma_preopt:D074:{solvent_id}:q2:m1,SRC_PROJECT_TIER2_CURRENT;SRC_HANDOFF_SPEC
D075_QP2_M1,M075,sigma_complex_dication,N-Vinylcarbazole sigma-complex dication,tier2/src/gen_structures.py sigma constructor from M075,,Carbazoles,deterministic project sigma-complex dication built from the corresponding monomer,sigma_complex_dication,2,1,deterministic sigma construction then solvent-specific GFN2/ddCOSMO preoptimization with connectivity QC,surrogate:sigma_preopt:D075:{solvent_id}:q2:m1,SRC_PROJECT_TIER2_CURRENT;SRC_HANDOFF_SPEC
D076_QP2_M1,M076,sigma_complex_dication,"3,6-Bis(thiophen-2-yl)-9-methylcarbazole sigma-complex dication",tier2/src/gen_structures.py sigma constructor from M076,,Carbazoles,deterministic project sigma-complex dication built from the corresponding monomer,sigma_complex_dication,2,1,deterministic sigma construction then solvent-specific GFN2/ddCOSMO preoptimization with connectivity QC,surrogate:sigma_preopt:D076:{solvent_id}:q2:m1,SRC_PROJECT_TIER2_CURRENT;SRC_HANDOFF_SPEC
D077_QP2_M1,M077,sigma_complex_dication,"3,6-Bis(EDOT-2-yl)-9-methylcarbazole sigma-complex dication",tier2/src/gen_structures.py sigma constructor from M077,,Carbazoles,deterministic project sigma-complex dication built from the corresponding monomer,sigma_complex_dication,2,1,deterministic sigma construction then solvent-specific GFN2/ddCOSMO preoptimization with connectivity QC,surrogate:sigma_preopt:D077:{solvent_id}:q2:m1,SRC_PROJECT_TIER2_CURRENT;SRC_HANDOFF_SPEC
D078_QP2_M1,M078,sigma_complex_dication,"9,9-Dimethylfluorene sigma-complex dication",tier2/src/gen_structures.py sigma constructor from M078,,Fluorenes,deterministic project sigma-complex dication built from the corresponding monomer,sigma_complex_dication,2,1,deterministic sigma construction then solvent-specific GFN2/ddCOSMO preoptimization with connectivity QC,surrogate:sigma_preopt:D078:{solvent_id}:q2:m1,SRC_PROJECT_TIER2_CURRENT;SRC_HANDOFF_SPEC
D079_QP2_M1,M079,sigma_complex_dication,"9,9-Diethylfluorene sigma-complex dication",tier2/src/gen_structures.py sigma constructor from M079,,Fluorenes,deterministic project sigma-complex dication built from the corresponding monomer,sigma_complex_dication,2,1,deterministic sigma construction then solvent-specific GFN2/ddCOSMO preoptimization with connectivity QC,surrogate:sigma_preopt:D079:{solvent_id}:q2:m1,SRC_PROJECT_TIER2_CURRENT;SRC_HANDOFF_SPEC
D080_QP2_M1,M080,sigma_complex_dication,"9,9-Dipropylfluorene sigma-complex dication",tier2/src/gen_structures.py sigma constructor from M080,,Fluorenes,deterministic project sigma-complex dication built from the corresponding monomer,sigma_complex_dication,2,1,deterministic sigma construction then solvent-specific GFN2/ddCOSMO preoptimization with connectivity QC,surrogate:sigma_preopt:D080:{solvent_id}:q2:m1,SRC_PROJECT_TIER2_CURRENT;SRC_HANDOFF_SPEC
D081_QP2_M1,M081,sigma_complex_dication,"9,9-Dibutylfluorene sigma-complex dication",tier2/src/gen_structures.py sigma constructor from M081,,Fluorenes,deterministic project sigma-complex dication built from the corresponding monomer,sigma_complex_dication,2,1,deterministic sigma construction then solvent-specific GFN2/ddCOSMO preoptimization with connectivity QC,surrogate:sigma_preopt:D081:{solvent_id}:q2:m1,SRC_PROJECT_TIER2_CURRENT;SRC_HANDOFF_SPEC
D082_QP2_M1,M082,sigma_complex_dication,"9,9-Dihexylfluorene sigma-complex dication",tier2/src/gen_structures.py sigma constructor from M082,,Fluorenes,deterministic project sigma-complex dication built from the corresponding monomer,sigma_complex_dication,2,1,deterministic sigma construction then solvent-specific GFN2/ddCOSMO preoptimization with connectivity QC,surrogate:sigma_preopt:D082:{solvent_id}:q2:m1,SRC_PROJECT_TIER2_CURRENT;SRC_HANDOFF_SPEC
D083_QP2_M1,M083,sigma_complex_dication,"9,9-Dioctylfluorene sigma-complex dication",tier2/src/gen_structures.py sigma constructor from M083,,Fluorenes,deterministic project sigma-complex dication built from the corresponding monomer,sigma_complex_dication,2,1,deterministic sigma construction then solvent-specific GFN2/ddCOSMO preoptimization with connectivity QC,surrogate:sigma_preopt:D083:{solvent_id}:q2:m1,SRC_PROJECT_TIER2_CURRENT;SRC_HANDOFF_SPEC
D084_QP2_M1,M084,sigma_complex_dication,"4,7-Bis(thiophen-2-yl)-2,1,3-benzothiadiazole (TBT) sigma-complex dication",tier2/src/gen_structures.py sigma constructor from M084,,Donor–Acceptor units,deterministic project sigma-complex dication built from the corresponding monomer,sigma_complex_dication,2,1,deterministic sigma construction then solvent-specific GFN2/ddCOSMO preoptimization with connectivity QC,surrogate:sigma_preopt:D084:{solvent_id}:q2:m1,SRC_PROJECT_TIER2_CURRENT;SRC_HANDOFF_SPEC
D085_QP2_M1,M085,sigma_complex_dication,"4,7-Bis(3-hexylthiophen-2-yl)-2,1,3-benzothiadiazole sigma-complex dication",tier2/src/gen_structures.py sigma constructor from M085,,Donor–Acceptor units,deterministic project sigma-complex dication built from the corresponding monomer,sigma_complex_dication,2,1,deterministic sigma construction then solvent-specific GFN2/ddCOSMO preoptimization with connectivity QC,surrogate:sigma_preopt:D085:{solvent_id}:q2:m1,SRC_PROJECT_TIER2_CURRENT;SRC_HANDOFF_SPEC
D086_QP2_M1,M086,sigma_complex_dication,"Thieno[3,4-b]pyrazine sigma-complex dication",tier2/src/gen_structures.py sigma constructor from M086,,Donor–Acceptor units,deterministic project sigma-complex dication built from the corresponding monomer,sigma_complex_dication,2,1,deterministic sigma construction then solvent-specific GFN2/ddCOSMO preoptimization with connectivity QC,surrogate:sigma_preopt:D086:{solvent_id}:q2:m1,SRC_PROJECT_TIER2_CURRENT;SRC_HANDOFF_SPEC
D087_QP2_M1,M087,sigma_complex_dication,"2,3-Dimethylthieno[3,4-b]pyrazine sigma-complex dication",tier2/src/gen_structures.py sigma constructor from M087,,Donor–Acceptor units,deterministic project sigma-complex dication built from the corresponding monomer,sigma_complex_dication,2,1,deterministic sigma construction then solvent-specific GFN2/ddCOSMO preoptimization with connectivity QC,surrogate:sigma_preopt:D087:{solvent_id}:q2:m1,SRC_PROJECT_TIER2_CURRENT;SRC_HANDOFF_SPEC
D088_QP2_M1,M088,sigma_complex_dication,"2,3-Dihexylthieno[3,4-b]pyrazine sigma-complex dication",tier2/src/gen_structures.py sigma constructor from M088,,Donor–Acceptor units,deterministic project sigma-complex dication built from the corresponding monomer,sigma_complex_dication,2,1,deterministic sigma construction then solvent-specific GFN2/ddCOSMO preoptimization with connectivity QC,surrogate:sigma_preopt:D088:{solvent_id}:q2:m1,SRC_PROJECT_TIER2_CURRENT;SRC_HANDOFF_SPEC
D089_QP2_M1,M089,sigma_complex_dication,"3,6-Bis(thiophen-2-yl)-2,5-dimethyl-DPP (TDPP-Me) sigma-complex dication",tier2/src/gen_structures.py sigma constructor from M089,,Donor–Acceptor units,deterministic project sigma-complex dication built from the corresponding monomer,sigma_complex_dication,2,1,deterministic sigma construction then solvent-specific GFN2/ddCOSMO preoptimization with connectivity QC,surrogate:sigma_preopt:D089:{solvent_id}:q2:m1,SRC_PROJECT_TIER2_CURRENT;SRC_HANDOFF_SPEC
D090_QP2_M1,M090,sigma_complex_dication,"3,6-Bis(thiophen-2-yl)-2,5-dioctyl-DPP (TDPP-Oct) sigma-complex dication",tier2/src/gen_structures.py sigma constructor from M090,,Donor–Acceptor units,deterministic project sigma-complex dication built from the corresponding monomer,sigma_complex_dication,2,1,deterministic sigma construction then solvent-specific GFN2/ddCOSMO preoptimization with connectivity QC,surrogate:sigma_preopt:D090:{solvent_id}:q2:m1,SRC_PROJECT_TIER2_CURRENT;SRC_HANDOFF_SPEC
D091_QP2_M1,M091,sigma_complex_dication,"N,N′-Dimethylisoindigo sigma-complex dication",tier2/src/gen_structures.py sigma constructor from M091,,Donor–Acceptor units,deterministic project sigma-complex dication built from the corresponding monomer,sigma_complex_dication,2,1,deterministic sigma construction then solvent-specific GFN2/ddCOSMO preoptimization with connectivity QC,surrogate:sigma_preopt:D091:{solvent_id}:q2:m1,SRC_PROJECT_TIER2_CURRENT;SRC_HANDOFF_SPEC
D092_QP2_M1,M092,sigma_complex_dication,"N,N′-Dioctylisoindigo sigma-complex dication",tier2/src/gen_structures.py sigma constructor from M092,,Donor–Acceptor units,deterministic project sigma-complex dication built from the corresponding monomer,sigma_complex_dication,2,1,deterministic sigma construction then solvent-specific GFN2/ddCOSMO preoptimization with connectivity QC,surrogate:sigma_preopt:D092:{solvent_id}:q2:m1,SRC_PROJECT_TIER2_CURRENT;SRC_HANDOFF_SPEC
D093_QP2_M1,M093,sigma_complex_dication,"4,9-bis(thiophen-2-yl)-[1,2,5]thiadiazolo[3,4-g]quinoxaline (TTDQ) sigma-complex dication",tier2/src/gen_structures.py sigma constructor from M093,,Donor–Acceptor units,deterministic project sigma-complex dication built from the corresponding monomer,sigma_complex_dication,2,1,deterministic sigma construction then solvent-specific GFN2/ddCOSMO preoptimization with connectivity QC,surrogate:sigma_preopt:D093:{solvent_id}:q2:m1,SRC_PROJECT_TIER2_CURRENT;SRC_HANDOFF_SPEC
D094_QP2_M1,M094,sigma_complex_dication,"Cyclopenta[2,1-b:3,4-b′]dithiophene (CPDT) sigma-complex dication",tier2/src/gen_structures.py sigma constructor from M094,,Fused-ring systems,deterministic project sigma-complex dication built from the corresponding monomer,sigma_complex_dication,2,1,deterministic sigma construction then solvent-specific GFN2/ddCOSMO preoptimization with connectivity QC,surrogate:sigma_preopt:D094:{solvent_id}:q2:m1,SRC_PROJECT_TIER2_CURRENT;SRC_HANDOFF_SPEC
D095_QP2_M1,M095,sigma_complex_dication,"4,4-Dimethyl-CPDT sigma-complex dication",tier2/src/gen_structures.py sigma constructor from M095,,Fused-ring systems,deterministic project sigma-complex dication built from the corresponding monomer,sigma_complex_dication,2,1,deterministic sigma construction then solvent-specific GFN2/ddCOSMO preoptimization with connectivity QC,surrogate:sigma_preopt:D095:{solvent_id}:q2:m1,SRC_PROJECT_TIER2_CURRENT;SRC_HANDOFF_SPEC
D096_QP2_M1,M096,sigma_complex_dication,"4,4-Dihexyl-CPDT sigma-complex dication",tier2/src/gen_structures.py sigma constructor from M096,,Fused-ring systems,deterministic project sigma-complex dication built from the corresponding monomer,sigma_complex_dication,2,1,deterministic sigma construction then solvent-specific GFN2/ddCOSMO preoptimization with connectivity QC,surrogate:sigma_preopt:D096:{solvent_id}:q2:m1,SRC_PROJECT_TIER2_CURRENT;SRC_HANDOFF_SPEC
D097_QP2_M1,M097,sigma_complex_dication,"Dithieno[3,2-b:2′,3′-d]pyrrole (DTP) sigma-complex dication",tier2/src/gen_structures.py sigma constructor from M097,,Fused-ring systems,deterministic project sigma-complex dication built from the corresponding monomer,sigma_complex_dication,2,1,deterministic sigma construction then solvent-specific GFN2/ddCOSMO preoptimization with connectivity QC,surrogate:sigma_preopt:D097:{solvent_id}:q2:m1,SRC_PROJECT_TIER2_CURRENT;SRC_HANDOFF_SPEC
D098_QP2_M1,M098,sigma_complex_dication,"N-Octyl-dithieno[3,2-b:2′,3′-d]pyrrole sigma-complex dication",tier2/src/gen_structures.py sigma constructor from M098,,Fused-ring systems,deterministic project sigma-complex dication built from the corresponding monomer,sigma_complex_dication,2,1,deterministic sigma construction then solvent-specific GFN2/ddCOSMO preoptimization with connectivity QC,surrogate:sigma_preopt:D098:{solvent_id}:q2:m1,SRC_PROJECT_TIER2_CURRENT;SRC_HANDOFF_SPEC
D099_QP2_M1,M099,sigma_complex_dication,"Indaceno[1,2-b:5,6-b′]dithiophene (IDT) sigma-complex dication",tier2/src/gen_structures.py sigma constructor from M099,,Fused-ring systems,deterministic project sigma-complex dication built from the corresponding monomer,sigma_complex_dication,2,1,deterministic sigma construction then solvent-specific GFN2/ddCOSMO preoptimization with connectivity QC,surrogate:sigma_preopt:D099:{solvent_id}:q2:m1,SRC_PROJECT_TIER2_CURRENT;SRC_HANDOFF_SPEC
D100_QP2_M1,M100,sigma_complex_dication,"Acenaphtho[1,2-c]pyrrole sigma-complex dication",tier2/src/gen_structures.py sigma constructor from M100,,Fused-ring systems,deterministic project sigma-complex dication built from the corresponding monomer,sigma_complex_dication,2,1,deterministic sigma construction then solvent-specific GFN2/ddCOSMO preoptimization with connectivity QC,surrogate:sigma_preopt:D100:{solvent_id}:q2:m1,SRC_PROJECT_TIER2_CURRENT;SRC_HANDOFF_SPEC
