job_id,job_class,state_id,solvent_id,paired_solvent_id,reaction_ids,purposes,entity_type,species_name,family,formal_charge,multiplicity,split,anchor_type,use_for_training,geometry_source,geometry_key,geometry_hash,smd_parameter_temperature_K,functional,basis,ri_acceleration,scf_grid,smd_mode,smd_vector_source,smd_parameter_status,nprocs,maxcore_mb_per_rank,planning_core_h,workflow_revision,method_id,output_fields,job_status,method_source_id
SP0001,diagnostic_gas_sp,A002_Q0_M2,GAS,S001,DIAGNOSTIC_GAS,gas/SMD decomposition and parser audit,electrolyte_anion,Tetrafluoroborate (BF4−),Lithium; Tetraalkylammonium,0,2,diagnostic,,0,solvent-specific Tier-1 GFN2/ddCOSMO optimized state geometry,tier1:redox:A002:S001:q0:m2,,,wB97X-D3,def2-TZVPD,RIJCOSX + def2/J,TightSCF; DEFGRID3,gas,,not_applicable,8,3000,1.74,jhtvs-ft0806-sp-v3,T2_wB97X-D3_def2-TZVPD_gas_energy_SP_v1,final_energy_Eh;normal_termination;geometry_hash,planned,SRC_PROJECT_TIER2_CURRENT;SRC_HANDOFF_SPEC
SP0002,diagnostic_gas_sp,A002_QM1_M1,GAS,S001,DIAGNOSTIC_GAS,gas/SMD decomposition and parser audit,electrolyte_anion,Tetrafluoroborate (BF4−),Lithium; Tetraalkylammonium,-1,1,diagnostic,,0,solvent-specific Tier-1 GFN2/ddCOSMO optimized state geometry,tier1:redox:A002:S001:q-1:m1,,,wB97X-D3,def2-TZVPD,RIJCOSX + def2/J,TightSCF; DEFGRID3,gas,,not_applicable,8,3000,1.74,jhtvs-ft0806-sp-v3,T2_wB97X-D3_def2-TZVPD_gas_energy_SP_v1,final_energy_Eh;normal_termination;geometry_hash,planned,SRC_PROJECT_TIER2_CURRENT;SRC_HANDOFF_SPEC
SP0003,diagnostic_gas_sp,A003_Q0_M2,GAS,S005,DIAGNOSTIC_GAS,gas/SMD decomposition and parser audit,electrolyte_anion,Perchlorate (ClO4−),Acid; Lithium; Silver; Sodium; Tetraalkylammonium,0,2,diagnostic,,0,solvent-specific Tier-1 GFN2/ddCOSMO optimized state geometry,tier1:redox:A003:S005:q0:m2,,,wB97X-D3,def2-TZVPD,RIJCOSX + def2/J,TightSCF; DEFGRID3,gas,,not_applicable,8,3000,1.74,jhtvs-ft0806-sp-v3,T2_wB97X-D3_def2-TZVPD_gas_energy_SP_v1,final_energy_Eh;normal_termination;geometry_hash,planned,SRC_PROJECT_TIER2_CURRENT;SRC_HANDOFF_SPEC
SP0004,diagnostic_gas_sp,A003_QM1_M1,GAS,S005,DIAGNOSTIC_GAS,gas/SMD decomposition and parser audit,electrolyte_anion,Perchlorate (ClO4−),Acid; Lithium; Silver; Sodium; Tetraalkylammonium,-1,1,diagnostic,,0,solvent-specific Tier-1 GFN2/ddCOSMO optimized state geometry,tier1:redox:A003:S005:q-1:m1,,,wB97X-D3,def2-TZVPD,RIJCOSX + def2/J,TightSCF; DEFGRID3,gas,,not_applicable,8,3000,1.74,jhtvs-ft0806-sp-v3,T2_wB97X-D3_def2-TZVPD_gas_energy_SP_v1,final_energy_Eh;normal_termination;geometry_hash,planned,SRC_PROJECT_TIER2_CURRENT;SRC_HANDOFF_SPEC
SP0005,diagnostic_gas_sp,A005_Q0_M2,GAS,S001,DIAGNOSTIC_GAS,gas/SMD decomposition and parser audit,electrolyte_anion,Bis(trifluoromethanesulfonyl)imide (TFSI−),Lithium; Tetraalkylammonium,0,2,diagnostic,,0,solvent-specific Tier-1 GFN2/ddCOSMO optimized state geometry,tier1:redox:A005:S001:q0:m2,,,wB97X-D3,def2-TZVPD,RIJCOSX + def2/J,TightSCF; DEFGRID3,gas,,not_applicable,8,3000,1.74,jhtvs-ft0806-sp-v3,T2_wB97X-D3_def2-TZVPD_gas_energy_SP_v1,final_energy_Eh;normal_termination;geometry_hash,planned,SRC_PROJECT_TIER2_CURRENT;SRC_HANDOFF_SPEC
SP0006,diagnostic_gas_sp,A005_QM1_M1,GAS,S001,DIAGNOSTIC_GAS,gas/SMD decomposition and parser audit,electrolyte_anion,Bis(trifluoromethanesulfonyl)imide (TFSI−),Lithium; Tetraalkylammonium,-1,1,diagnostic,,0,solvent-specific Tier-1 GFN2/ddCOSMO optimized state geometry,tier1:redox:A005:S001:q-1:m1,,,wB97X-D3,def2-TZVPD,RIJCOSX + def2/J,TightSCF; DEFGRID3,gas,,not_applicable,8,3000,1.74,jhtvs-ft0806-sp-v3,T2_wB97X-D3_def2-TZVPD_gas_energy_SP_v1,final_energy_Eh;normal_termination;geometry_hash,planned,SRC_PROJECT_TIER2_CURRENT;SRC_HANDOFF_SPEC
SP0007,diagnostic_gas_sp,A009_Q0_M2,GAS,S002,DIAGNOSTIC_GAS,gas/SMD decomposition and parser audit,electrolyte_anion,"4-Methylbenzenesulfonate (tosylate, pTS−)",Organic acid,0,2,diagnostic,,0,solvent-specific Tier-1 GFN2/ddCOSMO optimized state geometry,tier1:redox:A009:S002:q0:m2,,,wB97X-D3,def2-TZVPD,RIJCOSX + def2/J,TightSCF; DEFGRID3,gas,,not_applicable,8,3000,1.74,jhtvs-ft0806-sp-v3,T2_wB97X-D3_def2-TZVPD_gas_energy_SP_v1,final_energy_Eh;normal_termination;geometry_hash,planned,SRC_PROJECT_TIER2_CURRENT;SRC_HANDOFF_SPEC
SP0008,diagnostic_gas_sp,A009_QM1_M1,GAS,S002,DIAGNOSTIC_GAS,gas/SMD decomposition and parser audit,electrolyte_anion,"4-Methylbenzenesulfonate (tosylate, pTS−)",Organic acid,-1,1,diagnostic,,0,solvent-specific Tier-1 GFN2/ddCOSMO optimized state geometry,tier1:redox:A009:S002:q-1:m1,,,wB97X-D3,def2-TZVPD,RIJCOSX + def2/J,TightSCF; DEFGRID3,gas,,not_applicable,8,3000,1.74,jhtvs-ft0806-sp-v3,T2_wB97X-D3_def2-TZVPD_gas_energy_SP_v1,final_energy_Eh;normal_termination;geometry_hash,planned,SRC_PROJECT_TIER2_CURRENT;SRC_HANDOFF_SPEC
SP0009,diagnostic_gas_sp,D001_QP2_M1,GAS,S001,DIAGNOSTIC_GAS,gas/SMD decomposition and parser audit,sigma_complex_dication,Thiophene sigma-complex dication,Thiophenes,2,1,diagnostic,,0,deterministic sigma construction then solvent-specific GFN2/ddCOSMO preoptimization with connectivity QC,surrogate:sigma_preopt:D001:S001:q2:m1,,,wB97X-D3,def2-TZVPD,RIJCOSX + def2/J,TightSCF; DEFGRID3,gas,,not_applicable,8,3000,4.22,jhtvs-ft0806-sp-v3,T2_wB97X-D3_def2-TZVPD_gas_energy_SP_v1,final_energy_Eh;normal_termination;geometry_hash,planned,SRC_PROJECT_TIER2_CURRENT;SRC_HANDOFF_SPEC
SP0010,diagnostic_gas_sp,D007_QP2_M1,GAS,S004,DIAGNOSTIC_GAS,gas/SMD decomposition and parser audit,sigma_complex_dication,3-Octylthiophene sigma-complex dication,Thiophenes,2,1,diagnostic,,0,deterministic sigma construction then solvent-specific GFN2/ddCOSMO preoptimization with connectivity QC,surrogate:sigma_preopt:D007:S004:q2:m1,,,wB97X-D3,def2-TZVPD,RIJCOSX + def2/J,TightSCF; DEFGRID3,gas,,not_applicable,8,3000,4.22,jhtvs-ft0806-sp-v3,T2_wB97X-D3_def2-TZVPD_gas_energy_SP_v1,final_energy_Eh;normal_termination;geometry_hash,planned,SRC_PROJECT_TIER2_CURRENT;SRC_HANDOFF_SPEC
SP0011,diagnostic_gas_sp,D022_QP2_M1,GAS,S001,DIAGNOSTIC_GAS,gas/SMD decomposition and parser audit,sigma_complex_dication,"3,4-Ethylenedioxythiophene (EDOT) sigma-complex dication",Thiophenes,2,1,diagnostic,,0,deterministic sigma construction then solvent-specific GFN2/ddCOSMO preoptimization with connectivity QC,surrogate:sigma_preopt:D022:S001:q2:m1,,,wB97X-D3,def2-TZVPD,RIJCOSX + def2/J,TightSCF; DEFGRID3,gas,,not_applicable,8,3000,4.22,jhtvs-ft0806-sp-v3,T2_wB97X-D3_def2-TZVPD_gas_energy_SP_v1,final_energy_Eh;normal_termination;geometry_hash,planned,SRC_PROJECT_TIER2_CURRENT;SRC_HANDOFF_SPEC
SP0012,diagnostic_gas_sp,D024_QP2_M1,GAS,S004,DIAGNOSTIC_GAS,gas/SMD decomposition and parser audit,sigma_complex_dication,"2,2′-Bithiophene sigma-complex dication",Thiophenes,2,1,diagnostic,,0,deterministic sigma construction then solvent-specific GFN2/ddCOSMO preoptimization with connectivity QC,surrogate:sigma_preopt:D024:S004:q2:m1,,,wB97X-D3,def2-TZVPD,RIJCOSX + def2/J,TightSCF; DEFGRID3,gas,,not_applicable,8,3000,4.22,jhtvs-ft0806-sp-v3,T2_wB97X-D3_def2-TZVPD_gas_energy_SP_v1,final_energy_Eh;normal_termination;geometry_hash,planned,SRC_PROJECT_TIER2_CURRENT;SRC_HANDOFF_SPEC
SP0013,diagnostic_gas_sp,D026_QP2_M1,GAS,S005,DIAGNOSTIC_GAS,gas/SMD decomposition and parser audit,sigma_complex_dication,Pyrrole sigma-complex dication,Pyrroles,2,1,diagnostic,,0,deterministic sigma construction then solvent-specific GFN2/ddCOSMO preoptimization with connectivity QC,surrogate:sigma_preopt:D026:S005:q2:m1,,,wB97X-D3,def2-TZVPD,RIJCOSX + def2/J,TightSCF; DEFGRID3,gas,,not_applicable,8,3000,4.22,jhtvs-ft0806-sp-v3,T2_wB97X-D3_def2-TZVPD_gas_energy_SP_v1,final_energy_Eh;normal_termination;geometry_hash,planned,SRC_PROJECT_TIER2_CURRENT;SRC_HANDOFF_SPEC
SP0014,diagnostic_gas_sp,D027_QP2_M1,GAS,S001,DIAGNOSTIC_GAS,gas/SMD decomposition and parser audit,sigma_complex_dication,N-Methylpyrrole sigma-complex dication,Pyrroles,2,1,diagnostic,,0,deterministic sigma construction then solvent-specific GFN2/ddCOSMO preoptimization with connectivity QC,surrogate:sigma_preopt:D027:S001:q2:m1,,,wB97X-D3,def2-TZVPD,RIJCOSX + def2/J,TightSCF; DEFGRID3,gas,,not_applicable,8,3000,4.22,jhtvs-ft0806-sp-v3,T2_wB97X-D3_def2-TZVPD_gas_energy_SP_v1,final_energy_Eh;normal_termination;geometry_hash,planned,SRC_PROJECT_TIER2_CURRENT;SRC_HANDOFF_SPEC
SP0015,diagnostic_gas_sp,D038_QP2_M1,GAS,S004,DIAGNOSTIC_GAS,gas/SMD decomposition and parser audit,sigma_complex_dication,Furan sigma-complex dication,Furans,2,1,diagnostic,,0,deterministic sigma construction then solvent-specific GFN2/ddCOSMO preoptimization with connectivity QC,surrogate:sigma_preopt:D038:S004:q2:m1,,,wB97X-D3,def2-TZVPD,RIJCOSX + def2/J,TightSCF; DEFGRID3,gas,,not_applicable,8,3000,4.22,jhtvs-ft0806-sp-v3,T2_wB97X-D3_def2-TZVPD_gas_energy_SP_v1,final_energy_Eh;normal_termination;geometry_hash,planned,SRC_PROJECT_TIER2_CURRENT;SRC_HANDOFF_SPEC
SP0016,diagnostic_gas_sp,D042_QP2_M1,GAS,S005,DIAGNOSTIC_GAS,gas/SMD decomposition and parser audit,sigma_complex_dication,3-Octylfuran sigma-complex dication,Furans,2,1,diagnostic,,0,deterministic sigma construction then solvent-specific GFN2/ddCOSMO preoptimization with connectivity QC,surrogate:sigma_preopt:D042:S005:q2:m1,,,wB97X-D3,def2-TZVPD,RIJCOSX + def2/J,TightSCF; DEFGRID3,gas,,not_applicable,8,3000,4.22,jhtvs-ft0806-sp-v3,T2_wB97X-D3_def2-TZVPD_gas_energy_SP_v1,final_energy_Eh;normal_termination;geometry_hash,planned,SRC_PROJECT_TIER2_CURRENT;SRC_HANDOFF_SPEC
SP0017,diagnostic_gas_sp,M022_Q0_M1,GAS,S001,DIAGNOSTIC_GAS,gas/SMD decomposition and parser audit,monomer,"3,4-Ethylenedioxythiophene (EDOT)",Thiophenes,0,1,diagnostic,,0,solvent-specific Tier-1 GFN2/ddCOSMO optimized state geometry,tier1:redox:M022:S001:q0:m1,,,wB97X-D3,def2-TZVPD,RIJCOSX + def2/J,TightSCF; DEFGRID3,gas,,not_applicable,8,3000,1.74,jhtvs-ft0806-sp-v3,T2_wB97X-D3_def2-TZVPD_gas_energy_SP_v1,final_energy_Eh;normal_termination;geometry_hash,planned,SRC_PROJECT_TIER2_CURRENT;SRC_HANDOFF_SPEC
SP0018,diagnostic_gas_sp,M022_QP1_M2,GAS,S001,DIAGNOSTIC_GAS,gas/SMD decomposition and parser audit,monomer,"3,4-Ethylenedioxythiophene (EDOT)",Thiophenes,1,2,diagnostic,,0,solvent-specific Tier-1 GFN2/ddCOSMO optimized state geometry,tier1:redox:M022:S001:q1:m2,,,wB97X-D3,def2-TZVPD,RIJCOSX + def2/J,TightSCF; DEFGRID3,gas,,not_applicable,8,3000,1.74,jhtvs-ft0806-sp-v3,T2_wB97X-D3_def2-TZVPD_gas_energy_SP_v1,final_energy_Eh;normal_termination;geometry_hash,planned,SRC_PROJECT_TIER2_CURRENT;SRC_HANDOFF_SPEC
SP0019,diagnostic_gas_sp,M027_Q0_M1,GAS,S002,DIAGNOSTIC_GAS,gas/SMD decomposition and parser audit,monomer,N-Methylpyrrole,Pyrroles,0,1,diagnostic,,0,solvent-specific Tier-1 GFN2/ddCOSMO optimized state geometry,tier1:redox:M027:S002:q0:m1,,,wB97X-D3,def2-TZVPD,RIJCOSX + def2/J,TightSCF; DEFGRID3,gas,,not_applicable,8,3000,1.74,jhtvs-ft0806-sp-v3,T2_wB97X-D3_def2-TZVPD_gas_energy_SP_v1,final_energy_Eh;normal_termination;geometry_hash,planned,SRC_PROJECT_TIER2_CURRENT;SRC_HANDOFF_SPEC
SP0020,diagnostic_gas_sp,M027_QP1_M2,GAS,S001,DIAGNOSTIC_GAS,gas/SMD decomposition and parser audit,monomer,N-Methylpyrrole,Pyrroles,1,2,diagnostic,,0,solvent-specific Tier-1 GFN2/ddCOSMO optimized state geometry,tier1:redox:M027:S001:q1:m2,,,wB97X-D3,def2-TZVPD,RIJCOSX + def2/J,TightSCF; DEFGRID3,gas,,not_applicable,8,3000,1.74,jhtvs-ft0806-sp-v3,T2_wB97X-D3_def2-TZVPD_gas_energy_SP_v1,final_energy_Eh;normal_termination;geometry_hash,planned,SRC_PROJECT_TIER2_CURRENT;SRC_HANDOFF_SPEC
SP0021,diagnostic_gas_sp,M060_Q0_M1,GAS,S002,DIAGNOSTIC_GAS,gas/SMD decomposition and parser audit,monomer,Aniline,Anilines,0,1,diagnostic,,0,solvent-specific Tier-1 GFN2/ddCOSMO optimized state geometry,tier1:redox:M060:S002:q0:m1,,,wB97X-D3,def2-TZVPD,RIJCOSX + def2/J,TightSCF; DEFGRID3,gas,,not_applicable,8,3000,1.74,jhtvs-ft0806-sp-v3,T2_wB97X-D3_def2-TZVPD_gas_energy_SP_v1,final_energy_Eh;normal_termination;geometry_hash,planned,SRC_PROJECT_TIER2_CURRENT;SRC_HANDOFF_SPEC
SP0022,diagnostic_gas_sp,M060_QP1_M2,GAS,S002,DIAGNOSTIC_GAS,gas/SMD decomposition and parser audit,monomer,Aniline,Anilines,1,2,diagnostic,,0,solvent-specific Tier-1 GFN2/ddCOSMO optimized state geometry,tier1:redox:M060:S002:q1:m2,,,wB97X-D3,def2-TZVPD,RIJCOSX + def2/J,TightSCF; DEFGRID3,gas,,not_applicable,8,3000,1.74,jhtvs-ft0806-sp-v3,T2_wB97X-D3_def2-TZVPD_gas_energy_SP_v1,final_energy_Eh;normal_termination;geometry_hash,planned,SRC_PROJECT_TIER2_CURRENT;SRC_HANDOFF_SPEC
SP0023,diagnostic_gas_sp,M070_Q0_M1,GAS,S004,DIAGNOSTIC_GAS,gas/SMD decomposition and parser audit,monomer,Carbazole,Carbazoles,0,1,diagnostic,,0,solvent-specific Tier-1 GFN2/ddCOSMO optimized state geometry,tier1:redox:M070:S004:q0:m1,,,wB97X-D3,def2-TZVPD,RIJCOSX + def2/J,TightSCF; DEFGRID3,gas,,not_applicable,8,3000,1.74,jhtvs-ft0806-sp-v3,T2_wB97X-D3_def2-TZVPD_gas_energy_SP_v1,final_energy_Eh;normal_termination;geometry_hash,planned,SRC_PROJECT_TIER2_CURRENT;SRC_HANDOFF_SPEC
SP0024,diagnostic_gas_sp,M070_QP1_M2,GAS,S004,DIAGNOSTIC_GAS,gas/SMD decomposition and parser audit,monomer,Carbazole,Carbazoles,1,2,diagnostic,,0,solvent-specific Tier-1 GFN2/ddCOSMO optimized state geometry,tier1:redox:M070:S004:q1:m2,,,wB97X-D3,def2-TZVPD,RIJCOSX + def2/J,TightSCF; DEFGRID3,gas,,not_applicable,8,3000,1.74,jhtvs-ft0806-sp-v3,T2_wB97X-D3_def2-TZVPD_gas_energy_SP_v1,final_energy_Eh;normal_termination;geometry_hash,planned,SRC_PROJECT_TIER2_CURRENT;SRC_HANDOFF_SPEC
SP0025,diagnostic_gas_sp,M084_Q0_M1,GAS,S001,DIAGNOSTIC_GAS,gas/SMD decomposition and parser audit,monomer,"4,7-Bis(thiophen-2-yl)-2,1,3-benzothiadiazole (TBT)",Donor–Acceptor units,0,1,diagnostic,,0,solvent-specific Tier-1 GFN2/ddCOSMO optimized state geometry,tier1:redox:M084:S001:q0:m1,,,wB97X-D3,def2-TZVPD,RIJCOSX + def2/J,TightSCF; DEFGRID3,gas,,not_applicable,8,3000,1.74,jhtvs-ft0806-sp-v3,T2_wB97X-D3_def2-TZVPD_gas_energy_SP_v1,final_energy_Eh;normal_termination;geometry_hash,planned,SRC_PROJECT_TIER2_CURRENT;SRC_HANDOFF_SPEC
SP0026,diagnostic_gas_sp,M084_QP1_M2,GAS,S001,DIAGNOSTIC_GAS,gas/SMD decomposition and parser audit,monomer,"4,7-Bis(thiophen-2-yl)-2,1,3-benzothiadiazole (TBT)",Donor–Acceptor units,1,2,diagnostic,,0,solvent-specific Tier-1 GFN2/ddCOSMO optimized state geometry,tier1:redox:M084:S001:q1:m2,,,wB97X-D3,def2-TZVPD,RIJCOSX + def2/J,TightSCF; DEFGRID3,gas,,not_applicable,8,3000,1.74,jhtvs-ft0806-sp-v3,T2_wB97X-D3_def2-TZVPD_gas_energy_SP_v1,final_energy_Eh;normal_termination;geometry_hash,planned,SRC_PROJECT_TIER2_CURRENT;SRC_HANDOFF_SPEC
SP0027,diagnostic_gas_sp,S001_Q0_M1,GAS,S001,DIAGNOSTIC_GAS,gas/SMD decomposition and parser audit,solvent_oxidation_target,Acetonitrile (MeCN),Nitrile,0,1,diagnostic,,0,self-medium Tier-1 GFN2/ddCOSMO optimized state geometry,tier1:redox:S001:S001:q0:m1,,,wB97X-D3,def2-TZVPD,RIJCOSX + def2/J,TightSCF; DEFGRID3,gas,,not_applicable,8,3000,1.74,jhtvs-ft0806-sp-v3,T2_wB97X-D3_def2-TZVPD_gas_energy_SP_v1,final_energy_Eh;normal_termination;geometry_hash,planned,SRC_PROJECT_TIER2_CURRENT;SRC_HANDOFF_SPEC
SP0028,diagnostic_gas_sp,S001_QP1_M2,GAS,S001,DIAGNOSTIC_GAS,gas/SMD decomposition and parser audit,solvent_oxidation_target,Acetonitrile (MeCN),Nitrile,1,2,diagnostic,,0,self-medium Tier-1 GFN2/ddCOSMO optimized state geometry,tier1:redox:S001:S001:q1:m2,,,wB97X-D3,def2-TZVPD,RIJCOSX + def2/J,TightSCF; DEFGRID3,gas,,not_applicable,8,3000,1.74,jhtvs-ft0806-sp-v3,T2_wB97X-D3_def2-TZVPD_gas_energy_SP_v1,final_energy_Eh;normal_termination;geometry_hash,planned,SRC_PROJECT_TIER2_CURRENT;SRC_HANDOFF_SPEC
SP0029,diagnostic_gas_sp,S017_Q0_M1,GAS,S017,DIAGNOSTIC_GAS,gas/SMD decomposition and parser audit,solvent_oxidation_target,1-Ethyl-3-methylimidazolium bis(trifluoromethanesulfonyl)imide ([EMIM][TFSI]),Ionic liquid,0,1,diagnostic,,0,self-medium Tier-1 GFN2/ddCOSMO optimized state geometry,tier1:redox:S017:S017:q0:m1,,,wB97X-D3,def2-TZVPD,RIJCOSX + def2/J,TightSCF; DEFGRID3,gas,,not_applicable,8,3000,1.74,jhtvs-ft0806-sp-v3,T2_wB97X-D3_def2-TZVPD_gas_energy_SP_v1,final_energy_Eh;normal_termination;geometry_hash,planned,SRC_PROJECT_TIER2_CURRENT;SRC_HANDOFF_SPEC
SP0030,diagnostic_gas_sp,S017_QP1_M2,GAS,S017,DIAGNOSTIC_GAS,gas/SMD decomposition and parser audit,solvent_oxidation_target,1-Ethyl-3-methylimidazolium bis(trifluoromethanesulfonyl)imide ([EMIM][TFSI]),Ionic liquid,1,2,diagnostic,,0,self-medium Tier-1 GFN2/ddCOSMO optimized state geometry,tier1:redox:S017:S017:q1:m2,,,wB97X-D3,def2-TZVPD,RIJCOSX + def2/J,TightSCF; DEFGRID3,gas,,not_applicable,8,3000,1.74,jhtvs-ft0806-sp-v3,T2_wB97X-D3_def2-TZVPD_gas_energy_SP_v1,final_energy_Eh;normal_termination;geometry_hash,planned,SRC_PROJECT_TIER2_CURRENT;SRC_HANDOFF_SPEC
SP0031,smd_energy_sp,A001_Q0_M2,S001,S001,RXN_AOX_A001,fixed_geometry_auxiliary_and_reaction_SP,electrolyte_anion,Hexafluorophosphate (PF6−),Tetraalkylammonium,0,2,train,,1,solvent-specific Tier-1 GFN2/ddCOSMO optimized state geometry,tier1:redox:A001:S001:q0:m2,,298.15,wB97X-D3,def2-TZVPD,RIJCOSX + def2/J,TightSCF; DEFGRID3,native_orca_smd,solvent_smd_registry.csv,resolved_authoritative,8,3000,1.74,jhtvs-ft0806-sp-v3,T2_wB97X-D3_def2-TZVPD_SMD_energy_SP_v1,final_energy_Eh;CPCM_Dielectric_Eh;SMD_CDS_Eh;echoed_smd_vector;normal_termination;geometry_hash,planned,SRC_PROJECT_TIER2_CURRENT;SRC_ORCA61_SMD;SRC_HANDOFF_SPEC
SP0032,smd_energy_sp,A001_QM1_M1,S001,S001,RXN_AOX_A001,fixed_geometry_auxiliary_and_reaction_SP,electrolyte_anion,Hexafluorophosphate (PF6−),Tetraalkylammonium,-1,1,train,,1,solvent-specific Tier-1 GFN2/ddCOSMO optimized state geometry,tier1:redox:A001:S001:q-1:m1,,298.15,wB97X-D3,def2-TZVPD,RIJCOSX + def2/J,TightSCF; DEFGRID3,native_orca_smd,solvent_smd_registry.csv,resolved_authoritative,8,3000,1.74,jhtvs-ft0806-sp-v3,T2_wB97X-D3_def2-TZVPD_SMD_energy_SP_v1,final_energy_Eh;CPCM_Dielectric_Eh;SMD_CDS_Eh;echoed_smd_vector;normal_termination;geometry_hash,planned,SRC_PROJECT_TIER2_CURRENT;SRC_ORCA61_SMD;SRC_HANDOFF_SPEC
SP0033,smd_energy_sp,A002_Q0_M2,S001,S001,RXN_AOX_A002,fixed_geometry_auxiliary_and_reaction_SP,electrolyte_anion,Tetrafluoroborate (BF4−),Lithium; Tetraalkylammonium,0,2,test,test_full25,0,solvent-specific Tier-1 GFN2/ddCOSMO optimized state geometry,tier1:redox:A002:S001:q0:m2,,298.15,wB97X-D3,def2-TZVPD,RIJCOSX + def2/J,TightSCF; DEFGRID3,native_orca_smd,solvent_smd_registry.csv,resolved_authoritative,8,3000,1.74,jhtvs-ft0806-sp-v3,T2_wB97X-D3_def2-TZVPD_SMD_energy_SP_v1,final_energy_Eh;CPCM_Dielectric_Eh;SMD_CDS_Eh;echoed_smd_vector;normal_termination;geometry_hash,planned,SRC_PROJECT_TIER2_CURRENT;SRC_ORCA61_SMD;SRC_HANDOFF_SPEC
SP0034,smd_energy_sp,A002_QM1_M1,S001,S001,RXN_AOX_A002,fixed_geometry_auxiliary_and_reaction_SP,electrolyte_anion,Tetrafluoroborate (BF4−),Lithium; Tetraalkylammonium,-1,1,test,test_full25,0,solvent-specific Tier-1 GFN2/ddCOSMO optimized state geometry,tier1:redox:A002:S001:q-1:m1,,298.15,wB97X-D3,def2-TZVPD,RIJCOSX + def2/J,TightSCF; DEFGRID3,native_orca_smd,solvent_smd_registry.csv,resolved_authoritative,8,3000,1.74,jhtvs-ft0806-sp-v3,T2_wB97X-D3_def2-TZVPD_SMD_energy_SP_v1,final_energy_Eh;CPCM_Dielectric_Eh;SMD_CDS_Eh;echoed_smd_vector;normal_termination;geometry_hash,planned,SRC_PROJECT_TIER2_CURRENT;SRC_ORCA61_SMD;SRC_HANDOFF_SPEC
SP0035,smd_energy_sp,A005_Q0_M2,S001,S001,RXN_AOX_A005,fixed_geometry_auxiliary_and_reaction_SP,electrolyte_anion,Bis(trifluoromethanesulfonyl)imide (TFSI−),Lithium; Tetraalkylammonium,0,2,train,train_full25,1,solvent-specific Tier-1 GFN2/ddCOSMO optimized state geometry,tier1:redox:A005:S001:q0:m2,,298.15,wB97X-D3,def2-TZVPD,RIJCOSX + def2/J,TightSCF; DEFGRID3,native_orca_smd,solvent_smd_registry.csv,resolved_authoritative,8,3000,1.74,jhtvs-ft0806-sp-v3,T2_wB97X-D3_def2-TZVPD_SMD_energy_SP_v1,final_energy_Eh;CPCM_Dielectric_Eh;SMD_CDS_Eh;echoed_smd_vector;normal_termination;geometry_hash,planned,SRC_PROJECT_TIER2_CURRENT;SRC_ORCA61_SMD;SRC_HANDOFF_SPEC
SP0036,smd_energy_sp,A005_QM1_M1,S001,S001,RXN_AOX_A005,fixed_geometry_auxiliary_and_reaction_SP,electrolyte_anion,Bis(trifluoromethanesulfonyl)imide (TFSI−),Lithium; Tetraalkylammonium,-1,1,train,train_full25,1,solvent-specific Tier-1 GFN2/ddCOSMO optimized state geometry,tier1:redox:A005:S001:q-1:m1,,298.15,wB97X-D3,def2-TZVPD,RIJCOSX + def2/J,TightSCF; DEFGRID3,native_orca_smd,solvent_smd_registry.csv,resolved_authoritative,8,3000,1.74,jhtvs-ft0806-sp-v3,T2_wB97X-D3_def2-TZVPD_SMD_energy_SP_v1,final_energy_Eh;CPCM_Dielectric_Eh;SMD_CDS_Eh;echoed_smd_vector;normal_termination;geometry_hash,planned,SRC_PROJECT_TIER2_CURRENT;SRC_ORCA61_SMD;SRC_HANDOFF_SPEC
SP0037,smd_energy_sp,A006_Q0_M2,S001,S001,RXN_AOX_A006,fixed_geometry_auxiliary_and_reaction_SP,electrolyte_anion,Poly(styrene sulfonate) H-capped repeat-unit anion (PSS− proxy),Polymeric,0,2,val,,0,solvent-specific Tier-1 GFN2/ddCOSMO optimized state geometry,tier1:redox:A006:S001:q0:m2,,298.15,wB97X-D3,def2-TZVPD,RIJCOSX + def2/J,TightSCF; DEFGRID3,native_orca_smd,solvent_smd_registry.csv,resolved_authoritative,8,3000,1.74,jhtvs-ft0806-sp-v3,T2_wB97X-D3_def2-TZVPD_SMD_energy_SP_v1,final_energy_Eh;CPCM_Dielectric_Eh;SMD_CDS_Eh;echoed_smd_vector;normal_termination;geometry_hash,planned,SRC_PROJECT_TIER2_CURRENT;SRC_ORCA61_SMD;SRC_HANDOFF_SPEC
SP0038,smd_energy_sp,A006_QM1_M1,S001,S001,RXN_AOX_A006,fixed_geometry_auxiliary_and_reaction_SP,electrolyte_anion,Poly(styrene sulfonate) H-capped repeat-unit anion (PSS− proxy),Polymeric,-1,1,val,,0,solvent-specific Tier-1 GFN2/ddCOSMO optimized state geometry,tier1:redox:A006:S001:q-1:m1,,298.15,wB97X-D3,def2-TZVPD,RIJCOSX + def2/J,TightSCF; DEFGRID3,native_orca_smd,solvent_smd_registry.csv,resolved_authoritative,8,3000,1.74,jhtvs-ft0806-sp-v3,T2_wB97X-D3_def2-TZVPD_SMD_energy_SP_v1,final_energy_Eh;CPCM_Dielectric_Eh;SMD_CDS_Eh;echoed_smd_vector;normal_termination;geometry_hash,planned,SRC_PROJECT_TIER2_CURRENT;SRC_ORCA61_SMD;SRC_HANDOFF_SPEC
SP0039,smd_energy_sp,A011_Q0_M2,S001,S001,RXN_AOX_A011,fixed_geometry_auxiliary_and_reaction_SP,electrolyte_anion,Chloride (Cl−),Inorganic,0,2,val,,0,solvent-specific Tier-1 GFN2/ddCOSMO optimized state geometry,tier1:redox:A011:S001:q0:m2,,298.15,wB97X-D3,def2-TZVPD,RIJCOSX + def2/J,TightSCF; DEFGRID3,native_orca_smd,solvent_smd_registry.csv,resolved_authoritative,8,3000,1.74,jhtvs-ft0806-sp-v3,T2_wB97X-D3_def2-TZVPD_SMD_energy_SP_v1,final_energy_Eh;CPCM_Dielectric_Eh;SMD_CDS_Eh;echoed_smd_vector;normal_termination;geometry_hash,planned,SRC_PROJECT_TIER2_CURRENT;SRC_ORCA61_SMD;SRC_HANDOFF_SPEC
SP0040,smd_energy_sp,A011_QM1_M1,S001,S001,RXN_AOX_A011,fixed_geometry_auxiliary_and_reaction_SP,electrolyte_anion,Chloride (Cl−),Inorganic,-1,1,val,,0,solvent-specific Tier-1 GFN2/ddCOSMO optimized state geometry,tier1:redox:A011:S001:q-1:m1,,298.15,wB97X-D3,def2-TZVPD,RIJCOSX + def2/J,TightSCF; DEFGRID3,native_orca_smd,solvent_smd_registry.csv,resolved_authoritative,8,3000,1.74,jhtvs-ft0806-sp-v3,T2_wB97X-D3_def2-TZVPD_SMD_energy_SP_v1,final_energy_Eh;CPCM_Dielectric_Eh;SMD_CDS_Eh;echoed_smd_vector;normal_termination;geometry_hash,planned,SRC_PROJECT_TIER2_CURRENT;SRC_ORCA61_SMD;SRC_HANDOFF_SPEC
SP0041,smd_energy_sp,D001_QP2_M1,S001,S001,RXN_SIG_M001,fixed_geometry_auxiliary_and_reaction_SP,sigma_complex_dication,Thiophene sigma-complex dication,Thiophenes,2,1,train,,1,deterministic sigma construction then solvent-specific GFN2/ddCOSMO preoptimization with connectivity QC,surrogate:sigma_preopt:D001:S001:q2:m1,,298.15,wB97X-D3,def2-TZVPD,RIJCOSX + def2/J,TightSCF; DEFGRID3,native_orca_smd,solvent_smd_registry.csv,resolved_authoritative,8,3000,4.22,jhtvs-ft0806-sp-v3,T2_wB97X-D3_def2-TZVPD_SMD_energy_SP_v1,final_energy_Eh;CPCM_Dielectric_Eh;SMD_CDS_Eh;echoed_smd_vector;normal_termination;geometry_hash,planned,SRC_PROJECT_TIER2_CURRENT;SRC_ORCA61_SMD;SRC_HANDOFF_SPEC
SP0042,smd_energy_sp,D022_QP2_M1,S001,S001,RXN_SIG_M022,fixed_geometry_auxiliary_and_reaction_SP,sigma_complex_dication,"3,4-Ethylenedioxythiophene (EDOT) sigma-complex dication",Thiophenes,2,1,train,train_full25,1,deterministic sigma construction then solvent-specific GFN2/ddCOSMO preoptimization with connectivity QC,surrogate:sigma_preopt:D022:S001:q2:m1,,298.15,wB97X-D3,def2-TZVPD,RIJCOSX + def2/J,TightSCF; DEFGRID3,native_orca_smd,solvent_smd_registry.csv,resolved_authoritative,8,3000,4.22,jhtvs-ft0806-sp-v3,T2_wB97X-D3_def2-TZVPD_SMD_energy_SP_v1,final_energy_Eh;CPCM_Dielectric_Eh;SMD_CDS_Eh;echoed_smd_vector;normal_termination;geometry_hash,planned,SRC_PROJECT_TIER2_CURRENT;SRC_ORCA61_SMD;SRC_HANDOFF_SPEC
SP0043,smd_energy_sp,D027_QP2_M1,S001,S001,RXN_SIG_M027,fixed_geometry_auxiliary_and_reaction_SP,sigma_complex_dication,N-Methylpyrrole sigma-complex dication,Pyrroles,2,1,test,test_full25,0,deterministic sigma construction then solvent-specific GFN2/ddCOSMO preoptimization with connectivity QC,surrogate:sigma_preopt:D027:S001:q2:m1,,298.15,wB97X-D3,def2-TZVPD,RIJCOSX + def2/J,TightSCF; DEFGRID3,native_orca_smd,solvent_smd_registry.csv,resolved_authoritative,8,3000,4.22,jhtvs-ft0806-sp-v3,T2_wB97X-D3_def2-TZVPD_SMD_energy_SP_v1,final_energy_Eh;CPCM_Dielectric_Eh;SMD_CDS_Eh;echoed_smd_vector;normal_termination;geometry_hash,planned,SRC_PROJECT_TIER2_CURRENT;SRC_ORCA61_SMD;SRC_HANDOFF_SPEC
SP0044,smd_energy_sp,D096_QP2_M1,S001,S001,RXN_SIG_M096,fixed_geometry_auxiliary_and_reaction_SP,sigma_complex_dication,"4,4-Dihexyl-CPDT sigma-complex dication",Fused-ring systems,2,1,val,,0,deterministic sigma construction then solvent-specific GFN2/ddCOSMO preoptimization with connectivity QC,surrogate:sigma_preopt:D096:S001:q2:m1,,298.15,wB97X-D3,def2-TZVPD,RIJCOSX + def2/J,TightSCF; DEFGRID3,native_orca_smd,solvent_smd_registry.csv,resolved_authoritative,8,3000,4.22,jhtvs-ft0806-sp-v3,T2_wB97X-D3_def2-TZVPD_SMD_energy_SP_v1,final_energy_Eh;CPCM_Dielectric_Eh;SMD_CDS_Eh;echoed_smd_vector;normal_termination;geometry_hash,planned,SRC_PROJECT_TIER2_CURRENT;SRC_ORCA61_SMD;SRC_HANDOFF_SPEC
SP0045,smd_energy_sp,M001_Q0_M1,S001,S001,RXN_MOX_M001,fixed_geometry_auxiliary_and_reaction_SP,monomer,Thiophene,Thiophenes,0,1,train,,1,solvent-specific Tier-1 GFN2/ddCOSMO optimized state geometry,tier1:redox:M001:S001:q0:m1,,298.15,wB97X-D3,def2-TZVPD,RIJCOSX + def2/J,TightSCF; DEFGRID3,native_orca_smd,solvent_smd_registry.csv,resolved_authoritative,8,3000,1.74,jhtvs-ft0806-sp-v3,T2_wB97X-D3_def2-TZVPD_SMD_energy_SP_v1,final_energy_Eh;CPCM_Dielectric_Eh;SMD_CDS_Eh;echoed_smd_vector;normal_termination;geometry_hash,planned,SRC_PROJECT_TIER2_CURRENT;SRC_ORCA61_SMD;SRC_HANDOFF_SPEC
SP0046,smd_energy_sp,M001_QP1_M2,S001,S001,RXN_MOX_M001;RXN_SIG_M001,fixed_geometry_auxiliary_and_reaction_SP,monomer,Thiophene,Thiophenes,1,2,train,,1,solvent-specific Tier-1 GFN2/ddCOSMO optimized state geometry,tier1:redox:M001:S001:q1:m2,,298.15,wB97X-D3,def2-TZVPD,RIJCOSX + def2/J,TightSCF; DEFGRID3,native_orca_smd,solvent_smd_registry.csv,resolved_authoritative,8,3000,1.74,jhtvs-ft0806-sp-v3,T2_wB97X-D3_def2-TZVPD_SMD_energy_SP_v1,final_energy_Eh;CPCM_Dielectric_Eh;SMD_CDS_Eh;echoed_smd_vector;normal_termination;geometry_hash,planned,SRC_PROJECT_TIER2_CURRENT;SRC_ORCA61_SMD;SRC_HANDOFF_SPEC
SP0047,smd_energy_sp,M022_Q0_M1,S001,S001,RXN_MOX_M022,fixed_geometry_auxiliary_and_reaction_SP,monomer,"3,4-Ethylenedioxythiophene (EDOT)",Thiophenes,0,1,train,train_full25,1,solvent-specific Tier-1 GFN2/ddCOSMO optimized state geometry,tier1:redox:M022:S001:q0:m1,,298.15,wB97X-D3,def2-TZVPD,RIJCOSX + def2/J,TightSCF; DEFGRID3,native_orca_smd,solvent_smd_registry.csv,resolved_authoritative,8,3000,1.74,jhtvs-ft0806-sp-v3,T2_wB97X-D3_def2-TZVPD_SMD_energy_SP_v1,final_energy_Eh;CPCM_Dielectric_Eh;SMD_CDS_Eh;echoed_smd_vector;normal_termination;geometry_hash,planned,SRC_PROJECT_TIER2_CURRENT;SRC_ORCA61_SMD;SRC_HANDOFF_SPEC
SP0048,smd_energy_sp,M022_QP1_M2,S001,S001,RXN_MOX_M022;RXN_SIG_M022,fixed_geometry_auxiliary_and_reaction_SP,monomer,"3,4-Ethylenedioxythiophene (EDOT)",Thiophenes,1,2,train,train_full25,1,solvent-specific Tier-1 GFN2/ddCOSMO optimized state geometry,tier1:redox:M022:S001:q1:m2,,298.15,wB97X-D3,def2-TZVPD,RIJCOSX + def2/J,TightSCF; DEFGRID3,native_orca_smd,solvent_smd_registry.csv,resolved_authoritative,8,3000,1.74,jhtvs-ft0806-sp-v3,T2_wB97X-D3_def2-TZVPD_SMD_energy_SP_v1,final_energy_Eh;CPCM_Dielectric_Eh;SMD_CDS_Eh;echoed_smd_vector;normal_termination;geometry_hash,planned,SRC_PROJECT_TIER2_CURRENT;SRC_ORCA61_SMD;SRC_HANDOFF_SPEC
SP0049,smd_energy_sp,M027_QP1_M2,S001,S001,RXN_SIG_M027,fixed_geometry_auxiliary_and_reaction_SP,monomer,N-Methylpyrrole,Pyrroles,1,2,test,test_full25,0,solvent-specific Tier-1 GFN2/ddCOSMO optimized state geometry,tier1:redox:M027:S001:q1:m2,,298.15,wB97X-D3,def2-TZVPD,RIJCOSX + def2/J,TightSCF; DEFGRID3,native_orca_smd,solvent_smd_registry.csv,resolved_authoritative,8,3000,1.74,jhtvs-ft0806-sp-v3,T2_wB97X-D3_def2-TZVPD_SMD_energy_SP_v1,final_energy_Eh;CPCM_Dielectric_Eh;SMD_CDS_Eh;echoed_smd_vector;normal_termination;geometry_hash,planned,SRC_PROJECT_TIER2_CURRENT;SRC_ORCA61_SMD;SRC_HANDOFF_SPEC
SP0050,smd_energy_sp,M036_Q0_M1,S001,S001,RXN_MOX_M036,fixed_geometry_auxiliary_and_reaction_SP,monomer,"3,4-Ethylenedioxypyrrole (EDOP)",Pyrroles,0,1,train,,1,solvent-specific Tier-1 GFN2/ddCOSMO optimized state geometry,tier1:redox:M036:S001:q0:m1,,298.15,wB97X-D3,def2-TZVPD,RIJCOSX + def2/J,TightSCF; DEFGRID3,native_orca_smd,solvent_smd_registry.csv,resolved_authoritative,8,3000,1.74,jhtvs-ft0806-sp-v3,T2_wB97X-D3_def2-TZVPD_SMD_energy_SP_v1,final_energy_Eh;CPCM_Dielectric_Eh;SMD_CDS_Eh;echoed_smd_vector;normal_termination;geometry_hash,planned,SRC_PROJECT_TIER2_CURRENT;SRC_ORCA61_SMD;SRC_HANDOFF_SPEC
SP0051,smd_energy_sp,M036_QP1_M2,S001,S001,RXN_MOX_M036,fixed_geometry_auxiliary_and_reaction_SP,monomer,"3,4-Ethylenedioxypyrrole (EDOP)",Pyrroles,1,2,train,,1,solvent-specific Tier-1 GFN2/ddCOSMO optimized state geometry,tier1:redox:M036:S001:q1:m2,,298.15,wB97X-D3,def2-TZVPD,RIJCOSX + def2/J,TightSCF; DEFGRID3,native_orca_smd,solvent_smd_registry.csv,resolved_authoritative,8,3000,1.74,jhtvs-ft0806-sp-v3,T2_wB97X-D3_def2-TZVPD_SMD_energy_SP_v1,final_energy_Eh;CPCM_Dielectric_Eh;SMD_CDS_Eh;echoed_smd_vector;normal_termination;geometry_hash,planned,SRC_PROJECT_TIER2_CURRENT;SRC_ORCA61_SMD;SRC_HANDOFF_SPEC
SP0052,smd_energy_sp,M050_Q0_M1,S001,S001,RXN_MOX_M050,fixed_geometry_auxiliary_and_reaction_SP,monomer,Selenophene,Selenophenes,0,1,train,,1,solvent-specific Tier-1 GFN2/ddCOSMO optimized state geometry,tier1:redox:M050:S001:q0:m1,,298.15,wB97X-D3,def2-TZVPD,RIJCOSX + def2/J,TightSCF; DEFGRID3,native_orca_smd,solvent_smd_registry.csv,resolved_authoritative,8,3000,1.74,jhtvs-ft0806-sp-v3,T2_wB97X-D3_def2-TZVPD_SMD_energy_SP_v1,final_energy_Eh;CPCM_Dielectric_Eh;SMD_CDS_Eh;echoed_smd_vector;normal_termination;geometry_hash,planned,SRC_PROJECT_TIER2_CURRENT;SRC_ORCA61_SMD;SRC_HANDOFF_SPEC
SP0053,smd_energy_sp,M050_QP1_M2,S001,S001,RXN_MOX_M050,fixed_geometry_auxiliary_and_reaction_SP,monomer,Selenophene,Selenophenes,1,2,train,,1,solvent-specific Tier-1 GFN2/ddCOSMO optimized state geometry,tier1:redox:M050:S001:q1:m2,,298.15,wB97X-D3,def2-TZVPD,RIJCOSX + def2/J,TightSCF; DEFGRID3,native_orca_smd,solvent_smd_registry.csv,resolved_authoritative,8,3000,1.74,jhtvs-ft0806-sp-v3,T2_wB97X-D3_def2-TZVPD_SMD_energy_SP_v1,final_energy_Eh;CPCM_Dielectric_Eh;SMD_CDS_Eh;echoed_smd_vector;normal_termination;geometry_hash,planned,SRC_PROJECT_TIER2_CURRENT;SRC_ORCA61_SMD;SRC_HANDOFF_SPEC
SP0054,smd_energy_sp,M069_Q0_M1,S001,S001,RXN_MOX_M069,fixed_geometry_auxiliary_and_reaction_SP,monomer,Diphenylamine,Anilines,0,1,test,,0,solvent-specific Tier-1 GFN2/ddCOSMO optimized state geometry,tier1:redox:M069:S001:q0:m1,,298.15,wB97X-D3,def2-TZVPD,RIJCOSX + def2/J,TightSCF; DEFGRID3,native_orca_smd,solvent_smd_registry.csv,resolved_authoritative,8,3000,1.74,jhtvs-ft0806-sp-v3,T2_wB97X-D3_def2-TZVPD_SMD_energy_SP_v1,final_energy_Eh;CPCM_Dielectric_Eh;SMD_CDS_Eh;echoed_smd_vector;normal_termination;geometry_hash,planned,SRC_PROJECT_TIER2_CURRENT;SRC_ORCA61_SMD;SRC_HANDOFF_SPEC
SP0055,smd_energy_sp,M069_QP1_M2,S001,S001,RXN_MOX_M069,fixed_geometry_auxiliary_and_reaction_SP,monomer,Diphenylamine,Anilines,1,2,test,,0,solvent-specific Tier-1 GFN2/ddCOSMO optimized state geometry,tier1:redox:M069:S001:q1:m2,,298.15,wB97X-D3,def2-TZVPD,RIJCOSX + def2/J,TightSCF; DEFGRID3,native_orca_smd,solvent_smd_registry.csv,resolved_authoritative,8,3000,1.74,jhtvs-ft0806-sp-v3,T2_wB97X-D3_def2-TZVPD_SMD_energy_SP_v1,final_energy_Eh;CPCM_Dielectric_Eh;SMD_CDS_Eh;echoed_smd_vector;normal_termination;geometry_hash,planned,SRC_PROJECT_TIER2_CURRENT;SRC_ORCA61_SMD;SRC_HANDOFF_SPEC
SP0056,smd_energy_sp,M083_Q0_M1,S001,S001,RXN_MOX_M083,fixed_geometry_auxiliary_and_reaction_SP,monomer,"9,9-Dioctylfluorene",Fluorenes,0,1,train,,1,solvent-specific Tier-1 GFN2/ddCOSMO optimized state geometry,tier1:redox:M083:S001:q0:m1,,298.15,wB97X-D3,def2-TZVPD,RIJCOSX + def2/J,TightSCF; DEFGRID3,native_orca_smd,solvent_smd_registry.csv,resolved_authoritative,8,3000,1.74,jhtvs-ft0806-sp-v3,T2_wB97X-D3_def2-TZVPD_SMD_energy_SP_v1,final_energy_Eh;CPCM_Dielectric_Eh;SMD_CDS_Eh;echoed_smd_vector;normal_termination;geometry_hash,planned,SRC_PROJECT_TIER2_CURRENT;SRC_ORCA61_SMD;SRC_HANDOFF_SPEC
SP0057,smd_energy_sp,M083_QP1_M2,S001,S001,RXN_MOX_M083,fixed_geometry_auxiliary_and_reaction_SP,monomer,"9,9-Dioctylfluorene",Fluorenes,1,2,train,,1,solvent-specific Tier-1 GFN2/ddCOSMO optimized state geometry,tier1:redox:M083:S001:q1:m2,,298.15,wB97X-D3,def2-TZVPD,RIJCOSX + def2/J,TightSCF; DEFGRID3,native_orca_smd,solvent_smd_registry.csv,resolved_authoritative,8,3000,1.74,jhtvs-ft0806-sp-v3,T2_wB97X-D3_def2-TZVPD_SMD_energy_SP_v1,final_energy_Eh;CPCM_Dielectric_Eh;SMD_CDS_Eh;echoed_smd_vector;normal_termination;geometry_hash,planned,SRC_PROJECT_TIER2_CURRENT;SRC_ORCA61_SMD;SRC_HANDOFF_SPEC
SP0058,smd_energy_sp,M084_Q0_M1,S001,S001,RXN_MOX_M084,fixed_geometry_auxiliary_and_reaction_SP,monomer,"4,7-Bis(thiophen-2-yl)-2,1,3-benzothiadiazole (TBT)",Donor–Acceptor units,0,1,test,test_full25,0,solvent-specific Tier-1 GFN2/ddCOSMO optimized state geometry,tier1:redox:M084:S001:q0:m1,,298.15,wB97X-D3,def2-TZVPD,RIJCOSX + def2/J,TightSCF; DEFGRID3,native_orca_smd,solvent_smd_registry.csv,resolved_authoritative,8,3000,1.74,jhtvs-ft0806-sp-v3,T2_wB97X-D3_def2-TZVPD_SMD_energy_SP_v1,final_energy_Eh;CPCM_Dielectric_Eh;SMD_CDS_Eh;echoed_smd_vector;normal_termination;geometry_hash,planned,SRC_PROJECT_TIER2_CURRENT;SRC_ORCA61_SMD;SRC_HANDOFF_SPEC
SP0059,smd_energy_sp,M084_QP1_M2,S001,S001,RXN_MOX_M084,fixed_geometry_auxiliary_and_reaction_SP,monomer,"4,7-Bis(thiophen-2-yl)-2,1,3-benzothiadiazole (TBT)",Donor–Acceptor units,1,2,test,test_full25,0,solvent-specific Tier-1 GFN2/ddCOSMO optimized state geometry,tier1:redox:M084:S001:q1:m2,,298.15,wB97X-D3,def2-TZVPD,RIJCOSX + def2/J,TightSCF; DEFGRID3,native_orca_smd,solvent_smd_registry.csv,resolved_authoritative,8,3000,1.74,jhtvs-ft0806-sp-v3,T2_wB97X-D3_def2-TZVPD_SMD_energy_SP_v1,final_energy_Eh;CPCM_Dielectric_Eh;SMD_CDS_Eh;echoed_smd_vector;normal_termination;geometry_hash,planned,SRC_PROJECT_TIER2_CURRENT;SRC_ORCA61_SMD;SRC_HANDOFF_SPEC
SP0060,smd_energy_sp,M096_Q0_M1,S001,S001,RXN_MOX_M096,fixed_geometry_auxiliary_and_reaction_SP,monomer,"4,4-Dihexyl-CPDT",Fused-ring systems,0,1,val,,0,solvent-specific Tier-1 GFN2/ddCOSMO optimized state geometry,tier1:redox:M096:S001:q0:m1,,298.15,wB97X-D3,def2-TZVPD,RIJCOSX + def2/J,TightSCF; DEFGRID3,native_orca_smd,solvent_smd_registry.csv,resolved_authoritative,8,3000,1.74,jhtvs-ft0806-sp-v3,T2_wB97X-D3_def2-TZVPD_SMD_energy_SP_v1,final_energy_Eh;CPCM_Dielectric_Eh;SMD_CDS_Eh;echoed_smd_vector;normal_termination;geometry_hash,planned,SRC_PROJECT_TIER2_CURRENT;SRC_ORCA61_SMD;SRC_HANDOFF_SPEC
SP0061,smd_energy_sp,M096_QP1_M2,S001,S001,RXN_MOX_M096;RXN_SIG_M096,fixed_geometry_auxiliary_and_reaction_SP,monomer,"4,4-Dihexyl-CPDT",Fused-ring systems,1,2,val,,0,solvent-specific Tier-1 GFN2/ddCOSMO optimized state geometry,tier1:redox:M096:S001:q1:m2,,298.15,wB97X-D3,def2-TZVPD,RIJCOSX + def2/J,TightSCF; DEFGRID3,native_orca_smd,solvent_smd_registry.csv,resolved_authoritative,8,3000,1.74,jhtvs-ft0806-sp-v3,T2_wB97X-D3_def2-TZVPD_SMD_energy_SP_v1,final_energy_Eh;CPCM_Dielectric_Eh;SMD_CDS_Eh;echoed_smd_vector;normal_termination;geometry_hash,planned,SRC_PROJECT_TIER2_CURRENT;SRC_ORCA61_SMD;SRC_HANDOFF_SPEC
SP0062,smd_energy_sp,S001_Q0_M1,S001,S001,RXN_SOX_S001,fixed_geometry_auxiliary_and_reaction_SP,solvent_oxidation_target,Acetonitrile (MeCN),Nitrile,0,1,train,self_medium,1,self-medium Tier-1 GFN2/ddCOSMO optimized state geometry,tier1:redox:S001:S001:q0:m1,,298.15,wB97X-D3,def2-TZVPD,RIJCOSX + def2/J,TightSCF; DEFGRID3,native_orca_smd,solvent_smd_registry.csv,resolved_authoritative,8,3000,1.74,jhtvs-ft0806-sp-v3,T2_wB97X-D3_def2-TZVPD_SMD_energy_SP_v1,final_energy_Eh;CPCM_Dielectric_Eh;SMD_CDS_Eh;echoed_smd_vector;normal_termination;geometry_hash,planned,SRC_PROJECT_TIER2_CURRENT;SRC_ORCA61_SMD;SRC_HANDOFF_SPEC
SP0063,smd_energy_sp,S001_QP1_M2,S001,S001,RXN_SOX_S001,fixed_geometry_auxiliary_and_reaction_SP,solvent_oxidation_target,Acetonitrile (MeCN),Nitrile,1,2,train,self_medium,1,self-medium Tier-1 GFN2/ddCOSMO optimized state geometry,tier1:redox:S001:S001:q1:m2,,298.15,wB97X-D3,def2-TZVPD,RIJCOSX + def2/J,TightSCF; DEFGRID3,native_orca_smd,solvent_smd_registry.csv,resolved_authoritative,8,3000,1.74,jhtvs-ft0806-sp-v3,T2_wB97X-D3_def2-TZVPD_SMD_energy_SP_v1,final_energy_Eh;CPCM_Dielectric_Eh;SMD_CDS_Eh;echoed_smd_vector;normal_termination;geometry_hash,planned,SRC_PROJECT_TIER2_CURRENT;SRC_ORCA61_SMD;SRC_HANDOFF_SPEC
SP0064,smd_energy_sp,A002_Q0_M2,S002,S002,RXN_AOX_A002,fixed_geometry_auxiliary_and_reaction_SP,electrolyte_anion,Tetrafluoroborate (BF4−),Lithium; Tetraalkylammonium,0,2,test,test_full25,0,solvent-specific Tier-1 GFN2/ddCOSMO optimized state geometry,tier1:redox:A002:S002:q0:m2,,298.15,wB97X-D3,def2-TZVPD,RIJCOSX + def2/J,TightSCF; DEFGRID3,native_orca_smd,solvent_smd_registry.csv,resolved_authoritative,8,3000,1.74,jhtvs-ft0806-sp-v3,T2_wB97X-D3_def2-TZVPD_SMD_energy_SP_v1,final_energy_Eh;CPCM_Dielectric_Eh;SMD_CDS_Eh;echoed_smd_vector;normal_termination;geometry_hash,planned,SRC_PROJECT_TIER2_CURRENT;SRC_ORCA61_SMD;SRC_HANDOFF_SPEC
SP0065,smd_energy_sp,A002_QM1_M1,S002,S002,RXN_AOX_A002,fixed_geometry_auxiliary_and_reaction_SP,electrolyte_anion,Tetrafluoroborate (BF4−),Lithium; Tetraalkylammonium,-1,1,test,test_full25,0,solvent-specific Tier-1 GFN2/ddCOSMO optimized state geometry,tier1:redox:A002:S002:q-1:m1,,298.15,wB97X-D3,def2-TZVPD,RIJCOSX + def2/J,TightSCF; DEFGRID3,native_orca_smd,solvent_smd_registry.csv,resolved_authoritative,8,3000,1.74,jhtvs-ft0806-sp-v3,T2_wB97X-D3_def2-TZVPD_SMD_energy_SP_v1,final_energy_Eh;CPCM_Dielectric_Eh;SMD_CDS_Eh;echoed_smd_vector;normal_termination;geometry_hash,planned,SRC_PROJECT_TIER2_CURRENT;SRC_ORCA61_SMD;SRC_HANDOFF_SPEC
SP0066,smd_energy_sp,A004_Q0_M2,S002,S002,RXN_AOX_A004,fixed_geometry_auxiliary_and_reaction_SP,electrolyte_anion,Trifluoromethanesulfonate (OTf−),Tetraalkylammonium,0,2,test,,0,solvent-specific Tier-1 GFN2/ddCOSMO optimized state geometry,tier1:redox:A004:S002:q0:m2,,298.15,wB97X-D3,def2-TZVPD,RIJCOSX + def2/J,TightSCF; DEFGRID3,native_orca_smd,solvent_smd_registry.csv,resolved_authoritative,8,3000,1.74,jhtvs-ft0806-sp-v3,T2_wB97X-D3_def2-TZVPD_SMD_energy_SP_v1,final_energy_Eh;CPCM_Dielectric_Eh;SMD_CDS_Eh;echoed_smd_vector;normal_termination;geometry_hash,planned,SRC_PROJECT_TIER2_CURRENT;SRC_ORCA61_SMD;SRC_HANDOFF_SPEC
SP0067,smd_energy_sp,A004_QM1_M1,S002,S002,RXN_AOX_A004,fixed_geometry_auxiliary_and_reaction_SP,electrolyte_anion,Trifluoromethanesulfonate (OTf−),Tetraalkylammonium,-1,1,test,,0,solvent-specific Tier-1 GFN2/ddCOSMO optimized state geometry,tier1:redox:A004:S002:q-1:m1,,298.15,wB97X-D3,def2-TZVPD,RIJCOSX + def2/J,TightSCF; DEFGRID3,native_orca_smd,solvent_smd_registry.csv,resolved_authoritative,8,3000,1.74,jhtvs-ft0806-sp-v3,T2_wB97X-D3_def2-TZVPD_SMD_energy_SP_v1,final_energy_Eh;CPCM_Dielectric_Eh;SMD_CDS_Eh;echoed_smd_vector;normal_termination;geometry_hash,planned,SRC_PROJECT_TIER2_CURRENT;SRC_ORCA61_SMD;SRC_HANDOFF_SPEC
SP0068,smd_energy_sp,A005_Q0_M2,S002,S002,RXN_AOX_A005,fixed_geometry_auxiliary_and_reaction_SP,electrolyte_anion,Bis(trifluoromethanesulfonyl)imide (TFSI−),Lithium; Tetraalkylammonium,0,2,train,train_full25,1,solvent-specific Tier-1 GFN2/ddCOSMO optimized state geometry,tier1:redox:A005:S002:q0:m2,,298.15,wB97X-D3,def2-TZVPD,RIJCOSX + def2/J,TightSCF; DEFGRID3,native_orca_smd,solvent_smd_registry.csv,resolved_authoritative,8,3000,1.74,jhtvs-ft0806-sp-v3,T2_wB97X-D3_def2-TZVPD_SMD_energy_SP_v1,final_energy_Eh;CPCM_Dielectric_Eh;SMD_CDS_Eh;echoed_smd_vector;normal_termination;geometry_hash,planned,SRC_PROJECT_TIER2_CURRENT;SRC_ORCA61_SMD;SRC_HANDOFF_SPEC
SP0069,smd_energy_sp,A005_QM1_M1,S002,S002,RXN_AOX_A005,fixed_geometry_auxiliary_and_reaction_SP,electrolyte_anion,Bis(trifluoromethanesulfonyl)imide (TFSI−),Lithium; Tetraalkylammonium,-1,1,train,train_full25,1,solvent-specific Tier-1 GFN2/ddCOSMO optimized state geometry,tier1:redox:A005:S002:q-1:m1,,298.15,wB97X-D3,def2-TZVPD,RIJCOSX + def2/J,TightSCF; DEFGRID3,native_orca_smd,solvent_smd_registry.csv,resolved_authoritative,8,3000,1.74,jhtvs-ft0806-sp-v3,T2_wB97X-D3_def2-TZVPD_SMD_energy_SP_v1,final_energy_Eh;CPCM_Dielectric_Eh;SMD_CDS_Eh;echoed_smd_vector;normal_termination;geometry_hash,planned,SRC_PROJECT_TIER2_CURRENT;SRC_ORCA61_SMD;SRC_HANDOFF_SPEC
SP0070,smd_energy_sp,A009_Q0_M2,S002,S002,RXN_AOX_A009,fixed_geometry_auxiliary_and_reaction_SP,electrolyte_anion,"4-Methylbenzenesulfonate (tosylate, pTS−)",Organic acid,0,2,train,,1,solvent-specific Tier-1 GFN2/ddCOSMO optimized state geometry,tier1:redox:A009:S002:q0:m2,,298.15,wB97X-D3,def2-TZVPD,RIJCOSX + def2/J,TightSCF; DEFGRID3,native_orca_smd,solvent_smd_registry.csv,resolved_authoritative,8,3000,1.74,jhtvs-ft0806-sp-v3,T2_wB97X-D3_def2-TZVPD_SMD_energy_SP_v1,final_energy_Eh;CPCM_Dielectric_Eh;SMD_CDS_Eh;echoed_smd_vector;normal_termination;geometry_hash,planned,SRC_PROJECT_TIER2_CURRENT;SRC_ORCA61_SMD;SRC_HANDOFF_SPEC
SP0071,smd_energy_sp,A009_QM1_M1,S002,S002,RXN_AOX_A009,fixed_geometry_auxiliary_and_reaction_SP,electrolyte_anion,"4-Methylbenzenesulfonate (tosylate, pTS−)",Organic acid,-1,1,train,,1,solvent-specific Tier-1 GFN2/ddCOSMO optimized state geometry,tier1:redox:A009:S002:q-1:m1,,298.15,wB97X-D3,def2-TZVPD,RIJCOSX + def2/J,TightSCF; DEFGRID3,native_orca_smd,solvent_smd_registry.csv,resolved_authoritative,8,3000,1.74,jhtvs-ft0806-sp-v3,T2_wB97X-D3_def2-TZVPD_SMD_energy_SP_v1,final_energy_Eh;CPCM_Dielectric_Eh;SMD_CDS_Eh;echoed_smd_vector;normal_termination;geometry_hash,planned,SRC_PROJECT_TIER2_CURRENT;SRC_ORCA61_SMD;SRC_HANDOFF_SPEC
SP0072,smd_energy_sp,D022_QP2_M1,S002,S002,RXN_SIG_M022,fixed_geometry_auxiliary_and_reaction_SP,sigma_complex_dication,"3,4-Ethylenedioxythiophene (EDOT) sigma-complex dication",Thiophenes,2,1,train,train_full25,1,deterministic sigma construction then solvent-specific GFN2/ddCOSMO preoptimization with connectivity QC,surrogate:sigma_preopt:D022:S002:q2:m1,,298.15,wB97X-D3,def2-TZVPD,RIJCOSX + def2/J,TightSCF; DEFGRID3,native_orca_smd,solvent_smd_registry.csv,resolved_authoritative,8,3000,4.22,jhtvs-ft0806-sp-v3,T2_wB97X-D3_def2-TZVPD_SMD_energy_SP_v1,final_energy_Eh;CPCM_Dielectric_Eh;SMD_CDS_Eh;echoed_smd_vector;normal_termination;geometry_hash,planned,SRC_PROJECT_TIER2_CURRENT;SRC_ORCA61_SMD;SRC_HANDOFF_SPEC
SP0073,smd_energy_sp,D027_QP2_M1,S002,S002,RXN_SIG_M027,fixed_geometry_auxiliary_and_reaction_SP,sigma_complex_dication,N-Methylpyrrole sigma-complex dication,Pyrroles,2,1,test,test_full25,0,deterministic sigma construction then solvent-specific GFN2/ddCOSMO preoptimization with connectivity QC,surrogate:sigma_preopt:D027:S002:q2:m1,,298.15,wB97X-D3,def2-TZVPD,RIJCOSX + def2/J,TightSCF; DEFGRID3,native_orca_smd,solvent_smd_registry.csv,resolved_authoritative,8,3000,4.22,jhtvs-ft0806-sp-v3,T2_wB97X-D3_def2-TZVPD_SMD_energy_SP_v1,final_energy_Eh;CPCM_Dielectric_Eh;SMD_CDS_Eh;echoed_smd_vector;normal_termination;geometry_hash,planned,SRC_PROJECT_TIER2_CURRENT;SRC_ORCA61_SMD;SRC_HANDOFF_SPEC
SP0074,smd_energy_sp,D060_QP2_M1,S002,S002,RXN_SIG_M060,fixed_geometry_auxiliary_and_reaction_SP,sigma_complex_dication,Aniline sigma-complex dication,Anilines,2,1,train,,1,deterministic sigma construction then solvent-specific GFN2/ddCOSMO preoptimization with connectivity QC,surrogate:sigma_preopt:D060:S002:q2:m1,,298.15,wB97X-D3,def2-TZVPD,RIJCOSX + def2/J,TightSCF; DEFGRID3,native_orca_smd,solvent_smd_registry.csv,resolved_authoritative,8,3000,4.22,jhtvs-ft0806-sp-v3,T2_wB97X-D3_def2-TZVPD_SMD_energy_SP_v1,final_energy_Eh;CPCM_Dielectric_Eh;SMD_CDS_Eh;echoed_smd_vector;normal_termination;geometry_hash,planned,SRC_PROJECT_TIER2_CURRENT;SRC_ORCA61_SMD;SRC_HANDOFF_SPEC
SP0075,smd_energy_sp,D077_QP2_M1,S002,S002,RXN_SIG_M077,fixed_geometry_auxiliary_and_reaction_SP,sigma_complex_dication,"3,6-Bis(EDOT-2-yl)-9-methylcarbazole sigma-complex dication",Carbazoles,2,1,train,,1,deterministic sigma construction then solvent-specific GFN2/ddCOSMO preoptimization with connectivity QC,surrogate:sigma_preopt:D077:S002:q2:m1,,298.15,wB97X-D3,def2-TZVPD,RIJCOSX + def2/J,TightSCF; DEFGRID3,native_orca_smd,solvent_smd_registry.csv,resolved_authoritative,8,3000,4.22,jhtvs-ft0806-sp-v3,T2_wB97X-D3_def2-TZVPD_SMD_energy_SP_v1,final_energy_Eh;CPCM_Dielectric_Eh;SMD_CDS_Eh;echoed_smd_vector;normal_termination;geometry_hash,planned,SRC_PROJECT_TIER2_CURRENT;SRC_ORCA61_SMD;SRC_HANDOFF_SPEC
SP0076,smd_energy_sp,D089_QP2_M1,S002,S002,RXN_SIG_M089,fixed_geometry_auxiliary_and_reaction_SP,sigma_complex_dication,"3,6-Bis(thiophen-2-yl)-2,5-dimethyl-DPP (TDPP-Me) sigma-complex dication",Donor–Acceptor units,2,1,train,,1,deterministic sigma construction then solvent-specific GFN2/ddCOSMO preoptimization with connectivity QC,surrogate:sigma_preopt:D089:S002:q2:m1,,298.15,wB97X-D3,def2-TZVPD,RIJCOSX + def2/J,TightSCF; DEFGRID3,native_orca_smd,solvent_smd_registry.csv,resolved_authoritative,8,3000,4.22,jhtvs-ft0806-sp-v3,T2_wB97X-D3_def2-TZVPD_SMD_energy_SP_v1,final_energy_Eh;CPCM_Dielectric_Eh;SMD_CDS_Eh;echoed_smd_vector;normal_termination;geometry_hash,planned,SRC_PROJECT_TIER2_CURRENT;SRC_ORCA61_SMD;SRC_HANDOFF_SPEC
SP0077,smd_energy_sp,M014_Q0_M1,S002,S002,RXN_MOX_M014,fixed_geometry_auxiliary_and_reaction_SP,monomer,Methyl thiophene-3-carboxylate,Thiophenes,0,1,train,,1,solvent-specific Tier-1 GFN2/ddCOSMO optimized state geometry,tier1:redox:M014:S002:q0:m1,,298.15,wB97X-D3,def2-TZVPD,RIJCOSX + def2/J,TightSCF; DEFGRID3,native_orca_smd,solvent_smd_registry.csv,resolved_authoritative,8,3000,1.74,jhtvs-ft0806-sp-v3,T2_wB97X-D3_def2-TZVPD_SMD_energy_SP_v1,final_energy_Eh;CPCM_Dielectric_Eh;SMD_CDS_Eh;echoed_smd_vector;normal_termination;geometry_hash,planned,SRC_PROJECT_TIER2_CURRENT;SRC_ORCA61_SMD;SRC_HANDOFF_SPEC
SP0078,smd_energy_sp,M014_QP1_M2,S002,S002,RXN_MOX_M014,fixed_geometry_auxiliary_and_reaction_SP,monomer,Methyl thiophene-3-carboxylate,Thiophenes,1,2,train,,1,solvent-specific Tier-1 GFN2/ddCOSMO optimized state geometry,tier1:redox:M014:S002:q1:m2,,298.15,wB97X-D3,def2-TZVPD,RIJCOSX + def2/J,TightSCF; DEFGRID3,native_orca_smd,solvent_smd_registry.csv,resolved_authoritative,8,3000,1.74,jhtvs-ft0806-sp-v3,T2_wB97X-D3_def2-TZVPD_SMD_energy_SP_v1,final_energy_Eh;CPCM_Dielectric_Eh;SMD_CDS_Eh;echoed_smd_vector;normal_termination;geometry_hash,planned,SRC_PROJECT_TIER2_CURRENT;SRC_ORCA61_SMD;SRC_HANDOFF_SPEC
SP0079,smd_energy_sp,M022_Q0_M1,S002,S002,RXN_MOX_M022,fixed_geometry_auxiliary_and_reaction_SP,monomer,"3,4-Ethylenedioxythiophene (EDOT)",Thiophenes,0,1,train,train_full25,1,solvent-specific Tier-1 GFN2/ddCOSMO optimized state geometry,tier1:redox:M022:S002:q0:m1,,298.15,wB97X-D3,def2-TZVPD,RIJCOSX + def2/J,TightSCF; DEFGRID3,native_orca_smd,solvent_smd_registry.csv,resolved_authoritative,8,3000,1.74,jhtvs-ft0806-sp-v3,T2_wB97X-D3_def2-TZVPD_SMD_energy_SP_v1,final_energy_Eh;CPCM_Dielectric_Eh;SMD_CDS_Eh;echoed_smd_vector;normal_termination;geometry_hash,planned,SRC_PROJECT_TIER2_CURRENT;SRC_ORCA61_SMD;SRC_HANDOFF_SPEC
SP0080,smd_energy_sp,M022_QP1_M2,S002,S002,RXN_MOX_M022;RXN_SIG_M022,fixed_geometry_auxiliary_and_reaction_SP,monomer,"3,4-Ethylenedioxythiophene (EDOT)",Thiophenes,1,2,train,train_full25,1,solvent-specific Tier-1 GFN2/ddCOSMO optimized state geometry,tier1:redox:M022:S002:q1:m2,,298.15,wB97X-D3,def2-TZVPD,RIJCOSX + def2/J,TightSCF; DEFGRID3,native_orca_smd,solvent_smd_registry.csv,resolved_authoritative,8,3000,1.74,jhtvs-ft0806-sp-v3,T2_wB97X-D3_def2-TZVPD_SMD_energy_SP_v1,final_energy_Eh;CPCM_Dielectric_Eh;SMD_CDS_Eh;echoed_smd_vector;normal_termination;geometry_hash,planned,SRC_PROJECT_TIER2_CURRENT;SRC_ORCA61_SMD;SRC_HANDOFF_SPEC
SP0081,smd_energy_sp,M027_Q0_M1,S002,S002,RXN_MOX_M027,fixed_geometry_auxiliary_and_reaction_SP,monomer,N-Methylpyrrole,Pyrroles,0,1,test,,0,solvent-specific Tier-1 GFN2/ddCOSMO optimized state geometry,tier1:redox:M027:S002:q0:m1,,298.15,wB97X-D3,def2-TZVPD,RIJCOSX + def2/J,TightSCF; DEFGRID3,native_orca_smd,solvent_smd_registry.csv,resolved_authoritative,8,3000,1.74,jhtvs-ft0806-sp-v3,T2_wB97X-D3_def2-TZVPD_SMD_energy_SP_v1,final_energy_Eh;CPCM_Dielectric_Eh;SMD_CDS_Eh;echoed_smd_vector;normal_termination;geometry_hash,planned,SRC_PROJECT_TIER2_CURRENT;SRC_ORCA61_SMD;SRC_HANDOFF_SPEC
SP0082,smd_energy_sp,M027_QP1_M2,S002,S002,RXN_MOX_M027;RXN_SIG_M027,fixed_geometry_auxiliary_and_reaction_SP,monomer,N-Methylpyrrole,Pyrroles,1,2,test,test_full25,0,solvent-specific Tier-1 GFN2/ddCOSMO optimized state geometry,tier1:redox:M027:S002:q1:m2,,298.15,wB97X-D3,def2-TZVPD,RIJCOSX + def2/J,TightSCF; DEFGRID3,native_orca_smd,solvent_smd_registry.csv,resolved_authoritative,8,3000,1.74,jhtvs-ft0806-sp-v3,T2_wB97X-D3_def2-TZVPD_SMD_energy_SP_v1,final_energy_Eh;CPCM_Dielectric_Eh;SMD_CDS_Eh;echoed_smd_vector;normal_termination;geometry_hash,planned,SRC_PROJECT_TIER2_CURRENT;SRC_ORCA61_SMD;SRC_HANDOFF_SPEC
SP0083,smd_energy_sp,M047_Q0_M1,S002,S002,RXN_MOX_M047,fixed_geometry_auxiliary_and_reaction_SP,monomer,"3,4-Dimethoxyfuran",Furans,0,1,val,,0,solvent-specific Tier-1 GFN2/ddCOSMO optimized state geometry,tier1:redox:M047:S002:q0:m1,,298.15,wB97X-D3,def2-TZVPD,RIJCOSX + def2/J,TightSCF; DEFGRID3,native_orca_smd,solvent_smd_registry.csv,resolved_authoritative,8,3000,1.74,jhtvs-ft0806-sp-v3,T2_wB97X-D3_def2-TZVPD_SMD_energy_SP_v1,final_energy_Eh;CPCM_Dielectric_Eh;SMD_CDS_Eh;echoed_smd_vector;normal_termination;geometry_hash,planned,SRC_PROJECT_TIER2_CURRENT;SRC_ORCA61_SMD;SRC_HANDOFF_SPEC
SP0084,smd_energy_sp,M047_QP1_M2,S002,S002,RXN_MOX_M047,fixed_geometry_auxiliary_and_reaction_SP,monomer,"3,4-Dimethoxyfuran",Furans,1,2,val,,0,solvent-specific Tier-1 GFN2/ddCOSMO optimized state geometry,tier1:redox:M047:S002:q1:m2,,298.15,wB97X-D3,def2-TZVPD,RIJCOSX + def2/J,TightSCF; DEFGRID3,native_orca_smd,solvent_smd_registry.csv,resolved_authoritative,8,3000,1.74,jhtvs-ft0806-sp-v3,T2_wB97X-D3_def2-TZVPD_SMD_energy_SP_v1,final_energy_Eh;CPCM_Dielectric_Eh;SMD_CDS_Eh;echoed_smd_vector;normal_termination;geometry_hash,planned,SRC_PROJECT_TIER2_CURRENT;SRC_ORCA61_SMD;SRC_HANDOFF_SPEC
SP0085,smd_energy_sp,M060_Q0_M1,S002,S002,RXN_MOX_M060,fixed_geometry_auxiliary_and_reaction_SP,monomer,Aniline,Anilines,0,1,train,,1,solvent-specific Tier-1 GFN2/ddCOSMO optimized state geometry,tier1:redox:M060:S002:q0:m1,,298.15,wB97X-D3,def2-TZVPD,RIJCOSX + def2/J,TightSCF; DEFGRID3,native_orca_smd,solvent_smd_registry.csv,resolved_authoritative,8,3000,1.74,jhtvs-ft0806-sp-v3,T2_wB97X-D3_def2-TZVPD_SMD_energy_SP_v1,final_energy_Eh;CPCM_Dielectric_Eh;SMD_CDS_Eh;echoed_smd_vector;normal_termination;geometry_hash,planned,SRC_PROJECT_TIER2_CURRENT;SRC_ORCA61_SMD;SRC_HANDOFF_SPEC
SP0086,smd_energy_sp,M060_QP1_M2,S002,S002,RXN_MOX_M060;RXN_SIG_M060,fixed_geometry_auxiliary_and_reaction_SP,monomer,Aniline,Anilines,1,2,train,,1,solvent-specific Tier-1 GFN2/ddCOSMO optimized state geometry,tier1:redox:M060:S002:q1:m2,,298.15,wB97X-D3,def2-TZVPD,RIJCOSX + def2/J,TightSCF; DEFGRID3,native_orca_smd,solvent_smd_registry.csv,resolved_authoritative,8,3000,1.74,jhtvs-ft0806-sp-v3,T2_wB97X-D3_def2-TZVPD_SMD_energy_SP_v1,final_energy_Eh;CPCM_Dielectric_Eh;SMD_CDS_Eh;echoed_smd_vector;normal_termination;geometry_hash,planned,SRC_PROJECT_TIER2_CURRENT;SRC_ORCA61_SMD;SRC_HANDOFF_SPEC
SP0087,smd_energy_sp,M077_Q0_M1,S002,S002,RXN_MOX_M077,fixed_geometry_auxiliary_and_reaction_SP,monomer,"3,6-Bis(EDOT-2-yl)-9-methylcarbazole",Carbazoles,0,1,train,,1,solvent-specific Tier-1 GFN2/ddCOSMO optimized state geometry,tier1:redox:M077:S002:q0:m1,,298.15,wB97X-D3,def2-TZVPD,RIJCOSX + def2/J,TightSCF; DEFGRID3,native_orca_smd,solvent_smd_registry.csv,resolved_authoritative,8,3000,1.74,jhtvs-ft0806-sp-v3,T2_wB97X-D3_def2-TZVPD_SMD_energy_SP_v1,final_energy_Eh;CPCM_Dielectric_Eh;SMD_CDS_Eh;echoed_smd_vector;normal_termination;geometry_hash,planned,SRC_PROJECT_TIER2_CURRENT;SRC_ORCA61_SMD;SRC_HANDOFF_SPEC
SP0088,smd_energy_sp,M077_QP1_M2,S002,S002,RXN_MOX_M077;RXN_SIG_M077,fixed_geometry_auxiliary_and_reaction_SP,monomer,"3,6-Bis(EDOT-2-yl)-9-methylcarbazole",Carbazoles,1,2,train,,1,solvent-specific Tier-1 GFN2/ddCOSMO optimized state geometry,tier1:redox:M077:S002:q1:m2,,298.15,wB97X-D3,def2-TZVPD,RIJCOSX + def2/J,TightSCF; DEFGRID3,native_orca_smd,solvent_smd_registry.csv,resolved_authoritative,8,3000,1.74,jhtvs-ft0806-sp-v3,T2_wB97X-D3_def2-TZVPD_SMD_energy_SP_v1,final_energy_Eh;CPCM_Dielectric_Eh;SMD_CDS_Eh;echoed_smd_vector;normal_termination;geometry_hash,planned,SRC_PROJECT_TIER2_CURRENT;SRC_ORCA61_SMD;SRC_HANDOFF_SPEC
SP0089,smd_energy_sp,M084_Q0_M1,S002,S002,RXN_MOX_M084,fixed_geometry_auxiliary_and_reaction_SP,monomer,"4,7-Bis(thiophen-2-yl)-2,1,3-benzothiadiazole (TBT)",Donor–Acceptor units,0,1,test,test_full25,0,solvent-specific Tier-1 GFN2/ddCOSMO optimized state geometry,tier1:redox:M084:S002:q0:m1,,298.15,wB97X-D3,def2-TZVPD,RIJCOSX + def2/J,TightSCF; DEFGRID3,native_orca_smd,solvent_smd_registry.csv,resolved_authoritative,8,3000,1.74,jhtvs-ft0806-sp-v3,T2_wB97X-D3_def2-TZVPD_SMD_energy_SP_v1,final_energy_Eh;CPCM_Dielectric_Eh;SMD_CDS_Eh;echoed_smd_vector;normal_termination;geometry_hash,planned,SRC_PROJECT_TIER2_CURRENT;SRC_ORCA61_SMD;SRC_HANDOFF_SPEC
SP0090,smd_energy_sp,M084_QP1_M2,S002,S002,RXN_MOX_M084,fixed_geometry_auxiliary_and_reaction_SP,monomer,"4,7-Bis(thiophen-2-yl)-2,1,3-benzothiadiazole (TBT)",Donor–Acceptor units,1,2,test,test_full25,0,solvent-specific Tier-1 GFN2/ddCOSMO optimized state geometry,tier1:redox:M084:S002:q1:m2,,298.15,wB97X-D3,def2-TZVPD,RIJCOSX + def2/J,TightSCF; DEFGRID3,native_orca_smd,solvent_smd_registry.csv,resolved_authoritative,8,3000,1.74,jhtvs-ft0806-sp-v3,T2_wB97X-D3_def2-TZVPD_SMD_energy_SP_v1,final_energy_Eh;CPCM_Dielectric_Eh;SMD_CDS_Eh;echoed_smd_vector;normal_termination;geometry_hash,planned,SRC_PROJECT_TIER2_CURRENT;SRC_ORCA61_SMD;SRC_HANDOFF_SPEC
SP0091,smd_energy_sp,M089_Q0_M1,S002,S002,RXN_MOX_M089,fixed_geometry_auxiliary_and_reaction_SP,monomer,"3,6-Bis(thiophen-2-yl)-2,5-dimethyl-DPP (TDPP-Me)",Donor–Acceptor units,0,1,train,,1,solvent-specific Tier-1 GFN2/ddCOSMO optimized state geometry,tier1:redox:M089:S002:q0:m1,,298.15,wB97X-D3,def2-TZVPD,RIJCOSX + def2/J,TightSCF; DEFGRID3,native_orca_smd,solvent_smd_registry.csv,resolved_authoritative,8,3000,1.74,jhtvs-ft0806-sp-v3,T2_wB97X-D3_def2-TZVPD_SMD_energy_SP_v1,final_energy_Eh;CPCM_Dielectric_Eh;SMD_CDS_Eh;echoed_smd_vector;normal_termination;geometry_hash,planned,SRC_PROJECT_TIER2_CURRENT;SRC_ORCA61_SMD;SRC_HANDOFF_SPEC
SP0092,smd_energy_sp,M089_QP1_M2,S002,S002,RXN_MOX_M089;RXN_SIG_M089,fixed_geometry_auxiliary_and_reaction_SP,monomer,"3,6-Bis(thiophen-2-yl)-2,5-dimethyl-DPP (TDPP-Me)",Donor–Acceptor units,1,2,train,,1,solvent-specific Tier-1 GFN2/ddCOSMO optimized state geometry,tier1:redox:M089:S002:q1:m2,,298.15,wB97X-D3,def2-TZVPD,RIJCOSX + def2/J,TightSCF; DEFGRID3,native_orca_smd,solvent_smd_registry.csv,resolved_authoritative,8,3000,1.74,jhtvs-ft0806-sp-v3,T2_wB97X-D3_def2-TZVPD_SMD_energy_SP_v1,final_energy_Eh;CPCM_Dielectric_Eh;SMD_CDS_Eh;echoed_smd_vector;normal_termination;geometry_hash,planned,SRC_PROJECT_TIER2_CURRENT;SRC_ORCA61_SMD;SRC_HANDOFF_SPEC
SP0093,smd_energy_sp,S002_Q0_M1,S002,S002,RXN_SOX_S002,fixed_geometry_auxiliary_and_reaction_SP,solvent_oxidation_target,Dichloromethane (DCM),Halogenated solvent,0,1,test,self_medium,0,self-medium Tier-1 GFN2/ddCOSMO optimized state geometry,tier1:redox:S002:S002:q0:m1,,298.15,wB97X-D3,def2-TZVPD,RIJCOSX + def2/J,TightSCF; DEFGRID3,native_orca_smd,solvent_smd_registry.csv,resolved_authoritative,8,3000,1.74,jhtvs-ft0806-sp-v3,T2_wB97X-D3_def2-TZVPD_SMD_energy_SP_v1,final_energy_Eh;CPCM_Dielectric_Eh;SMD_CDS_Eh;echoed_smd_vector;normal_termination;geometry_hash,planned,SRC_PROJECT_TIER2_CURRENT;SRC_ORCA61_SMD;SRC_HANDOFF_SPEC
SP0094,smd_energy_sp,S002_QP1_M2,S002,S002,RXN_SOX_S002,fixed_geometry_auxiliary_and_reaction_SP,solvent_oxidation_target,Dichloromethane (DCM),Halogenated solvent,1,2,test,self_medium,0,self-medium Tier-1 GFN2/ddCOSMO optimized state geometry,tier1:redox:S002:S002:q1:m2,,298.15,wB97X-D3,def2-TZVPD,RIJCOSX + def2/J,TightSCF; DEFGRID3,native_orca_smd,solvent_smd_registry.csv,resolved_authoritative,8,3000,1.74,jhtvs-ft0806-sp-v3,T2_wB97X-D3_def2-TZVPD_SMD_energy_SP_v1,final_energy_Eh;CPCM_Dielectric_Eh;SMD_CDS_Eh;echoed_smd_vector;normal_termination;geometry_hash,planned,SRC_PROJECT_TIER2_CURRENT;SRC_ORCA61_SMD;SRC_HANDOFF_SPEC
SP0095,smd_energy_sp,A002_Q0_M2,S003,S003,RXN_AOX_A002,fixed_geometry_auxiliary_and_reaction_SP,electrolyte_anion,Tetrafluoroborate (BF4−),Lithium; Tetraalkylammonium,0,2,test,test_full25,0,solvent-specific Tier-1 GFN2/ddCOSMO optimized state geometry,tier1:redox:A002:S003:q0:m2,,298.15,wB97X-D3,def2-TZVPD,RIJCOSX + def2/J,TightSCF; DEFGRID3,custom_smd,solvent_smd_registry.csv,resolved_authoritative,8,3000,1.74,jhtvs-ft0806-sp-v3,T2_wB97X-D3_def2-TZVPD_SMD_energy_SP_v1,final_energy_Eh;CPCM_Dielectric_Eh;SMD_CDS_Eh;echoed_smd_vector;normal_termination;geometry_hash,planned,SRC_PROJECT_TIER2_CURRENT;SRC_ORCA61_SMD;SRC_HANDOFF_SPEC
SP0096,smd_energy_sp,A002_QM1_M1,S003,S003,RXN_AOX_A002,fixed_geometry_auxiliary_and_reaction_SP,electrolyte_anion,Tetrafluoroborate (BF4−),Lithium; Tetraalkylammonium,-1,1,test,test_full25,0,solvent-specific Tier-1 GFN2/ddCOSMO optimized state geometry,tier1:redox:A002:S003:q-1:m1,,298.15,wB97X-D3,def2-TZVPD,RIJCOSX + def2/J,TightSCF; DEFGRID3,custom_smd,solvent_smd_registry.csv,resolved_authoritative,8,3000,1.74,jhtvs-ft0806-sp-v3,T2_wB97X-D3_def2-TZVPD_SMD_energy_SP_v1,final_energy_Eh;CPCM_Dielectric_Eh;SMD_CDS_Eh;echoed_smd_vector;normal_termination;geometry_hash,planned,SRC_PROJECT_TIER2_CURRENT;SRC_ORCA61_SMD;SRC_HANDOFF_SPEC
SP0097,smd_energy_sp,A005_Q0_M2,S003,S003,RXN_AOX_A005,fixed_geometry_auxiliary_and_reaction_SP,electrolyte_anion,Bis(trifluoromethanesulfonyl)imide (TFSI−),Lithium; Tetraalkylammonium,0,2,train,train_full25,1,solvent-specific Tier-1 GFN2/ddCOSMO optimized state geometry,tier1:redox:A005:S003:q0:m2,,298.15,wB97X-D3,def2-TZVPD,RIJCOSX + def2/J,TightSCF; DEFGRID3,custom_smd,solvent_smd_registry.csv,resolved_authoritative,8,3000,1.74,jhtvs-ft0806-sp-v3,T2_wB97X-D3_def2-TZVPD_SMD_energy_SP_v1,final_energy_Eh;CPCM_Dielectric_Eh;SMD_CDS_Eh;echoed_smd_vector;normal_termination;geometry_hash,planned,SRC_PROJECT_TIER2_CURRENT;SRC_ORCA61_SMD;SRC_HANDOFF_SPEC
SP0098,smd_energy_sp,A005_QM1_M1,S003,S003,RXN_AOX_A005,fixed_geometry_auxiliary_and_reaction_SP,electrolyte_anion,Bis(trifluoromethanesulfonyl)imide (TFSI−),Lithium; Tetraalkylammonium,-1,1,train,train_full25,1,solvent-specific Tier-1 GFN2/ddCOSMO optimized state geometry,tier1:redox:A005:S003:q-1:m1,,298.15,wB97X-D3,def2-TZVPD,RIJCOSX + def2/J,TightSCF; DEFGRID3,custom_smd,solvent_smd_registry.csv,resolved_authoritative,8,3000,1.74,jhtvs-ft0806-sp-v3,T2_wB97X-D3_def2-TZVPD_SMD_energy_SP_v1,final_energy_Eh;CPCM_Dielectric_Eh;SMD_CDS_Eh;echoed_smd_vector;normal_termination;geometry_hash,planned,SRC_PROJECT_TIER2_CURRENT;SRC_ORCA61_SMD;SRC_HANDOFF_SPEC
SP0099,smd_energy_sp,A010_Q0_M2,S003,S003,RXN_AOX_A010,fixed_geometry_auxiliary_and_reaction_SP,electrolyte_anion,Camphor-10-sulfonate (CSA−),Organic acid,0,2,train,,1,solvent-specific Tier-1 GFN2/ddCOSMO optimized state geometry,tier1:redox:A010:S003:q0:m2,,298.15,wB97X-D3,def2-TZVPD,RIJCOSX + def2/J,TightSCF; DEFGRID3,custom_smd,solvent_smd_registry.csv,resolved_authoritative,8,3000,1.74,jhtvs-ft0806-sp-v3,T2_wB97X-D3_def2-TZVPD_SMD_energy_SP_v1,final_energy_Eh;CPCM_Dielectric_Eh;SMD_CDS_Eh;echoed_smd_vector;normal_termination;geometry_hash,planned,SRC_PROJECT_TIER2_CURRENT;SRC_ORCA61_SMD;SRC_HANDOFF_SPEC
SP0100,smd_energy_sp,A010_QM1_M1,S003,S003,RXN_AOX_A010,fixed_geometry_auxiliary_and_reaction_SP,electrolyte_anion,Camphor-10-sulfonate (CSA−),Organic acid,-1,1,train,,1,solvent-specific Tier-1 GFN2/ddCOSMO optimized state geometry,tier1:redox:A010:S003:q-1:m1,,298.15,wB97X-D3,def2-TZVPD,RIJCOSX + def2/J,TightSCF; DEFGRID3,custom_smd,solvent_smd_registry.csv,resolved_authoritative,8,3000,1.74,jhtvs-ft0806-sp-v3,T2_wB97X-D3_def2-TZVPD_SMD_energy_SP_v1,final_energy_Eh;CPCM_Dielectric_Eh;SMD_CDS_Eh;echoed_smd_vector;normal_termination;geometry_hash,planned,SRC_PROJECT_TIER2_CURRENT;SRC_ORCA61_SMD;SRC_HANDOFF_SPEC
SP0101,smd_energy_sp,D022_QP2_M1,S003,S003,RXN_SIG_M022,fixed_geometry_auxiliary_and_reaction_SP,sigma_complex_dication,"3,4-Ethylenedioxythiophene (EDOT) sigma-complex dication",Thiophenes,2,1,train,train_full25,1,deterministic sigma construction then solvent-specific GFN2/ddCOSMO preoptimization with connectivity QC,surrogate:sigma_preopt:D022:S003:q2:m1,,298.15,wB97X-D3,def2-TZVPD,RIJCOSX + def2/J,TightSCF; DEFGRID3,custom_smd,solvent_smd_registry.csv,resolved_authoritative,8,3000,4.22,jhtvs-ft0806-sp-v3,T2_wB97X-D3_def2-TZVPD_SMD_energy_SP_v1,final_energy_Eh;CPCM_Dielectric_Eh;SMD_CDS_Eh;echoed_smd_vector;normal_termination;geometry_hash,planned,SRC_PROJECT_TIER2_CURRENT;SRC_ORCA61_SMD;SRC_HANDOFF_SPEC
SP0102,smd_energy_sp,D027_QP2_M1,S003,S003,RXN_SIG_M027,fixed_geometry_auxiliary_and_reaction_SP,sigma_complex_dication,N-Methylpyrrole sigma-complex dication,Pyrroles,2,1,test,test_full25,0,deterministic sigma construction then solvent-specific GFN2/ddCOSMO preoptimization with connectivity QC,surrogate:sigma_preopt:D027:S003:q2:m1,,298.15,wB97X-D3,def2-TZVPD,RIJCOSX + def2/J,TightSCF; DEFGRID3,custom_smd,solvent_smd_registry.csv,resolved_authoritative,8,3000,4.22,jhtvs-ft0806-sp-v3,T2_wB97X-D3_def2-TZVPD_SMD_energy_SP_v1,final_energy_Eh;CPCM_Dielectric_Eh;SMD_CDS_Eh;echoed_smd_vector;normal_termination;geometry_hash,planned,SRC_PROJECT_TIER2_CURRENT;SRC_ORCA61_SMD;SRC_HANDOFF_SPEC
SP0103,smd_energy_sp,D068_QP2_M1,S003,S003,RXN_SIG_M068,fixed_geometry_auxiliary_and_reaction_SP,sigma_complex_dication,"2,6-Dimethylaniline sigma-complex dication",Anilines,2,1,train,,1,deterministic sigma construction then solvent-specific GFN2/ddCOSMO preoptimization with connectivity QC,surrogate:sigma_preopt:D068:S003:q2:m1,,298.15,wB97X-D3,def2-TZVPD,RIJCOSX + def2/J,TightSCF; DEFGRID3,custom_smd,solvent_smd_registry.csv,resolved_authoritative,8,3000,4.22,jhtvs-ft0806-sp-v3,T2_wB97X-D3_def2-TZVPD_SMD_energy_SP_v1,final_energy_Eh;CPCM_Dielectric_Eh;SMD_CDS_Eh;echoed_smd_vector;normal_termination;geometry_hash,planned,SRC_PROJECT_TIER2_CURRENT;SRC_ORCA61_SMD;SRC_HANDOFF_SPEC
SP0104,smd_energy_sp,D078_QP2_M1,S003,S003,RXN_SIG_M078,fixed_geometry_auxiliary_and_reaction_SP,sigma_complex_dication,"9,9-Dimethylfluorene sigma-complex dication",Fluorenes,2,1,val,,0,deterministic sigma construction then solvent-specific GFN2/ddCOSMO preoptimization with connectivity QC,surrogate:sigma_preopt:D078:S003:q2:m1,,298.15,wB97X-D3,def2-TZVPD,RIJCOSX + def2/J,TightSCF; DEFGRID3,custom_smd,solvent_smd_registry.csv,resolved_authoritative,8,3000,4.22,jhtvs-ft0806-sp-v3,T2_wB97X-D3_def2-TZVPD_SMD_energy_SP_v1,final_energy_Eh;CPCM_Dielectric_Eh;SMD_CDS_Eh;echoed_smd_vector;normal_termination;geometry_hash,planned,SRC_PROJECT_TIER2_CURRENT;SRC_ORCA61_SMD;SRC_HANDOFF_SPEC
SP0105,smd_energy_sp,D094_QP2_M1,S003,S003,RXN_SIG_M094,fixed_geometry_auxiliary_and_reaction_SP,sigma_complex_dication,"Cyclopenta[2,1-b:3,4-b′]dithiophene (CPDT) sigma-complex dication",Fused-ring systems,2,1,train,,1,deterministic sigma construction then solvent-specific GFN2/ddCOSMO preoptimization with connectivity QC,surrogate:sigma_preopt:D094:S003:q2:m1,,298.15,wB97X-D3,def2-TZVPD,RIJCOSX + def2/J,TightSCF; DEFGRID3,custom_smd,solvent_smd_registry.csv,resolved_authoritative,8,3000,4.22,jhtvs-ft0806-sp-v3,T2_wB97X-D3_def2-TZVPD_SMD_energy_SP_v1,final_energy_Eh;CPCM_Dielectric_Eh;SMD_CDS_Eh;echoed_smd_vector;normal_termination;geometry_hash,planned,SRC_PROJECT_TIER2_CURRENT;SRC_ORCA61_SMD;SRC_HANDOFF_SPEC
SP0106,smd_energy_sp,M017_Q0_M1,S003,S003,RXN_MOX_M017,fixed_geometry_auxiliary_and_reaction_SP,monomer,"3,4-Diethylthiophene",Thiophenes,0,1,train,,1,solvent-specific Tier-1 GFN2/ddCOSMO optimized state geometry,tier1:redox:M017:S003:q0:m1,,298.15,wB97X-D3,def2-TZVPD,RIJCOSX + def2/J,TightSCF; DEFGRID3,custom_smd,solvent_smd_registry.csv,resolved_authoritative,8,3000,1.74,jhtvs-ft0806-sp-v3,T2_wB97X-D3_def2-TZVPD_SMD_energy_SP_v1,final_energy_Eh;CPCM_Dielectric_Eh;SMD_CDS_Eh;echoed_smd_vector;normal_termination;geometry_hash,planned,SRC_PROJECT_TIER2_CURRENT;SRC_ORCA61_SMD;SRC_HANDOFF_SPEC
SP0107,smd_energy_sp,M017_QP1_M2,S003,S003,RXN_MOX_M017,fixed_geometry_auxiliary_and_reaction_SP,monomer,"3,4-Diethylthiophene",Thiophenes,1,2,train,,1,solvent-specific Tier-1 GFN2/ddCOSMO optimized state geometry,tier1:redox:M017:S003:q1:m2,,298.15,wB97X-D3,def2-TZVPD,RIJCOSX + def2/J,TightSCF; DEFGRID3,custom_smd,solvent_smd_registry.csv,resolved_authoritative,8,3000,1.74,jhtvs-ft0806-sp-v3,T2_wB97X-D3_def2-TZVPD_SMD_energy_SP_v1,final_energy_Eh;CPCM_Dielectric_Eh;SMD_CDS_Eh;echoed_smd_vector;normal_termination;geometry_hash,planned,SRC_PROJECT_TIER2_CURRENT;SRC_ORCA61_SMD;SRC_HANDOFF_SPEC
SP0108,smd_energy_sp,M022_Q0_M1,S003,S003,RXN_MOX_M022,fixed_geometry_auxiliary_and_reaction_SP,monomer,"3,4-Ethylenedioxythiophene (EDOT)",Thiophenes,0,1,train,train_full25,1,solvent-specific Tier-1 GFN2/ddCOSMO optimized state geometry,tier1:redox:M022:S003:q0:m1,,298.15,wB97X-D3,def2-TZVPD,RIJCOSX + def2/J,TightSCF; DEFGRID3,custom_smd,solvent_smd_registry.csv,resolved_authoritative,8,3000,1.74,jhtvs-ft0806-sp-v3,T2_wB97X-D3_def2-TZVPD_SMD_energy_SP_v1,final_energy_Eh;CPCM_Dielectric_Eh;SMD_CDS_Eh;echoed_smd_vector;normal_termination;geometry_hash,planned,SRC_PROJECT_TIER2_CURRENT;SRC_ORCA61_SMD;SRC_HANDOFF_SPEC
SP0109,smd_energy_sp,M022_QP1_M2,S003,S003,RXN_MOX_M022;RXN_SIG_M022,fixed_geometry_auxiliary_and_reaction_SP,monomer,"3,4-Ethylenedioxythiophene (EDOT)",Thiophenes,1,2,train,train_full25,1,solvent-specific Tier-1 GFN2/ddCOSMO optimized state geometry,tier1:redox:M022:S003:q1:m2,,298.15,wB97X-D3,def2-TZVPD,RIJCOSX + def2/J,TightSCF; DEFGRID3,custom_smd,solvent_smd_registry.csv,resolved_authoritative,8,3000,1.74,jhtvs-ft0806-sp-v3,T2_wB97X-D3_def2-TZVPD_SMD_energy_SP_v1,final_energy_Eh;CPCM_Dielectric_Eh;SMD_CDS_Eh;echoed_smd_vector;normal_termination;geometry_hash,planned,SRC_PROJECT_TIER2_CURRENT;SRC_ORCA61_SMD;SRC_HANDOFF_SPEC
SP0110,smd_energy_sp,M027_QP1_M2,S003,S003,RXN_SIG_M027,fixed_geometry_auxiliary_and_reaction_SP,monomer,N-Methylpyrrole,Pyrroles,1,2,test,test_full25,0,solvent-specific Tier-1 GFN2/ddCOSMO optimized state geometry,tier1:redox:M027:S003:q1:m2,,298.15,wB97X-D3,def2-TZVPD,RIJCOSX + def2/J,TightSCF; DEFGRID3,custom_smd,solvent_smd_registry.csv,resolved_authoritative,8,3000,1.74,jhtvs-ft0806-sp-v3,T2_wB97X-D3_def2-TZVPD_SMD_energy_SP_v1,final_energy_Eh;CPCM_Dielectric_Eh;SMD_CDS_Eh;echoed_smd_vector;normal_termination;geometry_hash,planned,SRC_PROJECT_TIER2_CURRENT;SRC_ORCA61_SMD;SRC_HANDOFF_SPEC
SP0111,smd_energy_sp,M031_Q0_M1,S003,S003,RXN_MOX_M031,fixed_geometry_auxiliary_and_reaction_SP,monomer,N-Octylpyrrole,Pyrroles,0,1,val,,0,solvent-specific Tier-1 GFN2/ddCOSMO optimized state geometry,tier1:redox:M031:S003:q0:m1,,298.15,wB97X-D3,def2-TZVPD,RIJCOSX + def2/J,TightSCF; DEFGRID3,custom_smd,solvent_smd_registry.csv,resolved_authoritative,8,3000,1.74,jhtvs-ft0806-sp-v3,T2_wB97X-D3_def2-TZVPD_SMD_energy_SP_v1,final_energy_Eh;CPCM_Dielectric_Eh;SMD_CDS_Eh;echoed_smd_vector;normal_termination;geometry_hash,planned,SRC_PROJECT_TIER2_CURRENT;SRC_ORCA61_SMD;SRC_HANDOFF_SPEC
SP0112,smd_energy_sp,M031_QP1_M2,S003,S003,RXN_MOX_M031,fixed_geometry_auxiliary_and_reaction_SP,monomer,N-Octylpyrrole,Pyrroles,1,2,val,,0,solvent-specific Tier-1 GFN2/ddCOSMO optimized state geometry,tier1:redox:M031:S003:q1:m2,,298.15,wB97X-D3,def2-TZVPD,RIJCOSX + def2/J,TightSCF; DEFGRID3,custom_smd,solvent_smd_registry.csv,resolved_authoritative,8,3000,1.74,jhtvs-ft0806-sp-v3,T2_wB97X-D3_def2-TZVPD_SMD_energy_SP_v1,final_energy_Eh;CPCM_Dielectric_Eh;SMD_CDS_Eh;echoed_smd_vector;normal_termination;geometry_hash,planned,SRC_PROJECT_TIER2_CURRENT;SRC_ORCA61_SMD;SRC_HANDOFF_SPEC
SP0113,smd_energy_sp,M048_Q0_M1,S003,S003,RXN_MOX_M048,fixed_geometry_auxiliary_and_reaction_SP,monomer,"2,2′-Bifuran",Furans,0,1,test,,0,solvent-specific Tier-1 GFN2/ddCOSMO optimized state geometry,tier1:redox:M048:S003:q0:m1,,298.15,wB97X-D3,def2-TZVPD,RIJCOSX + def2/J,TightSCF; DEFGRID3,custom_smd,solvent_smd_registry.csv,resolved_authoritative,8,3000,1.74,jhtvs-ft0806-sp-v3,T2_wB97X-D3_def2-TZVPD_SMD_energy_SP_v1,final_energy_Eh;CPCM_Dielectric_Eh;SMD_CDS_Eh;echoed_smd_vector;normal_termination;geometry_hash,planned,SRC_PROJECT_TIER2_CURRENT;SRC_ORCA61_SMD;SRC_HANDOFF_SPEC
SP0114,smd_energy_sp,M048_QP1_M2,S003,S003,RXN_MOX_M048,fixed_geometry_auxiliary_and_reaction_SP,monomer,"2,2′-Bifuran",Furans,1,2,test,,0,solvent-specific Tier-1 GFN2/ddCOSMO optimized state geometry,tier1:redox:M048:S003:q1:m2,,298.15,wB97X-D3,def2-TZVPD,RIJCOSX + def2/J,TightSCF; DEFGRID3,custom_smd,solvent_smd_registry.csv,resolved_authoritative,8,3000,1.74,jhtvs-ft0806-sp-v3,T2_wB97X-D3_def2-TZVPD_SMD_energy_SP_v1,final_energy_Eh;CPCM_Dielectric_Eh;SMD_CDS_Eh;echoed_smd_vector;normal_termination;geometry_hash,planned,SRC_PROJECT_TIER2_CURRENT;SRC_ORCA61_SMD;SRC_HANDOFF_SPEC
SP0115,smd_energy_sp,M068_Q0_M1,S003,S003,RXN_MOX_M068,fixed_geometry_auxiliary_and_reaction_SP,monomer,"2,6-Dimethylaniline",Anilines,0,1,train,,1,solvent-specific Tier-1 GFN2/ddCOSMO optimized state geometry,tier1:redox:M068:S003:q0:m1,,298.15,wB97X-D3,def2-TZVPD,RIJCOSX + def2/J,TightSCF; DEFGRID3,custom_smd,solvent_smd_registry.csv,resolved_authoritative,8,3000,1.74,jhtvs-ft0806-sp-v3,T2_wB97X-D3_def2-TZVPD_SMD_energy_SP_v1,final_energy_Eh;CPCM_Dielectric_Eh;SMD_CDS_Eh;echoed_smd_vector;normal_termination;geometry_hash,planned,SRC_PROJECT_TIER2_CURRENT;SRC_ORCA61_SMD;SRC_HANDOFF_SPEC
SP0116,smd_energy_sp,M068_QP1_M2,S003,S003,RXN_MOX_M068;RXN_SIG_M068,fixed_geometry_auxiliary_and_reaction_SP,monomer,"2,6-Dimethylaniline",Anilines,1,2,train,,1,solvent-specific Tier-1 GFN2/ddCOSMO optimized state geometry,tier1:redox:M068:S003:q1:m2,,298.15,wB97X-D3,def2-TZVPD,RIJCOSX + def2/J,TightSCF; DEFGRID3,custom_smd,solvent_smd_registry.csv,resolved_authoritative,8,3000,1.74,jhtvs-ft0806-sp-v3,T2_wB97X-D3_def2-TZVPD_SMD_energy_SP_v1,final_energy_Eh;CPCM_Dielectric_Eh;SMD_CDS_Eh;echoed_smd_vector;normal_termination;geometry_hash,planned,SRC_PROJECT_TIER2_CURRENT;SRC_ORCA61_SMD;SRC_HANDOFF_SPEC
SP0117,smd_energy_sp,M078_Q0_M1,S003,S003,RXN_MOX_M078,fixed_geometry_auxiliary_and_reaction_SP,monomer,"9,9-Dimethylfluorene",Fluorenes,0,1,val,,0,solvent-specific Tier-1 GFN2/ddCOSMO optimized state geometry,tier1:redox:M078:S003:q0:m1,,298.15,wB97X-D3,def2-TZVPD,RIJCOSX + def2/J,TightSCF; DEFGRID3,custom_smd,solvent_smd_registry.csv,resolved_authoritative,8,3000,1.74,jhtvs-ft0806-sp-v3,T2_wB97X-D3_def2-TZVPD_SMD_energy_SP_v1,final_energy_Eh;CPCM_Dielectric_Eh;SMD_CDS_Eh;echoed_smd_vector;normal_termination;geometry_hash,planned,SRC_PROJECT_TIER2_CURRENT;SRC_ORCA61_SMD;SRC_HANDOFF_SPEC
SP0118,smd_energy_sp,M078_QP1_M2,S003,S003,RXN_MOX_M078;RXN_SIG_M078,fixed_geometry_auxiliary_and_reaction_SP,monomer,"9,9-Dimethylfluorene",Fluorenes,1,2,val,,0,solvent-specific Tier-1 GFN2/ddCOSMO optimized state geometry,tier1:redox:M078:S003:q1:m2,,298.15,wB97X-D3,def2-TZVPD,RIJCOSX + def2/J,TightSCF; DEFGRID3,custom_smd,solvent_smd_registry.csv,resolved_authoritative,8,3000,1.74,jhtvs-ft0806-sp-v3,T2_wB97X-D3_def2-TZVPD_SMD_energy_SP_v1,final_energy_Eh;CPCM_Dielectric_Eh;SMD_CDS_Eh;echoed_smd_vector;normal_termination;geometry_hash,planned,SRC_PROJECT_TIER2_CURRENT;SRC_ORCA61_SMD;SRC_HANDOFF_SPEC
SP0119,smd_energy_sp,M084_Q0_M1,S003,S003,RXN_MOX_M084,fixed_geometry_auxiliary_and_reaction_SP,monomer,"4,7-Bis(thiophen-2-yl)-2,1,3-benzothiadiazole (TBT)",Donor–Acceptor units,0,1,test,test_full25,0,solvent-specific Tier-1 GFN2/ddCOSMO optimized state geometry,tier1:redox:M084:S003:q0:m1,,298.15,wB97X-D3,def2-TZVPD,RIJCOSX + def2/J,TightSCF; DEFGRID3,custom_smd,solvent_smd_registry.csv,resolved_authoritative,8,3000,1.74,jhtvs-ft0806-sp-v3,T2_wB97X-D3_def2-TZVPD_SMD_energy_SP_v1,final_energy_Eh;CPCM_Dielectric_Eh;SMD_CDS_Eh;echoed_smd_vector;normal_termination;geometry_hash,planned,SRC_PROJECT_TIER2_CURRENT;SRC_ORCA61_SMD;SRC_HANDOFF_SPEC
SP0120,smd_energy_sp,M084_QP1_M2,S003,S003,RXN_MOX_M084,fixed_geometry_auxiliary_and_reaction_SP,monomer,"4,7-Bis(thiophen-2-yl)-2,1,3-benzothiadiazole (TBT)",Donor–Acceptor units,1,2,test,test_full25,0,solvent-specific Tier-1 GFN2/ddCOSMO optimized state geometry,tier1:redox:M084:S003:q1:m2,,298.15,wB97X-D3,def2-TZVPD,RIJCOSX + def2/J,TightSCF; DEFGRID3,custom_smd,solvent_smd_registry.csv,resolved_authoritative,8,3000,1.74,jhtvs-ft0806-sp-v3,T2_wB97X-D3_def2-TZVPD_SMD_energy_SP_v1,final_energy_Eh;CPCM_Dielectric_Eh;SMD_CDS_Eh;echoed_smd_vector;normal_termination;geometry_hash,planned,SRC_PROJECT_TIER2_CURRENT;SRC_ORCA61_SMD;SRC_HANDOFF_SPEC
SP0121,smd_energy_sp,M094_Q0_M1,S003,S003,RXN_MOX_M094,fixed_geometry_auxiliary_and_reaction_SP,monomer,"Cyclopenta[2,1-b:3,4-b′]dithiophene (CPDT)",Fused-ring systems,0,1,train,,1,solvent-specific Tier-1 GFN2/ddCOSMO optimized state geometry,tier1:redox:M094:S003:q0:m1,,298.15,wB97X-D3,def2-TZVPD,RIJCOSX + def2/J,TightSCF; DEFGRID3,custom_smd,solvent_smd_registry.csv,resolved_authoritative,8,3000,1.74,jhtvs-ft0806-sp-v3,T2_wB97X-D3_def2-TZVPD_SMD_energy_SP_v1,final_energy_Eh;CPCM_Dielectric_Eh;SMD_CDS_Eh;echoed_smd_vector;normal_termination;geometry_hash,planned,SRC_PROJECT_TIER2_CURRENT;SRC_ORCA61_SMD;SRC_HANDOFF_SPEC
SP0122,smd_energy_sp,M094_QP1_M2,S003,S003,RXN_MOX_M094;RXN_SIG_M094,fixed_geometry_auxiliary_and_reaction_SP,monomer,"Cyclopenta[2,1-b:3,4-b′]dithiophene (CPDT)",Fused-ring systems,1,2,train,,1,solvent-specific Tier-1 GFN2/ddCOSMO optimized state geometry,tier1:redox:M094:S003:q1:m2,,298.15,wB97X-D3,def2-TZVPD,RIJCOSX + def2/J,TightSCF; DEFGRID3,custom_smd,solvent_smd_registry.csv,resolved_authoritative,8,3000,1.74,jhtvs-ft0806-sp-v3,T2_wB97X-D3_def2-TZVPD_SMD_energy_SP_v1,final_energy_Eh;CPCM_Dielectric_Eh;SMD_CDS_Eh;echoed_smd_vector;normal_termination;geometry_hash,planned,SRC_PROJECT_TIER2_CURRENT;SRC_ORCA61_SMD;SRC_HANDOFF_SPEC
SP0123,smd_energy_sp,S003_Q0_M1,S003,S003,RXN_SOX_S003,fixed_geometry_auxiliary_and_reaction_SP,solvent_oxidation_target,Propylene carbonate (PC),Cyclic carbonate,0,1,val,self_medium,0,self-medium Tier-1 GFN2/ddCOSMO optimized state geometry,tier1:redox:S003:S003:q0:m1,,298.15,wB97X-D3,def2-TZVPD,RIJCOSX + def2/J,TightSCF; DEFGRID3,custom_smd,solvent_smd_registry.csv,resolved_authoritative,8,3000,1.74,jhtvs-ft0806-sp-v3,T2_wB97X-D3_def2-TZVPD_SMD_energy_SP_v1,final_energy_Eh;CPCM_Dielectric_Eh;SMD_CDS_Eh;echoed_smd_vector;normal_termination;geometry_hash,planned,SRC_PROJECT_TIER2_CURRENT;SRC_ORCA61_SMD;SRC_HANDOFF_SPEC
SP0124,smd_energy_sp,S003_QP1_M2,S003,S003,RXN_SOX_S003,fixed_geometry_auxiliary_and_reaction_SP,solvent_oxidation_target,Propylene carbonate (PC),Cyclic carbonate,1,2,val,self_medium,0,self-medium Tier-1 GFN2/ddCOSMO optimized state geometry,tier1:redox:S003:S003:q1:m2,,298.15,wB97X-D3,def2-TZVPD,RIJCOSX + def2/J,TightSCF; DEFGRID3,custom_smd,solvent_smd_registry.csv,resolved_authoritative,8,3000,1.74,jhtvs-ft0806-sp-v3,T2_wB97X-D3_def2-TZVPD_SMD_energy_SP_v1,final_energy_Eh;CPCM_Dielectric_Eh;SMD_CDS_Eh;echoed_smd_vector;normal_termination;geometry_hash,planned,SRC_PROJECT_TIER2_CURRENT;SRC_ORCA61_SMD;SRC_HANDOFF_SPEC
SP0125,smd_energy_sp,A002_Q0_M2,S004,S004,RXN_AOX_A002,fixed_geometry_auxiliary_and_reaction_SP,electrolyte_anion,Tetrafluoroborate (BF4−),Lithium; Tetraalkylammonium,0,2,test,test_full25,0,solvent-specific Tier-1 GFN2/ddCOSMO optimized state geometry,tier1:redox:A002:S004:q0:m2,,298.15,wB97X-D3,def2-TZVPD,RIJCOSX + def2/J,TightSCF; DEFGRID3,native_orca_smd,solvent_smd_registry.csv,resolved_authoritative,8,3000,1.74,jhtvs-ft0806-sp-v3,T2_wB97X-D3_def2-TZVPD_SMD_energy_SP_v1,final_energy_Eh;CPCM_Dielectric_Eh;SMD_CDS_Eh;echoed_smd_vector;normal_termination;geometry_hash,planned,SRC_PROJECT_TIER2_CURRENT;SRC_ORCA61_SMD;SRC_HANDOFF_SPEC
SP0126,smd_energy_sp,A002_QM1_M1,S004,S004,RXN_AOX_A002,fixed_geometry_auxiliary_and_reaction_SP,electrolyte_anion,Tetrafluoroborate (BF4−),Lithium; Tetraalkylammonium,-1,1,test,test_full25,0,solvent-specific Tier-1 GFN2/ddCOSMO optimized state geometry,tier1:redox:A002:S004:q-1:m1,,298.15,wB97X-D3,def2-TZVPD,RIJCOSX + def2/J,TightSCF; DEFGRID3,native_orca_smd,solvent_smd_registry.csv,resolved_authoritative,8,3000,1.74,jhtvs-ft0806-sp-v3,T2_wB97X-D3_def2-TZVPD_SMD_energy_SP_v1,final_energy_Eh;CPCM_Dielectric_Eh;SMD_CDS_Eh;echoed_smd_vector;normal_termination;geometry_hash,planned,SRC_PROJECT_TIER2_CURRENT;SRC_ORCA61_SMD;SRC_HANDOFF_SPEC
SP0127,smd_energy_sp,A005_Q0_M2,S004,S004,RXN_AOX_A005,fixed_geometry_auxiliary_and_reaction_SP,electrolyte_anion,Bis(trifluoromethanesulfonyl)imide (TFSI−),Lithium; Tetraalkylammonium,0,2,train,train_full25,1,solvent-specific Tier-1 GFN2/ddCOSMO optimized state geometry,tier1:redox:A005:S004:q0:m2,,298.15,wB97X-D3,def2-TZVPD,RIJCOSX + def2/J,TightSCF; DEFGRID3,native_orca_smd,solvent_smd_registry.csv,resolved_authoritative,8,3000,1.74,jhtvs-ft0806-sp-v3,T2_wB97X-D3_def2-TZVPD_SMD_energy_SP_v1,final_energy_Eh;CPCM_Dielectric_Eh;SMD_CDS_Eh;echoed_smd_vector;normal_termination;geometry_hash,planned,SRC_PROJECT_TIER2_CURRENT;SRC_ORCA61_SMD;SRC_HANDOFF_SPEC
SP0128,smd_energy_sp,A005_QM1_M1,S004,S004,RXN_AOX_A005,fixed_geometry_auxiliary_and_reaction_SP,electrolyte_anion,Bis(trifluoromethanesulfonyl)imide (TFSI−),Lithium; Tetraalkylammonium,-1,1,train,train_full25,1,solvent-specific Tier-1 GFN2/ddCOSMO optimized state geometry,tier1:redox:A005:S004:q-1:m1,,298.15,wB97X-D3,def2-TZVPD,RIJCOSX + def2/J,TightSCF; DEFGRID3,native_orca_smd,solvent_smd_registry.csv,resolved_authoritative,8,3000,1.74,jhtvs-ft0806-sp-v3,T2_wB97X-D3_def2-TZVPD_SMD_energy_SP_v1,final_energy_Eh;CPCM_Dielectric_Eh;SMD_CDS_Eh;echoed_smd_vector;normal_termination;geometry_hash,planned,SRC_PROJECT_TIER2_CURRENT;SRC_ORCA61_SMD;SRC_HANDOFF_SPEC
SP0129,smd_energy_sp,A007_Q0_M2,S004,S004,RXN_AOX_A007,fixed_geometry_auxiliary_and_reaction_SP,electrolyte_anion,4-Dodecylbenzenesulfonate (DBSA−),Surfactant,0,2,train,,1,solvent-specific Tier-1 GFN2/ddCOSMO optimized state geometry,tier1:redox:A007:S004:q0:m2,,298.15,wB97X-D3,def2-TZVPD,RIJCOSX + def2/J,TightSCF; DEFGRID3,native_orca_smd,solvent_smd_registry.csv,resolved_authoritative,8,3000,1.74,jhtvs-ft0806-sp-v3,T2_wB97X-D3_def2-TZVPD_SMD_energy_SP_v1,final_energy_Eh;CPCM_Dielectric_Eh;SMD_CDS_Eh;echoed_smd_vector;normal_termination;geometry_hash,planned,SRC_PROJECT_TIER2_CURRENT;SRC_ORCA61_SMD;SRC_HANDOFF_SPEC
SP0130,smd_energy_sp,A007_QM1_M1,S004,S004,RXN_AOX_A007,fixed_geometry_auxiliary_and_reaction_SP,electrolyte_anion,4-Dodecylbenzenesulfonate (DBSA−),Surfactant,-1,1,train,,1,solvent-specific Tier-1 GFN2/ddCOSMO optimized state geometry,tier1:redox:A007:S004:q-1:m1,,298.15,wB97X-D3,def2-TZVPD,RIJCOSX + def2/J,TightSCF; DEFGRID3,native_orca_smd,solvent_smd_registry.csv,resolved_authoritative,8,3000,1.74,jhtvs-ft0806-sp-v3,T2_wB97X-D3_def2-TZVPD_SMD_energy_SP_v1,final_energy_Eh;CPCM_Dielectric_Eh;SMD_CDS_Eh;echoed_smd_vector;normal_termination;geometry_hash,planned,SRC_PROJECT_TIER2_CURRENT;SRC_ORCA61_SMD;SRC_HANDOFF_SPEC
SP0131,smd_energy_sp,D007_QP2_M1,S004,S004,RXN_SIG_M007,fixed_geometry_auxiliary_and_reaction_SP,sigma_complex_dication,3-Octylthiophene sigma-complex dication,Thiophenes,2,1,test,,0,deterministic sigma construction then solvent-specific GFN2/ddCOSMO preoptimization with connectivity QC,surrogate:sigma_preopt:D007:S004:q2:m1,,298.15,wB97X-D3,def2-TZVPD,RIJCOSX + def2/J,TightSCF; DEFGRID3,native_orca_smd,solvent_smd_registry.csv,resolved_authoritative,8,3000,4.22,jhtvs-ft0806-sp-v3,T2_wB97X-D3_def2-TZVPD_SMD_energy_SP_v1,final_energy_Eh;CPCM_Dielectric_Eh;SMD_CDS_Eh;echoed_smd_vector;normal_termination;geometry_hash,planned,SRC_PROJECT_TIER2_CURRENT;SRC_ORCA61_SMD;SRC_HANDOFF_SPEC
SP0132,smd_energy_sp,D022_QP2_M1,S004,S004,RXN_SIG_M022,fixed_geometry_auxiliary_and_reaction_SP,sigma_complex_dication,"3,4-Ethylenedioxythiophene (EDOT) sigma-complex dication",Thiophenes,2,1,train,train_full25,1,deterministic sigma construction then solvent-specific GFN2/ddCOSMO preoptimization with connectivity QC,surrogate:sigma_preopt:D022:S004:q2:m1,,298.15,wB97X-D3,def2-TZVPD,RIJCOSX + def2/J,TightSCF; DEFGRID3,native_orca_smd,solvent_smd_registry.csv,resolved_authoritative,8,3000,4.22,jhtvs-ft0806-sp-v3,T2_wB97X-D3_def2-TZVPD_SMD_energy_SP_v1,final_energy_Eh;CPCM_Dielectric_Eh;SMD_CDS_Eh;echoed_smd_vector;normal_termination;geometry_hash,planned,SRC_PROJECT_TIER2_CURRENT;SRC_ORCA61_SMD;SRC_HANDOFF_SPEC
SP0133,smd_energy_sp,D024_QP2_M1,S004,S004,RXN_SIG_M024,fixed_geometry_auxiliary_and_reaction_SP,sigma_complex_dication,"2,2′-Bithiophene sigma-complex dication",Thiophenes,2,1,train,,1,deterministic sigma construction then solvent-specific GFN2/ddCOSMO preoptimization with connectivity QC,surrogate:sigma_preopt:D024:S004:q2:m1,,298.15,wB97X-D3,def2-TZVPD,RIJCOSX + def2/J,TightSCF; DEFGRID3,native_orca_smd,solvent_smd_registry.csv,resolved_authoritative,8,3000,4.22,jhtvs-ft0806-sp-v3,T2_wB97X-D3_def2-TZVPD_SMD_energy_SP_v1,final_energy_Eh;CPCM_Dielectric_Eh;SMD_CDS_Eh;echoed_smd_vector;normal_termination;geometry_hash,planned,SRC_PROJECT_TIER2_CURRENT;SRC_ORCA61_SMD;SRC_HANDOFF_SPEC
SP0134,smd_energy_sp,D027_QP2_M1,S004,S004,RXN_SIG_M027,fixed_geometry_auxiliary_and_reaction_SP,sigma_complex_dication,N-Methylpyrrole sigma-complex dication,Pyrroles,2,1,test,test_full25,0,deterministic sigma construction then solvent-specific GFN2/ddCOSMO preoptimization with connectivity QC,surrogate:sigma_preopt:D027:S004:q2:m1,,298.15,wB97X-D3,def2-TZVPD,RIJCOSX + def2/J,TightSCF; DEFGRID3,native_orca_smd,solvent_smd_registry.csv,resolved_authoritative,8,3000,4.22,jhtvs-ft0806-sp-v3,T2_wB97X-D3_def2-TZVPD_SMD_energy_SP_v1,final_energy_Eh;CPCM_Dielectric_Eh;SMD_CDS_Eh;echoed_smd_vector;normal_termination;geometry_hash,planned,SRC_PROJECT_TIER2_CURRENT;SRC_ORCA61_SMD;SRC_HANDOFF_SPEC
SP0135,smd_energy_sp,D038_QP2_M1,S004,S004,RXN_SIG_M038,fixed_geometry_auxiliary_and_reaction_SP,sigma_complex_dication,Furan sigma-complex dication,Furans,2,1,train,,1,deterministic sigma construction then solvent-specific GFN2/ddCOSMO preoptimization with connectivity QC,surrogate:sigma_preopt:D038:S004:q2:m1,,298.15,wB97X-D3,def2-TZVPD,RIJCOSX + def2/J,TightSCF; DEFGRID3,native_orca_smd,solvent_smd_registry.csv,resolved_authoritative,8,3000,4.22,jhtvs-ft0806-sp-v3,T2_wB97X-D3_def2-TZVPD_SMD_energy_SP_v1,final_energy_Eh;CPCM_Dielectric_Eh;SMD_CDS_Eh;echoed_smd_vector;normal_termination;geometry_hash,planned,SRC_PROJECT_TIER2_CURRENT;SRC_ORCA61_SMD;SRC_HANDOFF_SPEC
SP0136,smd_energy_sp,D055_QP2_M1,S004,S004,RXN_SIG_M055,fixed_geometry_auxiliary_and_reaction_SP,sigma_complex_dication,3-Octylselenophene sigma-complex dication,Selenophenes,2,1,train,,1,deterministic sigma construction then solvent-specific GFN2/ddCOSMO preoptimization with connectivity QC,surrogate:sigma_preopt:D055:S004:q2:m1,,298.15,wB97X-D3,def2-TZVPD,RIJCOSX + def2/J,TightSCF; DEFGRID3,native_orca_smd,solvent_smd_registry.csv,resolved_authoritative,8,3000,4.22,jhtvs-ft0806-sp-v3,T2_wB97X-D3_def2-TZVPD_SMD_energy_SP_v1,final_energy_Eh;CPCM_Dielectric_Eh;SMD_CDS_Eh;echoed_smd_vector;normal_termination;geometry_hash,planned,SRC_PROJECT_TIER2_CURRENT;SRC_ORCA61_SMD;SRC_HANDOFF_SPEC
SP0137,smd_energy_sp,D070_QP2_M1,S004,S004,RXN_SIG_M070,fixed_geometry_auxiliary_and_reaction_SP,sigma_complex_dication,Carbazole sigma-complex dication,Carbazoles,2,1,train,,1,deterministic sigma construction then solvent-specific GFN2/ddCOSMO preoptimization with connectivity QC,surrogate:sigma_preopt:D070:S004:q2:m1,,298.15,wB97X-D3,def2-TZVPD,RIJCOSX + def2/J,TightSCF; DEFGRID3,native_orca_smd,solvent_smd_registry.csv,resolved_authoritative,8,3000,4.22,jhtvs-ft0806-sp-v3,T2_wB97X-D3_def2-TZVPD_SMD_energy_SP_v1,final_energy_Eh;CPCM_Dielectric_Eh;SMD_CDS_Eh;echoed_smd_vector;normal_termination;geometry_hash,planned,SRC_PROJECT_TIER2_CURRENT;SRC_ORCA61_SMD;SRC_HANDOFF_SPEC
SP0138,smd_energy_sp,D084_QP2_M1,S004,S004,RXN_SIG_M084,fixed_geometry_auxiliary_and_reaction_SP,sigma_complex_dication,"4,7-Bis(thiophen-2-yl)-2,1,3-benzothiadiazole (TBT) sigma-complex dication",Donor–Acceptor units,2,1,test,,0,deterministic sigma construction then solvent-specific GFN2/ddCOSMO preoptimization with connectivity QC,surrogate:sigma_preopt:D084:S004:q2:m1,,298.15,wB97X-D3,def2-TZVPD,RIJCOSX + def2/J,TightSCF; DEFGRID3,native_orca_smd,solvent_smd_registry.csv,resolved_authoritative,8,3000,4.22,jhtvs-ft0806-sp-v3,T2_wB97X-D3_def2-TZVPD_SMD_energy_SP_v1,final_energy_Eh;CPCM_Dielectric_Eh;SMD_CDS_Eh;echoed_smd_vector;normal_termination;geometry_hash,planned,SRC_PROJECT_TIER2_CURRENT;SRC_ORCA61_SMD;SRC_HANDOFF_SPEC
SP0139,smd_energy_sp,M007_Q0_M1,S004,S004,RXN_MOX_M007,fixed_geometry_auxiliary_and_reaction_SP,monomer,3-Octylthiophene,Thiophenes,0,1,test,,0,solvent-specific Tier-1 GFN2/ddCOSMO optimized state geometry,tier1:redox:M007:S004:q0:m1,,298.15,wB97X-D3,def2-TZVPD,RIJCOSX + def2/J,TightSCF; DEFGRID3,native_orca_smd,solvent_smd_registry.csv,resolved_authoritative,8,3000,1.74,jhtvs-ft0806-sp-v3,T2_wB97X-D3_def2-TZVPD_SMD_energy_SP_v1,final_energy_Eh;CPCM_Dielectric_Eh;SMD_CDS_Eh;echoed_smd_vector;normal_termination;geometry_hash,planned,SRC_PROJECT_TIER2_CURRENT;SRC_ORCA61_SMD;SRC_HANDOFF_SPEC
SP0140,smd_energy_sp,M007_QP1_M2,S004,S004,RXN_MOX_M007;RXN_SIG_M007,fixed_geometry_auxiliary_and_reaction_SP,monomer,3-Octylthiophene,Thiophenes,1,2,test,,0,solvent-specific Tier-1 GFN2/ddCOSMO optimized state geometry,tier1:redox:M007:S004:q1:m2,,298.15,wB97X-D3,def2-TZVPD,RIJCOSX + def2/J,TightSCF; DEFGRID3,native_orca_smd,solvent_smd_registry.csv,resolved_authoritative,8,3000,1.74,jhtvs-ft0806-sp-v3,T2_wB97X-D3_def2-TZVPD_SMD_energy_SP_v1,final_energy_Eh;CPCM_Dielectric_Eh;SMD_CDS_Eh;echoed_smd_vector;normal_termination;geometry_hash,planned,SRC_PROJECT_TIER2_CURRENT;SRC_ORCA61_SMD;SRC_HANDOFF_SPEC
SP0141,smd_energy_sp,M022_Q0_M1,S004,S004,RXN_MOX_M022,fixed_geometry_auxiliary_and_reaction_SP,monomer,"3,4-Ethylenedioxythiophene (EDOT)",Thiophenes,0,1,train,train_full25,1,solvent-specific Tier-1 GFN2/ddCOSMO optimized state geometry,tier1:redox:M022:S004:q0:m1,,298.15,wB97X-D3,def2-TZVPD,RIJCOSX + def2/J,TightSCF; DEFGRID3,native_orca_smd,solvent_smd_registry.csv,resolved_authoritative,8,3000,1.74,jhtvs-ft0806-sp-v3,T2_wB97X-D3_def2-TZVPD_SMD_energy_SP_v1,final_energy_Eh;CPCM_Dielectric_Eh;SMD_CDS_Eh;echoed_smd_vector;normal_termination;geometry_hash,planned,SRC_PROJECT_TIER2_CURRENT;SRC_ORCA61_SMD;SRC_HANDOFF_SPEC
SP0142,smd_energy_sp,M022_QP1_M2,S004,S004,RXN_MOX_M022;RXN_SIG_M022,fixed_geometry_auxiliary_and_reaction_SP,monomer,"3,4-Ethylenedioxythiophene (EDOT)",Thiophenes,1,2,train,train_full25,1,solvent-specific Tier-1 GFN2/ddCOSMO optimized state geometry,tier1:redox:M022:S004:q1:m2,,298.15,wB97X-D3,def2-TZVPD,RIJCOSX + def2/J,TightSCF; DEFGRID3,native_orca_smd,solvent_smd_registry.csv,resolved_authoritative,8,3000,1.74,jhtvs-ft0806-sp-v3,T2_wB97X-D3_def2-TZVPD_SMD_energy_SP_v1,final_energy_Eh;CPCM_Dielectric_Eh;SMD_CDS_Eh;echoed_smd_vector;normal_termination;geometry_hash,planned,SRC_PROJECT_TIER2_CURRENT;SRC_ORCA61_SMD;SRC_HANDOFF_SPEC
SP0143,smd_energy_sp,M024_Q0_M1,S004,S004,RXN_MOX_M024,fixed_geometry_auxiliary_and_reaction_SP,monomer,"2,2′-Bithiophene",Thiophenes,0,1,train,,1,solvent-specific Tier-1 GFN2/ddCOSMO optimized state geometry,tier1:redox:M024:S004:q0:m1,,298.15,wB97X-D3,def2-TZVPD,RIJCOSX + def2/J,TightSCF; DEFGRID3,native_orca_smd,solvent_smd_registry.csv,resolved_authoritative,8,3000,1.74,jhtvs-ft0806-sp-v3,T2_wB97X-D3_def2-TZVPD_SMD_energy_SP_v1,final_energy_Eh;CPCM_Dielectric_Eh;SMD_CDS_Eh;echoed_smd_vector;normal_termination;geometry_hash,planned,SRC_PROJECT_TIER2_CURRENT;SRC_ORCA61_SMD;SRC_HANDOFF_SPEC
SP0144,smd_energy_sp,M024_QP1_M2,S004,S004,RXN_MOX_M024;RXN_SIG_M024,fixed_geometry_auxiliary_and_reaction_SP,monomer,"2,2′-Bithiophene",Thiophenes,1,2,train,,1,solvent-specific Tier-1 GFN2/ddCOSMO optimized state geometry,tier1:redox:M024:S004:q1:m2,,298.15,wB97X-D3,def2-TZVPD,RIJCOSX + def2/J,TightSCF; DEFGRID3,native_orca_smd,solvent_smd_registry.csv,resolved_authoritative,8,3000,1.74,jhtvs-ft0806-sp-v3,T2_wB97X-D3_def2-TZVPD_SMD_energy_SP_v1,final_energy_Eh;CPCM_Dielectric_Eh;SMD_CDS_Eh;echoed_smd_vector;normal_termination;geometry_hash,planned,SRC_PROJECT_TIER2_CURRENT;SRC_ORCA61_SMD;SRC_HANDOFF_SPEC
SP0145,smd_energy_sp,M027_QP1_M2,S004,S004,RXN_SIG_M027,fixed_geometry_auxiliary_and_reaction_SP,monomer,N-Methylpyrrole,Pyrroles,1,2,test,test_full25,0,solvent-specific Tier-1 GFN2/ddCOSMO optimized state geometry,tier1:redox:M027:S004:q1:m2,,298.15,wB97X-D3,def2-TZVPD,RIJCOSX + def2/J,TightSCF; DEFGRID3,native_orca_smd,solvent_smd_registry.csv,resolved_authoritative,8,3000,1.74,jhtvs-ft0806-sp-v3,T2_wB97X-D3_def2-TZVPD_SMD_energy_SP_v1,final_energy_Eh;CPCM_Dielectric_Eh;SMD_CDS_Eh;echoed_smd_vector;normal_termination;geometry_hash,planned,SRC_PROJECT_TIER2_CURRENT;SRC_ORCA61_SMD;SRC_HANDOFF_SPEC
SP0146,smd_energy_sp,M038_Q0_M1,S004,S004,RXN_MOX_M038,fixed_geometry_auxiliary_and_reaction_SP,monomer,Furan,Furans,0,1,train,,1,solvent-specific Tier-1 GFN2/ddCOSMO optimized state geometry,tier1:redox:M038:S004:q0:m1,,298.15,wB97X-D3,def2-TZVPD,RIJCOSX + def2/J,TightSCF; DEFGRID3,native_orca_smd,solvent_smd_registry.csv,resolved_authoritative,8,3000,1.74,jhtvs-ft0806-sp-v3,T2_wB97X-D3_def2-TZVPD_SMD_energy_SP_v1,final_energy_Eh;CPCM_Dielectric_Eh;SMD_CDS_Eh;echoed_smd_vector;normal_termination;geometry_hash,planned,SRC_PROJECT_TIER2_CURRENT;SRC_ORCA61_SMD;SRC_HANDOFF_SPEC
SP0147,smd_energy_sp,M038_QP1_M2,S004,S004,RXN_MOX_M038;RXN_SIG_M038,fixed_geometry_auxiliary_and_reaction_SP,monomer,Furan,Furans,1,2,train,,1,solvent-specific Tier-1 GFN2/ddCOSMO optimized state geometry,tier1:redox:M038:S004:q1:m2,,298.15,wB97X-D3,def2-TZVPD,RIJCOSX + def2/J,TightSCF; DEFGRID3,native_orca_smd,solvent_smd_registry.csv,resolved_authoritative,8,3000,1.74,jhtvs-ft0806-sp-v3,T2_wB97X-D3_def2-TZVPD_SMD_energy_SP_v1,final_energy_Eh;CPCM_Dielectric_Eh;SMD_CDS_Eh;echoed_smd_vector;normal_termination;geometry_hash,planned,SRC_PROJECT_TIER2_CURRENT;SRC_ORCA61_SMD;SRC_HANDOFF_SPEC
SP0148,smd_energy_sp,M055_Q0_M1,S004,S004,RXN_MOX_M055,fixed_geometry_auxiliary_and_reaction_SP,monomer,3-Octylselenophene,Selenophenes,0,1,train,,1,solvent-specific Tier-1 GFN2/ddCOSMO optimized state geometry,tier1:redox:M055:S004:q0:m1,,298.15,wB97X-D3,def2-TZVPD,RIJCOSX + def2/J,TightSCF; DEFGRID3,native_orca_smd,solvent_smd_registry.csv,resolved_authoritative,8,3000,1.74,jhtvs-ft0806-sp-v3,T2_wB97X-D3_def2-TZVPD_SMD_energy_SP_v1,final_energy_Eh;CPCM_Dielectric_Eh;SMD_CDS_Eh;echoed_smd_vector;normal_termination;geometry_hash,planned,SRC_PROJECT_TIER2_CURRENT;SRC_ORCA61_SMD;SRC_HANDOFF_SPEC
SP0149,smd_energy_sp,M055_QP1_M2,S004,S004,RXN_MOX_M055;RXN_SIG_M055,fixed_geometry_auxiliary_and_reaction_SP,monomer,3-Octylselenophene,Selenophenes,1,2,train,,1,solvent-specific Tier-1 GFN2/ddCOSMO optimized state geometry,tier1:redox:M055:S004:q1:m2,,298.15,wB97X-D3,def2-TZVPD,RIJCOSX + def2/J,TightSCF; DEFGRID3,native_orca_smd,solvent_smd_registry.csv,resolved_authoritative,8,3000,1.74,jhtvs-ft0806-sp-v3,T2_wB97X-D3_def2-TZVPD_SMD_energy_SP_v1,final_energy_Eh;CPCM_Dielectric_Eh;SMD_CDS_Eh;echoed_smd_vector;normal_termination;geometry_hash,planned,SRC_PROJECT_TIER2_CURRENT;SRC_ORCA61_SMD;SRC_HANDOFF_SPEC
SP0150,smd_energy_sp,M070_Q0_M1,S004,S004,RXN_MOX_M070,fixed_geometry_auxiliary_and_reaction_SP,monomer,Carbazole,Carbazoles,0,1,train,,1,solvent-specific Tier-1 GFN2/ddCOSMO optimized state geometry,tier1:redox:M070:S004:q0:m1,,298.15,wB97X-D3,def2-TZVPD,RIJCOSX + def2/J,TightSCF; DEFGRID3,native_orca_smd,solvent_smd_registry.csv,resolved_authoritative,8,3000,1.74,jhtvs-ft0806-sp-v3,T2_wB97X-D3_def2-TZVPD_SMD_energy_SP_v1,final_energy_Eh;CPCM_Dielectric_Eh;SMD_CDS_Eh;echoed_smd_vector;normal_termination;geometry_hash,planned,SRC_PROJECT_TIER2_CURRENT;SRC_ORCA61_SMD;SRC_HANDOFF_SPEC
SP0151,smd_energy_sp,M070_QP1_M2,S004,S004,RXN_MOX_M070;RXN_SIG_M070,fixed_geometry_auxiliary_and_reaction_SP,monomer,Carbazole,Carbazoles,1,2,train,,1,solvent-specific Tier-1 GFN2/ddCOSMO optimized state geometry,tier1:redox:M070:S004:q1:m2,,298.15,wB97X-D3,def2-TZVPD,RIJCOSX + def2/J,TightSCF; DEFGRID3,native_orca_smd,solvent_smd_registry.csv,resolved_authoritative,8,3000,1.74,jhtvs-ft0806-sp-v3,T2_wB97X-D3_def2-TZVPD_SMD_energy_SP_v1,final_energy_Eh;CPCM_Dielectric_Eh;SMD_CDS_Eh;echoed_smd_vector;normal_termination;geometry_hash,planned,SRC_PROJECT_TIER2_CURRENT;SRC_ORCA61_SMD;SRC_HANDOFF_SPEC
SP0152,smd_energy_sp,M084_Q0_M1,S004,S004,RXN_MOX_M084,fixed_geometry_auxiliary_and_reaction_SP,monomer,"4,7-Bis(thiophen-2-yl)-2,1,3-benzothiadiazole (TBT)",Donor–Acceptor units,0,1,test,test_full25,0,solvent-specific Tier-1 GFN2/ddCOSMO optimized state geometry,tier1:redox:M084:S004:q0:m1,,298.15,wB97X-D3,def2-TZVPD,RIJCOSX + def2/J,TightSCF; DEFGRID3,native_orca_smd,solvent_smd_registry.csv,resolved_authoritative,8,3000,1.74,jhtvs-ft0806-sp-v3,T2_wB97X-D3_def2-TZVPD_SMD_energy_SP_v1,final_energy_Eh;CPCM_Dielectric_Eh;SMD_CDS_Eh;echoed_smd_vector;normal_termination;geometry_hash,planned,SRC_PROJECT_TIER2_CURRENT;SRC_ORCA61_SMD;SRC_HANDOFF_SPEC
SP0153,smd_energy_sp,M084_QP1_M2,S004,S004,RXN_MOX_M084;RXN_SIG_M084,fixed_geometry_auxiliary_and_reaction_SP,monomer,"4,7-Bis(thiophen-2-yl)-2,1,3-benzothiadiazole (TBT)",Donor–Acceptor units,1,2,test,test_full25,0,solvent-specific Tier-1 GFN2/ddCOSMO optimized state geometry,tier1:redox:M084:S004:q1:m2,,298.15,wB97X-D3,def2-TZVPD,RIJCOSX + def2/J,TightSCF; DEFGRID3,native_orca_smd,solvent_smd_registry.csv,resolved_authoritative,8,3000,1.74,jhtvs-ft0806-sp-v3,T2_wB97X-D3_def2-TZVPD_SMD_energy_SP_v1,final_energy_Eh;CPCM_Dielectric_Eh;SMD_CDS_Eh;echoed_smd_vector;normal_termination;geometry_hash,planned,SRC_PROJECT_TIER2_CURRENT;SRC_ORCA61_SMD;SRC_HANDOFF_SPEC
SP0154,smd_energy_sp,M097_Q0_M1,S004,S004,RXN_MOX_M097,fixed_geometry_auxiliary_and_reaction_SP,monomer,"Dithieno[3,2-b:2′,3′-d]pyrrole (DTP)",Fused-ring systems,0,1,train,,1,solvent-specific Tier-1 GFN2/ddCOSMO optimized state geometry,tier1:redox:M097:S004:q0:m1,,298.15,wB97X-D3,def2-TZVPD,RIJCOSX + def2/J,TightSCF; DEFGRID3,native_orca_smd,solvent_smd_registry.csv,resolved_authoritative,8,3000,1.74,jhtvs-ft0806-sp-v3,T2_wB97X-D3_def2-TZVPD_SMD_energy_SP_v1,final_energy_Eh;CPCM_Dielectric_Eh;SMD_CDS_Eh;echoed_smd_vector;normal_termination;geometry_hash,planned,SRC_PROJECT_TIER2_CURRENT;SRC_ORCA61_SMD;SRC_HANDOFF_SPEC
SP0155,smd_energy_sp,M097_QP1_M2,S004,S004,RXN_MOX_M097,fixed_geometry_auxiliary_and_reaction_SP,monomer,"Dithieno[3,2-b:2′,3′-d]pyrrole (DTP)",Fused-ring systems,1,2,train,,1,solvent-specific Tier-1 GFN2/ddCOSMO optimized state geometry,tier1:redox:M097:S004:q1:m2,,298.15,wB97X-D3,def2-TZVPD,RIJCOSX + def2/J,TightSCF; DEFGRID3,native_orca_smd,solvent_smd_registry.csv,resolved_authoritative,8,3000,1.74,jhtvs-ft0806-sp-v3,T2_wB97X-D3_def2-TZVPD_SMD_energy_SP_v1,final_energy_Eh;CPCM_Dielectric_Eh;SMD_CDS_Eh;echoed_smd_vector;normal_termination;geometry_hash,planned,SRC_PROJECT_TIER2_CURRENT;SRC_ORCA61_SMD;SRC_HANDOFF_SPEC
SP0156,smd_energy_sp,S004_Q0_M1,S004,S004,RXN_SOX_S004,fixed_geometry_auxiliary_and_reaction_SP,solvent_oxidation_target,Nitrobenzene,Nitro solvent,0,1,test,self_medium,0,self-medium Tier-1 GFN2/ddCOSMO optimized state geometry,tier1:redox:S004:S004:q0:m1,,298.15,wB97X-D3,def2-TZVPD,RIJCOSX + def2/J,TightSCF; DEFGRID3,native_orca_smd,solvent_smd_registry.csv,resolved_authoritative,8,3000,1.74,jhtvs-ft0806-sp-v3,T2_wB97X-D3_def2-TZVPD_SMD_energy_SP_v1,final_energy_Eh;CPCM_Dielectric_Eh;SMD_CDS_Eh;echoed_smd_vector;normal_termination;geometry_hash,planned,SRC_PROJECT_TIER2_CURRENT;SRC_ORCA61_SMD;SRC_HANDOFF_SPEC
SP0157,smd_energy_sp,S004_QP1_M2,S004,S004,RXN_SOX_S004,fixed_geometry_auxiliary_and_reaction_SP,solvent_oxidation_target,Nitrobenzene,Nitro solvent,1,2,test,self_medium,0,self-medium Tier-1 GFN2/ddCOSMO optimized state geometry,tier1:redox:S004:S004:q1:m2,,298.15,wB97X-D3,def2-TZVPD,RIJCOSX + def2/J,TightSCF; DEFGRID3,native_orca_smd,solvent_smd_registry.csv,resolved_authoritative,8,3000,1.74,jhtvs-ft0806-sp-v3,T2_wB97X-D3_def2-TZVPD_SMD_energy_SP_v1,final_energy_Eh;CPCM_Dielectric_Eh;SMD_CDS_Eh;echoed_smd_vector;normal_termination;geometry_hash,planned,SRC_PROJECT_TIER2_CURRENT;SRC_ORCA61_SMD;SRC_HANDOFF_SPEC
SP0158,smd_energy_sp,A002_Q0_M2,S005,S005,RXN_AOX_A002,fixed_geometry_auxiliary_and_reaction_SP,electrolyte_anion,Tetrafluoroborate (BF4−),Lithium; Tetraalkylammonium,0,2,test,test_full25,0,solvent-specific Tier-1 GFN2/ddCOSMO optimized state geometry,tier1:redox:A002:S005:q0:m2,,298.15,wB97X-D3,def2-TZVPD,RIJCOSX + def2/J,TightSCF; DEFGRID3,native_orca_smd,solvent_smd_registry.csv,resolved_authoritative,8,3000,1.74,jhtvs-ft0806-sp-v3,T2_wB97X-D3_def2-TZVPD_SMD_energy_SP_v1,final_energy_Eh;CPCM_Dielectric_Eh;SMD_CDS_Eh;echoed_smd_vector;normal_termination;geometry_hash,planned,SRC_PROJECT_TIER2_CURRENT;SRC_ORCA61_SMD;SRC_HANDOFF_SPEC
SP0159,smd_energy_sp,A002_QM1_M1,S005,S005,RXN_AOX_A002,fixed_geometry_auxiliary_and_reaction_SP,electrolyte_anion,Tetrafluoroborate (BF4−),Lithium; Tetraalkylammonium,-1,1,test,test_full25,0,solvent-specific Tier-1 GFN2/ddCOSMO optimized state geometry,tier1:redox:A002:S005:q-1:m1,,298.15,wB97X-D3,def2-TZVPD,RIJCOSX + def2/J,TightSCF; DEFGRID3,native_orca_smd,solvent_smd_registry.csv,resolved_authoritative,8,3000,1.74,jhtvs-ft0806-sp-v3,T2_wB97X-D3_def2-TZVPD_SMD_energy_SP_v1,final_energy_Eh;CPCM_Dielectric_Eh;SMD_CDS_Eh;echoed_smd_vector;normal_termination;geometry_hash,planned,SRC_PROJECT_TIER2_CURRENT;SRC_ORCA61_SMD;SRC_HANDOFF_SPEC
SP0160,smd_energy_sp,A003_Q0_M2,S005,S005,RXN_AOX_A003,fixed_geometry_auxiliary_and_reaction_SP,electrolyte_anion,Perchlorate (ClO4−),Acid; Lithium; Silver; Sodium; Tetraalkylammonium,0,2,train,,1,solvent-specific Tier-1 GFN2/ddCOSMO optimized state geometry,tier1:redox:A003:S005:q0:m2,,298.15,wB97X-D3,def2-TZVPD,RIJCOSX + def2/J,TightSCF; DEFGRID3,native_orca_smd,solvent_smd_registry.csv,resolved_authoritative,8,3000,1.74,jhtvs-ft0806-sp-v3,T2_wB97X-D3_def2-TZVPD_SMD_energy_SP_v1,final_energy_Eh;CPCM_Dielectric_Eh;SMD_CDS_Eh;echoed_smd_vector;normal_termination;geometry_hash,planned,SRC_PROJECT_TIER2_CURRENT;SRC_ORCA61_SMD;SRC_HANDOFF_SPEC
SP0161,smd_energy_sp,A003_QM1_M1,S005,S005,RXN_AOX_A003,fixed_geometry_auxiliary_and_reaction_SP,electrolyte_anion,Perchlorate (ClO4−),Acid; Lithium; Silver; Sodium; Tetraalkylammonium,-1,1,train,,1,solvent-specific Tier-1 GFN2/ddCOSMO optimized state geometry,tier1:redox:A003:S005:q-1:m1,,298.15,wB97X-D3,def2-TZVPD,RIJCOSX + def2/J,TightSCF; DEFGRID3,native_orca_smd,solvent_smd_registry.csv,resolved_authoritative,8,3000,1.74,jhtvs-ft0806-sp-v3,T2_wB97X-D3_def2-TZVPD_SMD_energy_SP_v1,final_energy_Eh;CPCM_Dielectric_Eh;SMD_CDS_Eh;echoed_smd_vector;normal_termination;geometry_hash,planned,SRC_PROJECT_TIER2_CURRENT;SRC_ORCA61_SMD;SRC_HANDOFF_SPEC
SP0162,smd_energy_sp,A005_Q0_M2,S005,S005,RXN_AOX_A005,fixed_geometry_auxiliary_and_reaction_SP,electrolyte_anion,Bis(trifluoromethanesulfonyl)imide (TFSI−),Lithium; Tetraalkylammonium,0,2,train,train_full25,1,solvent-specific Tier-1 GFN2/ddCOSMO optimized state geometry,tier1:redox:A005:S005:q0:m2,,298.15,wB97X-D3,def2-TZVPD,RIJCOSX + def2/J,TightSCF; DEFGRID3,native_orca_smd,solvent_smd_registry.csv,resolved_authoritative,8,3000,1.74,jhtvs-ft0806-sp-v3,T2_wB97X-D3_def2-TZVPD_SMD_energy_SP_v1,final_energy_Eh;CPCM_Dielectric_Eh;SMD_CDS_Eh;echoed_smd_vector;normal_termination;geometry_hash,planned,SRC_PROJECT_TIER2_CURRENT;SRC_ORCA61_SMD;SRC_HANDOFF_SPEC
SP0163,smd_energy_sp,A005_QM1_M1,S005,S005,RXN_AOX_A005,fixed_geometry_auxiliary_and_reaction_SP,electrolyte_anion,Bis(trifluoromethanesulfonyl)imide (TFSI−),Lithium; Tetraalkylammonium,-1,1,train,train_full25,1,solvent-specific Tier-1 GFN2/ddCOSMO optimized state geometry,tier1:redox:A005:S005:q-1:m1,,298.15,wB97X-D3,def2-TZVPD,RIJCOSX + def2/J,TightSCF; DEFGRID3,native_orca_smd,solvent_smd_registry.csv,resolved_authoritative,8,3000,1.74,jhtvs-ft0806-sp-v3,T2_wB97X-D3_def2-TZVPD_SMD_energy_SP_v1,final_energy_Eh;CPCM_Dielectric_Eh;SMD_CDS_Eh;echoed_smd_vector;normal_termination;geometry_hash,planned,SRC_PROJECT_TIER2_CURRENT;SRC_ORCA61_SMD;SRC_HANDOFF_SPEC
SP0164,smd_energy_sp,A008_Q0_M2,S005,S005,RXN_AOX_A008,fixed_geometry_auxiliary_and_reaction_SP,electrolyte_anion,Hydrogen sulfate (HSO4−),Acid,0,2,train,,1,solvent-specific Tier-1 GFN2/ddCOSMO optimized state geometry,tier1:redox:A008:S005:q0:m2,,298.15,wB97X-D3,def2-TZVPD,RIJCOSX + def2/J,TightSCF; DEFGRID3,native_orca_smd,solvent_smd_registry.csv,resolved_authoritative,8,3000,1.74,jhtvs-ft0806-sp-v3,T2_wB97X-D3_def2-TZVPD_SMD_energy_SP_v1,final_energy_Eh;CPCM_Dielectric_Eh;SMD_CDS_Eh;echoed_smd_vector;normal_termination;geometry_hash,planned,SRC_PROJECT_TIER2_CURRENT;SRC_ORCA61_SMD;SRC_HANDOFF_SPEC
SP0165,smd_energy_sp,A008_QM1_M1,S005,S005,RXN_AOX_A008,fixed_geometry_auxiliary_and_reaction_SP,electrolyte_anion,Hydrogen sulfate (HSO4−),Acid,-1,1,train,,1,solvent-specific Tier-1 GFN2/ddCOSMO optimized state geometry,tier1:redox:A008:S005:q-1:m1,,298.15,wB97X-D3,def2-TZVPD,RIJCOSX + def2/J,TightSCF; DEFGRID3,native_orca_smd,solvent_smd_registry.csv,resolved_authoritative,8,3000,1.74,jhtvs-ft0806-sp-v3,T2_wB97X-D3_def2-TZVPD_SMD_energy_SP_v1,final_energy_Eh;CPCM_Dielectric_Eh;SMD_CDS_Eh;echoed_smd_vector;normal_termination;geometry_hash,planned,SRC_PROJECT_TIER2_CURRENT;SRC_ORCA61_SMD;SRC_HANDOFF_SPEC
SP0166,smd_energy_sp,D022_QP2_M1,S005,S005,RXN_SIG_M022,fixed_geometry_auxiliary_and_reaction_SP,sigma_complex_dication,"3,4-Ethylenedioxythiophene (EDOT) sigma-complex dication",Thiophenes,2,1,train,train_full25,1,deterministic sigma construction then solvent-specific GFN2/ddCOSMO preoptimization with connectivity QC,surrogate:sigma_preopt:D022:S005:q2:m1,,298.15,wB97X-D3,def2-TZVPD,RIJCOSX + def2/J,TightSCF; DEFGRID3,native_orca_smd,solvent_smd_registry.csv,resolved_authoritative,8,3000,4.22,jhtvs-ft0806-sp-v3,T2_wB97X-D3_def2-TZVPD_SMD_energy_SP_v1,final_energy_Eh;CPCM_Dielectric_Eh;SMD_CDS_Eh;echoed_smd_vector;normal_termination;geometry_hash,planned,SRC_PROJECT_TIER2_CURRENT;SRC_ORCA61_SMD;SRC_HANDOFF_SPEC
SP0167,smd_energy_sp,D026_QP2_M1,S005,S005,RXN_SIG_M026,fixed_geometry_auxiliary_and_reaction_SP,sigma_complex_dication,Pyrrole sigma-complex dication,Pyrroles,2,1,train,,1,deterministic sigma construction then solvent-specific GFN2/ddCOSMO preoptimization with connectivity QC,surrogate:sigma_preopt:D026:S005:q2:m1,,298.15,wB97X-D3,def2-TZVPD,RIJCOSX + def2/J,TightSCF; DEFGRID3,native_orca_smd,solvent_smd_registry.csv,resolved_authoritative,8,3000,4.22,jhtvs-ft0806-sp-v3,T2_wB97X-D3_def2-TZVPD_SMD_energy_SP_v1,final_energy_Eh;CPCM_Dielectric_Eh;SMD_CDS_Eh;echoed_smd_vector;normal_termination;geometry_hash,planned,SRC_PROJECT_TIER2_CURRENT;SRC_ORCA61_SMD;SRC_HANDOFF_SPEC
SP0168,smd_energy_sp,D027_QP2_M1,S005,S005,RXN_SIG_M027,fixed_geometry_auxiliary_and_reaction_SP,sigma_complex_dication,N-Methylpyrrole sigma-complex dication,Pyrroles,2,1,test,test_full25,0,deterministic sigma construction then solvent-specific GFN2/ddCOSMO preoptimization with connectivity QC,surrogate:sigma_preopt:D027:S005:q2:m1,,298.15,wB97X-D3,def2-TZVPD,RIJCOSX + def2/J,TightSCF; DEFGRID3,native_orca_smd,solvent_smd_registry.csv,resolved_authoritative,8,3000,4.22,jhtvs-ft0806-sp-v3,T2_wB97X-D3_def2-TZVPD_SMD_energy_SP_v1,final_energy_Eh;CPCM_Dielectric_Eh;SMD_CDS_Eh;echoed_smd_vector;normal_termination;geometry_hash,planned,SRC_PROJECT_TIER2_CURRENT;SRC_ORCA61_SMD;SRC_HANDOFF_SPEC
SP0169,smd_energy_sp,D042_QP2_M1,S005,S005,RXN_SIG_M042,fixed_geometry_auxiliary_and_reaction_SP,sigma_complex_dication,3-Octylfuran sigma-complex dication,Furans,2,1,train,,1,deterministic sigma construction then solvent-specific GFN2/ddCOSMO preoptimization with connectivity QC,surrogate:sigma_preopt:D042:S005:q2:m1,,298.15,wB97X-D3,def2-TZVPD,RIJCOSX + def2/J,TightSCF; DEFGRID3,native_orca_smd,solvent_smd_registry.csv,resolved_authoritative,8,3000,4.22,jhtvs-ft0806-sp-v3,T2_wB97X-D3_def2-TZVPD_SMD_energy_SP_v1,final_energy_Eh;CPCM_Dielectric_Eh;SMD_CDS_Eh;echoed_smd_vector;normal_termination;geometry_hash,planned,SRC_PROJECT_TIER2_CURRENT;SRC_ORCA61_SMD;SRC_HANDOFF_SPEC
SP0170,smd_energy_sp,D058_QP2_M1,S005,S005,RXN_SIG_M058,fixed_geometry_auxiliary_and_reaction_SP,sigma_complex_dication,"3,4-Ethylenedioxyselenophene (EDOS) sigma-complex dication",Selenophenes,2,1,val,,0,deterministic sigma construction then solvent-specific GFN2/ddCOSMO preoptimization with connectivity QC,surrogate:sigma_preopt:D058:S005:q2:m1,,298.15,wB97X-D3,def2-TZVPD,RIJCOSX + def2/J,TightSCF; DEFGRID3,native_orca_smd,solvent_smd_registry.csv,resolved_authoritative,8,3000,4.22,jhtvs-ft0806-sp-v3,T2_wB97X-D3_def2-TZVPD_SMD_energy_SP_v1,final_energy_Eh;CPCM_Dielectric_Eh;SMD_CDS_Eh;echoed_smd_vector;normal_termination;geometry_hash,planned,SRC_PROJECT_TIER2_CURRENT;SRC_ORCA61_SMD;SRC_HANDOFF_SPEC
SP0171,smd_energy_sp,D086_QP2_M1,S005,S005,RXN_SIG_M086,fixed_geometry_auxiliary_and_reaction_SP,sigma_complex_dication,"Thieno[3,4-b]pyrazine sigma-complex dication",Donor–Acceptor units,2,1,train,,1,deterministic sigma construction then solvent-specific GFN2/ddCOSMO preoptimization with connectivity QC,surrogate:sigma_preopt:D086:S005:q2:m1,,298.15,wB97X-D3,def2-TZVPD,RIJCOSX + def2/J,TightSCF; DEFGRID3,native_orca_smd,solvent_smd_registry.csv,resolved_authoritative,8,3000,4.22,jhtvs-ft0806-sp-v3,T2_wB97X-D3_def2-TZVPD_SMD_energy_SP_v1,final_energy_Eh;CPCM_Dielectric_Eh;SMD_CDS_Eh;echoed_smd_vector;normal_termination;geometry_hash,planned,SRC_PROJECT_TIER2_CURRENT;SRC_ORCA61_SMD;SRC_HANDOFF_SPEC
SP0172,smd_energy_sp,M013_Q0_M1,S005,S005,RXN_MOX_M013,fixed_geometry_auxiliary_and_reaction_SP,monomer,Thiophene-3-carbonitrile,Thiophenes,0,1,train,,1,solvent-specific Tier-1 GFN2/ddCOSMO optimized state geometry,tier1:redox:M013:S005:q0:m1,,298.15,wB97X-D3,def2-TZVPD,RIJCOSX + def2/J,TightSCF; DEFGRID3,native_orca_smd,solvent_smd_registry.csv,resolved_authoritative,8,3000,1.74,jhtvs-ft0806-sp-v3,T2_wB97X-D3_def2-TZVPD_SMD_energy_SP_v1,final_energy_Eh;CPCM_Dielectric_Eh;SMD_CDS_Eh;echoed_smd_vector;normal_termination;geometry_hash,planned,SRC_PROJECT_TIER2_CURRENT;SRC_ORCA61_SMD;SRC_HANDOFF_SPEC
SP0173,smd_energy_sp,M013_QP1_M2,S005,S005,RXN_MOX_M013,fixed_geometry_auxiliary_and_reaction_SP,monomer,Thiophene-3-carbonitrile,Thiophenes,1,2,train,,1,solvent-specific Tier-1 GFN2/ddCOSMO optimized state geometry,tier1:redox:M013:S005:q1:m2,,298.15,wB97X-D3,def2-TZVPD,RIJCOSX + def2/J,TightSCF; DEFGRID3,native_orca_smd,solvent_smd_registry.csv,resolved_authoritative,8,3000,1.74,jhtvs-ft0806-sp-v3,T2_wB97X-D3_def2-TZVPD_SMD_energy_SP_v1,final_energy_Eh;CPCM_Dielectric_Eh;SMD_CDS_Eh;echoed_smd_vector;normal_termination;geometry_hash,planned,SRC_PROJECT_TIER2_CURRENT;SRC_ORCA61_SMD;SRC_HANDOFF_SPEC
SP0174,smd_energy_sp,M022_Q0_M1,S005,S005,RXN_MOX_M022,fixed_geometry_auxiliary_and_reaction_SP,monomer,"3,4-Ethylenedioxythiophene (EDOT)",Thiophenes,0,1,train,train_full25,1,solvent-specific Tier-1 GFN2/ddCOSMO optimized state geometry,tier1:redox:M022:S005:q0:m1,,298.15,wB97X-D3,def2-TZVPD,RIJCOSX + def2/J,TightSCF; DEFGRID3,native_orca_smd,solvent_smd_registry.csv,resolved_authoritative,8,3000,1.74,jhtvs-ft0806-sp-v3,T2_wB97X-D3_def2-TZVPD_SMD_energy_SP_v1,final_energy_Eh;CPCM_Dielectric_Eh;SMD_CDS_Eh;echoed_smd_vector;normal_termination;geometry_hash,planned,SRC_PROJECT_TIER2_CURRENT;SRC_ORCA61_SMD;SRC_HANDOFF_SPEC
SP0175,smd_energy_sp,M022_QP1_M2,S005,S005,RXN_MOX_M022;RXN_SIG_M022,fixed_geometry_auxiliary_and_reaction_SP,monomer,"3,4-Ethylenedioxythiophene (EDOT)",Thiophenes,1,2,train,train_full25,1,solvent-specific Tier-1 GFN2/ddCOSMO optimized state geometry,tier1:redox:M022:S005:q1:m2,,298.15,wB97X-D3,def2-TZVPD,RIJCOSX + def2/J,TightSCF; DEFGRID3,native_orca_smd,solvent_smd_registry.csv,resolved_authoritative,8,3000,1.74,jhtvs-ft0806-sp-v3,T2_wB97X-D3_def2-TZVPD_SMD_energy_SP_v1,final_energy_Eh;CPCM_Dielectric_Eh;SMD_CDS_Eh;echoed_smd_vector;normal_termination;geometry_hash,planned,SRC_PROJECT_TIER2_CURRENT;SRC_ORCA61_SMD;SRC_HANDOFF_SPEC
SP0176,smd_energy_sp,M026_Q0_M1,S005,S005,RXN_MOX_M026,fixed_geometry_auxiliary_and_reaction_SP,monomer,Pyrrole,Pyrroles,0,1,train,,1,solvent-specific Tier-1 GFN2/ddCOSMO optimized state geometry,tier1:redox:M026:S005:q0:m1,,298.15,wB97X-D3,def2-TZVPD,RIJCOSX + def2/J,TightSCF; DEFGRID3,native_orca_smd,solvent_smd_registry.csv,resolved_authoritative,8,3000,1.74,jhtvs-ft0806-sp-v3,T2_wB97X-D3_def2-TZVPD_SMD_energy_SP_v1,final_energy_Eh;CPCM_Dielectric_Eh;SMD_CDS_Eh;echoed_smd_vector;normal_termination;geometry_hash,planned,SRC_PROJECT_TIER2_CURRENT;SRC_ORCA61_SMD;SRC_HANDOFF_SPEC
SP0177,smd_energy_sp,M026_QP1_M2,S005,S005,RXN_MOX_M026;RXN_SIG_M026,fixed_geometry_auxiliary_and_reaction_SP,monomer,Pyrrole,Pyrroles,1,2,train,,1,solvent-specific Tier-1 GFN2/ddCOSMO optimized state geometry,tier1:redox:M026:S005:q1:m2,,298.15,wB97X-D3,def2-TZVPD,RIJCOSX + def2/J,TightSCF; DEFGRID3,native_orca_smd,solvent_smd_registry.csv,resolved_authoritative,8,3000,1.74,jhtvs-ft0806-sp-v3,T2_wB97X-D3_def2-TZVPD_SMD_energy_SP_v1,final_energy_Eh;CPCM_Dielectric_Eh;SMD_CDS_Eh;echoed_smd_vector;normal_termination;geometry_hash,planned,SRC_PROJECT_TIER2_CURRENT;SRC_ORCA61_SMD;SRC_HANDOFF_SPEC
SP0178,smd_energy_sp,M027_QP1_M2,S005,S005,RXN_SIG_M027,fixed_geometry_auxiliary_and_reaction_SP,monomer,N-Methylpyrrole,Pyrroles,1,2,test,test_full25,0,solvent-specific Tier-1 GFN2/ddCOSMO optimized state geometry,tier1:redox:M027:S005:q1:m2,,298.15,wB97X-D3,def2-TZVPD,RIJCOSX + def2/J,TightSCF; DEFGRID3,native_orca_smd,solvent_smd_registry.csv,resolved_authoritative,8,3000,1.74,jhtvs-ft0806-sp-v3,T2_wB97X-D3_def2-TZVPD_SMD_energy_SP_v1,final_energy_Eh;CPCM_Dielectric_Eh;SMD_CDS_Eh;echoed_smd_vector;normal_termination;geometry_hash,planned,SRC_PROJECT_TIER2_CURRENT;SRC_ORCA61_SMD;SRC_HANDOFF_SPEC
SP0179,smd_energy_sp,M042_Q0_M1,S005,S005,RXN_MOX_M042,fixed_geometry_auxiliary_and_reaction_SP,monomer,3-Octylfuran,Furans,0,1,train,,1,solvent-specific Tier-1 GFN2/ddCOSMO optimized state geometry,tier1:redox:M042:S005:q0:m1,,298.15,wB97X-D3,def2-TZVPD,RIJCOSX + def2/J,TightSCF; DEFGRID3,native_orca_smd,solvent_smd_registry.csv,resolved_authoritative,8,3000,1.74,jhtvs-ft0806-sp-v3,T2_wB97X-D3_def2-TZVPD_SMD_energy_SP_v1,final_energy_Eh;CPCM_Dielectric_Eh;SMD_CDS_Eh;echoed_smd_vector;normal_termination;geometry_hash,planned,SRC_PROJECT_TIER2_CURRENT;SRC_ORCA61_SMD;SRC_HANDOFF_SPEC
SP0180,smd_energy_sp,M042_QP1_M2,S005,S005,RXN_MOX_M042;RXN_SIG_M042,fixed_geometry_auxiliary_and_reaction_SP,monomer,3-Octylfuran,Furans,1,2,train,,1,solvent-specific Tier-1 GFN2/ddCOSMO optimized state geometry,tier1:redox:M042:S005:q1:m2,,298.15,wB97X-D3,def2-TZVPD,RIJCOSX + def2/J,TightSCF; DEFGRID3,native_orca_smd,solvent_smd_registry.csv,resolved_authoritative,8,3000,1.74,jhtvs-ft0806-sp-v3,T2_wB97X-D3_def2-TZVPD_SMD_energy_SP_v1,final_energy_Eh;CPCM_Dielectric_Eh;SMD_CDS_Eh;echoed_smd_vector;normal_termination;geometry_hash,planned,SRC_PROJECT_TIER2_CURRENT;SRC_ORCA61_SMD;SRC_HANDOFF_SPEC
SP0181,smd_energy_sp,M058_Q0_M1,S005,S005,RXN_MOX_M058,fixed_geometry_auxiliary_and_reaction_SP,monomer,"3,4-Ethylenedioxyselenophene (EDOS)",Selenophenes,0,1,val,,0,solvent-specific Tier-1 GFN2/ddCOSMO optimized state geometry,tier1:redox:M058:S005:q0:m1,,298.15,wB97X-D3,def2-TZVPD,RIJCOSX + def2/J,TightSCF; DEFGRID3,native_orca_smd,solvent_smd_registry.csv,resolved_authoritative,8,3000,1.74,jhtvs-ft0806-sp-v3,T2_wB97X-D3_def2-TZVPD_SMD_energy_SP_v1,final_energy_Eh;CPCM_Dielectric_Eh;SMD_CDS_Eh;echoed_smd_vector;normal_termination;geometry_hash,planned,SRC_PROJECT_TIER2_CURRENT;SRC_ORCA61_SMD;SRC_HANDOFF_SPEC
SP0182,smd_energy_sp,M058_QP1_M2,S005,S005,RXN_MOX_M058;RXN_SIG_M058,fixed_geometry_auxiliary_and_reaction_SP,monomer,"3,4-Ethylenedioxyselenophene (EDOS)",Selenophenes,1,2,val,,0,solvent-specific Tier-1 GFN2/ddCOSMO optimized state geometry,tier1:redox:M058:S005:q1:m2,,298.15,wB97X-D3,def2-TZVPD,RIJCOSX + def2/J,TightSCF; DEFGRID3,native_orca_smd,solvent_smd_registry.csv,resolved_authoritative,8,3000,1.74,jhtvs-ft0806-sp-v3,T2_wB97X-D3_def2-TZVPD_SMD_energy_SP_v1,final_energy_Eh;CPCM_Dielectric_Eh;SMD_CDS_Eh;echoed_smd_vector;normal_termination;geometry_hash,planned,SRC_PROJECT_TIER2_CURRENT;SRC_ORCA61_SMD;SRC_HANDOFF_SPEC
SP0183,smd_energy_sp,M074_Q0_M1,S005,S005,RXN_MOX_M074,fixed_geometry_auxiliary_and_reaction_SP,monomer,N-Octylcarbazole,Carbazoles,0,1,train,,1,solvent-specific Tier-1 GFN2/ddCOSMO optimized state geometry,tier1:redox:M074:S005:q0:m1,,298.15,wB97X-D3,def2-TZVPD,RIJCOSX + def2/J,TightSCF; DEFGRID3,native_orca_smd,solvent_smd_registry.csv,resolved_authoritative,8,3000,1.74,jhtvs-ft0806-sp-v3,T2_wB97X-D3_def2-TZVPD_SMD_energy_SP_v1,final_energy_Eh;CPCM_Dielectric_Eh;SMD_CDS_Eh;echoed_smd_vector;normal_termination;geometry_hash,planned,SRC_PROJECT_TIER2_CURRENT;SRC_ORCA61_SMD;SRC_HANDOFF_SPEC
SP0184,smd_energy_sp,M074_QP1_M2,S005,S005,RXN_MOX_M074,fixed_geometry_auxiliary_and_reaction_SP,monomer,N-Octylcarbazole,Carbazoles,1,2,train,,1,solvent-specific Tier-1 GFN2/ddCOSMO optimized state geometry,tier1:redox:M074:S005:q1:m2,,298.15,wB97X-D3,def2-TZVPD,RIJCOSX + def2/J,TightSCF; DEFGRID3,native_orca_smd,solvent_smd_registry.csv,resolved_authoritative,8,3000,1.74,jhtvs-ft0806-sp-v3,T2_wB97X-D3_def2-TZVPD_SMD_energy_SP_v1,final_energy_Eh;CPCM_Dielectric_Eh;SMD_CDS_Eh;echoed_smd_vector;normal_termination;geometry_hash,planned,SRC_PROJECT_TIER2_CURRENT;SRC_ORCA61_SMD;SRC_HANDOFF_SPEC
SP0185,smd_energy_sp,M084_Q0_M1,S005,S005,RXN_MOX_M084,fixed_geometry_auxiliary_and_reaction_SP,monomer,"4,7-Bis(thiophen-2-yl)-2,1,3-benzothiadiazole (TBT)",Donor–Acceptor units,0,1,test,test_full25,0,solvent-specific Tier-1 GFN2/ddCOSMO optimized state geometry,tier1:redox:M084:S005:q0:m1,,298.15,wB97X-D3,def2-TZVPD,RIJCOSX + def2/J,TightSCF; DEFGRID3,native_orca_smd,solvent_smd_registry.csv,resolved_authoritative,8,3000,1.74,jhtvs-ft0806-sp-v3,T2_wB97X-D3_def2-TZVPD_SMD_energy_SP_v1,final_energy_Eh;CPCM_Dielectric_Eh;SMD_CDS_Eh;echoed_smd_vector;normal_termination;geometry_hash,planned,SRC_PROJECT_TIER2_CURRENT;SRC_ORCA61_SMD;SRC_HANDOFF_SPEC
SP0186,smd_energy_sp,M084_QP1_M2,S005,S005,RXN_MOX_M084,fixed_geometry_auxiliary_and_reaction_SP,monomer,"4,7-Bis(thiophen-2-yl)-2,1,3-benzothiadiazole (TBT)",Donor–Acceptor units,1,2,test,test_full25,0,solvent-specific Tier-1 GFN2/ddCOSMO optimized state geometry,tier1:redox:M084:S005:q1:m2,,298.15,wB97X-D3,def2-TZVPD,RIJCOSX + def2/J,TightSCF; DEFGRID3,native_orca_smd,solvent_smd_registry.csv,resolved_authoritative,8,3000,1.74,jhtvs-ft0806-sp-v3,T2_wB97X-D3_def2-TZVPD_SMD_energy_SP_v1,final_energy_Eh;CPCM_Dielectric_Eh;SMD_CDS_Eh;echoed_smd_vector;normal_termination;geometry_hash,planned,SRC_PROJECT_TIER2_CURRENT;SRC_ORCA61_SMD;SRC_HANDOFF_SPEC
SP0187,smd_energy_sp,M086_Q0_M1,S005,S005,RXN_MOX_M086,fixed_geometry_auxiliary_and_reaction_SP,monomer,"Thieno[3,4-b]pyrazine",Donor–Acceptor units,0,1,train,,1,solvent-specific Tier-1 GFN2/ddCOSMO optimized state geometry,tier1:redox:M086:S005:q0:m1,,298.15,wB97X-D3,def2-TZVPD,RIJCOSX + def2/J,TightSCF; DEFGRID3,native_orca_smd,solvent_smd_registry.csv,resolved_authoritative,8,3000,1.74,jhtvs-ft0806-sp-v3,T2_wB97X-D3_def2-TZVPD_SMD_energy_SP_v1,final_energy_Eh;CPCM_Dielectric_Eh;SMD_CDS_Eh;echoed_smd_vector;normal_termination;geometry_hash,planned,SRC_PROJECT_TIER2_CURRENT;SRC_ORCA61_SMD;SRC_HANDOFF_SPEC
SP0188,smd_energy_sp,M086_QP1_M2,S005,S005,RXN_MOX_M086;RXN_SIG_M086,fixed_geometry_auxiliary_and_reaction_SP,monomer,"Thieno[3,4-b]pyrazine",Donor–Acceptor units,1,2,train,,1,solvent-specific Tier-1 GFN2/ddCOSMO optimized state geometry,tier1:redox:M086:S005:q1:m2,,298.15,wB97X-D3,def2-TZVPD,RIJCOSX + def2/J,TightSCF; DEFGRID3,native_orca_smd,solvent_smd_registry.csv,resolved_authoritative,8,3000,1.74,jhtvs-ft0806-sp-v3,T2_wB97X-D3_def2-TZVPD_SMD_energy_SP_v1,final_energy_Eh;CPCM_Dielectric_Eh;SMD_CDS_Eh;echoed_smd_vector;normal_termination;geometry_hash,planned,SRC_PROJECT_TIER2_CURRENT;SRC_ORCA61_SMD;SRC_HANDOFF_SPEC
SP0189,smd_energy_sp,S005_Q0_M1,S005,S005,RXN_SOX_S005,fixed_geometry_auxiliary_and_reaction_SP,solvent_oxidation_target,Benzonitrile,Nitrile,0,1,train,self_medium,1,self-medium Tier-1 GFN2/ddCOSMO optimized state geometry,tier1:redox:S005:S005:q0:m1,,298.15,wB97X-D3,def2-TZVPD,RIJCOSX + def2/J,TightSCF; DEFGRID3,native_orca_smd,solvent_smd_registry.csv,resolved_authoritative,8,3000,1.74,jhtvs-ft0806-sp-v3,T2_wB97X-D3_def2-TZVPD_SMD_energy_SP_v1,final_energy_Eh;CPCM_Dielectric_Eh;SMD_CDS_Eh;echoed_smd_vector;normal_termination;geometry_hash,planned,SRC_PROJECT_TIER2_CURRENT;SRC_ORCA61_SMD;SRC_HANDOFF_SPEC
SP0190,smd_energy_sp,S005_QP1_M2,S005,S005,RXN_SOX_S005,fixed_geometry_auxiliary_and_reaction_SP,solvent_oxidation_target,Benzonitrile,Nitrile,1,2,train,self_medium,1,self-medium Tier-1 GFN2/ddCOSMO optimized state geometry,tier1:redox:S005:S005:q1:m2,,298.15,wB97X-D3,def2-TZVPD,RIJCOSX + def2/J,TightSCF; DEFGRID3,native_orca_smd,solvent_smd_registry.csv,resolved_authoritative,8,3000,1.74,jhtvs-ft0806-sp-v3,T2_wB97X-D3_def2-TZVPD_SMD_energy_SP_v1,final_energy_Eh;CPCM_Dielectric_Eh;SMD_CDS_Eh;echoed_smd_vector;normal_termination;geometry_hash,planned,SRC_PROJECT_TIER2_CURRENT;SRC_ORCA61_SMD;SRC_HANDOFF_SPEC
SP0191,smd_energy_sp,A002_Q0_M2,S006,S006,RXN_AOX_A002,fixed_geometry_auxiliary_and_reaction_SP,electrolyte_anion,Tetrafluoroborate (BF4−),Lithium; Tetraalkylammonium,0,2,test,test_full25,0,solvent-specific Tier-1 GFN2/ddCOSMO optimized state geometry,tier1:redox:A002:S006:q0:m2,,298.15,wB97X-D3,def2-TZVPD,RIJCOSX + def2/J,TightSCF; DEFGRID3,native_orca_smd,solvent_smd_registry.csv,resolved_authoritative,8,3000,1.74,jhtvs-ft0806-sp-v3,T2_wB97X-D3_def2-TZVPD_SMD_energy_SP_v1,final_energy_Eh;CPCM_Dielectric_Eh;SMD_CDS_Eh;echoed_smd_vector;normal_termination;geometry_hash,planned,SRC_PROJECT_TIER2_CURRENT;SRC_ORCA61_SMD;SRC_HANDOFF_SPEC
SP0192,smd_energy_sp,A002_QM1_M1,S006,S006,RXN_AOX_A002,fixed_geometry_auxiliary_and_reaction_SP,electrolyte_anion,Tetrafluoroborate (BF4−),Lithium; Tetraalkylammonium,-1,1,test,test_full25,0,solvent-specific Tier-1 GFN2/ddCOSMO optimized state geometry,tier1:redox:A002:S006:q-1:m1,,298.15,wB97X-D3,def2-TZVPD,RIJCOSX + def2/J,TightSCF; DEFGRID3,native_orca_smd,solvent_smd_registry.csv,resolved_authoritative,8,3000,1.74,jhtvs-ft0806-sp-v3,T2_wB97X-D3_def2-TZVPD_SMD_energy_SP_v1,final_energy_Eh;CPCM_Dielectric_Eh;SMD_CDS_Eh;echoed_smd_vector;normal_termination;geometry_hash,planned,SRC_PROJECT_TIER2_CURRENT;SRC_ORCA61_SMD;SRC_HANDOFF_SPEC
SP0193,smd_energy_sp,A004_Q0_M2,S006,S006,RXN_AOX_A004,fixed_geometry_auxiliary_and_reaction_SP,electrolyte_anion,Trifluoromethanesulfonate (OTf−),Tetraalkylammonium,0,2,test,,0,solvent-specific Tier-1 GFN2/ddCOSMO optimized state geometry,tier1:redox:A004:S006:q0:m2,,298.15,wB97X-D3,def2-TZVPD,RIJCOSX + def2/J,TightSCF; DEFGRID3,native_orca_smd,solvent_smd_registry.csv,resolved_authoritative,8,3000,1.74,jhtvs-ft0806-sp-v3,T2_wB97X-D3_def2-TZVPD_SMD_energy_SP_v1,final_energy_Eh;CPCM_Dielectric_Eh;SMD_CDS_Eh;echoed_smd_vector;normal_termination;geometry_hash,planned,SRC_PROJECT_TIER2_CURRENT;SRC_ORCA61_SMD;SRC_HANDOFF_SPEC
SP0194,smd_energy_sp,A004_QM1_M1,S006,S006,RXN_AOX_A004,fixed_geometry_auxiliary_and_reaction_SP,electrolyte_anion,Trifluoromethanesulfonate (OTf−),Tetraalkylammonium,-1,1,test,,0,solvent-specific Tier-1 GFN2/ddCOSMO optimized state geometry,tier1:redox:A004:S006:q-1:m1,,298.15,wB97X-D3,def2-TZVPD,RIJCOSX + def2/J,TightSCF; DEFGRID3,native_orca_smd,solvent_smd_registry.csv,resolved_authoritative,8,3000,1.74,jhtvs-ft0806-sp-v3,T2_wB97X-D3_def2-TZVPD_SMD_energy_SP_v1,final_energy_Eh;CPCM_Dielectric_Eh;SMD_CDS_Eh;echoed_smd_vector;normal_termination;geometry_hash,planned,SRC_PROJECT_TIER2_CURRENT;SRC_ORCA61_SMD;SRC_HANDOFF_SPEC
SP0195,smd_energy_sp,A005_Q0_M2,S006,S006,RXN_AOX_A005,fixed_geometry_auxiliary_and_reaction_SP,electrolyte_anion,Bis(trifluoromethanesulfonyl)imide (TFSI−),Lithium; Tetraalkylammonium,0,2,train,train_full25,1,solvent-specific Tier-1 GFN2/ddCOSMO optimized state geometry,tier1:redox:A005:S006:q0:m2,,298.15,wB97X-D3,def2-TZVPD,RIJCOSX + def2/J,TightSCF; DEFGRID3,native_orca_smd,solvent_smd_registry.csv,resolved_authoritative,8,3000,1.74,jhtvs-ft0806-sp-v3,T2_wB97X-D3_def2-TZVPD_SMD_energy_SP_v1,final_energy_Eh;CPCM_Dielectric_Eh;SMD_CDS_Eh;echoed_smd_vector;normal_termination;geometry_hash,planned,SRC_PROJECT_TIER2_CURRENT;SRC_ORCA61_SMD;SRC_HANDOFF_SPEC
SP0196,smd_energy_sp,A005_QM1_M1,S006,S006,RXN_AOX_A005,fixed_geometry_auxiliary_and_reaction_SP,electrolyte_anion,Bis(trifluoromethanesulfonyl)imide (TFSI−),Lithium; Tetraalkylammonium,-1,1,train,train_full25,1,solvent-specific Tier-1 GFN2/ddCOSMO optimized state geometry,tier1:redox:A005:S006:q-1:m1,,298.15,wB97X-D3,def2-TZVPD,RIJCOSX + def2/J,TightSCF; DEFGRID3,native_orca_smd,solvent_smd_registry.csv,resolved_authoritative,8,3000,1.74,jhtvs-ft0806-sp-v3,T2_wB97X-D3_def2-TZVPD_SMD_energy_SP_v1,final_energy_Eh;CPCM_Dielectric_Eh;SMD_CDS_Eh;echoed_smd_vector;normal_termination;geometry_hash,planned,SRC_PROJECT_TIER2_CURRENT;SRC_ORCA61_SMD;SRC_HANDOFF_SPEC
SP0197,smd_energy_sp,A009_Q0_M2,S006,S006,RXN_AOX_A009,fixed_geometry_auxiliary_and_reaction_SP,electrolyte_anion,"4-Methylbenzenesulfonate (tosylate, pTS−)",Organic acid,0,2,train,,1,solvent-specific Tier-1 GFN2/ddCOSMO optimized state geometry,tier1:redox:A009:S006:q0:m2,,298.15,wB97X-D3,def2-TZVPD,RIJCOSX + def2/J,TightSCF; DEFGRID3,native_orca_smd,solvent_smd_registry.csv,resolved_authoritative,8,3000,1.74,jhtvs-ft0806-sp-v3,T2_wB97X-D3_def2-TZVPD_SMD_energy_SP_v1,final_energy_Eh;CPCM_Dielectric_Eh;SMD_CDS_Eh;echoed_smd_vector;normal_termination;geometry_hash,planned,SRC_PROJECT_TIER2_CURRENT;SRC_ORCA61_SMD;SRC_HANDOFF_SPEC
SP0198,smd_energy_sp,A009_QM1_M1,S006,S006,RXN_AOX_A009,fixed_geometry_auxiliary_and_reaction_SP,electrolyte_anion,"4-Methylbenzenesulfonate (tosylate, pTS−)",Organic acid,-1,1,train,,1,solvent-specific Tier-1 GFN2/ddCOSMO optimized state geometry,tier1:redox:A009:S006:q-1:m1,,298.15,wB97X-D3,def2-TZVPD,RIJCOSX + def2/J,TightSCF; DEFGRID3,native_orca_smd,solvent_smd_registry.csv,resolved_authoritative,8,3000,1.74,jhtvs-ft0806-sp-v3,T2_wB97X-D3_def2-TZVPD_SMD_energy_SP_v1,final_energy_Eh;CPCM_Dielectric_Eh;SMD_CDS_Eh;echoed_smd_vector;normal_termination;geometry_hash,planned,SRC_PROJECT_TIER2_CURRENT;SRC_ORCA61_SMD;SRC_HANDOFF_SPEC
SP0199,smd_energy_sp,D022_QP2_M1,S006,S006,RXN_SIG_M022,fixed_geometry_auxiliary_and_reaction_SP,sigma_complex_dication,"3,4-Ethylenedioxythiophene (EDOT) sigma-complex dication",Thiophenes,2,1,train,train_full25,1,deterministic sigma construction then solvent-specific GFN2/ddCOSMO preoptimization with connectivity QC,surrogate:sigma_preopt:D022:S006:q2:m1,,298.15,wB97X-D3,def2-TZVPD,RIJCOSX + def2/J,TightSCF; DEFGRID3,native_orca_smd,solvent_smd_registry.csv,resolved_authoritative,8,3000,4.22,jhtvs-ft0806-sp-v3,T2_wB97X-D3_def2-TZVPD_SMD_energy_SP_v1,final_energy_Eh;CPCM_Dielectric_Eh;SMD_CDS_Eh;echoed_smd_vector;normal_termination;geometry_hash,planned,SRC_PROJECT_TIER2_CURRENT;SRC_ORCA61_SMD;SRC_HANDOFF_SPEC
SP0200,smd_energy_sp,D027_QP2_M1,S006,S006,RXN_SIG_M027,fixed_geometry_auxiliary_and_reaction_SP,sigma_complex_dication,N-Methylpyrrole sigma-complex dication,Pyrroles,2,1,test,test_full25,0,deterministic sigma construction then solvent-specific GFN2/ddCOSMO preoptimization with connectivity QC,surrogate:sigma_preopt:D027:S006:q2:m1,,298.15,wB97X-D3,def2-TZVPD,RIJCOSX + def2/J,TightSCF; DEFGRID3,native_orca_smd,solvent_smd_registry.csv,resolved_authoritative,8,3000,4.22,jhtvs-ft0806-sp-v3,T2_wB97X-D3_def2-TZVPD_SMD_energy_SP_v1,final_energy_Eh;CPCM_Dielectric_Eh;SMD_CDS_Eh;echoed_smd_vector;normal_termination;geometry_hash,planned,SRC_PROJECT_TIER2_CURRENT;SRC_ORCA61_SMD;SRC_HANDOFF_SPEC
SP0201,smd_energy_sp,D060_QP2_M1,S006,S006,RXN_SIG_M060,fixed_geometry_auxiliary_and_reaction_SP,sigma_complex_dication,Aniline sigma-complex dication,Anilines,2,1,train,,1,deterministic sigma construction then solvent-specific GFN2/ddCOSMO preoptimization with connectivity QC,surrogate:sigma_preopt:D060:S006:q2:m1,,298.15,wB97X-D3,def2-TZVPD,RIJCOSX + def2/J,TightSCF; DEFGRID3,native_orca_smd,solvent_smd_registry.csv,resolved_authoritative,8,3000,4.22,jhtvs-ft0806-sp-v3,T2_wB97X-D3_def2-TZVPD_SMD_energy_SP_v1,final_energy_Eh;CPCM_Dielectric_Eh;SMD_CDS_Eh;echoed_smd_vector;normal_termination;geometry_hash,planned,SRC_PROJECT_TIER2_CURRENT;SRC_ORCA61_SMD;SRC_HANDOFF_SPEC
SP0202,smd_energy_sp,D077_QP2_M1,S006,S006,RXN_SIG_M077,fixed_geometry_auxiliary_and_reaction_SP,sigma_complex_dication,"3,6-Bis(EDOT-2-yl)-9-methylcarbazole sigma-complex dication",Carbazoles,2,1,train,,1,deterministic sigma construction then solvent-specific GFN2/ddCOSMO preoptimization with connectivity QC,surrogate:sigma_preopt:D077:S006:q2:m1,,298.15,wB97X-D3,def2-TZVPD,RIJCOSX + def2/J,TightSCF; DEFGRID3,native_orca_smd,solvent_smd_registry.csv,resolved_authoritative,8,3000,4.22,jhtvs-ft0806-sp-v3,T2_wB97X-D3_def2-TZVPD_SMD_energy_SP_v1,final_energy_Eh;CPCM_Dielectric_Eh;SMD_CDS_Eh;echoed_smd_vector;normal_termination;geometry_hash,planned,SRC_PROJECT_TIER2_CURRENT;SRC_ORCA61_SMD;SRC_HANDOFF_SPEC
SP0203,smd_energy_sp,D089_QP2_M1,S006,S006,RXN_SIG_M089,fixed_geometry_auxiliary_and_reaction_SP,sigma_complex_dication,"3,6-Bis(thiophen-2-yl)-2,5-dimethyl-DPP (TDPP-Me) sigma-complex dication",Donor–Acceptor units,2,1,train,,1,deterministic sigma construction then solvent-specific GFN2/ddCOSMO preoptimization with connectivity QC,surrogate:sigma_preopt:D089:S006:q2:m1,,298.15,wB97X-D3,def2-TZVPD,RIJCOSX + def2/J,TightSCF; DEFGRID3,native_orca_smd,solvent_smd_registry.csv,resolved_authoritative,8,3000,4.22,jhtvs-ft0806-sp-v3,T2_wB97X-D3_def2-TZVPD_SMD_energy_SP_v1,final_energy_Eh;CPCM_Dielectric_Eh;SMD_CDS_Eh;echoed_smd_vector;normal_termination;geometry_hash,planned,SRC_PROJECT_TIER2_CURRENT;SRC_ORCA61_SMD;SRC_HANDOFF_SPEC
SP0204,smd_energy_sp,M014_Q0_M1,S006,S006,RXN_MOX_M014,fixed_geometry_auxiliary_and_reaction_SP,monomer,Methyl thiophene-3-carboxylate,Thiophenes,0,1,train,,1,solvent-specific Tier-1 GFN2/ddCOSMO optimized state geometry,tier1:redox:M014:S006:q0:m1,,298.15,wB97X-D3,def2-TZVPD,RIJCOSX + def2/J,TightSCF; DEFGRID3,native_orca_smd,solvent_smd_registry.csv,resolved_authoritative,8,3000,1.74,jhtvs-ft0806-sp-v3,T2_wB97X-D3_def2-TZVPD_SMD_energy_SP_v1,final_energy_Eh;CPCM_Dielectric_Eh;SMD_CDS_Eh;echoed_smd_vector;normal_termination;geometry_hash,planned,SRC_PROJECT_TIER2_CURRENT;SRC_ORCA61_SMD;SRC_HANDOFF_SPEC
SP0205,smd_energy_sp,M014_QP1_M2,S006,S006,RXN_MOX_M014,fixed_geometry_auxiliary_and_reaction_SP,monomer,Methyl thiophene-3-carboxylate,Thiophenes,1,2,train,,1,solvent-specific Tier-1 GFN2/ddCOSMO optimized state geometry,tier1:redox:M014:S006:q1:m2,,298.15,wB97X-D3,def2-TZVPD,RIJCOSX + def2/J,TightSCF; DEFGRID3,native_orca_smd,solvent_smd_registry.csv,resolved_authoritative,8,3000,1.74,jhtvs-ft0806-sp-v3,T2_wB97X-D3_def2-TZVPD_SMD_energy_SP_v1,final_energy_Eh;CPCM_Dielectric_Eh;SMD_CDS_Eh;echoed_smd_vector;normal_termination;geometry_hash,planned,SRC_PROJECT_TIER2_CURRENT;SRC_ORCA61_SMD;SRC_HANDOFF_SPEC
SP0206,smd_energy_sp,M022_Q0_M1,S006,S006,RXN_MOX_M022,fixed_geometry_auxiliary_and_reaction_SP,monomer,"3,4-Ethylenedioxythiophene (EDOT)",Thiophenes,0,1,train,train_full25,1,solvent-specific Tier-1 GFN2/ddCOSMO optimized state geometry,tier1:redox:M022:S006:q0:m1,,298.15,wB97X-D3,def2-TZVPD,RIJCOSX + def2/J,TightSCF; DEFGRID3,native_orca_smd,solvent_smd_registry.csv,resolved_authoritative,8,3000,1.74,jhtvs-ft0806-sp-v3,T2_wB97X-D3_def2-TZVPD_SMD_energy_SP_v1,final_energy_Eh;CPCM_Dielectric_Eh;SMD_CDS_Eh;echoed_smd_vector;normal_termination;geometry_hash,planned,SRC_PROJECT_TIER2_CURRENT;SRC_ORCA61_SMD;SRC_HANDOFF_SPEC
SP0207,smd_energy_sp,M022_QP1_M2,S006,S006,RXN_MOX_M022;RXN_SIG_M022,fixed_geometry_auxiliary_and_reaction_SP,monomer,"3,4-Ethylenedioxythiophene (EDOT)",Thiophenes,1,2,train,train_full25,1,solvent-specific Tier-1 GFN2/ddCOSMO optimized state geometry,tier1:redox:M022:S006:q1:m2,,298.15,wB97X-D3,def2-TZVPD,RIJCOSX + def2/J,TightSCF; DEFGRID3,native_orca_smd,solvent_smd_registry.csv,resolved_authoritative,8,3000,1.74,jhtvs-ft0806-sp-v3,T2_wB97X-D3_def2-TZVPD_SMD_energy_SP_v1,final_energy_Eh;CPCM_Dielectric_Eh;SMD_CDS_Eh;echoed_smd_vector;normal_termination;geometry_hash,planned,SRC_PROJECT_TIER2_CURRENT;SRC_ORCA61_SMD;SRC_HANDOFF_SPEC
SP0208,smd_energy_sp,M027_Q0_M1,S006,S006,RXN_MOX_M027,fixed_geometry_auxiliary_and_reaction_SP,monomer,N-Methylpyrrole,Pyrroles,0,1,test,,0,solvent-specific Tier-1 GFN2/ddCOSMO optimized state geometry,tier1:redox:M027:S006:q0:m1,,298.15,wB97X-D3,def2-TZVPD,RIJCOSX + def2/J,TightSCF; DEFGRID3,native_orca_smd,solvent_smd_registry.csv,resolved_authoritative,8,3000,1.74,jhtvs-ft0806-sp-v3,T2_wB97X-D3_def2-TZVPD_SMD_energy_SP_v1,final_energy_Eh;CPCM_Dielectric_Eh;SMD_CDS_Eh;echoed_smd_vector;normal_termination;geometry_hash,planned,SRC_PROJECT_TIER2_CURRENT;SRC_ORCA61_SMD;SRC_HANDOFF_SPEC
SP0209,smd_energy_sp,M027_QP1_M2,S006,S006,RXN_MOX_M027;RXN_SIG_M027,fixed_geometry_auxiliary_and_reaction_SP,monomer,N-Methylpyrrole,Pyrroles,1,2,test,test_full25,0,solvent-specific Tier-1 GFN2/ddCOSMO optimized state geometry,tier1:redox:M027:S006:q1:m2,,298.15,wB97X-D3,def2-TZVPD,RIJCOSX + def2/J,TightSCF; DEFGRID3,native_orca_smd,solvent_smd_registry.csv,resolved_authoritative,8,3000,1.74,jhtvs-ft0806-sp-v3,T2_wB97X-D3_def2-TZVPD_SMD_energy_SP_v1,final_energy_Eh;CPCM_Dielectric_Eh;SMD_CDS_Eh;echoed_smd_vector;normal_termination;geometry_hash,planned,SRC_PROJECT_TIER2_CURRENT;SRC_ORCA61_SMD;SRC_HANDOFF_SPEC
SP0210,smd_energy_sp,M047_Q0_M1,S006,S006,RXN_MOX_M047,fixed_geometry_auxiliary_and_reaction_SP,monomer,"3,4-Dimethoxyfuran",Furans,0,1,val,,0,solvent-specific Tier-1 GFN2/ddCOSMO optimized state geometry,tier1:redox:M047:S006:q0:m1,,298.15,wB97X-D3,def2-TZVPD,RIJCOSX + def2/J,TightSCF; DEFGRID3,native_orca_smd,solvent_smd_registry.csv,resolved_authoritative,8,3000,1.74,jhtvs-ft0806-sp-v3,T2_wB97X-D3_def2-TZVPD_SMD_energy_SP_v1,final_energy_Eh;CPCM_Dielectric_Eh;SMD_CDS_Eh;echoed_smd_vector;normal_termination;geometry_hash,planned,SRC_PROJECT_TIER2_CURRENT;SRC_ORCA61_SMD;SRC_HANDOFF_SPEC
SP0211,smd_energy_sp,M047_QP1_M2,S006,S006,RXN_MOX_M047,fixed_geometry_auxiliary_and_reaction_SP,monomer,"3,4-Dimethoxyfuran",Furans,1,2,val,,0,solvent-specific Tier-1 GFN2/ddCOSMO optimized state geometry,tier1:redox:M047:S006:q1:m2,,298.15,wB97X-D3,def2-TZVPD,RIJCOSX + def2/J,TightSCF; DEFGRID3,native_orca_smd,solvent_smd_registry.csv,resolved_authoritative,8,3000,1.74,jhtvs-ft0806-sp-v3,T2_wB97X-D3_def2-TZVPD_SMD_energy_SP_v1,final_energy_Eh;CPCM_Dielectric_Eh;SMD_CDS_Eh;echoed_smd_vector;normal_termination;geometry_hash,planned,SRC_PROJECT_TIER2_CURRENT;SRC_ORCA61_SMD;SRC_HANDOFF_SPEC
SP0212,smd_energy_sp,M060_Q0_M1,S006,S006,RXN_MOX_M060,fixed_geometry_auxiliary_and_reaction_SP,monomer,Aniline,Anilines,0,1,train,,1,solvent-specific Tier-1 GFN2/ddCOSMO optimized state geometry,tier1:redox:M060:S006:q0:m1,,298.15,wB97X-D3,def2-TZVPD,RIJCOSX + def2/J,TightSCF; DEFGRID3,native_orca_smd,solvent_smd_registry.csv,resolved_authoritative,8,3000,1.74,jhtvs-ft0806-sp-v3,T2_wB97X-D3_def2-TZVPD_SMD_energy_SP_v1,final_energy_Eh;CPCM_Dielectric_Eh;SMD_CDS_Eh;echoed_smd_vector;normal_termination;geometry_hash,planned,SRC_PROJECT_TIER2_CURRENT;SRC_ORCA61_SMD;SRC_HANDOFF_SPEC
SP0213,smd_energy_sp,M060_QP1_M2,S006,S006,RXN_MOX_M060;RXN_SIG_M060,fixed_geometry_auxiliary_and_reaction_SP,monomer,Aniline,Anilines,1,2,train,,1,solvent-specific Tier-1 GFN2/ddCOSMO optimized state geometry,tier1:redox:M060:S006:q1:m2,,298.15,wB97X-D3,def2-TZVPD,RIJCOSX + def2/J,TightSCF; DEFGRID3,native_orca_smd,solvent_smd_registry.csv,resolved_authoritative,8,3000,1.74,jhtvs-ft0806-sp-v3,T2_wB97X-D3_def2-TZVPD_SMD_energy_SP_v1,final_energy_Eh;CPCM_Dielectric_Eh;SMD_CDS_Eh;echoed_smd_vector;normal_termination;geometry_hash,planned,SRC_PROJECT_TIER2_CURRENT;SRC_ORCA61_SMD;SRC_HANDOFF_SPEC
SP0214,smd_energy_sp,M077_Q0_M1,S006,S006,RXN_MOX_M077,fixed_geometry_auxiliary_and_reaction_SP,monomer,"3,6-Bis(EDOT-2-yl)-9-methylcarbazole",Carbazoles,0,1,train,,1,solvent-specific Tier-1 GFN2/ddCOSMO optimized state geometry,tier1:redox:M077:S006:q0:m1,,298.15,wB97X-D3,def2-TZVPD,RIJCOSX + def2/J,TightSCF; DEFGRID3,native_orca_smd,solvent_smd_registry.csv,resolved_authoritative,8,3000,1.74,jhtvs-ft0806-sp-v3,T2_wB97X-D3_def2-TZVPD_SMD_energy_SP_v1,final_energy_Eh;CPCM_Dielectric_Eh;SMD_CDS_Eh;echoed_smd_vector;normal_termination;geometry_hash,planned,SRC_PROJECT_TIER2_CURRENT;SRC_ORCA61_SMD;SRC_HANDOFF_SPEC
SP0215,smd_energy_sp,M077_QP1_M2,S006,S006,RXN_MOX_M077;RXN_SIG_M077,fixed_geometry_auxiliary_and_reaction_SP,monomer,"3,6-Bis(EDOT-2-yl)-9-methylcarbazole",Carbazoles,1,2,train,,1,solvent-specific Tier-1 GFN2/ddCOSMO optimized state geometry,tier1:redox:M077:S006:q1:m2,,298.15,wB97X-D3,def2-TZVPD,RIJCOSX + def2/J,TightSCF; DEFGRID3,native_orca_smd,solvent_smd_registry.csv,resolved_authoritative,8,3000,1.74,jhtvs-ft0806-sp-v3,T2_wB97X-D3_def2-TZVPD_SMD_energy_SP_v1,final_energy_Eh;CPCM_Dielectric_Eh;SMD_CDS_Eh;echoed_smd_vector;normal_termination;geometry_hash,planned,SRC_PROJECT_TIER2_CURRENT;SRC_ORCA61_SMD;SRC_HANDOFF_SPEC
SP0216,smd_energy_sp,M084_Q0_M1,S006,S006,RXN_MOX_M084,fixed_geometry_auxiliary_and_reaction_SP,monomer,"4,7-Bis(thiophen-2-yl)-2,1,3-benzothiadiazole (TBT)",Donor–Acceptor units,0,1,test,test_full25,0,solvent-specific Tier-1 GFN2/ddCOSMO optimized state geometry,tier1:redox:M084:S006:q0:m1,,298.15,wB97X-D3,def2-TZVPD,RIJCOSX + def2/J,TightSCF; DEFGRID3,native_orca_smd,solvent_smd_registry.csv,resolved_authoritative,8,3000,1.74,jhtvs-ft0806-sp-v3,T2_wB97X-D3_def2-TZVPD_SMD_energy_SP_v1,final_energy_Eh;CPCM_Dielectric_Eh;SMD_CDS_Eh;echoed_smd_vector;normal_termination;geometry_hash,planned,SRC_PROJECT_TIER2_CURRENT;SRC_ORCA61_SMD;SRC_HANDOFF_SPEC
SP0217,smd_energy_sp,M084_QP1_M2,S006,S006,RXN_MOX_M084,fixed_geometry_auxiliary_and_reaction_SP,monomer,"4,7-Bis(thiophen-2-yl)-2,1,3-benzothiadiazole (TBT)",Donor–Acceptor units,1,2,test,test_full25,0,solvent-specific Tier-1 GFN2/ddCOSMO optimized state geometry,tier1:redox:M084:S006:q1:m2,,298.15,wB97X-D3,def2-TZVPD,RIJCOSX + def2/J,TightSCF; DEFGRID3,native_orca_smd,solvent_smd_registry.csv,resolved_authoritative,8,3000,1.74,jhtvs-ft0806-sp-v3,T2_wB97X-D3_def2-TZVPD_SMD_energy_SP_v1,final_energy_Eh;CPCM_Dielectric_Eh;SMD_CDS_Eh;echoed_smd_vector;normal_termination;geometry_hash,planned,SRC_PROJECT_TIER2_CURRENT;SRC_ORCA61_SMD;SRC_HANDOFF_SPEC
SP0218,smd_energy_sp,M089_Q0_M1,S006,S006,RXN_MOX_M089,fixed_geometry_auxiliary_and_reaction_SP,monomer,"3,6-Bis(thiophen-2-yl)-2,5-dimethyl-DPP (TDPP-Me)",Donor–Acceptor units,0,1,train,,1,solvent-specific Tier-1 GFN2/ddCOSMO optimized state geometry,tier1:redox:M089:S006:q0:m1,,298.15,wB97X-D3,def2-TZVPD,RIJCOSX + def2/J,TightSCF; DEFGRID3,native_orca_smd,solvent_smd_registry.csv,resolved_authoritative,8,3000,1.74,jhtvs-ft0806-sp-v3,T2_wB97X-D3_def2-TZVPD_SMD_energy_SP_v1,final_energy_Eh;CPCM_Dielectric_Eh;SMD_CDS_Eh;echoed_smd_vector;normal_termination;geometry_hash,planned,SRC_PROJECT_TIER2_CURRENT;SRC_ORCA61_SMD;SRC_HANDOFF_SPEC
SP0219,smd_energy_sp,M089_QP1_M2,S006,S006,RXN_MOX_M089;RXN_SIG_M089,fixed_geometry_auxiliary_and_reaction_SP,monomer,"3,6-Bis(thiophen-2-yl)-2,5-dimethyl-DPP (TDPP-Me)",Donor–Acceptor units,1,2,train,,1,solvent-specific Tier-1 GFN2/ddCOSMO optimized state geometry,tier1:redox:M089:S006:q1:m2,,298.15,wB97X-D3,def2-TZVPD,RIJCOSX + def2/J,TightSCF; DEFGRID3,native_orca_smd,solvent_smd_registry.csv,resolved_authoritative,8,3000,1.74,jhtvs-ft0806-sp-v3,T2_wB97X-D3_def2-TZVPD_SMD_energy_SP_v1,final_energy_Eh;CPCM_Dielectric_Eh;SMD_CDS_Eh;echoed_smd_vector;normal_termination;geometry_hash,planned,SRC_PROJECT_TIER2_CURRENT;SRC_ORCA61_SMD;SRC_HANDOFF_SPEC
SP0220,smd_energy_sp,S006_Q0_M1,S006,S006,RXN_SOX_S006,fixed_geometry_auxiliary_and_reaction_SP,solvent_oxidation_target,"N,N-Dimethylformamide (DMF)",Amide,0,1,val,self_medium,0,self-medium Tier-1 GFN2/ddCOSMO optimized state geometry,tier1:redox:S006:S006:q0:m1,,298.15,wB97X-D3,def2-TZVPD,RIJCOSX + def2/J,TightSCF; DEFGRID3,native_orca_smd,solvent_smd_registry.csv,resolved_authoritative,8,3000,1.74,jhtvs-ft0806-sp-v3,T2_wB97X-D3_def2-TZVPD_SMD_energy_SP_v1,final_energy_Eh;CPCM_Dielectric_Eh;SMD_CDS_Eh;echoed_smd_vector;normal_termination;geometry_hash,planned,SRC_PROJECT_TIER2_CURRENT;SRC_ORCA61_SMD;SRC_HANDOFF_SPEC
SP0221,smd_energy_sp,S006_QP1_M2,S006,S006,RXN_SOX_S006,fixed_geometry_auxiliary_and_reaction_SP,solvent_oxidation_target,"N,N-Dimethylformamide (DMF)",Amide,1,2,val,self_medium,0,self-medium Tier-1 GFN2/ddCOSMO optimized state geometry,tier1:redox:S006:S006:q1:m2,,298.15,wB97X-D3,def2-TZVPD,RIJCOSX + def2/J,TightSCF; DEFGRID3,native_orca_smd,solvent_smd_registry.csv,resolved_authoritative,8,3000,1.74,jhtvs-ft0806-sp-v3,T2_wB97X-D3_def2-TZVPD_SMD_energy_SP_v1,final_energy_Eh;CPCM_Dielectric_Eh;SMD_CDS_Eh;echoed_smd_vector;normal_termination;geometry_hash,planned,SRC_PROJECT_TIER2_CURRENT;SRC_ORCA61_SMD;SRC_HANDOFF_SPEC
SP0222,smd_energy_sp,A001_Q0_M2,S007,S007,RXN_AOX_A001,fixed_geometry_auxiliary_and_reaction_SP,electrolyte_anion,Hexafluorophosphate (PF6−),Tetraalkylammonium,0,2,train,,1,solvent-specific Tier-1 GFN2/ddCOSMO optimized state geometry,tier1:redox:A001:S007:q0:m2,,298.15,wB97X-D3,def2-TZVPD,RIJCOSX + def2/J,TightSCF; DEFGRID3,custom_smd,solvent_smd_registry.csv,resolved_authoritative,8,3000,1.74,jhtvs-ft0806-sp-v3,T2_wB97X-D3_def2-TZVPD_SMD_energy_SP_v1,final_energy_Eh;CPCM_Dielectric_Eh;SMD_CDS_Eh;echoed_smd_vector;normal_termination;geometry_hash,planned,SRC_PROJECT_TIER2_CURRENT;SRC_ORCA61_SMD;SRC_HANDOFF_SPEC
SP0223,smd_energy_sp,A001_QM1_M1,S007,S007,RXN_AOX_A001,fixed_geometry_auxiliary_and_reaction_SP,electrolyte_anion,Hexafluorophosphate (PF6−),Tetraalkylammonium,-1,1,train,,1,solvent-specific Tier-1 GFN2/ddCOSMO optimized state geometry,tier1:redox:A001:S007:q-1:m1,,298.15,wB97X-D3,def2-TZVPD,RIJCOSX + def2/J,TightSCF; DEFGRID3,custom_smd,solvent_smd_registry.csv,resolved_authoritative,8,3000,1.74,jhtvs-ft0806-sp-v3,T2_wB97X-D3_def2-TZVPD_SMD_energy_SP_v1,final_energy_Eh;CPCM_Dielectric_Eh;SMD_CDS_Eh;echoed_smd_vector;normal_termination;geometry_hash,planned,SRC_PROJECT_TIER2_CURRENT;SRC_ORCA61_SMD;SRC_HANDOFF_SPEC
SP0224,smd_energy_sp,A002_Q0_M2,S007,S007,RXN_AOX_A002,fixed_geometry_auxiliary_and_reaction_SP,electrolyte_anion,Tetrafluoroborate (BF4−),Lithium; Tetraalkylammonium,0,2,test,test_full25,0,solvent-specific Tier-1 GFN2/ddCOSMO optimized state geometry,tier1:redox:A002:S007:q0:m2,,298.15,wB97X-D3,def2-TZVPD,RIJCOSX + def2/J,TightSCF; DEFGRID3,custom_smd,solvent_smd_registry.csv,resolved_authoritative,8,3000,1.74,jhtvs-ft0806-sp-v3,T2_wB97X-D3_def2-TZVPD_SMD_energy_SP_v1,final_energy_Eh;CPCM_Dielectric_Eh;SMD_CDS_Eh;echoed_smd_vector;normal_termination;geometry_hash,planned,SRC_PROJECT_TIER2_CURRENT;SRC_ORCA61_SMD;SRC_HANDOFF_SPEC
SP0225,smd_energy_sp,A002_QM1_M1,S007,S007,RXN_AOX_A002,fixed_geometry_auxiliary_and_reaction_SP,electrolyte_anion,Tetrafluoroborate (BF4−),Lithium; Tetraalkylammonium,-1,1,test,test_full25,0,solvent-specific Tier-1 GFN2/ddCOSMO optimized state geometry,tier1:redox:A002:S007:q-1:m1,,298.15,wB97X-D3,def2-TZVPD,RIJCOSX + def2/J,TightSCF; DEFGRID3,custom_smd,solvent_smd_registry.csv,resolved_authoritative,8,3000,1.74,jhtvs-ft0806-sp-v3,T2_wB97X-D3_def2-TZVPD_SMD_energy_SP_v1,final_energy_Eh;CPCM_Dielectric_Eh;SMD_CDS_Eh;echoed_smd_vector;normal_termination;geometry_hash,planned,SRC_PROJECT_TIER2_CURRENT;SRC_ORCA61_SMD;SRC_HANDOFF_SPEC
SP0226,smd_energy_sp,A005_Q0_M2,S007,S007,RXN_AOX_A005,fixed_geometry_auxiliary_and_reaction_SP,electrolyte_anion,Bis(trifluoromethanesulfonyl)imide (TFSI−),Lithium; Tetraalkylammonium,0,2,train,train_full25,1,solvent-specific Tier-1 GFN2/ddCOSMO optimized state geometry,tier1:redox:A005:S007:q0:m2,,298.15,wB97X-D3,def2-TZVPD,RIJCOSX + def2/J,TightSCF; DEFGRID3,custom_smd,solvent_smd_registry.csv,resolved_authoritative,8,3000,1.74,jhtvs-ft0806-sp-v3,T2_wB97X-D3_def2-TZVPD_SMD_energy_SP_v1,final_energy_Eh;CPCM_Dielectric_Eh;SMD_CDS_Eh;echoed_smd_vector;normal_termination;geometry_hash,planned,SRC_PROJECT_TIER2_CURRENT;SRC_ORCA61_SMD;SRC_HANDOFF_SPEC
SP0227,smd_energy_sp,A005_QM1_M1,S007,S007,RXN_AOX_A005,fixed_geometry_auxiliary_and_reaction_SP,electrolyte_anion,Bis(trifluoromethanesulfonyl)imide (TFSI−),Lithium; Tetraalkylammonium,-1,1,train,train_full25,1,solvent-specific Tier-1 GFN2/ddCOSMO optimized state geometry,tier1:redox:A005:S007:q-1:m1,,298.15,wB97X-D3,def2-TZVPD,RIJCOSX + def2/J,TightSCF; DEFGRID3,custom_smd,solvent_smd_registry.csv,resolved_authoritative,8,3000,1.74,jhtvs-ft0806-sp-v3,T2_wB97X-D3_def2-TZVPD_SMD_energy_SP_v1,final_energy_Eh;CPCM_Dielectric_Eh;SMD_CDS_Eh;echoed_smd_vector;normal_termination;geometry_hash,planned,SRC_PROJECT_TIER2_CURRENT;SRC_ORCA61_SMD;SRC_HANDOFF_SPEC
SP0228,smd_energy_sp,A006_Q0_M2,S007,S007,RXN_AOX_A006,fixed_geometry_auxiliary_and_reaction_SP,electrolyte_anion,Poly(styrene sulfonate) H-capped repeat-unit anion (PSS− proxy),Polymeric,0,2,val,,0,solvent-specific Tier-1 GFN2/ddCOSMO optimized state geometry,tier1:redox:A006:S007:q0:m2,,298.15,wB97X-D3,def2-TZVPD,RIJCOSX + def2/J,TightSCF; DEFGRID3,custom_smd,solvent_smd_registry.csv,resolved_authoritative,8,3000,1.74,jhtvs-ft0806-sp-v3,T2_wB97X-D3_def2-TZVPD_SMD_energy_SP_v1,final_energy_Eh;CPCM_Dielectric_Eh;SMD_CDS_Eh;echoed_smd_vector;normal_termination;geometry_hash,planned,SRC_PROJECT_TIER2_CURRENT;SRC_ORCA61_SMD;SRC_HANDOFF_SPEC
SP0229,smd_energy_sp,A006_QM1_M1,S007,S007,RXN_AOX_A006,fixed_geometry_auxiliary_and_reaction_SP,electrolyte_anion,Poly(styrene sulfonate) H-capped repeat-unit anion (PSS− proxy),Polymeric,-1,1,val,,0,solvent-specific Tier-1 GFN2/ddCOSMO optimized state geometry,tier1:redox:A006:S007:q-1:m1,,298.15,wB97X-D3,def2-TZVPD,RIJCOSX + def2/J,TightSCF; DEFGRID3,custom_smd,solvent_smd_registry.csv,resolved_authoritative,8,3000,1.74,jhtvs-ft0806-sp-v3,T2_wB97X-D3_def2-TZVPD_SMD_energy_SP_v1,final_energy_Eh;CPCM_Dielectric_Eh;SMD_CDS_Eh;echoed_smd_vector;normal_termination;geometry_hash,planned,SRC_PROJECT_TIER2_CURRENT;SRC_ORCA61_SMD;SRC_HANDOFF_SPEC
SP0230,smd_energy_sp,A011_Q0_M2,S007,S007,RXN_AOX_A011,fixed_geometry_auxiliary_and_reaction_SP,electrolyte_anion,Chloride (Cl−),Inorganic,0,2,val,,0,solvent-specific Tier-1 GFN2/ddCOSMO optimized state geometry,tier1:redox:A011:S007:q0:m2,,298.15,wB97X-D3,def2-TZVPD,RIJCOSX + def2/J,TightSCF; DEFGRID3,custom_smd,solvent_smd_registry.csv,resolved_authoritative,8,3000,1.74,jhtvs-ft0806-sp-v3,T2_wB97X-D3_def2-TZVPD_SMD_energy_SP_v1,final_energy_Eh;CPCM_Dielectric_Eh;SMD_CDS_Eh;echoed_smd_vector;normal_termination;geometry_hash,planned,SRC_PROJECT_TIER2_CURRENT;SRC_ORCA61_SMD;SRC_HANDOFF_SPEC
SP0231,smd_energy_sp,A011_QM1_M1,S007,S007,RXN_AOX_A011,fixed_geometry_auxiliary_and_reaction_SP,electrolyte_anion,Chloride (Cl−),Inorganic,-1,1,val,,0,solvent-specific Tier-1 GFN2/ddCOSMO optimized state geometry,tier1:redox:A011:S007:q-1:m1,,298.15,wB97X-D3,def2-TZVPD,RIJCOSX + def2/J,TightSCF; DEFGRID3,custom_smd,solvent_smd_registry.csv,resolved_authoritative,8,3000,1.74,jhtvs-ft0806-sp-v3,T2_wB97X-D3_def2-TZVPD_SMD_energy_SP_v1,final_energy_Eh;CPCM_Dielectric_Eh;SMD_CDS_Eh;echoed_smd_vector;normal_termination;geometry_hash,planned,SRC_PROJECT_TIER2_CURRENT;SRC_ORCA61_SMD;SRC_HANDOFF_SPEC
SP0232,smd_energy_sp,D001_QP2_M1,S007,S007,RXN_SIG_M001,fixed_geometry_auxiliary_and_reaction_SP,sigma_complex_dication,Thiophene sigma-complex dication,Thiophenes,2,1,train,,1,deterministic sigma construction then solvent-specific GFN2/ddCOSMO preoptimization with connectivity QC,surrogate:sigma_preopt:D001:S007:q2:m1,,298.15,wB97X-D3,def2-TZVPD,RIJCOSX + def2/J,TightSCF; DEFGRID3,custom_smd,solvent_smd_registry.csv,resolved_authoritative,8,3000,4.22,jhtvs-ft0806-sp-v3,T2_wB97X-D3_def2-TZVPD_SMD_energy_SP_v1,final_energy_Eh;CPCM_Dielectric_Eh;SMD_CDS_Eh;echoed_smd_vector;normal_termination;geometry_hash,planned,SRC_PROJECT_TIER2_CURRENT;SRC_ORCA61_SMD;SRC_HANDOFF_SPEC
SP0233,smd_energy_sp,D022_QP2_M1,S007,S007,RXN_SIG_M022,fixed_geometry_auxiliary_and_reaction_SP,sigma_complex_dication,"3,4-Ethylenedioxythiophene (EDOT) sigma-complex dication",Thiophenes,2,1,train,train_full25,1,deterministic sigma construction then solvent-specific GFN2/ddCOSMO preoptimization with connectivity QC,surrogate:sigma_preopt:D022:S007:q2:m1,,298.15,wB97X-D3,def2-TZVPD,RIJCOSX + def2/J,TightSCF; DEFGRID3,custom_smd,solvent_smd_registry.csv,resolved_authoritative,8,3000,4.22,jhtvs-ft0806-sp-v3,T2_wB97X-D3_def2-TZVPD_SMD_energy_SP_v1,final_energy_Eh;CPCM_Dielectric_Eh;SMD_CDS_Eh;echoed_smd_vector;normal_termination;geometry_hash,planned,SRC_PROJECT_TIER2_CURRENT;SRC_ORCA61_SMD;SRC_HANDOFF_SPEC
SP0234,smd_energy_sp,D027_QP2_M1,S007,S007,RXN_SIG_M027,fixed_geometry_auxiliary_and_reaction_SP,sigma_complex_dication,N-Methylpyrrole sigma-complex dication,Pyrroles,2,1,test,test_full25,0,deterministic sigma construction then solvent-specific GFN2/ddCOSMO preoptimization with connectivity QC,surrogate:sigma_preopt:D027:S007:q2:m1,,298.15,wB97X-D3,def2-TZVPD,RIJCOSX + def2/J,TightSCF; DEFGRID3,custom_smd,solvent_smd_registry.csv,resolved_authoritative,8,3000,4.22,jhtvs-ft0806-sp-v3,T2_wB97X-D3_def2-TZVPD_SMD_energy_SP_v1,final_energy_Eh;CPCM_Dielectric_Eh;SMD_CDS_Eh;echoed_smd_vector;normal_termination;geometry_hash,planned,SRC_PROJECT_TIER2_CURRENT;SRC_ORCA61_SMD;SRC_HANDOFF_SPEC
SP0235,smd_energy_sp,D096_QP2_M1,S007,S007,RXN_SIG_M096,fixed_geometry_auxiliary_and_reaction_SP,sigma_complex_dication,"4,4-Dihexyl-CPDT sigma-complex dication",Fused-ring systems,2,1,val,,0,deterministic sigma construction then solvent-specific GFN2/ddCOSMO preoptimization with connectivity QC,surrogate:sigma_preopt:D096:S007:q2:m1,,298.15,wB97X-D3,def2-TZVPD,RIJCOSX + def2/J,TightSCF; DEFGRID3,custom_smd,solvent_smd_registry.csv,resolved_authoritative,8,3000,4.22,jhtvs-ft0806-sp-v3,T2_wB97X-D3_def2-TZVPD_SMD_energy_SP_v1,final_energy_Eh;CPCM_Dielectric_Eh;SMD_CDS_Eh;echoed_smd_vector;normal_termination;geometry_hash,planned,SRC_PROJECT_TIER2_CURRENT;SRC_ORCA61_SMD;SRC_HANDOFF_SPEC
SP0236,smd_energy_sp,M001_Q0_M1,S007,S007,RXN_MOX_M001,fixed_geometry_auxiliary_and_reaction_SP,monomer,Thiophene,Thiophenes,0,1,train,,1,solvent-specific Tier-1 GFN2/ddCOSMO optimized state geometry,tier1:redox:M001:S007:q0:m1,,298.15,wB97X-D3,def2-TZVPD,RIJCOSX + def2/J,TightSCF; DEFGRID3,custom_smd,solvent_smd_registry.csv,resolved_authoritative,8,3000,1.74,jhtvs-ft0806-sp-v3,T2_wB97X-D3_def2-TZVPD_SMD_energy_SP_v1,final_energy_Eh;CPCM_Dielectric_Eh;SMD_CDS_Eh;echoed_smd_vector;normal_termination;geometry_hash,planned,SRC_PROJECT_TIER2_CURRENT;SRC_ORCA61_SMD;SRC_HANDOFF_SPEC
SP0237,smd_energy_sp,M001_QP1_M2,S007,S007,RXN_MOX_M001;RXN_SIG_M001,fixed_geometry_auxiliary_and_reaction_SP,monomer,Thiophene,Thiophenes,1,2,train,,1,solvent-specific Tier-1 GFN2/ddCOSMO optimized state geometry,tier1:redox:M001:S007:q1:m2,,298.15,wB97X-D3,def2-TZVPD,RIJCOSX + def2/J,TightSCF; DEFGRID3,custom_smd,solvent_smd_registry.csv,resolved_authoritative,8,3000,1.74,jhtvs-ft0806-sp-v3,T2_wB97X-D3_def2-TZVPD_SMD_energy_SP_v1,final_energy_Eh;CPCM_Dielectric_Eh;SMD_CDS_Eh;echoed_smd_vector;normal_termination;geometry_hash,planned,SRC_PROJECT_TIER2_CURRENT;SRC_ORCA61_SMD;SRC_HANDOFF_SPEC
SP0238,smd_energy_sp,M022_Q0_M1,S007,S007,RXN_MOX_M022,fixed_geometry_auxiliary_and_reaction_SP,monomer,"3,4-Ethylenedioxythiophene (EDOT)",Thiophenes,0,1,train,train_full25,1,solvent-specific Tier-1 GFN2/ddCOSMO optimized state geometry,tier1:redox:M022:S007:q0:m1,,298.15,wB97X-D3,def2-TZVPD,RIJCOSX + def2/J,TightSCF; DEFGRID3,custom_smd,solvent_smd_registry.csv,resolved_authoritative,8,3000,1.74,jhtvs-ft0806-sp-v3,T2_wB97X-D3_def2-TZVPD_SMD_energy_SP_v1,final_energy_Eh;CPCM_Dielectric_Eh;SMD_CDS_Eh;echoed_smd_vector;normal_termination;geometry_hash,planned,SRC_PROJECT_TIER2_CURRENT;SRC_ORCA61_SMD;SRC_HANDOFF_SPEC
SP0239,smd_energy_sp,M022_QP1_M2,S007,S007,RXN_MOX_M022;RXN_SIG_M022,fixed_geometry_auxiliary_and_reaction_SP,monomer,"3,4-Ethylenedioxythiophene (EDOT)",Thiophenes,1,2,train,train_full25,1,solvent-specific Tier-1 GFN2/ddCOSMO optimized state geometry,tier1:redox:M022:S007:q1:m2,,298.15,wB97X-D3,def2-TZVPD,RIJCOSX + def2/J,TightSCF; DEFGRID3,custom_smd,solvent_smd_registry.csv,resolved_authoritative,8,3000,1.74,jhtvs-ft0806-sp-v3,T2_wB97X-D3_def2-TZVPD_SMD_energy_SP_v1,final_energy_Eh;CPCM_Dielectric_Eh;SMD_CDS_Eh;echoed_smd_vector;normal_termination;geometry_hash,planned,SRC_PROJECT_TIER2_CURRENT;SRC_ORCA61_SMD;SRC_HANDOFF_SPEC
SP0240,smd_energy_sp,M027_QP1_M2,S007,S007,RXN_SIG_M027,fixed_geometry_auxiliary_and_reaction_SP,monomer,N-Methylpyrrole,Pyrroles,1,2,test,test_full25,0,solvent-specific Tier-1 GFN2/ddCOSMO optimized state geometry,tier1:redox:M027:S007:q1:m2,,298.15,wB97X-D3,def2-TZVPD,RIJCOSX + def2/J,TightSCF; DEFGRID3,custom_smd,solvent_smd_registry.csv,resolved_authoritative,8,3000,1.74,jhtvs-ft0806-sp-v3,T2_wB97X-D3_def2-TZVPD_SMD_energy_SP_v1,final_energy_Eh;CPCM_Dielectric_Eh;SMD_CDS_Eh;echoed_smd_vector;normal_termination;geometry_hash,planned,SRC_PROJECT_TIER2_CURRENT;SRC_ORCA61_SMD;SRC_HANDOFF_SPEC
SP0241,smd_energy_sp,M036_Q0_M1,S007,S007,RXN_MOX_M036,fixed_geometry_auxiliary_and_reaction_SP,monomer,"3,4-Ethylenedioxypyrrole (EDOP)",Pyrroles,0,1,train,,1,solvent-specific Tier-1 GFN2/ddCOSMO optimized state geometry,tier1:redox:M036:S007:q0:m1,,298.15,wB97X-D3,def2-TZVPD,RIJCOSX + def2/J,TightSCF; DEFGRID3,custom_smd,solvent_smd_registry.csv,resolved_authoritative,8,3000,1.74,jhtvs-ft0806-sp-v3,T2_wB97X-D3_def2-TZVPD_SMD_energy_SP_v1,final_energy_Eh;CPCM_Dielectric_Eh;SMD_CDS_Eh;echoed_smd_vector;normal_termination;geometry_hash,planned,SRC_PROJECT_TIER2_CURRENT;SRC_ORCA61_SMD;SRC_HANDOFF_SPEC
SP0242,smd_energy_sp,M036_QP1_M2,S007,S007,RXN_MOX_M036,fixed_geometry_auxiliary_and_reaction_SP,monomer,"3,4-Ethylenedioxypyrrole (EDOP)",Pyrroles,1,2,train,,1,solvent-specific Tier-1 GFN2/ddCOSMO optimized state geometry,tier1:redox:M036:S007:q1:m2,,298.15,wB97X-D3,def2-TZVPD,RIJCOSX + def2/J,TightSCF; DEFGRID3,custom_smd,solvent_smd_registry.csv,resolved_authoritative,8,3000,1.74,jhtvs-ft0806-sp-v3,T2_wB97X-D3_def2-TZVPD_SMD_energy_SP_v1,final_energy_Eh;CPCM_Dielectric_Eh;SMD_CDS_Eh;echoed_smd_vector;normal_termination;geometry_hash,planned,SRC_PROJECT_TIER2_CURRENT;SRC_ORCA61_SMD;SRC_HANDOFF_SPEC
SP0243,smd_energy_sp,M050_Q0_M1,S007,S007,RXN_MOX_M050,fixed_geometry_auxiliary_and_reaction_SP,monomer,Selenophene,Selenophenes,0,1,train,,1,solvent-specific Tier-1 GFN2/ddCOSMO optimized state geometry,tier1:redox:M050:S007:q0:m1,,298.15,wB97X-D3,def2-TZVPD,RIJCOSX + def2/J,TightSCF; DEFGRID3,custom_smd,solvent_smd_registry.csv,resolved_authoritative,8,3000,1.74,jhtvs-ft0806-sp-v3,T2_wB97X-D3_def2-TZVPD_SMD_energy_SP_v1,final_energy_Eh;CPCM_Dielectric_Eh;SMD_CDS_Eh;echoed_smd_vector;normal_termination;geometry_hash,planned,SRC_PROJECT_TIER2_CURRENT;SRC_ORCA61_SMD;SRC_HANDOFF_SPEC
SP0244,smd_energy_sp,M050_QP1_M2,S007,S007,RXN_MOX_M050,fixed_geometry_auxiliary_and_reaction_SP,monomer,Selenophene,Selenophenes,1,2,train,,1,solvent-specific Tier-1 GFN2/ddCOSMO optimized state geometry,tier1:redox:M050:S007:q1:m2,,298.15,wB97X-D3,def2-TZVPD,RIJCOSX + def2/J,TightSCF; DEFGRID3,custom_smd,solvent_smd_registry.csv,resolved_authoritative,8,3000,1.74,jhtvs-ft0806-sp-v3,T2_wB97X-D3_def2-TZVPD_SMD_energy_SP_v1,final_energy_Eh;CPCM_Dielectric_Eh;SMD_CDS_Eh;echoed_smd_vector;normal_termination;geometry_hash,planned,SRC_PROJECT_TIER2_CURRENT;SRC_ORCA61_SMD;SRC_HANDOFF_SPEC
SP0245,smd_energy_sp,M069_Q0_M1,S007,S007,RXN_MOX_M069,fixed_geometry_auxiliary_and_reaction_SP,monomer,Diphenylamine,Anilines,0,1,test,,0,solvent-specific Tier-1 GFN2/ddCOSMO optimized state geometry,tier1:redox:M069:S007:q0:m1,,298.15,wB97X-D3,def2-TZVPD,RIJCOSX + def2/J,TightSCF; DEFGRID3,custom_smd,solvent_smd_registry.csv,resolved_authoritative,8,3000,1.74,jhtvs-ft0806-sp-v3,T2_wB97X-D3_def2-TZVPD_SMD_energy_SP_v1,final_energy_Eh;CPCM_Dielectric_Eh;SMD_CDS_Eh;echoed_smd_vector;normal_termination;geometry_hash,planned,SRC_PROJECT_TIER2_CURRENT;SRC_ORCA61_SMD;SRC_HANDOFF_SPEC
SP0246,smd_energy_sp,M069_QP1_M2,S007,S007,RXN_MOX_M069,fixed_geometry_auxiliary_and_reaction_SP,monomer,Diphenylamine,Anilines,1,2,test,,0,solvent-specific Tier-1 GFN2/ddCOSMO optimized state geometry,tier1:redox:M069:S007:q1:m2,,298.15,wB97X-D3,def2-TZVPD,RIJCOSX + def2/J,TightSCF; DEFGRID3,custom_smd,solvent_smd_registry.csv,resolved_authoritative,8,3000,1.74,jhtvs-ft0806-sp-v3,T2_wB97X-D3_def2-TZVPD_SMD_energy_SP_v1,final_energy_Eh;CPCM_Dielectric_Eh;SMD_CDS_Eh;echoed_smd_vector;normal_termination;geometry_hash,planned,SRC_PROJECT_TIER2_CURRENT;SRC_ORCA61_SMD;SRC_HANDOFF_SPEC
SP0247,smd_energy_sp,M083_Q0_M1,S007,S007,RXN_MOX_M083,fixed_geometry_auxiliary_and_reaction_SP,monomer,"9,9-Dioctylfluorene",Fluorenes,0,1,train,,1,solvent-specific Tier-1 GFN2/ddCOSMO optimized state geometry,tier1:redox:M083:S007:q0:m1,,298.15,wB97X-D3,def2-TZVPD,RIJCOSX + def2/J,TightSCF; DEFGRID3,custom_smd,solvent_smd_registry.csv,resolved_authoritative,8,3000,1.74,jhtvs-ft0806-sp-v3,T2_wB97X-D3_def2-TZVPD_SMD_energy_SP_v1,final_energy_Eh;CPCM_Dielectric_Eh;SMD_CDS_Eh;echoed_smd_vector;normal_termination;geometry_hash,planned,SRC_PROJECT_TIER2_CURRENT;SRC_ORCA61_SMD;SRC_HANDOFF_SPEC
SP0248,smd_energy_sp,M083_QP1_M2,S007,S007,RXN_MOX_M083,fixed_geometry_auxiliary_and_reaction_SP,monomer,"9,9-Dioctylfluorene",Fluorenes,1,2,train,,1,solvent-specific Tier-1 GFN2/ddCOSMO optimized state geometry,tier1:redox:M083:S007:q1:m2,,298.15,wB97X-D3,def2-TZVPD,RIJCOSX + def2/J,TightSCF; DEFGRID3,custom_smd,solvent_smd_registry.csv,resolved_authoritative,8,3000,1.74,jhtvs-ft0806-sp-v3,T2_wB97X-D3_def2-TZVPD_SMD_energy_SP_v1,final_energy_Eh;CPCM_Dielectric_Eh;SMD_CDS_Eh;echoed_smd_vector;normal_termination;geometry_hash,planned,SRC_PROJECT_TIER2_CURRENT;SRC_ORCA61_SMD;SRC_HANDOFF_SPEC
SP0249,smd_energy_sp,M084_Q0_M1,S007,S007,RXN_MOX_M084,fixed_geometry_auxiliary_and_reaction_SP,monomer,"4,7-Bis(thiophen-2-yl)-2,1,3-benzothiadiazole (TBT)",Donor–Acceptor units,0,1,test,test_full25,0,solvent-specific Tier-1 GFN2/ddCOSMO optimized state geometry,tier1:redox:M084:S007:q0:m1,,298.15,wB97X-D3,def2-TZVPD,RIJCOSX + def2/J,TightSCF; DEFGRID3,custom_smd,solvent_smd_registry.csv,resolved_authoritative,8,3000,1.74,jhtvs-ft0806-sp-v3,T2_wB97X-D3_def2-TZVPD_SMD_energy_SP_v1,final_energy_Eh;CPCM_Dielectric_Eh;SMD_CDS_Eh;echoed_smd_vector;normal_termination;geometry_hash,planned,SRC_PROJECT_TIER2_CURRENT;SRC_ORCA61_SMD;SRC_HANDOFF_SPEC
SP0250,smd_energy_sp,M084_QP1_M2,S007,S007,RXN_MOX_M084,fixed_geometry_auxiliary_and_reaction_SP,monomer,"4,7-Bis(thiophen-2-yl)-2,1,3-benzothiadiazole (TBT)",Donor–Acceptor units,1,2,test,test_full25,0,solvent-specific Tier-1 GFN2/ddCOSMO optimized state geometry,tier1:redox:M084:S007:q1:m2,,298.15,wB97X-D3,def2-TZVPD,RIJCOSX + def2/J,TightSCF; DEFGRID3,custom_smd,solvent_smd_registry.csv,resolved_authoritative,8,3000,1.74,jhtvs-ft0806-sp-v3,T2_wB97X-D3_def2-TZVPD_SMD_energy_SP_v1,final_energy_Eh;CPCM_Dielectric_Eh;SMD_CDS_Eh;echoed_smd_vector;normal_termination;geometry_hash,planned,SRC_PROJECT_TIER2_CURRENT;SRC_ORCA61_SMD;SRC_HANDOFF_SPEC
SP0251,smd_energy_sp,M096_Q0_M1,S007,S007,RXN_MOX_M096,fixed_geometry_auxiliary_and_reaction_SP,monomer,"4,4-Dihexyl-CPDT",Fused-ring systems,0,1,val,,0,solvent-specific Tier-1 GFN2/ddCOSMO optimized state geometry,tier1:redox:M096:S007:q0:m1,,298.15,wB97X-D3,def2-TZVPD,RIJCOSX + def2/J,TightSCF; DEFGRID3,custom_smd,solvent_smd_registry.csv,resolved_authoritative,8,3000,1.74,jhtvs-ft0806-sp-v3,T2_wB97X-D3_def2-TZVPD_SMD_energy_SP_v1,final_energy_Eh;CPCM_Dielectric_Eh;SMD_CDS_Eh;echoed_smd_vector;normal_termination;geometry_hash,planned,SRC_PROJECT_TIER2_CURRENT;SRC_ORCA61_SMD;SRC_HANDOFF_SPEC
SP0252,smd_energy_sp,M096_QP1_M2,S007,S007,RXN_MOX_M096;RXN_SIG_M096,fixed_geometry_auxiliary_and_reaction_SP,monomer,"4,4-Dihexyl-CPDT",Fused-ring systems,1,2,val,,0,solvent-specific Tier-1 GFN2/ddCOSMO optimized state geometry,tier1:redox:M096:S007:q1:m2,,298.15,wB97X-D3,def2-TZVPD,RIJCOSX + def2/J,TightSCF; DEFGRID3,custom_smd,solvent_smd_registry.csv,resolved_authoritative,8,3000,1.74,jhtvs-ft0806-sp-v3,T2_wB97X-D3_def2-TZVPD_SMD_energy_SP_v1,final_energy_Eh;CPCM_Dielectric_Eh;SMD_CDS_Eh;echoed_smd_vector;normal_termination;geometry_hash,planned,SRC_PROJECT_TIER2_CURRENT;SRC_ORCA61_SMD;SRC_HANDOFF_SPEC
SP0253,smd_energy_sp,S007_Q0_M1,S007,S007,RXN_SOX_S007,fixed_geometry_auxiliary_and_reaction_SP,solvent_oxidation_target,Dimethyl sulfoxide (DMSO),Sulfoxide,0,1,train,self_medium,1,self-medium Tier-1 GFN2/ddCOSMO optimized state geometry,tier1:redox:S007:S007:q0:m1,,298.15,wB97X-D3,def2-TZVPD,RIJCOSX + def2/J,TightSCF; DEFGRID3,custom_smd,solvent_smd_registry.csv,resolved_authoritative,8,3000,1.74,jhtvs-ft0806-sp-v3,T2_wB97X-D3_def2-TZVPD_SMD_energy_SP_v1,final_energy_Eh;CPCM_Dielectric_Eh;SMD_CDS_Eh;echoed_smd_vector;normal_termination;geometry_hash,planned,SRC_PROJECT_TIER2_CURRENT;SRC_ORCA61_SMD;SRC_HANDOFF_SPEC
SP0254,smd_energy_sp,S007_QP1_M2,S007,S007,RXN_SOX_S007,fixed_geometry_auxiliary_and_reaction_SP,solvent_oxidation_target,Dimethyl sulfoxide (DMSO),Sulfoxide,1,2,train,self_medium,1,self-medium Tier-1 GFN2/ddCOSMO optimized state geometry,tier1:redox:S007:S007:q1:m2,,298.15,wB97X-D3,def2-TZVPD,RIJCOSX + def2/J,TightSCF; DEFGRID3,custom_smd,solvent_smd_registry.csv,resolved_authoritative,8,3000,1.74,jhtvs-ft0806-sp-v3,T2_wB97X-D3_def2-TZVPD_SMD_energy_SP_v1,final_energy_Eh;CPCM_Dielectric_Eh;SMD_CDS_Eh;echoed_smd_vector;normal_termination;geometry_hash,planned,SRC_PROJECT_TIER2_CURRENT;SRC_ORCA61_SMD;SRC_HANDOFF_SPEC
SP0255,smd_energy_sp,A002_Q0_M2,S008,S008,RXN_AOX_A002,fixed_geometry_auxiliary_and_reaction_SP,electrolyte_anion,Tetrafluoroborate (BF4−),Lithium; Tetraalkylammonium,0,2,test,test_full25,0,solvent-specific Tier-1 GFN2/ddCOSMO optimized state geometry,tier1:redox:A002:S008:q0:m2,,298.15,wB97X-D3,def2-TZVPD,RIJCOSX + def2/J,TightSCF; DEFGRID3,native_orca_smd,solvent_smd_registry.csv,resolved_authoritative,8,3000,1.74,jhtvs-ft0806-sp-v3,T2_wB97X-D3_def2-TZVPD_SMD_energy_SP_v1,final_energy_Eh;CPCM_Dielectric_Eh;SMD_CDS_Eh;echoed_smd_vector;normal_termination;geometry_hash,planned,SRC_PROJECT_TIER2_CURRENT;SRC_ORCA61_SMD;SRC_HANDOFF_SPEC
SP0256,smd_energy_sp,A002_QM1_M1,S008,S008,RXN_AOX_A002,fixed_geometry_auxiliary_and_reaction_SP,electrolyte_anion,Tetrafluoroborate (BF4−),Lithium; Tetraalkylammonium,-1,1,test,test_full25,0,solvent-specific Tier-1 GFN2/ddCOSMO optimized state geometry,tier1:redox:A002:S008:q-1:m1,,298.15,wB97X-D3,def2-TZVPD,RIJCOSX + def2/J,TightSCF; DEFGRID3,native_orca_smd,solvent_smd_registry.csv,resolved_authoritative,8,3000,1.74,jhtvs-ft0806-sp-v3,T2_wB97X-D3_def2-TZVPD_SMD_energy_SP_v1,final_energy_Eh;CPCM_Dielectric_Eh;SMD_CDS_Eh;echoed_smd_vector;normal_termination;geometry_hash,planned,SRC_PROJECT_TIER2_CURRENT;SRC_ORCA61_SMD;SRC_HANDOFF_SPEC
SP0257,smd_energy_sp,A005_Q0_M2,S008,S008,RXN_AOX_A005,fixed_geometry_auxiliary_and_reaction_SP,electrolyte_anion,Bis(trifluoromethanesulfonyl)imide (TFSI−),Lithium; Tetraalkylammonium,0,2,train,train_full25,1,solvent-specific Tier-1 GFN2/ddCOSMO optimized state geometry,tier1:redox:A005:S008:q0:m2,,298.15,wB97X-D3,def2-TZVPD,RIJCOSX + def2/J,TightSCF; DEFGRID3,native_orca_smd,solvent_smd_registry.csv,resolved_authoritative,8,3000,1.74,jhtvs-ft0806-sp-v3,T2_wB97X-D3_def2-TZVPD_SMD_energy_SP_v1,final_energy_Eh;CPCM_Dielectric_Eh;SMD_CDS_Eh;echoed_smd_vector;normal_termination;geometry_hash,planned,SRC_PROJECT_TIER2_CURRENT;SRC_ORCA61_SMD;SRC_HANDOFF_SPEC
SP0258,smd_energy_sp,A005_QM1_M1,S008,S008,RXN_AOX_A005,fixed_geometry_auxiliary_and_reaction_SP,electrolyte_anion,Bis(trifluoromethanesulfonyl)imide (TFSI−),Lithium; Tetraalkylammonium,-1,1,train,train_full25,1,solvent-specific Tier-1 GFN2/ddCOSMO optimized state geometry,tier1:redox:A005:S008:q-1:m1,,298.15,wB97X-D3,def2-TZVPD,RIJCOSX + def2/J,TightSCF; DEFGRID3,native_orca_smd,solvent_smd_registry.csv,resolved_authoritative,8,3000,1.74,jhtvs-ft0806-sp-v3,T2_wB97X-D3_def2-TZVPD_SMD_energy_SP_v1,final_energy_Eh;CPCM_Dielectric_Eh;SMD_CDS_Eh;echoed_smd_vector;normal_termination;geometry_hash,planned,SRC_PROJECT_TIER2_CURRENT;SRC_ORCA61_SMD;SRC_HANDOFF_SPEC
SP0259,smd_energy_sp,A007_Q0_M2,S008,S008,RXN_AOX_A007,fixed_geometry_auxiliary_and_reaction_SP,electrolyte_anion,4-Dodecylbenzenesulfonate (DBSA−),Surfactant,0,2,train,,1,solvent-specific Tier-1 GFN2/ddCOSMO optimized state geometry,tier1:redox:A007:S008:q0:m2,,298.15,wB97X-D3,def2-TZVPD,RIJCOSX + def2/J,TightSCF; DEFGRID3,native_orca_smd,solvent_smd_registry.csv,resolved_authoritative,8,3000,1.74,jhtvs-ft0806-sp-v3,T2_wB97X-D3_def2-TZVPD_SMD_energy_SP_v1,final_energy_Eh;CPCM_Dielectric_Eh;SMD_CDS_Eh;echoed_smd_vector;normal_termination;geometry_hash,planned,SRC_PROJECT_TIER2_CURRENT;SRC_ORCA61_SMD;SRC_HANDOFF_SPEC
SP0260,smd_energy_sp,A007_QM1_M1,S008,S008,RXN_AOX_A007,fixed_geometry_auxiliary_and_reaction_SP,electrolyte_anion,4-Dodecylbenzenesulfonate (DBSA−),Surfactant,-1,1,train,,1,solvent-specific Tier-1 GFN2/ddCOSMO optimized state geometry,tier1:redox:A007:S008:q-1:m1,,298.15,wB97X-D3,def2-TZVPD,RIJCOSX + def2/J,TightSCF; DEFGRID3,native_orca_smd,solvent_smd_registry.csv,resolved_authoritative,8,3000,1.74,jhtvs-ft0806-sp-v3,T2_wB97X-D3_def2-TZVPD_SMD_energy_SP_v1,final_energy_Eh;CPCM_Dielectric_Eh;SMD_CDS_Eh;echoed_smd_vector;normal_termination;geometry_hash,planned,SRC_PROJECT_TIER2_CURRENT;SRC_ORCA61_SMD;SRC_HANDOFF_SPEC
SP0261,smd_energy_sp,D022_QP2_M1,S008,S008,RXN_SIG_M022,fixed_geometry_auxiliary_and_reaction_SP,sigma_complex_dication,"3,4-Ethylenedioxythiophene (EDOT) sigma-complex dication",Thiophenes,2,1,train,train_full25,1,deterministic sigma construction then solvent-specific GFN2/ddCOSMO preoptimization with connectivity QC,surrogate:sigma_preopt:D022:S008:q2:m1,,298.15,wB97X-D3,def2-TZVPD,RIJCOSX + def2/J,TightSCF; DEFGRID3,native_orca_smd,solvent_smd_registry.csv,resolved_authoritative,8,3000,4.22,jhtvs-ft0806-sp-v3,T2_wB97X-D3_def2-TZVPD_SMD_energy_SP_v1,final_energy_Eh;CPCM_Dielectric_Eh;SMD_CDS_Eh;echoed_smd_vector;normal_termination;geometry_hash,planned,SRC_PROJECT_TIER2_CURRENT;SRC_ORCA61_SMD;SRC_HANDOFF_SPEC
SP0262,smd_energy_sp,D027_QP2_M1,S008,S008,RXN_SIG_M027,fixed_geometry_auxiliary_and_reaction_SP,sigma_complex_dication,N-Methylpyrrole sigma-complex dication,Pyrroles,2,1,test,test_full25,0,deterministic sigma construction then solvent-specific GFN2/ddCOSMO preoptimization with connectivity QC,surrogate:sigma_preopt:D027:S008:q2:m1,,298.15,wB97X-D3,def2-TZVPD,RIJCOSX + def2/J,TightSCF; DEFGRID3,native_orca_smd,solvent_smd_registry.csv,resolved_authoritative,8,3000,4.22,jhtvs-ft0806-sp-v3,T2_wB97X-D3_def2-TZVPD_SMD_energy_SP_v1,final_energy_Eh;CPCM_Dielectric_Eh;SMD_CDS_Eh;echoed_smd_vector;normal_termination;geometry_hash,planned,SRC_PROJECT_TIER2_CURRENT;SRC_ORCA61_SMD;SRC_HANDOFF_SPEC
SP0263,smd_energy_sp,D055_QP2_M1,S008,S008,RXN_SIG_M055,fixed_geometry_auxiliary_and_reaction_SP,sigma_complex_dication,3-Octylselenophene sigma-complex dication,Selenophenes,2,1,train,,1,deterministic sigma construction then solvent-specific GFN2/ddCOSMO preoptimization with connectivity QC,surrogate:sigma_preopt:D055:S008:q2:m1,,298.15,wB97X-D3,def2-TZVPD,RIJCOSX + def2/J,TightSCF; DEFGRID3,native_orca_smd,solvent_smd_registry.csv,resolved_authoritative,8,3000,4.22,jhtvs-ft0806-sp-v3,T2_wB97X-D3_def2-TZVPD_SMD_energy_SP_v1,final_energy_Eh;CPCM_Dielectric_Eh;SMD_CDS_Eh;echoed_smd_vector;normal_termination;geometry_hash,planned,SRC_PROJECT_TIER2_CURRENT;SRC_ORCA61_SMD;SRC_HANDOFF_SPEC
SP0264,smd_energy_sp,D089_QP2_M1,S008,S008,RXN_SIG_M089,fixed_geometry_auxiliary_and_reaction_SP,sigma_complex_dication,"3,6-Bis(thiophen-2-yl)-2,5-dimethyl-DPP (TDPP-Me) sigma-complex dication",Donor–Acceptor units,2,1,train,,1,deterministic sigma construction then solvent-specific GFN2/ddCOSMO preoptimization with connectivity QC,surrogate:sigma_preopt:D089:S008:q2:m1,,298.15,wB97X-D3,def2-TZVPD,RIJCOSX + def2/J,TightSCF; DEFGRID3,native_orca_smd,solvent_smd_registry.csv,resolved_authoritative,8,3000,4.22,jhtvs-ft0806-sp-v3,T2_wB97X-D3_def2-TZVPD_SMD_energy_SP_v1,final_energy_Eh;CPCM_Dielectric_Eh;SMD_CDS_Eh;echoed_smd_vector;normal_termination;geometry_hash,planned,SRC_PROJECT_TIER2_CURRENT;SRC_ORCA61_SMD;SRC_HANDOFF_SPEC
SP0265,smd_energy_sp,M017_Q0_M1,S008,S008,RXN_MOX_M017,fixed_geometry_auxiliary_and_reaction_SP,monomer,"3,4-Diethylthiophene",Thiophenes,0,1,train,,1,solvent-specific Tier-1 GFN2/ddCOSMO optimized state geometry,tier1:redox:M017:S008:q0:m1,,298.15,wB97X-D3,def2-TZVPD,RIJCOSX + def2/J,TightSCF; DEFGRID3,native_orca_smd,solvent_smd_registry.csv,resolved_authoritative,8,3000,1.74,jhtvs-ft0806-sp-v3,T2_wB97X-D3_def2-TZVPD_SMD_energy_SP_v1,final_energy_Eh;CPCM_Dielectric_Eh;SMD_CDS_Eh;echoed_smd_vector;normal_termination;geometry_hash,planned,SRC_PROJECT_TIER2_CURRENT;SRC_ORCA61_SMD;SRC_HANDOFF_SPEC
SP0266,smd_energy_sp,M017_QP1_M2,S008,S008,RXN_MOX_M017,fixed_geometry_auxiliary_and_reaction_SP,monomer,"3,4-Diethylthiophene",Thiophenes,1,2,train,,1,solvent-specific Tier-1 GFN2/ddCOSMO optimized state geometry,tier1:redox:M017:S008:q1:m2,,298.15,wB97X-D3,def2-TZVPD,RIJCOSX + def2/J,TightSCF; DEFGRID3,native_orca_smd,solvent_smd_registry.csv,resolved_authoritative,8,3000,1.74,jhtvs-ft0806-sp-v3,T2_wB97X-D3_def2-TZVPD_SMD_energy_SP_v1,final_energy_Eh;CPCM_Dielectric_Eh;SMD_CDS_Eh;echoed_smd_vector;normal_termination;geometry_hash,planned,SRC_PROJECT_TIER2_CURRENT;SRC_ORCA61_SMD;SRC_HANDOFF_SPEC
SP0267,smd_energy_sp,M022_Q0_M1,S008,S008,RXN_MOX_M022,fixed_geometry_auxiliary_and_reaction_SP,monomer,"3,4-Ethylenedioxythiophene (EDOT)",Thiophenes,0,1,train,train_full25,1,solvent-specific Tier-1 GFN2/ddCOSMO optimized state geometry,tier1:redox:M022:S008:q0:m1,,298.15,wB97X-D3,def2-TZVPD,RIJCOSX + def2/J,TightSCF; DEFGRID3,native_orca_smd,solvent_smd_registry.csv,resolved_authoritative,8,3000,1.74,jhtvs-ft0806-sp-v3,T2_wB97X-D3_def2-TZVPD_SMD_energy_SP_v1,final_energy_Eh;CPCM_Dielectric_Eh;SMD_CDS_Eh;echoed_smd_vector;normal_termination;geometry_hash,planned,SRC_PROJECT_TIER2_CURRENT;SRC_ORCA61_SMD;SRC_HANDOFF_SPEC
SP0268,smd_energy_sp,M022_QP1_M2,S008,S008,RXN_MOX_M022;RXN_SIG_M022,fixed_geometry_auxiliary_and_reaction_SP,monomer,"3,4-Ethylenedioxythiophene (EDOT)",Thiophenes,1,2,train,train_full25,1,solvent-specific Tier-1 GFN2/ddCOSMO optimized state geometry,tier1:redox:M022:S008:q1:m2,,298.15,wB97X-D3,def2-TZVPD,RIJCOSX + def2/J,TightSCF; DEFGRID3,native_orca_smd,solvent_smd_registry.csv,resolved_authoritative,8,3000,1.74,jhtvs-ft0806-sp-v3,T2_wB97X-D3_def2-TZVPD_SMD_energy_SP_v1,final_energy_Eh;CPCM_Dielectric_Eh;SMD_CDS_Eh;echoed_smd_vector;normal_termination;geometry_hash,planned,SRC_PROJECT_TIER2_CURRENT;SRC_ORCA61_SMD;SRC_HANDOFF_SPEC
SP0269,smd_energy_sp,M027_QP1_M2,S008,S008,RXN_SIG_M027,fixed_geometry_auxiliary_and_reaction_SP,monomer,N-Methylpyrrole,Pyrroles,1,2,test,test_full25,0,solvent-specific Tier-1 GFN2/ddCOSMO optimized state geometry,tier1:redox:M027:S008:q1:m2,,298.15,wB97X-D3,def2-TZVPD,RIJCOSX + def2/J,TightSCF; DEFGRID3,native_orca_smd,solvent_smd_registry.csv,resolved_authoritative,8,3000,1.74,jhtvs-ft0806-sp-v3,T2_wB97X-D3_def2-TZVPD_SMD_energy_SP_v1,final_energy_Eh;CPCM_Dielectric_Eh;SMD_CDS_Eh;echoed_smd_vector;normal_termination;geometry_hash,planned,SRC_PROJECT_TIER2_CURRENT;SRC_ORCA61_SMD;SRC_HANDOFF_SPEC
SP0270,smd_energy_sp,M055_Q0_M1,S008,S008,RXN_MOX_M055,fixed_geometry_auxiliary_and_reaction_SP,monomer,3-Octylselenophene,Selenophenes,0,1,train,,1,solvent-specific Tier-1 GFN2/ddCOSMO optimized state geometry,tier1:redox:M055:S008:q0:m1,,298.15,wB97X-D3,def2-TZVPD,RIJCOSX + def2/J,TightSCF; DEFGRID3,native_orca_smd,solvent_smd_registry.csv,resolved_authoritative,8,3000,1.74,jhtvs-ft0806-sp-v3,T2_wB97X-D3_def2-TZVPD_SMD_energy_SP_v1,final_energy_Eh;CPCM_Dielectric_Eh;SMD_CDS_Eh;echoed_smd_vector;normal_termination;geometry_hash,planned,SRC_PROJECT_TIER2_CURRENT;SRC_ORCA61_SMD;SRC_HANDOFF_SPEC
SP0271,smd_energy_sp,M055_QP1_M2,S008,S008,RXN_MOX_M055;RXN_SIG_M055,fixed_geometry_auxiliary_and_reaction_SP,monomer,3-Octylselenophene,Selenophenes,1,2,train,,1,solvent-specific Tier-1 GFN2/ddCOSMO optimized state geometry,tier1:redox:M055:S008:q1:m2,,298.15,wB97X-D3,def2-TZVPD,RIJCOSX + def2/J,TightSCF; DEFGRID3,native_orca_smd,solvent_smd_registry.csv,resolved_authoritative,8,3000,1.74,jhtvs-ft0806-sp-v3,T2_wB97X-D3_def2-TZVPD_SMD_energy_SP_v1,final_energy_Eh;CPCM_Dielectric_Eh;SMD_CDS_Eh;echoed_smd_vector;normal_termination;geometry_hash,planned,SRC_PROJECT_TIER2_CURRENT;SRC_ORCA61_SMD;SRC_HANDOFF_SPEC
SP0272,smd_energy_sp,M074_Q0_M1,S008,S008,RXN_MOX_M074,fixed_geometry_auxiliary_and_reaction_SP,monomer,N-Octylcarbazole,Carbazoles,0,1,train,,1,solvent-specific Tier-1 GFN2/ddCOSMO optimized state geometry,tier1:redox:M074:S008:q0:m1,,298.15,wB97X-D3,def2-TZVPD,RIJCOSX + def2/J,TightSCF; DEFGRID3,native_orca_smd,solvent_smd_registry.csv,resolved_authoritative,8,3000,1.74,jhtvs-ft0806-sp-v3,T2_wB97X-D3_def2-TZVPD_SMD_energy_SP_v1,final_energy_Eh;CPCM_Dielectric_Eh;SMD_CDS_Eh;echoed_smd_vector;normal_termination;geometry_hash,planned,SRC_PROJECT_TIER2_CURRENT;SRC_ORCA61_SMD;SRC_HANDOFF_SPEC
SP0273,smd_energy_sp,M074_QP1_M2,S008,S008,RXN_MOX_M074,fixed_geometry_auxiliary_and_reaction_SP,monomer,N-Octylcarbazole,Carbazoles,1,2,train,,1,solvent-specific Tier-1 GFN2/ddCOSMO optimized state geometry,tier1:redox:M074:S008:q1:m2,,298.15,wB97X-D3,def2-TZVPD,RIJCOSX + def2/J,TightSCF; DEFGRID3,native_orca_smd,solvent_smd_registry.csv,resolved_authoritative,8,3000,1.74,jhtvs-ft0806-sp-v3,T2_wB97X-D3_def2-TZVPD_SMD_energy_SP_v1,final_energy_Eh;CPCM_Dielectric_Eh;SMD_CDS_Eh;echoed_smd_vector;normal_termination;geometry_hash,planned,SRC_PROJECT_TIER2_CURRENT;SRC_ORCA61_SMD;SRC_HANDOFF_SPEC
SP0274,smd_energy_sp,M084_Q0_M1,S008,S008,RXN_MOX_M084,fixed_geometry_auxiliary_and_reaction_SP,monomer,"4,7-Bis(thiophen-2-yl)-2,1,3-benzothiadiazole (TBT)",Donor–Acceptor units,0,1,test,test_full25,0,solvent-specific Tier-1 GFN2/ddCOSMO optimized state geometry,tier1:redox:M084:S008:q0:m1,,298.15,wB97X-D3,def2-TZVPD,RIJCOSX + def2/J,TightSCF; DEFGRID3,native_orca_smd,solvent_smd_registry.csv,resolved_authoritative,8,3000,1.74,jhtvs-ft0806-sp-v3,T2_wB97X-D3_def2-TZVPD_SMD_energy_SP_v1,final_energy_Eh;CPCM_Dielectric_Eh;SMD_CDS_Eh;echoed_smd_vector;normal_termination;geometry_hash,planned,SRC_PROJECT_TIER2_CURRENT;SRC_ORCA61_SMD;SRC_HANDOFF_SPEC
SP0275,smd_energy_sp,M084_QP1_M2,S008,S008,RXN_MOX_M084,fixed_geometry_auxiliary_and_reaction_SP,monomer,"4,7-Bis(thiophen-2-yl)-2,1,3-benzothiadiazole (TBT)",Donor–Acceptor units,1,2,test,test_full25,0,solvent-specific Tier-1 GFN2/ddCOSMO optimized state geometry,tier1:redox:M084:S008:q1:m2,,298.15,wB97X-D3,def2-TZVPD,RIJCOSX + def2/J,TightSCF; DEFGRID3,native_orca_smd,solvent_smd_registry.csv,resolved_authoritative,8,3000,1.74,jhtvs-ft0806-sp-v3,T2_wB97X-D3_def2-TZVPD_SMD_energy_SP_v1,final_energy_Eh;CPCM_Dielectric_Eh;SMD_CDS_Eh;echoed_smd_vector;normal_termination;geometry_hash,planned,SRC_PROJECT_TIER2_CURRENT;SRC_ORCA61_SMD;SRC_HANDOFF_SPEC
SP0276,smd_energy_sp,M089_Q0_M1,S008,S008,RXN_MOX_M089,fixed_geometry_auxiliary_and_reaction_SP,monomer,"3,6-Bis(thiophen-2-yl)-2,5-dimethyl-DPP (TDPP-Me)",Donor–Acceptor units,0,1,train,,1,solvent-specific Tier-1 GFN2/ddCOSMO optimized state geometry,tier1:redox:M089:S008:q0:m1,,298.15,wB97X-D3,def2-TZVPD,RIJCOSX + def2/J,TightSCF; DEFGRID3,native_orca_smd,solvent_smd_registry.csv,resolved_authoritative,8,3000,1.74,jhtvs-ft0806-sp-v3,T2_wB97X-D3_def2-TZVPD_SMD_energy_SP_v1,final_energy_Eh;CPCM_Dielectric_Eh;SMD_CDS_Eh;echoed_smd_vector;normal_termination;geometry_hash,planned,SRC_PROJECT_TIER2_CURRENT;SRC_ORCA61_SMD;SRC_HANDOFF_SPEC
SP0277,smd_energy_sp,M089_QP1_M2,S008,S008,RXN_MOX_M089;RXN_SIG_M089,fixed_geometry_auxiliary_and_reaction_SP,monomer,"3,6-Bis(thiophen-2-yl)-2,5-dimethyl-DPP (TDPP-Me)",Donor–Acceptor units,1,2,train,,1,solvent-specific Tier-1 GFN2/ddCOSMO optimized state geometry,tier1:redox:M089:S008:q1:m2,,298.15,wB97X-D3,def2-TZVPD,RIJCOSX + def2/J,TightSCF; DEFGRID3,native_orca_smd,solvent_smd_registry.csv,resolved_authoritative,8,3000,1.74,jhtvs-ft0806-sp-v3,T2_wB97X-D3_def2-TZVPD_SMD_energy_SP_v1,final_energy_Eh;CPCM_Dielectric_Eh;SMD_CDS_Eh;echoed_smd_vector;normal_termination;geometry_hash,planned,SRC_PROJECT_TIER2_CURRENT;SRC_ORCA61_SMD;SRC_HANDOFF_SPEC
SP0278,smd_energy_sp,S008_Q0_M1,S008,S008,RXN_SOX_S008,fixed_geometry_auxiliary_and_reaction_SP,solvent_oxidation_target,Tetrahydrofuran (THF),Ether,0,1,train,self_medium,1,self-medium Tier-1 GFN2/ddCOSMO optimized state geometry,tier1:redox:S008:S008:q0:m1,,298.15,wB97X-D3,def2-TZVPD,RIJCOSX + def2/J,TightSCF; DEFGRID3,native_orca_smd,solvent_smd_registry.csv,resolved_authoritative,8,3000,1.74,jhtvs-ft0806-sp-v3,T2_wB97X-D3_def2-TZVPD_SMD_energy_SP_v1,final_energy_Eh;CPCM_Dielectric_Eh;SMD_CDS_Eh;echoed_smd_vector;normal_termination;geometry_hash,planned,SRC_PROJECT_TIER2_CURRENT;SRC_ORCA61_SMD;SRC_HANDOFF_SPEC
SP0279,smd_energy_sp,S008_QP1_M2,S008,S008,RXN_SOX_S008,fixed_geometry_auxiliary_and_reaction_SP,solvent_oxidation_target,Tetrahydrofuran (THF),Ether,1,2,train,self_medium,1,self-medium Tier-1 GFN2/ddCOSMO optimized state geometry,tier1:redox:S008:S008:q1:m2,,298.15,wB97X-D3,def2-TZVPD,RIJCOSX + def2/J,TightSCF; DEFGRID3,native_orca_smd,solvent_smd_registry.csv,resolved_authoritative,8,3000,1.74,jhtvs-ft0806-sp-v3,T2_wB97X-D3_def2-TZVPD_SMD_energy_SP_v1,final_energy_Eh;CPCM_Dielectric_Eh;SMD_CDS_Eh;echoed_smd_vector;normal_termination;geometry_hash,planned,SRC_PROJECT_TIER2_CURRENT;SRC_ORCA61_SMD;SRC_HANDOFF_SPEC
SP0280,smd_energy_sp,A002_Q0_M2,S009,S009,RXN_AOX_A002,fixed_geometry_auxiliary_and_reaction_SP,electrolyte_anion,Tetrafluoroborate (BF4−),Lithium; Tetraalkylammonium,0,2,test,test_full25,0,solvent-specific Tier-1 GFN2/ddCOSMO optimized state geometry,tier1:redox:A002:S009:q0:m2,,298.15,wB97X-D3,def2-TZVPD,RIJCOSX + def2/J,TightSCF; DEFGRID3,native_orca_smd,solvent_smd_registry.csv,resolved_authoritative,8,3000,1.74,jhtvs-ft0806-sp-v3,T2_wB97X-D3_def2-TZVPD_SMD_energy_SP_v1,final_energy_Eh;CPCM_Dielectric_Eh;SMD_CDS_Eh;echoed_smd_vector;normal_termination;geometry_hash,planned,SRC_PROJECT_TIER2_CURRENT;SRC_ORCA61_SMD;SRC_HANDOFF_SPEC
SP0281,smd_energy_sp,A002_QM1_M1,S009,S009,RXN_AOX_A002,fixed_geometry_auxiliary_and_reaction_SP,electrolyte_anion,Tetrafluoroborate (BF4−),Lithium; Tetraalkylammonium,-1,1,test,test_full25,0,solvent-specific Tier-1 GFN2/ddCOSMO optimized state geometry,tier1:redox:A002:S009:q-1:m1,,298.15,wB97X-D3,def2-TZVPD,RIJCOSX + def2/J,TightSCF; DEFGRID3,native_orca_smd,solvent_smd_registry.csv,resolved_authoritative,8,3000,1.74,jhtvs-ft0806-sp-v3,T2_wB97X-D3_def2-TZVPD_SMD_energy_SP_v1,final_energy_Eh;CPCM_Dielectric_Eh;SMD_CDS_Eh;echoed_smd_vector;normal_termination;geometry_hash,planned,SRC_PROJECT_TIER2_CURRENT;SRC_ORCA61_SMD;SRC_HANDOFF_SPEC
SP0282,smd_energy_sp,A005_Q0_M2,S009,S009,RXN_AOX_A005,fixed_geometry_auxiliary_and_reaction_SP,electrolyte_anion,Bis(trifluoromethanesulfonyl)imide (TFSI−),Lithium; Tetraalkylammonium,0,2,train,train_full25,1,solvent-specific Tier-1 GFN2/ddCOSMO optimized state geometry,tier1:redox:A005:S009:q0:m2,,298.15,wB97X-D3,def2-TZVPD,RIJCOSX + def2/J,TightSCF; DEFGRID3,native_orca_smd,solvent_smd_registry.csv,resolved_authoritative,8,3000,1.74,jhtvs-ft0806-sp-v3,T2_wB97X-D3_def2-TZVPD_SMD_energy_SP_v1,final_energy_Eh;CPCM_Dielectric_Eh;SMD_CDS_Eh;echoed_smd_vector;normal_termination;geometry_hash,planned,SRC_PROJECT_TIER2_CURRENT;SRC_ORCA61_SMD;SRC_HANDOFF_SPEC
SP0283,smd_energy_sp,A005_QM1_M1,S009,S009,RXN_AOX_A005,fixed_geometry_auxiliary_and_reaction_SP,electrolyte_anion,Bis(trifluoromethanesulfonyl)imide (TFSI−),Lithium; Tetraalkylammonium,-1,1,train,train_full25,1,solvent-specific Tier-1 GFN2/ddCOSMO optimized state geometry,tier1:redox:A005:S009:q-1:m1,,298.15,wB97X-D3,def2-TZVPD,RIJCOSX + def2/J,TightSCF; DEFGRID3,native_orca_smd,solvent_smd_registry.csv,resolved_authoritative,8,3000,1.74,jhtvs-ft0806-sp-v3,T2_wB97X-D3_def2-TZVPD_SMD_energy_SP_v1,final_energy_Eh;CPCM_Dielectric_Eh;SMD_CDS_Eh;echoed_smd_vector;normal_termination;geometry_hash,planned,SRC_PROJECT_TIER2_CURRENT;SRC_ORCA61_SMD;SRC_HANDOFF_SPEC
SP0284,smd_energy_sp,D022_QP2_M1,S009,S009,RXN_SIG_M022,fixed_geometry_auxiliary_and_reaction_SP,sigma_complex_dication,"3,4-Ethylenedioxythiophene (EDOT) sigma-complex dication",Thiophenes,2,1,train,train_full25,1,deterministic sigma construction then solvent-specific GFN2/ddCOSMO preoptimization with connectivity QC,surrogate:sigma_preopt:D022:S009:q2:m1,,298.15,wB97X-D3,def2-TZVPD,RIJCOSX + def2/J,TightSCF; DEFGRID3,native_orca_smd,solvent_smd_registry.csv,resolved_authoritative,8,3000,4.22,jhtvs-ft0806-sp-v3,T2_wB97X-D3_def2-TZVPD_SMD_energy_SP_v1,final_energy_Eh;CPCM_Dielectric_Eh;SMD_CDS_Eh;echoed_smd_vector;normal_termination;geometry_hash,planned,SRC_PROJECT_TIER2_CURRENT;SRC_ORCA61_SMD;SRC_HANDOFF_SPEC
SP0285,smd_energy_sp,D027_QP2_M1,S009,S009,RXN_SIG_M027,fixed_geometry_auxiliary_and_reaction_SP,sigma_complex_dication,N-Methylpyrrole sigma-complex dication,Pyrroles,2,1,test,test_full25,0,deterministic sigma construction then solvent-specific GFN2/ddCOSMO preoptimization with connectivity QC,surrogate:sigma_preopt:D027:S009:q2:m1,,298.15,wB97X-D3,def2-TZVPD,RIJCOSX + def2/J,TightSCF; DEFGRID3,native_orca_smd,solvent_smd_registry.csv,resolved_authoritative,8,3000,4.22,jhtvs-ft0806-sp-v3,T2_wB97X-D3_def2-TZVPD_SMD_energy_SP_v1,final_energy_Eh;CPCM_Dielectric_Eh;SMD_CDS_Eh;echoed_smd_vector;normal_termination;geometry_hash,planned,SRC_PROJECT_TIER2_CURRENT;SRC_ORCA61_SMD;SRC_HANDOFF_SPEC
SP0286,smd_energy_sp,M022_Q0_M1,S009,S009,RXN_MOX_M022,fixed_geometry_auxiliary_and_reaction_SP,monomer,"3,4-Ethylenedioxythiophene (EDOT)",Thiophenes,0,1,train,train_full25,1,solvent-specific Tier-1 GFN2/ddCOSMO optimized state geometry,tier1:redox:M022:S009:q0:m1,,298.15,wB97X-D3,def2-TZVPD,RIJCOSX + def2/J,TightSCF; DEFGRID3,native_orca_smd,solvent_smd_registry.csv,resolved_authoritative,8,3000,1.74,jhtvs-ft0806-sp-v3,T2_wB97X-D3_def2-TZVPD_SMD_energy_SP_v1,final_energy_Eh;CPCM_Dielectric_Eh;SMD_CDS_Eh;echoed_smd_vector;normal_termination;geometry_hash,planned,SRC_PROJECT_TIER2_CURRENT;SRC_ORCA61_SMD;SRC_HANDOFF_SPEC
SP0287,smd_energy_sp,M022_QP1_M2,S009,S009,RXN_MOX_M022;RXN_SIG_M022,fixed_geometry_auxiliary_and_reaction_SP,monomer,"3,4-Ethylenedioxythiophene (EDOT)",Thiophenes,1,2,train,train_full25,1,solvent-specific Tier-1 GFN2/ddCOSMO optimized state geometry,tier1:redox:M022:S009:q1:m2,,298.15,wB97X-D3,def2-TZVPD,RIJCOSX + def2/J,TightSCF; DEFGRID3,native_orca_smd,solvent_smd_registry.csv,resolved_authoritative,8,3000,1.74,jhtvs-ft0806-sp-v3,T2_wB97X-D3_def2-TZVPD_SMD_energy_SP_v1,final_energy_Eh;CPCM_Dielectric_Eh;SMD_CDS_Eh;echoed_smd_vector;normal_termination;geometry_hash,planned,SRC_PROJECT_TIER2_CURRENT;SRC_ORCA61_SMD;SRC_HANDOFF_SPEC
SP0288,smd_energy_sp,M027_QP1_M2,S009,S009,RXN_SIG_M027,fixed_geometry_auxiliary_and_reaction_SP,monomer,N-Methylpyrrole,Pyrroles,1,2,test,test_full25,0,solvent-specific Tier-1 GFN2/ddCOSMO optimized state geometry,tier1:redox:M027:S009:q1:m2,,298.15,wB97X-D3,def2-TZVPD,RIJCOSX + def2/J,TightSCF; DEFGRID3,native_orca_smd,solvent_smd_registry.csv,resolved_authoritative,8,3000,1.74,jhtvs-ft0806-sp-v3,T2_wB97X-D3_def2-TZVPD_SMD_energy_SP_v1,final_energy_Eh;CPCM_Dielectric_Eh;SMD_CDS_Eh;echoed_smd_vector;normal_termination;geometry_hash,planned,SRC_PROJECT_TIER2_CURRENT;SRC_ORCA61_SMD;SRC_HANDOFF_SPEC
SP0289,smd_energy_sp,M084_Q0_M1,S009,S009,RXN_MOX_M084,fixed_geometry_auxiliary_and_reaction_SP,monomer,"4,7-Bis(thiophen-2-yl)-2,1,3-benzothiadiazole (TBT)",Donor–Acceptor units,0,1,test,test_full25,0,solvent-specific Tier-1 GFN2/ddCOSMO optimized state geometry,tier1:redox:M084:S009:q0:m1,,298.15,wB97X-D3,def2-TZVPD,RIJCOSX + def2/J,TightSCF; DEFGRID3,native_orca_smd,solvent_smd_registry.csv,resolved_authoritative,8,3000,1.74,jhtvs-ft0806-sp-v3,T2_wB97X-D3_def2-TZVPD_SMD_energy_SP_v1,final_energy_Eh;CPCM_Dielectric_Eh;SMD_CDS_Eh;echoed_smd_vector;normal_termination;geometry_hash,planned,SRC_PROJECT_TIER2_CURRENT;SRC_ORCA61_SMD;SRC_HANDOFF_SPEC
SP0290,smd_energy_sp,M084_QP1_M2,S009,S009,RXN_MOX_M084,fixed_geometry_auxiliary_and_reaction_SP,monomer,"4,7-Bis(thiophen-2-yl)-2,1,3-benzothiadiazole (TBT)",Donor–Acceptor units,1,2,test,test_full25,0,solvent-specific Tier-1 GFN2/ddCOSMO optimized state geometry,tier1:redox:M084:S009:q1:m2,,298.15,wB97X-D3,def2-TZVPD,RIJCOSX + def2/J,TightSCF; DEFGRID3,native_orca_smd,solvent_smd_registry.csv,resolved_authoritative,8,3000,1.74,jhtvs-ft0806-sp-v3,T2_wB97X-D3_def2-TZVPD_SMD_energy_SP_v1,final_energy_Eh;CPCM_Dielectric_Eh;SMD_CDS_Eh;echoed_smd_vector;normal_termination;geometry_hash,planned,SRC_PROJECT_TIER2_CURRENT;SRC_ORCA61_SMD;SRC_HANDOFF_SPEC
SP0291,smd_energy_sp,S009_Q0_M1,S009,S009,RXN_SOX_S009,fixed_geometry_auxiliary_and_reaction_SP,solvent_oxidation_target,Nitromethane,Nitro solvent,0,1,train,self_medium,1,self-medium Tier-1 GFN2/ddCOSMO optimized state geometry,tier1:redox:S009:S009:q0:m1,,298.15,wB97X-D3,def2-TZVPD,RIJCOSX + def2/J,TightSCF; DEFGRID3,native_orca_smd,solvent_smd_registry.csv,resolved_authoritative,8,3000,1.74,jhtvs-ft0806-sp-v3,T2_wB97X-D3_def2-TZVPD_SMD_energy_SP_v1,final_energy_Eh;CPCM_Dielectric_Eh;SMD_CDS_Eh;echoed_smd_vector;normal_termination;geometry_hash,planned,SRC_PROJECT_TIER2_CURRENT;SRC_ORCA61_SMD;SRC_HANDOFF_SPEC
SP0292,smd_energy_sp,S009_QP1_M2,S009,S009,RXN_SOX_S009,fixed_geometry_auxiliary_and_reaction_SP,solvent_oxidation_target,Nitromethane,Nitro solvent,1,2,train,self_medium,1,self-medium Tier-1 GFN2/ddCOSMO optimized state geometry,tier1:redox:S009:S009:q1:m2,,298.15,wB97X-D3,def2-TZVPD,RIJCOSX + def2/J,TightSCF; DEFGRID3,native_orca_smd,solvent_smd_registry.csv,resolved_authoritative,8,3000,1.74,jhtvs-ft0806-sp-v3,T2_wB97X-D3_def2-TZVPD_SMD_energy_SP_v1,final_energy_Eh;CPCM_Dielectric_Eh;SMD_CDS_Eh;echoed_smd_vector;normal_termination;geometry_hash,planned,SRC_PROJECT_TIER2_CURRENT;SRC_ORCA61_SMD;SRC_HANDOFF_SPEC
SP0293,smd_energy_sp,A002_Q0_M2,S010,S010,RXN_AOX_A002,fixed_geometry_auxiliary_and_reaction_SP,electrolyte_anion,Tetrafluoroborate (BF4−),Lithium; Tetraalkylammonium,0,2,test,test_full25,0,solvent-specific Tier-1 GFN2/ddCOSMO optimized state geometry,tier1:redox:A002:S010:q0:m2,,298.15,wB97X-D3,def2-TZVPD,RIJCOSX + def2/J,TightSCF; DEFGRID3,native_orca_smd,solvent_smd_registry.csv,resolved_authoritative,8,3000,1.74,jhtvs-ft0806-sp-v3,T2_wB97X-D3_def2-TZVPD_SMD_energy_SP_v1,final_energy_Eh;CPCM_Dielectric_Eh;SMD_CDS_Eh;echoed_smd_vector;normal_termination;geometry_hash,planned,SRC_PROJECT_TIER2_CURRENT;SRC_ORCA61_SMD;SRC_HANDOFF_SPEC
SP0294,smd_energy_sp,A002_QM1_M1,S010,S010,RXN_AOX_A002,fixed_geometry_auxiliary_and_reaction_SP,electrolyte_anion,Tetrafluoroborate (BF4−),Lithium; Tetraalkylammonium,-1,1,test,test_full25,0,solvent-specific Tier-1 GFN2/ddCOSMO optimized state geometry,tier1:redox:A002:S010:q-1:m1,,298.15,wB97X-D3,def2-TZVPD,RIJCOSX + def2/J,TightSCF; DEFGRID3,native_orca_smd,solvent_smd_registry.csv,resolved_authoritative,8,3000,1.74,jhtvs-ft0806-sp-v3,T2_wB97X-D3_def2-TZVPD_SMD_energy_SP_v1,final_energy_Eh;CPCM_Dielectric_Eh;SMD_CDS_Eh;echoed_smd_vector;normal_termination;geometry_hash,planned,SRC_PROJECT_TIER2_CURRENT;SRC_ORCA61_SMD;SRC_HANDOFF_SPEC
SP0295,smd_energy_sp,A005_Q0_M2,S010,S010,RXN_AOX_A005,fixed_geometry_auxiliary_and_reaction_SP,electrolyte_anion,Bis(trifluoromethanesulfonyl)imide (TFSI−),Lithium; Tetraalkylammonium,0,2,train,train_full25,1,solvent-specific Tier-1 GFN2/ddCOSMO optimized state geometry,tier1:redox:A005:S010:q0:m2,,298.15,wB97X-D3,def2-TZVPD,RIJCOSX + def2/J,TightSCF; DEFGRID3,native_orca_smd,solvent_smd_registry.csv,resolved_authoritative,8,3000,1.74,jhtvs-ft0806-sp-v3,T2_wB97X-D3_def2-TZVPD_SMD_energy_SP_v1,final_energy_Eh;CPCM_Dielectric_Eh;SMD_CDS_Eh;echoed_smd_vector;normal_termination;geometry_hash,planned,SRC_PROJECT_TIER2_CURRENT;SRC_ORCA61_SMD;SRC_HANDOFF_SPEC
SP0296,smd_energy_sp,A005_QM1_M1,S010,S010,RXN_AOX_A005,fixed_geometry_auxiliary_and_reaction_SP,electrolyte_anion,Bis(trifluoromethanesulfonyl)imide (TFSI−),Lithium; Tetraalkylammonium,-1,1,train,train_full25,1,solvent-specific Tier-1 GFN2/ddCOSMO optimized state geometry,tier1:redox:A005:S010:q-1:m1,,298.15,wB97X-D3,def2-TZVPD,RIJCOSX + def2/J,TightSCF; DEFGRID3,native_orca_smd,solvent_smd_registry.csv,resolved_authoritative,8,3000,1.74,jhtvs-ft0806-sp-v3,T2_wB97X-D3_def2-TZVPD_SMD_energy_SP_v1,final_energy_Eh;CPCM_Dielectric_Eh;SMD_CDS_Eh;echoed_smd_vector;normal_termination;geometry_hash,planned,SRC_PROJECT_TIER2_CURRENT;SRC_ORCA61_SMD;SRC_HANDOFF_SPEC
SP0297,smd_energy_sp,D022_QP2_M1,S010,S010,RXN_SIG_M022,fixed_geometry_auxiliary_and_reaction_SP,sigma_complex_dication,"3,4-Ethylenedioxythiophene (EDOT) sigma-complex dication",Thiophenes,2,1,train,train_full25,1,deterministic sigma construction then solvent-specific GFN2/ddCOSMO preoptimization with connectivity QC,surrogate:sigma_preopt:D022:S010:q2:m1,,298.15,wB97X-D3,def2-TZVPD,RIJCOSX + def2/J,TightSCF; DEFGRID3,native_orca_smd,solvent_smd_registry.csv,resolved_authoritative,8,3000,4.22,jhtvs-ft0806-sp-v3,T2_wB97X-D3_def2-TZVPD_SMD_energy_SP_v1,final_energy_Eh;CPCM_Dielectric_Eh;SMD_CDS_Eh;echoed_smd_vector;normal_termination;geometry_hash,planned,SRC_PROJECT_TIER2_CURRENT;SRC_ORCA61_SMD;SRC_HANDOFF_SPEC
SP0298,smd_energy_sp,D027_QP2_M1,S010,S010,RXN_SIG_M027,fixed_geometry_auxiliary_and_reaction_SP,sigma_complex_dication,N-Methylpyrrole sigma-complex dication,Pyrroles,2,1,test,test_full25,0,deterministic sigma construction then solvent-specific GFN2/ddCOSMO preoptimization with connectivity QC,surrogate:sigma_preopt:D027:S010:q2:m1,,298.15,wB97X-D3,def2-TZVPD,RIJCOSX + def2/J,TightSCF; DEFGRID3,native_orca_smd,solvent_smd_registry.csv,resolved_authoritative,8,3000,4.22,jhtvs-ft0806-sp-v3,T2_wB97X-D3_def2-TZVPD_SMD_energy_SP_v1,final_energy_Eh;CPCM_Dielectric_Eh;SMD_CDS_Eh;echoed_smd_vector;normal_termination;geometry_hash,planned,SRC_PROJECT_TIER2_CURRENT;SRC_ORCA61_SMD;SRC_HANDOFF_SPEC
SP0299,smd_energy_sp,M022_Q0_M1,S010,S010,RXN_MOX_M022,fixed_geometry_auxiliary_and_reaction_SP,monomer,"3,4-Ethylenedioxythiophene (EDOT)",Thiophenes,0,1,train,train_full25,1,solvent-specific Tier-1 GFN2/ddCOSMO optimized state geometry,tier1:redox:M022:S010:q0:m1,,298.15,wB97X-D3,def2-TZVPD,RIJCOSX + def2/J,TightSCF; DEFGRID3,native_orca_smd,solvent_smd_registry.csv,resolved_authoritative,8,3000,1.74,jhtvs-ft0806-sp-v3,T2_wB97X-D3_def2-TZVPD_SMD_energy_SP_v1,final_energy_Eh;CPCM_Dielectric_Eh;SMD_CDS_Eh;echoed_smd_vector;normal_termination;geometry_hash,planned,SRC_PROJECT_TIER2_CURRENT;SRC_ORCA61_SMD;SRC_HANDOFF_SPEC
SP0300,smd_energy_sp,M022_QP1_M2,S010,S010,RXN_MOX_M022;RXN_SIG_M022,fixed_geometry_auxiliary_and_reaction_SP,monomer,"3,4-Ethylenedioxythiophene (EDOT)",Thiophenes,1,2,train,train_full25,1,solvent-specific Tier-1 GFN2/ddCOSMO optimized state geometry,tier1:redox:M022:S010:q1:m2,,298.15,wB97X-D3,def2-TZVPD,RIJCOSX + def2/J,TightSCF; DEFGRID3,native_orca_smd,solvent_smd_registry.csv,resolved_authoritative,8,3000,1.74,jhtvs-ft0806-sp-v3,T2_wB97X-D3_def2-TZVPD_SMD_energy_SP_v1,final_energy_Eh;CPCM_Dielectric_Eh;SMD_CDS_Eh;echoed_smd_vector;normal_termination;geometry_hash,planned,SRC_PROJECT_TIER2_CURRENT;SRC_ORCA61_SMD;SRC_HANDOFF_SPEC
SP0301,smd_energy_sp,M027_QP1_M2,S010,S010,RXN_SIG_M027,fixed_geometry_auxiliary_and_reaction_SP,monomer,N-Methylpyrrole,Pyrroles,1,2,test,test_full25,0,solvent-specific Tier-1 GFN2/ddCOSMO optimized state geometry,tier1:redox:M027:S010:q1:m2,,298.15,wB97X-D3,def2-TZVPD,RIJCOSX + def2/J,TightSCF; DEFGRID3,native_orca_smd,solvent_smd_registry.csv,resolved_authoritative,8,3000,1.74,jhtvs-ft0806-sp-v3,T2_wB97X-D3_def2-TZVPD_SMD_energy_SP_v1,final_energy_Eh;CPCM_Dielectric_Eh;SMD_CDS_Eh;echoed_smd_vector;normal_termination;geometry_hash,planned,SRC_PROJECT_TIER2_CURRENT;SRC_ORCA61_SMD;SRC_HANDOFF_SPEC
SP0302,smd_energy_sp,M084_Q0_M1,S010,S010,RXN_MOX_M084,fixed_geometry_auxiliary_and_reaction_SP,monomer,"4,7-Bis(thiophen-2-yl)-2,1,3-benzothiadiazole (TBT)",Donor–Acceptor units,0,1,test,test_full25,0,solvent-specific Tier-1 GFN2/ddCOSMO optimized state geometry,tier1:redox:M084:S010:q0:m1,,298.15,wB97X-D3,def2-TZVPD,RIJCOSX + def2/J,TightSCF; DEFGRID3,native_orca_smd,solvent_smd_registry.csv,resolved_authoritative,8,3000,1.74,jhtvs-ft0806-sp-v3,T2_wB97X-D3_def2-TZVPD_SMD_energy_SP_v1,final_energy_Eh;CPCM_Dielectric_Eh;SMD_CDS_Eh;echoed_smd_vector;normal_termination;geometry_hash,planned,SRC_PROJECT_TIER2_CURRENT;SRC_ORCA61_SMD;SRC_HANDOFF_SPEC
SP0303,smd_energy_sp,M084_QP1_M2,S010,S010,RXN_MOX_M084,fixed_geometry_auxiliary_and_reaction_SP,monomer,"4,7-Bis(thiophen-2-yl)-2,1,3-benzothiadiazole (TBT)",Donor–Acceptor units,1,2,test,test_full25,0,solvent-specific Tier-1 GFN2/ddCOSMO optimized state geometry,tier1:redox:M084:S010:q1:m2,,298.15,wB97X-D3,def2-TZVPD,RIJCOSX + def2/J,TightSCF; DEFGRID3,native_orca_smd,solvent_smd_registry.csv,resolved_authoritative,8,3000,1.74,jhtvs-ft0806-sp-v3,T2_wB97X-D3_def2-TZVPD_SMD_energy_SP_v1,final_energy_Eh;CPCM_Dielectric_Eh;SMD_CDS_Eh;echoed_smd_vector;normal_termination;geometry_hash,planned,SRC_PROJECT_TIER2_CURRENT;SRC_ORCA61_SMD;SRC_HANDOFF_SPEC
SP0304,smd_energy_sp,S010_Q0_M1,S010,S010,RXN_SOX_S010,fixed_geometry_auxiliary_and_reaction_SP,solvent_oxidation_target,Water,Aqueous,0,1,train,self_medium,1,self-medium Tier-1 GFN2/ddCOSMO optimized state geometry,tier1:redox:S010:S010:q0:m1,,298.15,wB97X-D3,def2-TZVPD,RIJCOSX + def2/J,TightSCF; DEFGRID3,native_orca_smd,solvent_smd_registry.csv,resolved_authoritative,8,3000,1.74,jhtvs-ft0806-sp-v3,T2_wB97X-D3_def2-TZVPD_SMD_energy_SP_v1,final_energy_Eh;CPCM_Dielectric_Eh;SMD_CDS_Eh;echoed_smd_vector;normal_termination;geometry_hash,planned,SRC_PROJECT_TIER2_CURRENT;SRC_ORCA61_SMD;SRC_HANDOFF_SPEC
SP0305,smd_energy_sp,S010_QP1_M2,S010,S010,RXN_SOX_S010,fixed_geometry_auxiliary_and_reaction_SP,solvent_oxidation_target,Water,Aqueous,1,2,train,self_medium,1,self-medium Tier-1 GFN2/ddCOSMO optimized state geometry,tier1:redox:S010:S010:q1:m2,,298.15,wB97X-D3,def2-TZVPD,RIJCOSX + def2/J,TightSCF; DEFGRID3,native_orca_smd,solvent_smd_registry.csv,resolved_authoritative,8,3000,1.74,jhtvs-ft0806-sp-v3,T2_wB97X-D3_def2-TZVPD_SMD_energy_SP_v1,final_energy_Eh;CPCM_Dielectric_Eh;SMD_CDS_Eh;echoed_smd_vector;normal_termination;geometry_hash,planned,SRC_PROJECT_TIER2_CURRENT;SRC_ORCA61_SMD;SRC_HANDOFF_SPEC
SP0306,smd_energy_sp,A002_Q0_M2,S011,S011,RXN_AOX_A002,fixed_geometry_auxiliary_and_reaction_SP,electrolyte_anion,Tetrafluoroborate (BF4−),Lithium; Tetraalkylammonium,0,2,test,test_full25,0,solvent-specific Tier-1 GFN2/ddCOSMO optimized state geometry,tier1:redox:A002:S011:q0:m2,,298.15,wB97X-D3,def2-TZVPD,RIJCOSX + def2/J,TightSCF; DEFGRID3,custom_smd,solvent_smd_registry.csv,resolved_authoritative,8,3000,1.74,jhtvs-ft0806-sp-v3,T2_wB97X-D3_def2-TZVPD_SMD_energy_SP_v1,final_energy_Eh;CPCM_Dielectric_Eh;SMD_CDS_Eh;echoed_smd_vector;normal_termination;geometry_hash,planned,SRC_PROJECT_TIER2_CURRENT;SRC_ORCA61_SMD;SRC_HANDOFF_SPEC
SP0307,smd_energy_sp,A002_QM1_M1,S011,S011,RXN_AOX_A002,fixed_geometry_auxiliary_and_reaction_SP,electrolyte_anion,Tetrafluoroborate (BF4−),Lithium; Tetraalkylammonium,-1,1,test,test_full25,0,solvent-specific Tier-1 GFN2/ddCOSMO optimized state geometry,tier1:redox:A002:S011:q-1:m1,,298.15,wB97X-D3,def2-TZVPD,RIJCOSX + def2/J,TightSCF; DEFGRID3,custom_smd,solvent_smd_registry.csv,resolved_authoritative,8,3000,1.74,jhtvs-ft0806-sp-v3,T2_wB97X-D3_def2-TZVPD_SMD_energy_SP_v1,final_energy_Eh;CPCM_Dielectric_Eh;SMD_CDS_Eh;echoed_smd_vector;normal_termination;geometry_hash,planned,SRC_PROJECT_TIER2_CURRENT;SRC_ORCA61_SMD;SRC_HANDOFF_SPEC
SP0308,smd_energy_sp,A005_Q0_M2,S011,S011,RXN_AOX_A005,fixed_geometry_auxiliary_and_reaction_SP,electrolyte_anion,Bis(trifluoromethanesulfonyl)imide (TFSI−),Lithium; Tetraalkylammonium,0,2,train,train_full25,1,solvent-specific Tier-1 GFN2/ddCOSMO optimized state geometry,tier1:redox:A005:S011:q0:m2,,298.15,wB97X-D3,def2-TZVPD,RIJCOSX + def2/J,TightSCF; DEFGRID3,custom_smd,solvent_smd_registry.csv,resolved_authoritative,8,3000,1.74,jhtvs-ft0806-sp-v3,T2_wB97X-D3_def2-TZVPD_SMD_energy_SP_v1,final_energy_Eh;CPCM_Dielectric_Eh;SMD_CDS_Eh;echoed_smd_vector;normal_termination;geometry_hash,planned,SRC_PROJECT_TIER2_CURRENT;SRC_ORCA61_SMD;SRC_HANDOFF_SPEC
SP0309,smd_energy_sp,A005_QM1_M1,S011,S011,RXN_AOX_A005,fixed_geometry_auxiliary_and_reaction_SP,electrolyte_anion,Bis(trifluoromethanesulfonyl)imide (TFSI−),Lithium; Tetraalkylammonium,-1,1,train,train_full25,1,solvent-specific Tier-1 GFN2/ddCOSMO optimized state geometry,tier1:redox:A005:S011:q-1:m1,,298.15,wB97X-D3,def2-TZVPD,RIJCOSX + def2/J,TightSCF; DEFGRID3,custom_smd,solvent_smd_registry.csv,resolved_authoritative,8,3000,1.74,jhtvs-ft0806-sp-v3,T2_wB97X-D3_def2-TZVPD_SMD_energy_SP_v1,final_energy_Eh;CPCM_Dielectric_Eh;SMD_CDS_Eh;echoed_smd_vector;normal_termination;geometry_hash,planned,SRC_PROJECT_TIER2_CURRENT;SRC_ORCA61_SMD;SRC_HANDOFF_SPEC
SP0310,smd_energy_sp,A007_Q0_M2,S011,S011,RXN_AOX_A007,fixed_geometry_auxiliary_and_reaction_SP,electrolyte_anion,4-Dodecylbenzenesulfonate (DBSA−),Surfactant,0,2,train,,1,solvent-specific Tier-1 GFN2/ddCOSMO optimized state geometry,tier1:redox:A007:S011:q0:m2,,298.15,wB97X-D3,def2-TZVPD,RIJCOSX + def2/J,TightSCF; DEFGRID3,custom_smd,solvent_smd_registry.csv,resolved_authoritative,8,3000,1.74,jhtvs-ft0806-sp-v3,T2_wB97X-D3_def2-TZVPD_SMD_energy_SP_v1,final_energy_Eh;CPCM_Dielectric_Eh;SMD_CDS_Eh;echoed_smd_vector;normal_termination;geometry_hash,planned,SRC_PROJECT_TIER2_CURRENT;SRC_ORCA61_SMD;SRC_HANDOFF_SPEC
SP0311,smd_energy_sp,A007_QM1_M1,S011,S011,RXN_AOX_A007,fixed_geometry_auxiliary_and_reaction_SP,electrolyte_anion,4-Dodecylbenzenesulfonate (DBSA−),Surfactant,-1,1,train,,1,solvent-specific Tier-1 GFN2/ddCOSMO optimized state geometry,tier1:redox:A007:S011:q-1:m1,,298.15,wB97X-D3,def2-TZVPD,RIJCOSX + def2/J,TightSCF; DEFGRID3,custom_smd,solvent_smd_registry.csv,resolved_authoritative,8,3000,1.74,jhtvs-ft0806-sp-v3,T2_wB97X-D3_def2-TZVPD_SMD_energy_SP_v1,final_energy_Eh;CPCM_Dielectric_Eh;SMD_CDS_Eh;echoed_smd_vector;normal_termination;geometry_hash,planned,SRC_PROJECT_TIER2_CURRENT;SRC_ORCA61_SMD;SRC_HANDOFF_SPEC
SP0312,smd_energy_sp,D007_QP2_M1,S011,S011,RXN_SIG_M007,fixed_geometry_auxiliary_and_reaction_SP,sigma_complex_dication,3-Octylthiophene sigma-complex dication,Thiophenes,2,1,test,,0,deterministic sigma construction then solvent-specific GFN2/ddCOSMO preoptimization with connectivity QC,surrogate:sigma_preopt:D007:S011:q2:m1,,298.15,wB97X-D3,def2-TZVPD,RIJCOSX + def2/J,TightSCF; DEFGRID3,custom_smd,solvent_smd_registry.csv,resolved_authoritative,8,3000,4.22,jhtvs-ft0806-sp-v3,T2_wB97X-D3_def2-TZVPD_SMD_energy_SP_v1,final_energy_Eh;CPCM_Dielectric_Eh;SMD_CDS_Eh;echoed_smd_vector;normal_termination;geometry_hash,planned,SRC_PROJECT_TIER2_CURRENT;SRC_ORCA61_SMD;SRC_HANDOFF_SPEC
SP0313,smd_energy_sp,D022_QP2_M1,S011,S011,RXN_SIG_M022,fixed_geometry_auxiliary_and_reaction_SP,sigma_complex_dication,"3,4-Ethylenedioxythiophene (EDOT) sigma-complex dication",Thiophenes,2,1,train,train_full25,1,deterministic sigma construction then solvent-specific GFN2/ddCOSMO preoptimization with connectivity QC,surrogate:sigma_preopt:D022:S011:q2:m1,,298.15,wB97X-D3,def2-TZVPD,RIJCOSX + def2/J,TightSCF; DEFGRID3,custom_smd,solvent_smd_registry.csv,resolved_authoritative,8,3000,4.22,jhtvs-ft0806-sp-v3,T2_wB97X-D3_def2-TZVPD_SMD_energy_SP_v1,final_energy_Eh;CPCM_Dielectric_Eh;SMD_CDS_Eh;echoed_smd_vector;normal_termination;geometry_hash,planned,SRC_PROJECT_TIER2_CURRENT;SRC_ORCA61_SMD;SRC_HANDOFF_SPEC
SP0314,smd_energy_sp,D024_QP2_M1,S011,S011,RXN_SIG_M024,fixed_geometry_auxiliary_and_reaction_SP,sigma_complex_dication,"2,2′-Bithiophene sigma-complex dication",Thiophenes,2,1,train,,1,deterministic sigma construction then solvent-specific GFN2/ddCOSMO preoptimization with connectivity QC,surrogate:sigma_preopt:D024:S011:q2:m1,,298.15,wB97X-D3,def2-TZVPD,RIJCOSX + def2/J,TightSCF; DEFGRID3,custom_smd,solvent_smd_registry.csv,resolved_authoritative,8,3000,4.22,jhtvs-ft0806-sp-v3,T2_wB97X-D3_def2-TZVPD_SMD_energy_SP_v1,final_energy_Eh;CPCM_Dielectric_Eh;SMD_CDS_Eh;echoed_smd_vector;normal_termination;geometry_hash,planned,SRC_PROJECT_TIER2_CURRENT;SRC_ORCA61_SMD;SRC_HANDOFF_SPEC
SP0315,smd_energy_sp,D027_QP2_M1,S011,S011,RXN_SIG_M027,fixed_geometry_auxiliary_and_reaction_SP,sigma_complex_dication,N-Methylpyrrole sigma-complex dication,Pyrroles,2,1,test,test_full25,0,deterministic sigma construction then solvent-specific GFN2/ddCOSMO preoptimization with connectivity QC,surrogate:sigma_preopt:D027:S011:q2:m1,,298.15,wB97X-D3,def2-TZVPD,RIJCOSX + def2/J,TightSCF; DEFGRID3,custom_smd,solvent_smd_registry.csv,resolved_authoritative,8,3000,4.22,jhtvs-ft0806-sp-v3,T2_wB97X-D3_def2-TZVPD_SMD_energy_SP_v1,final_energy_Eh;CPCM_Dielectric_Eh;SMD_CDS_Eh;echoed_smd_vector;normal_termination;geometry_hash,planned,SRC_PROJECT_TIER2_CURRENT;SRC_ORCA61_SMD;SRC_HANDOFF_SPEC
SP0316,smd_energy_sp,D038_QP2_M1,S011,S011,RXN_SIG_M038,fixed_geometry_auxiliary_and_reaction_SP,sigma_complex_dication,Furan sigma-complex dication,Furans,2,1,train,,1,deterministic sigma construction then solvent-specific GFN2/ddCOSMO preoptimization with connectivity QC,surrogate:sigma_preopt:D038:S011:q2:m1,,298.15,wB97X-D3,def2-TZVPD,RIJCOSX + def2/J,TightSCF; DEFGRID3,custom_smd,solvent_smd_registry.csv,resolved_authoritative,8,3000,4.22,jhtvs-ft0806-sp-v3,T2_wB97X-D3_def2-TZVPD_SMD_energy_SP_v1,final_energy_Eh;CPCM_Dielectric_Eh;SMD_CDS_Eh;echoed_smd_vector;normal_termination;geometry_hash,planned,SRC_PROJECT_TIER2_CURRENT;SRC_ORCA61_SMD;SRC_HANDOFF_SPEC
SP0317,smd_energy_sp,D055_QP2_M1,S011,S011,RXN_SIG_M055,fixed_geometry_auxiliary_and_reaction_SP,sigma_complex_dication,3-Octylselenophene sigma-complex dication,Selenophenes,2,1,train,,1,deterministic sigma construction then solvent-specific GFN2/ddCOSMO preoptimization with connectivity QC,surrogate:sigma_preopt:D055:S011:q2:m1,,298.15,wB97X-D3,def2-TZVPD,RIJCOSX + def2/J,TightSCF; DEFGRID3,custom_smd,solvent_smd_registry.csv,resolved_authoritative,8,3000,4.22,jhtvs-ft0806-sp-v3,T2_wB97X-D3_def2-TZVPD_SMD_energy_SP_v1,final_energy_Eh;CPCM_Dielectric_Eh;SMD_CDS_Eh;echoed_smd_vector;normal_termination;geometry_hash,planned,SRC_PROJECT_TIER2_CURRENT;SRC_ORCA61_SMD;SRC_HANDOFF_SPEC
SP0318,smd_energy_sp,D070_QP2_M1,S011,S011,RXN_SIG_M070,fixed_geometry_auxiliary_and_reaction_SP,sigma_complex_dication,Carbazole sigma-complex dication,Carbazoles,2,1,train,,1,deterministic sigma construction then solvent-specific GFN2/ddCOSMO preoptimization with connectivity QC,surrogate:sigma_preopt:D070:S011:q2:m1,,298.15,wB97X-D3,def2-TZVPD,RIJCOSX + def2/J,TightSCF; DEFGRID3,custom_smd,solvent_smd_registry.csv,resolved_authoritative,8,3000,4.22,jhtvs-ft0806-sp-v3,T2_wB97X-D3_def2-TZVPD_SMD_energy_SP_v1,final_energy_Eh;CPCM_Dielectric_Eh;SMD_CDS_Eh;echoed_smd_vector;normal_termination;geometry_hash,planned,SRC_PROJECT_TIER2_CURRENT;SRC_ORCA61_SMD;SRC_HANDOFF_SPEC
SP0319,smd_energy_sp,D084_QP2_M1,S011,S011,RXN_SIG_M084,fixed_geometry_auxiliary_and_reaction_SP,sigma_complex_dication,"4,7-Bis(thiophen-2-yl)-2,1,3-benzothiadiazole (TBT) sigma-complex dication",Donor–Acceptor units,2,1,test,,0,deterministic sigma construction then solvent-specific GFN2/ddCOSMO preoptimization with connectivity QC,surrogate:sigma_preopt:D084:S011:q2:m1,,298.15,wB97X-D3,def2-TZVPD,RIJCOSX + def2/J,TightSCF; DEFGRID3,custom_smd,solvent_smd_registry.csv,resolved_authoritative,8,3000,4.22,jhtvs-ft0806-sp-v3,T2_wB97X-D3_def2-TZVPD_SMD_energy_SP_v1,final_energy_Eh;CPCM_Dielectric_Eh;SMD_CDS_Eh;echoed_smd_vector;normal_termination;geometry_hash,planned,SRC_PROJECT_TIER2_CURRENT;SRC_ORCA61_SMD;SRC_HANDOFF_SPEC
SP0320,smd_energy_sp,M007_Q0_M1,S011,S011,RXN_MOX_M007,fixed_geometry_auxiliary_and_reaction_SP,monomer,3-Octylthiophene,Thiophenes,0,1,test,,0,solvent-specific Tier-1 GFN2/ddCOSMO optimized state geometry,tier1:redox:M007:S011:q0:m1,,298.15,wB97X-D3,def2-TZVPD,RIJCOSX + def2/J,TightSCF; DEFGRID3,custom_smd,solvent_smd_registry.csv,resolved_authoritative,8,3000,1.74,jhtvs-ft0806-sp-v3,T2_wB97X-D3_def2-TZVPD_SMD_energy_SP_v1,final_energy_Eh;CPCM_Dielectric_Eh;SMD_CDS_Eh;echoed_smd_vector;normal_termination;geometry_hash,planned,SRC_PROJECT_TIER2_CURRENT;SRC_ORCA61_SMD;SRC_HANDOFF_SPEC
SP0321,smd_energy_sp,M007_QP1_M2,S011,S011,RXN_MOX_M007;RXN_SIG_M007,fixed_geometry_auxiliary_and_reaction_SP,monomer,3-Octylthiophene,Thiophenes,1,2,test,,0,solvent-specific Tier-1 GFN2/ddCOSMO optimized state geometry,tier1:redox:M007:S011:q1:m2,,298.15,wB97X-D3,def2-TZVPD,RIJCOSX + def2/J,TightSCF; DEFGRID3,custom_smd,solvent_smd_registry.csv,resolved_authoritative,8,3000,1.74,jhtvs-ft0806-sp-v3,T2_wB97X-D3_def2-TZVPD_SMD_energy_SP_v1,final_energy_Eh;CPCM_Dielectric_Eh;SMD_CDS_Eh;echoed_smd_vector;normal_termination;geometry_hash,planned,SRC_PROJECT_TIER2_CURRENT;SRC_ORCA61_SMD;SRC_HANDOFF_SPEC
SP0322,smd_energy_sp,M022_Q0_M1,S011,S011,RXN_MOX_M022,fixed_geometry_auxiliary_and_reaction_SP,monomer,"3,4-Ethylenedioxythiophene (EDOT)",Thiophenes,0,1,train,train_full25,1,solvent-specific Tier-1 GFN2/ddCOSMO optimized state geometry,tier1:redox:M022:S011:q0:m1,,298.15,wB97X-D3,def2-TZVPD,RIJCOSX + def2/J,TightSCF; DEFGRID3,custom_smd,solvent_smd_registry.csv,resolved_authoritative,8,3000,1.74,jhtvs-ft0806-sp-v3,T2_wB97X-D3_def2-TZVPD_SMD_energy_SP_v1,final_energy_Eh;CPCM_Dielectric_Eh;SMD_CDS_Eh;echoed_smd_vector;normal_termination;geometry_hash,planned,SRC_PROJECT_TIER2_CURRENT;SRC_ORCA61_SMD;SRC_HANDOFF_SPEC
SP0323,smd_energy_sp,M022_QP1_M2,S011,S011,RXN_MOX_M022;RXN_SIG_M022,fixed_geometry_auxiliary_and_reaction_SP,monomer,"3,4-Ethylenedioxythiophene (EDOT)",Thiophenes,1,2,train,train_full25,1,solvent-specific Tier-1 GFN2/ddCOSMO optimized state geometry,tier1:redox:M022:S011:q1:m2,,298.15,wB97X-D3,def2-TZVPD,RIJCOSX + def2/J,TightSCF; DEFGRID3,custom_smd,solvent_smd_registry.csv,resolved_authoritative,8,3000,1.74,jhtvs-ft0806-sp-v3,T2_wB97X-D3_def2-TZVPD_SMD_energy_SP_v1,final_energy_Eh;CPCM_Dielectric_Eh;SMD_CDS_Eh;echoed_smd_vector;normal_termination;geometry_hash,planned,SRC_PROJECT_TIER2_CURRENT;SRC_ORCA61_SMD;SRC_HANDOFF_SPEC
SP0324,smd_energy_sp,M024_Q0_M1,S011,S011,RXN_MOX_M024,fixed_geometry_auxiliary_and_reaction_SP,monomer,"2,2′-Bithiophene",Thiophenes,0,1,train,,1,solvent-specific Tier-1 GFN2/ddCOSMO optimized state geometry,tier1:redox:M024:S011:q0:m1,,298.15,wB97X-D3,def2-TZVPD,RIJCOSX + def2/J,TightSCF; DEFGRID3,custom_smd,solvent_smd_registry.csv,resolved_authoritative,8,3000,1.74,jhtvs-ft0806-sp-v3,T2_wB97X-D3_def2-TZVPD_SMD_energy_SP_v1,final_energy_Eh;CPCM_Dielectric_Eh;SMD_CDS_Eh;echoed_smd_vector;normal_termination;geometry_hash,planned,SRC_PROJECT_TIER2_CURRENT;SRC_ORCA61_SMD;SRC_HANDOFF_SPEC
SP0325,smd_energy_sp,M024_QP1_M2,S011,S011,RXN_MOX_M024;RXN_SIG_M024,fixed_geometry_auxiliary_and_reaction_SP,monomer,"2,2′-Bithiophene",Thiophenes,1,2,train,,1,solvent-specific Tier-1 GFN2/ddCOSMO optimized state geometry,tier1:redox:M024:S011:q1:m2,,298.15,wB97X-D3,def2-TZVPD,RIJCOSX + def2/J,TightSCF; DEFGRID3,custom_smd,solvent_smd_registry.csv,resolved_authoritative,8,3000,1.74,jhtvs-ft0806-sp-v3,T2_wB97X-D3_def2-TZVPD_SMD_energy_SP_v1,final_energy_Eh;CPCM_Dielectric_Eh;SMD_CDS_Eh;echoed_smd_vector;normal_termination;geometry_hash,planned,SRC_PROJECT_TIER2_CURRENT;SRC_ORCA61_SMD;SRC_HANDOFF_SPEC
SP0326,smd_energy_sp,M027_QP1_M2,S011,S011,RXN_SIG_M027,fixed_geometry_auxiliary_and_reaction_SP,monomer,N-Methylpyrrole,Pyrroles,1,2,test,test_full25,0,solvent-specific Tier-1 GFN2/ddCOSMO optimized state geometry,tier1:redox:M027:S011:q1:m2,,298.15,wB97X-D3,def2-TZVPD,RIJCOSX + def2/J,TightSCF; DEFGRID3,custom_smd,solvent_smd_registry.csv,resolved_authoritative,8,3000,1.74,jhtvs-ft0806-sp-v3,T2_wB97X-D3_def2-TZVPD_SMD_energy_SP_v1,final_energy_Eh;CPCM_Dielectric_Eh;SMD_CDS_Eh;echoed_smd_vector;normal_termination;geometry_hash,planned,SRC_PROJECT_TIER2_CURRENT;SRC_ORCA61_SMD;SRC_HANDOFF_SPEC
SP0327,smd_energy_sp,M038_Q0_M1,S011,S011,RXN_MOX_M038,fixed_geometry_auxiliary_and_reaction_SP,monomer,Furan,Furans,0,1,train,,1,solvent-specific Tier-1 GFN2/ddCOSMO optimized state geometry,tier1:redox:M038:S011:q0:m1,,298.15,wB97X-D3,def2-TZVPD,RIJCOSX + def2/J,TightSCF; DEFGRID3,custom_smd,solvent_smd_registry.csv,resolved_authoritative,8,3000,1.74,jhtvs-ft0806-sp-v3,T2_wB97X-D3_def2-TZVPD_SMD_energy_SP_v1,final_energy_Eh;CPCM_Dielectric_Eh;SMD_CDS_Eh;echoed_smd_vector;normal_termination;geometry_hash,planned,SRC_PROJECT_TIER2_CURRENT;SRC_ORCA61_SMD;SRC_HANDOFF_SPEC
SP0328,smd_energy_sp,M038_QP1_M2,S011,S011,RXN_MOX_M038;RXN_SIG_M038,fixed_geometry_auxiliary_and_reaction_SP,monomer,Furan,Furans,1,2,train,,1,solvent-specific Tier-1 GFN2/ddCOSMO optimized state geometry,tier1:redox:M038:S011:q1:m2,,298.15,wB97X-D3,def2-TZVPD,RIJCOSX + def2/J,TightSCF; DEFGRID3,custom_smd,solvent_smd_registry.csv,resolved_authoritative,8,3000,1.74,jhtvs-ft0806-sp-v3,T2_wB97X-D3_def2-TZVPD_SMD_energy_SP_v1,final_energy_Eh;CPCM_Dielectric_Eh;SMD_CDS_Eh;echoed_smd_vector;normal_termination;geometry_hash,planned,SRC_PROJECT_TIER2_CURRENT;SRC_ORCA61_SMD;SRC_HANDOFF_SPEC
SP0329,smd_energy_sp,M055_Q0_M1,S011,S011,RXN_MOX_M055,fixed_geometry_auxiliary_and_reaction_SP,monomer,3-Octylselenophene,Selenophenes,0,1,train,,1,solvent-specific Tier-1 GFN2/ddCOSMO optimized state geometry,tier1:redox:M055:S011:q0:m1,,298.15,wB97X-D3,def2-TZVPD,RIJCOSX + def2/J,TightSCF; DEFGRID3,custom_smd,solvent_smd_registry.csv,resolved_authoritative,8,3000,1.74,jhtvs-ft0806-sp-v3,T2_wB97X-D3_def2-TZVPD_SMD_energy_SP_v1,final_energy_Eh;CPCM_Dielectric_Eh;SMD_CDS_Eh;echoed_smd_vector;normal_termination;geometry_hash,planned,SRC_PROJECT_TIER2_CURRENT;SRC_ORCA61_SMD;SRC_HANDOFF_SPEC
SP0330,smd_energy_sp,M055_QP1_M2,S011,S011,RXN_MOX_M055;RXN_SIG_M055,fixed_geometry_auxiliary_and_reaction_SP,monomer,3-Octylselenophene,Selenophenes,1,2,train,,1,solvent-specific Tier-1 GFN2/ddCOSMO optimized state geometry,tier1:redox:M055:S011:q1:m2,,298.15,wB97X-D3,def2-TZVPD,RIJCOSX + def2/J,TightSCF; DEFGRID3,custom_smd,solvent_smd_registry.csv,resolved_authoritative,8,3000,1.74,jhtvs-ft0806-sp-v3,T2_wB97X-D3_def2-TZVPD_SMD_energy_SP_v1,final_energy_Eh;CPCM_Dielectric_Eh;SMD_CDS_Eh;echoed_smd_vector;normal_termination;geometry_hash,planned,SRC_PROJECT_TIER2_CURRENT;SRC_ORCA61_SMD;SRC_HANDOFF_SPEC
SP0331,smd_energy_sp,M070_Q0_M1,S011,S011,RXN_MOX_M070,fixed_geometry_auxiliary_and_reaction_SP,monomer,Carbazole,Carbazoles,0,1,train,,1,solvent-specific Tier-1 GFN2/ddCOSMO optimized state geometry,tier1:redox:M070:S011:q0:m1,,298.15,wB97X-D3,def2-TZVPD,RIJCOSX + def2/J,TightSCF; DEFGRID3,custom_smd,solvent_smd_registry.csv,resolved_authoritative,8,3000,1.74,jhtvs-ft0806-sp-v3,T2_wB97X-D3_def2-TZVPD_SMD_energy_SP_v1,final_energy_Eh;CPCM_Dielectric_Eh;SMD_CDS_Eh;echoed_smd_vector;normal_termination;geometry_hash,planned,SRC_PROJECT_TIER2_CURRENT;SRC_ORCA61_SMD;SRC_HANDOFF_SPEC
SP0332,smd_energy_sp,M070_QP1_M2,S011,S011,RXN_MOX_M070;RXN_SIG_M070,fixed_geometry_auxiliary_and_reaction_SP,monomer,Carbazole,Carbazoles,1,2,train,,1,solvent-specific Tier-1 GFN2/ddCOSMO optimized state geometry,tier1:redox:M070:S011:q1:m2,,298.15,wB97X-D3,def2-TZVPD,RIJCOSX + def2/J,TightSCF; DEFGRID3,custom_smd,solvent_smd_registry.csv,resolved_authoritative,8,3000,1.74,jhtvs-ft0806-sp-v3,T2_wB97X-D3_def2-TZVPD_SMD_energy_SP_v1,final_energy_Eh;CPCM_Dielectric_Eh;SMD_CDS_Eh;echoed_smd_vector;normal_termination;geometry_hash,planned,SRC_PROJECT_TIER2_CURRENT;SRC_ORCA61_SMD;SRC_HANDOFF_SPEC
SP0333,smd_energy_sp,M084_Q0_M1,S011,S011,RXN_MOX_M084,fixed_geometry_auxiliary_and_reaction_SP,monomer,"4,7-Bis(thiophen-2-yl)-2,1,3-benzothiadiazole (TBT)",Donor–Acceptor units,0,1,test,test_full25,0,solvent-specific Tier-1 GFN2/ddCOSMO optimized state geometry,tier1:redox:M084:S011:q0:m1,,298.15,wB97X-D3,def2-TZVPD,RIJCOSX + def2/J,TightSCF; DEFGRID3,custom_smd,solvent_smd_registry.csv,resolved_authoritative,8,3000,1.74,jhtvs-ft0806-sp-v3,T2_wB97X-D3_def2-TZVPD_SMD_energy_SP_v1,final_energy_Eh;CPCM_Dielectric_Eh;SMD_CDS_Eh;echoed_smd_vector;normal_termination;geometry_hash,planned,SRC_PROJECT_TIER2_CURRENT;SRC_ORCA61_SMD;SRC_HANDOFF_SPEC
SP0334,smd_energy_sp,M084_QP1_M2,S011,S011,RXN_MOX_M084;RXN_SIG_M084,fixed_geometry_auxiliary_and_reaction_SP,monomer,"4,7-Bis(thiophen-2-yl)-2,1,3-benzothiadiazole (TBT)",Donor–Acceptor units,1,2,test,test_full25,0,solvent-specific Tier-1 GFN2/ddCOSMO optimized state geometry,tier1:redox:M084:S011:q1:m2,,298.15,wB97X-D3,def2-TZVPD,RIJCOSX + def2/J,TightSCF; DEFGRID3,custom_smd,solvent_smd_registry.csv,resolved_authoritative,8,3000,1.74,jhtvs-ft0806-sp-v3,T2_wB97X-D3_def2-TZVPD_SMD_energy_SP_v1,final_energy_Eh;CPCM_Dielectric_Eh;SMD_CDS_Eh;echoed_smd_vector;normal_termination;geometry_hash,planned,SRC_PROJECT_TIER2_CURRENT;SRC_ORCA61_SMD;SRC_HANDOFF_SPEC
SP0335,smd_energy_sp,M097_Q0_M1,S011,S011,RXN_MOX_M097,fixed_geometry_auxiliary_and_reaction_SP,monomer,"Dithieno[3,2-b:2′,3′-d]pyrrole (DTP)",Fused-ring systems,0,1,train,,1,solvent-specific Tier-1 GFN2/ddCOSMO optimized state geometry,tier1:redox:M097:S011:q0:m1,,298.15,wB97X-D3,def2-TZVPD,RIJCOSX + def2/J,TightSCF; DEFGRID3,custom_smd,solvent_smd_registry.csv,resolved_authoritative,8,3000,1.74,jhtvs-ft0806-sp-v3,T2_wB97X-D3_def2-TZVPD_SMD_energy_SP_v1,final_energy_Eh;CPCM_Dielectric_Eh;SMD_CDS_Eh;echoed_smd_vector;normal_termination;geometry_hash,planned,SRC_PROJECT_TIER2_CURRENT;SRC_ORCA61_SMD;SRC_HANDOFF_SPEC
SP0336,smd_energy_sp,M097_QP1_M2,S011,S011,RXN_MOX_M097,fixed_geometry_auxiliary_and_reaction_SP,monomer,"Dithieno[3,2-b:2′,3′-d]pyrrole (DTP)",Fused-ring systems,1,2,train,,1,solvent-specific Tier-1 GFN2/ddCOSMO optimized state geometry,tier1:redox:M097:S011:q1:m2,,298.15,wB97X-D3,def2-TZVPD,RIJCOSX + def2/J,TightSCF; DEFGRID3,custom_smd,solvent_smd_registry.csv,resolved_authoritative,8,3000,1.74,jhtvs-ft0806-sp-v3,T2_wB97X-D3_def2-TZVPD_SMD_energy_SP_v1,final_energy_Eh;CPCM_Dielectric_Eh;SMD_CDS_Eh;echoed_smd_vector;normal_termination;geometry_hash,planned,SRC_PROJECT_TIER2_CURRENT;SRC_ORCA61_SMD;SRC_HANDOFF_SPEC
SP0337,smd_energy_sp,S011_Q0_M1,S011,S011,RXN_SOX_S011,fixed_geometry_auxiliary_and_reaction_SP,solvent_oxidation_target,γ-Butyrolactone (GBL),Lactone,0,1,train,self_medium,1,self-medium Tier-1 GFN2/ddCOSMO optimized state geometry,tier1:redox:S011:S011:q0:m1,,298.15,wB97X-D3,def2-TZVPD,RIJCOSX + def2/J,TightSCF; DEFGRID3,custom_smd,solvent_smd_registry.csv,resolved_authoritative,8,3000,1.74,jhtvs-ft0806-sp-v3,T2_wB97X-D3_def2-TZVPD_SMD_energy_SP_v1,final_energy_Eh;CPCM_Dielectric_Eh;SMD_CDS_Eh;echoed_smd_vector;normal_termination;geometry_hash,planned,SRC_PROJECT_TIER2_CURRENT;SRC_ORCA61_SMD;SRC_HANDOFF_SPEC
SP0338,smd_energy_sp,S011_QP1_M2,S011,S011,RXN_SOX_S011,fixed_geometry_auxiliary_and_reaction_SP,solvent_oxidation_target,γ-Butyrolactone (GBL),Lactone,1,2,train,self_medium,1,self-medium Tier-1 GFN2/ddCOSMO optimized state geometry,tier1:redox:S011:S011:q1:m2,,298.15,wB97X-D3,def2-TZVPD,RIJCOSX + def2/J,TightSCF; DEFGRID3,custom_smd,solvent_smd_registry.csv,resolved_authoritative,8,3000,1.74,jhtvs-ft0806-sp-v3,T2_wB97X-D3_def2-TZVPD_SMD_energy_SP_v1,final_energy_Eh;CPCM_Dielectric_Eh;SMD_CDS_Eh;echoed_smd_vector;normal_termination;geometry_hash,planned,SRC_PROJECT_TIER2_CURRENT;SRC_ORCA61_SMD;SRC_HANDOFF_SPEC
SP0339,smd_energy_sp,A002_Q0_M2,S012,S012,RXN_AOX_A002,fixed_geometry_auxiliary_and_reaction_SP,electrolyte_anion,Tetrafluoroborate (BF4−),Lithium; Tetraalkylammonium,0,2,test,test_full25,0,solvent-specific Tier-1 GFN2/ddCOSMO optimized state geometry,tier1:redox:A002:S012:q0:m2,,303.15,wB97X-D3,def2-TZVPD,RIJCOSX + def2/J,TightSCF; DEFGRID3,custom_smd,solvent_smd_registry.csv,resolved_authoritative,8,3000,1.74,jhtvs-ft0806-sp-v3,T2_wB97X-D3_def2-TZVPD_SMD_energy_SP_v1,final_energy_Eh;CPCM_Dielectric_Eh;SMD_CDS_Eh;echoed_smd_vector;normal_termination;geometry_hash,planned,SRC_PROJECT_TIER2_CURRENT;SRC_ORCA61_SMD;SRC_HANDOFF_SPEC
SP0340,smd_energy_sp,A002_QM1_M1,S012,S012,RXN_AOX_A002,fixed_geometry_auxiliary_and_reaction_SP,electrolyte_anion,Tetrafluoroborate (BF4−),Lithium; Tetraalkylammonium,-1,1,test,test_full25,0,solvent-specific Tier-1 GFN2/ddCOSMO optimized state geometry,tier1:redox:A002:S012:q-1:m1,,303.15,wB97X-D3,def2-TZVPD,RIJCOSX + def2/J,TightSCF; DEFGRID3,custom_smd,solvent_smd_registry.csv,resolved_authoritative,8,3000,1.74,jhtvs-ft0806-sp-v3,T2_wB97X-D3_def2-TZVPD_SMD_energy_SP_v1,final_energy_Eh;CPCM_Dielectric_Eh;SMD_CDS_Eh;echoed_smd_vector;normal_termination;geometry_hash,planned,SRC_PROJECT_TIER2_CURRENT;SRC_ORCA61_SMD;SRC_HANDOFF_SPEC
SP0341,smd_energy_sp,A003_Q0_M2,S012,S012,RXN_AOX_A003,fixed_geometry_auxiliary_and_reaction_SP,electrolyte_anion,Perchlorate (ClO4−),Acid; Lithium; Silver; Sodium; Tetraalkylammonium,0,2,train,,1,solvent-specific Tier-1 GFN2/ddCOSMO optimized state geometry,tier1:redox:A003:S012:q0:m2,,303.15,wB97X-D3,def2-TZVPD,RIJCOSX + def2/J,TightSCF; DEFGRID3,custom_smd,solvent_smd_registry.csv,resolved_authoritative,8,3000,1.74,jhtvs-ft0806-sp-v3,T2_wB97X-D3_def2-TZVPD_SMD_energy_SP_v1,final_energy_Eh;CPCM_Dielectric_Eh;SMD_CDS_Eh;echoed_smd_vector;normal_termination;geometry_hash,planned,SRC_PROJECT_TIER2_CURRENT;SRC_ORCA61_SMD;SRC_HANDOFF_SPEC
SP0342,smd_energy_sp,A003_QM1_M1,S012,S012,RXN_AOX_A003,fixed_geometry_auxiliary_and_reaction_SP,electrolyte_anion,Perchlorate (ClO4−),Acid; Lithium; Silver; Sodium; Tetraalkylammonium,-1,1,train,,1,solvent-specific Tier-1 GFN2/ddCOSMO optimized state geometry,tier1:redox:A003:S012:q-1:m1,,303.15,wB97X-D3,def2-TZVPD,RIJCOSX + def2/J,TightSCF; DEFGRID3,custom_smd,solvent_smd_registry.csv,resolved_authoritative,8,3000,1.74,jhtvs-ft0806-sp-v3,T2_wB97X-D3_def2-TZVPD_SMD_energy_SP_v1,final_energy_Eh;CPCM_Dielectric_Eh;SMD_CDS_Eh;echoed_smd_vector;normal_termination;geometry_hash,planned,SRC_PROJECT_TIER2_CURRENT;SRC_ORCA61_SMD;SRC_HANDOFF_SPEC
SP0343,smd_energy_sp,A005_Q0_M2,S012,S012,RXN_AOX_A005,fixed_geometry_auxiliary_and_reaction_SP,electrolyte_anion,Bis(trifluoromethanesulfonyl)imide (TFSI−),Lithium; Tetraalkylammonium,0,2,train,train_full25,1,solvent-specific Tier-1 GFN2/ddCOSMO optimized state geometry,tier1:redox:A005:S012:q0:m2,,303.15,wB97X-D3,def2-TZVPD,RIJCOSX + def2/J,TightSCF; DEFGRID3,custom_smd,solvent_smd_registry.csv,resolved_authoritative,8,3000,1.74,jhtvs-ft0806-sp-v3,T2_wB97X-D3_def2-TZVPD_SMD_energy_SP_v1,final_energy_Eh;CPCM_Dielectric_Eh;SMD_CDS_Eh;echoed_smd_vector;normal_termination;geometry_hash,planned,SRC_PROJECT_TIER2_CURRENT;SRC_ORCA61_SMD;SRC_HANDOFF_SPEC
SP0344,smd_energy_sp,A005_QM1_M1,S012,S012,RXN_AOX_A005,fixed_geometry_auxiliary_and_reaction_SP,electrolyte_anion,Bis(trifluoromethanesulfonyl)imide (TFSI−),Lithium; Tetraalkylammonium,-1,1,train,train_full25,1,solvent-specific Tier-1 GFN2/ddCOSMO optimized state geometry,tier1:redox:A005:S012:q-1:m1,,303.15,wB97X-D3,def2-TZVPD,RIJCOSX + def2/J,TightSCF; DEFGRID3,custom_smd,solvent_smd_registry.csv,resolved_authoritative,8,3000,1.74,jhtvs-ft0806-sp-v3,T2_wB97X-D3_def2-TZVPD_SMD_energy_SP_v1,final_energy_Eh;CPCM_Dielectric_Eh;SMD_CDS_Eh;echoed_smd_vector;normal_termination;geometry_hash,planned,SRC_PROJECT_TIER2_CURRENT;SRC_ORCA61_SMD;SRC_HANDOFF_SPEC
SP0345,smd_energy_sp,A008_Q0_M2,S012,S012,RXN_AOX_A008,fixed_geometry_auxiliary_and_reaction_SP,electrolyte_anion,Hydrogen sulfate (HSO4−),Acid,0,2,train,,1,solvent-specific Tier-1 GFN2/ddCOSMO optimized state geometry,tier1:redox:A008:S012:q0:m2,,303.15,wB97X-D3,def2-TZVPD,RIJCOSX + def2/J,TightSCF; DEFGRID3,custom_smd,solvent_smd_registry.csv,resolved_authoritative,8,3000,1.74,jhtvs-ft0806-sp-v3,T2_wB97X-D3_def2-TZVPD_SMD_energy_SP_v1,final_energy_Eh;CPCM_Dielectric_Eh;SMD_CDS_Eh;echoed_smd_vector;normal_termination;geometry_hash,planned,SRC_PROJECT_TIER2_CURRENT;SRC_ORCA61_SMD;SRC_HANDOFF_SPEC
SP0346,smd_energy_sp,A008_QM1_M1,S012,S012,RXN_AOX_A008,fixed_geometry_auxiliary_and_reaction_SP,electrolyte_anion,Hydrogen sulfate (HSO4−),Acid,-1,1,train,,1,solvent-specific Tier-1 GFN2/ddCOSMO optimized state geometry,tier1:redox:A008:S012:q-1:m1,,303.15,wB97X-D3,def2-TZVPD,RIJCOSX + def2/J,TightSCF; DEFGRID3,custom_smd,solvent_smd_registry.csv,resolved_authoritative,8,3000,1.74,jhtvs-ft0806-sp-v3,T2_wB97X-D3_def2-TZVPD_SMD_energy_SP_v1,final_energy_Eh;CPCM_Dielectric_Eh;SMD_CDS_Eh;echoed_smd_vector;normal_termination;geometry_hash,planned,SRC_PROJECT_TIER2_CURRENT;SRC_ORCA61_SMD;SRC_HANDOFF_SPEC
SP0347,smd_energy_sp,D022_QP2_M1,S012,S012,RXN_SIG_M022,fixed_geometry_auxiliary_and_reaction_SP,sigma_complex_dication,"3,4-Ethylenedioxythiophene (EDOT) sigma-complex dication",Thiophenes,2,1,train,train_full25,1,deterministic sigma construction then solvent-specific GFN2/ddCOSMO preoptimization with connectivity QC,surrogate:sigma_preopt:D022:S012:q2:m1,,303.15,wB97X-D3,def2-TZVPD,RIJCOSX + def2/J,TightSCF; DEFGRID3,custom_smd,solvent_smd_registry.csv,resolved_authoritative,8,3000,4.22,jhtvs-ft0806-sp-v3,T2_wB97X-D3_def2-TZVPD_SMD_energy_SP_v1,final_energy_Eh;CPCM_Dielectric_Eh;SMD_CDS_Eh;echoed_smd_vector;normal_termination;geometry_hash,planned,SRC_PROJECT_TIER2_CURRENT;SRC_ORCA61_SMD;SRC_HANDOFF_SPEC
SP0348,smd_energy_sp,D026_QP2_M1,S012,S012,RXN_SIG_M026,fixed_geometry_auxiliary_and_reaction_SP,sigma_complex_dication,Pyrrole sigma-complex dication,Pyrroles,2,1,train,,1,deterministic sigma construction then solvent-specific GFN2/ddCOSMO preoptimization with connectivity QC,surrogate:sigma_preopt:D026:S012:q2:m1,,303.15,wB97X-D3,def2-TZVPD,RIJCOSX + def2/J,TightSCF; DEFGRID3,custom_smd,solvent_smd_registry.csv,resolved_authoritative,8,3000,4.22,jhtvs-ft0806-sp-v3,T2_wB97X-D3_def2-TZVPD_SMD_energy_SP_v1,final_energy_Eh;CPCM_Dielectric_Eh;SMD_CDS_Eh;echoed_smd_vector;normal_termination;geometry_hash,planned,SRC_PROJECT_TIER2_CURRENT;SRC_ORCA61_SMD;SRC_HANDOFF_SPEC
SP0349,smd_energy_sp,D027_QP2_M1,S012,S012,RXN_SIG_M027,fixed_geometry_auxiliary_and_reaction_SP,sigma_complex_dication,N-Methylpyrrole sigma-complex dication,Pyrroles,2,1,test,test_full25,0,deterministic sigma construction then solvent-specific GFN2/ddCOSMO preoptimization with connectivity QC,surrogate:sigma_preopt:D027:S012:q2:m1,,303.15,wB97X-D3,def2-TZVPD,RIJCOSX + def2/J,TightSCF; DEFGRID3,custom_smd,solvent_smd_registry.csv,resolved_authoritative,8,3000,4.22,jhtvs-ft0806-sp-v3,T2_wB97X-D3_def2-TZVPD_SMD_energy_SP_v1,final_energy_Eh;CPCM_Dielectric_Eh;SMD_CDS_Eh;echoed_smd_vector;normal_termination;geometry_hash,planned,SRC_PROJECT_TIER2_CURRENT;SRC_ORCA61_SMD;SRC_HANDOFF_SPEC
SP0350,smd_energy_sp,D042_QP2_M1,S012,S012,RXN_SIG_M042,fixed_geometry_auxiliary_and_reaction_SP,sigma_complex_dication,3-Octylfuran sigma-complex dication,Furans,2,1,train,,1,deterministic sigma construction then solvent-specific GFN2/ddCOSMO preoptimization with connectivity QC,surrogate:sigma_preopt:D042:S012:q2:m1,,303.15,wB97X-D3,def2-TZVPD,RIJCOSX + def2/J,TightSCF; DEFGRID3,custom_smd,solvent_smd_registry.csv,resolved_authoritative,8,3000,4.22,jhtvs-ft0806-sp-v3,T2_wB97X-D3_def2-TZVPD_SMD_energy_SP_v1,final_energy_Eh;CPCM_Dielectric_Eh;SMD_CDS_Eh;echoed_smd_vector;normal_termination;geometry_hash,planned,SRC_PROJECT_TIER2_CURRENT;SRC_ORCA61_SMD;SRC_HANDOFF_SPEC
SP0351,smd_energy_sp,D058_QP2_M1,S012,S012,RXN_SIG_M058,fixed_geometry_auxiliary_and_reaction_SP,sigma_complex_dication,"3,4-Ethylenedioxyselenophene (EDOS) sigma-complex dication",Selenophenes,2,1,val,,0,deterministic sigma construction then solvent-specific GFN2/ddCOSMO preoptimization with connectivity QC,surrogate:sigma_preopt:D058:S012:q2:m1,,303.15,wB97X-D3,def2-TZVPD,RIJCOSX + def2/J,TightSCF; DEFGRID3,custom_smd,solvent_smd_registry.csv,resolved_authoritative,8,3000,4.22,jhtvs-ft0806-sp-v3,T2_wB97X-D3_def2-TZVPD_SMD_energy_SP_v1,final_energy_Eh;CPCM_Dielectric_Eh;SMD_CDS_Eh;echoed_smd_vector;normal_termination;geometry_hash,planned,SRC_PROJECT_TIER2_CURRENT;SRC_ORCA61_SMD;SRC_HANDOFF_SPEC
SP0352,smd_energy_sp,D086_QP2_M1,S012,S012,RXN_SIG_M086,fixed_geometry_auxiliary_and_reaction_SP,sigma_complex_dication,"Thieno[3,4-b]pyrazine sigma-complex dication",Donor–Acceptor units,2,1,train,,1,deterministic sigma construction then solvent-specific GFN2/ddCOSMO preoptimization with connectivity QC,surrogate:sigma_preopt:D086:S012:q2:m1,,303.15,wB97X-D3,def2-TZVPD,RIJCOSX + def2/J,TightSCF; DEFGRID3,custom_smd,solvent_smd_registry.csv,resolved_authoritative,8,3000,4.22,jhtvs-ft0806-sp-v3,T2_wB97X-D3_def2-TZVPD_SMD_energy_SP_v1,final_energy_Eh;CPCM_Dielectric_Eh;SMD_CDS_Eh;echoed_smd_vector;normal_termination;geometry_hash,planned,SRC_PROJECT_TIER2_CURRENT;SRC_ORCA61_SMD;SRC_HANDOFF_SPEC
SP0353,smd_energy_sp,M013_Q0_M1,S012,S012,RXN_MOX_M013,fixed_geometry_auxiliary_and_reaction_SP,monomer,Thiophene-3-carbonitrile,Thiophenes,0,1,train,,1,solvent-specific Tier-1 GFN2/ddCOSMO optimized state geometry,tier1:redox:M013:S012:q0:m1,,303.15,wB97X-D3,def2-TZVPD,RIJCOSX + def2/J,TightSCF; DEFGRID3,custom_smd,solvent_smd_registry.csv,resolved_authoritative,8,3000,1.74,jhtvs-ft0806-sp-v3,T2_wB97X-D3_def2-TZVPD_SMD_energy_SP_v1,final_energy_Eh;CPCM_Dielectric_Eh;SMD_CDS_Eh;echoed_smd_vector;normal_termination;geometry_hash,planned,SRC_PROJECT_TIER2_CURRENT;SRC_ORCA61_SMD;SRC_HANDOFF_SPEC
SP0354,smd_energy_sp,M013_QP1_M2,S012,S012,RXN_MOX_M013,fixed_geometry_auxiliary_and_reaction_SP,monomer,Thiophene-3-carbonitrile,Thiophenes,1,2,train,,1,solvent-specific Tier-1 GFN2/ddCOSMO optimized state geometry,tier1:redox:M013:S012:q1:m2,,303.15,wB97X-D3,def2-TZVPD,RIJCOSX + def2/J,TightSCF; DEFGRID3,custom_smd,solvent_smd_registry.csv,resolved_authoritative,8,3000,1.74,jhtvs-ft0806-sp-v3,T2_wB97X-D3_def2-TZVPD_SMD_energy_SP_v1,final_energy_Eh;CPCM_Dielectric_Eh;SMD_CDS_Eh;echoed_smd_vector;normal_termination;geometry_hash,planned,SRC_PROJECT_TIER2_CURRENT;SRC_ORCA61_SMD;SRC_HANDOFF_SPEC
SP0355,smd_energy_sp,M022_Q0_M1,S012,S012,RXN_MOX_M022,fixed_geometry_auxiliary_and_reaction_SP,monomer,"3,4-Ethylenedioxythiophene (EDOT)",Thiophenes,0,1,train,train_full25,1,solvent-specific Tier-1 GFN2/ddCOSMO optimized state geometry,tier1:redox:M022:S012:q0:m1,,303.15,wB97X-D3,def2-TZVPD,RIJCOSX + def2/J,TightSCF; DEFGRID3,custom_smd,solvent_smd_registry.csv,resolved_authoritative,8,3000,1.74,jhtvs-ft0806-sp-v3,T2_wB97X-D3_def2-TZVPD_SMD_energy_SP_v1,final_energy_Eh;CPCM_Dielectric_Eh;SMD_CDS_Eh;echoed_smd_vector;normal_termination;geometry_hash,planned,SRC_PROJECT_TIER2_CURRENT;SRC_ORCA61_SMD;SRC_HANDOFF_SPEC
SP0356,smd_energy_sp,M022_QP1_M2,S012,S012,RXN_MOX_M022;RXN_SIG_M022,fixed_geometry_auxiliary_and_reaction_SP,monomer,"3,4-Ethylenedioxythiophene (EDOT)",Thiophenes,1,2,train,train_full25,1,solvent-specific Tier-1 GFN2/ddCOSMO optimized state geometry,tier1:redox:M022:S012:q1:m2,,303.15,wB97X-D3,def2-TZVPD,RIJCOSX + def2/J,TightSCF; DEFGRID3,custom_smd,solvent_smd_registry.csv,resolved_authoritative,8,3000,1.74,jhtvs-ft0806-sp-v3,T2_wB97X-D3_def2-TZVPD_SMD_energy_SP_v1,final_energy_Eh;CPCM_Dielectric_Eh;SMD_CDS_Eh;echoed_smd_vector;normal_termination;geometry_hash,planned,SRC_PROJECT_TIER2_CURRENT;SRC_ORCA61_SMD;SRC_HANDOFF_SPEC
SP0357,smd_energy_sp,M026_Q0_M1,S012,S012,RXN_MOX_M026,fixed_geometry_auxiliary_and_reaction_SP,monomer,Pyrrole,Pyrroles,0,1,train,,1,solvent-specific Tier-1 GFN2/ddCOSMO optimized state geometry,tier1:redox:M026:S012:q0:m1,,303.15,wB97X-D3,def2-TZVPD,RIJCOSX + def2/J,TightSCF; DEFGRID3,custom_smd,solvent_smd_registry.csv,resolved_authoritative,8,3000,1.74,jhtvs-ft0806-sp-v3,T2_wB97X-D3_def2-TZVPD_SMD_energy_SP_v1,final_energy_Eh;CPCM_Dielectric_Eh;SMD_CDS_Eh;echoed_smd_vector;normal_termination;geometry_hash,planned,SRC_PROJECT_TIER2_CURRENT;SRC_ORCA61_SMD;SRC_HANDOFF_SPEC
SP0358,smd_energy_sp,M026_QP1_M2,S012,S012,RXN_MOX_M026;RXN_SIG_M026,fixed_geometry_auxiliary_and_reaction_SP,monomer,Pyrrole,Pyrroles,1,2,train,,1,solvent-specific Tier-1 GFN2/ddCOSMO optimized state geometry,tier1:redox:M026:S012:q1:m2,,303.15,wB97X-D3,def2-TZVPD,RIJCOSX + def2/J,TightSCF; DEFGRID3,custom_smd,solvent_smd_registry.csv,resolved_authoritative,8,3000,1.74,jhtvs-ft0806-sp-v3,T2_wB97X-D3_def2-TZVPD_SMD_energy_SP_v1,final_energy_Eh;CPCM_Dielectric_Eh;SMD_CDS_Eh;echoed_smd_vector;normal_termination;geometry_hash,planned,SRC_PROJECT_TIER2_CURRENT;SRC_ORCA61_SMD;SRC_HANDOFF_SPEC
SP0359,smd_energy_sp,M027_QP1_M2,S012,S012,RXN_SIG_M027,fixed_geometry_auxiliary_and_reaction_SP,monomer,N-Methylpyrrole,Pyrroles,1,2,test,test_full25,0,solvent-specific Tier-1 GFN2/ddCOSMO optimized state geometry,tier1:redox:M027:S012:q1:m2,,303.15,wB97X-D3,def2-TZVPD,RIJCOSX + def2/J,TightSCF; DEFGRID3,custom_smd,solvent_smd_registry.csv,resolved_authoritative,8,3000,1.74,jhtvs-ft0806-sp-v3,T2_wB97X-D3_def2-TZVPD_SMD_energy_SP_v1,final_energy_Eh;CPCM_Dielectric_Eh;SMD_CDS_Eh;echoed_smd_vector;normal_termination;geometry_hash,planned,SRC_PROJECT_TIER2_CURRENT;SRC_ORCA61_SMD;SRC_HANDOFF_SPEC
SP0360,smd_energy_sp,M042_Q0_M1,S012,S012,RXN_MOX_M042,fixed_geometry_auxiliary_and_reaction_SP,monomer,3-Octylfuran,Furans,0,1,train,,1,solvent-specific Tier-1 GFN2/ddCOSMO optimized state geometry,tier1:redox:M042:S012:q0:m1,,303.15,wB97X-D3,def2-TZVPD,RIJCOSX + def2/J,TightSCF; DEFGRID3,custom_smd,solvent_smd_registry.csv,resolved_authoritative,8,3000,1.74,jhtvs-ft0806-sp-v3,T2_wB97X-D3_def2-TZVPD_SMD_energy_SP_v1,final_energy_Eh;CPCM_Dielectric_Eh;SMD_CDS_Eh;echoed_smd_vector;normal_termination;geometry_hash,planned,SRC_PROJECT_TIER2_CURRENT;SRC_ORCA61_SMD;SRC_HANDOFF_SPEC
SP0361,smd_energy_sp,M042_QP1_M2,S012,S012,RXN_MOX_M042;RXN_SIG_M042,fixed_geometry_auxiliary_and_reaction_SP,monomer,3-Octylfuran,Furans,1,2,train,,1,solvent-specific Tier-1 GFN2/ddCOSMO optimized state geometry,tier1:redox:M042:S012:q1:m2,,303.15,wB97X-D3,def2-TZVPD,RIJCOSX + def2/J,TightSCF; DEFGRID3,custom_smd,solvent_smd_registry.csv,resolved_authoritative,8,3000,1.74,jhtvs-ft0806-sp-v3,T2_wB97X-D3_def2-TZVPD_SMD_energy_SP_v1,final_energy_Eh;CPCM_Dielectric_Eh;SMD_CDS_Eh;echoed_smd_vector;normal_termination;geometry_hash,planned,SRC_PROJECT_TIER2_CURRENT;SRC_ORCA61_SMD;SRC_HANDOFF_SPEC
SP0362,smd_energy_sp,M058_Q0_M1,S012,S012,RXN_MOX_M058,fixed_geometry_auxiliary_and_reaction_SP,monomer,"3,4-Ethylenedioxyselenophene (EDOS)",Selenophenes,0,1,val,,0,solvent-specific Tier-1 GFN2/ddCOSMO optimized state geometry,tier1:redox:M058:S012:q0:m1,,303.15,wB97X-D3,def2-TZVPD,RIJCOSX + def2/J,TightSCF; DEFGRID3,custom_smd,solvent_smd_registry.csv,resolved_authoritative,8,3000,1.74,jhtvs-ft0806-sp-v3,T2_wB97X-D3_def2-TZVPD_SMD_energy_SP_v1,final_energy_Eh;CPCM_Dielectric_Eh;SMD_CDS_Eh;echoed_smd_vector;normal_termination;geometry_hash,planned,SRC_PROJECT_TIER2_CURRENT;SRC_ORCA61_SMD;SRC_HANDOFF_SPEC
SP0363,smd_energy_sp,M058_QP1_M2,S012,S012,RXN_MOX_M058;RXN_SIG_M058,fixed_geometry_auxiliary_and_reaction_SP,monomer,"3,4-Ethylenedioxyselenophene (EDOS)",Selenophenes,1,2,val,,0,solvent-specific Tier-1 GFN2/ddCOSMO optimized state geometry,tier1:redox:M058:S012:q1:m2,,303.15,wB97X-D3,def2-TZVPD,RIJCOSX + def2/J,TightSCF; DEFGRID3,custom_smd,solvent_smd_registry.csv,resolved_authoritative,8,3000,1.74,jhtvs-ft0806-sp-v3,T2_wB97X-D3_def2-TZVPD_SMD_energy_SP_v1,final_energy_Eh;CPCM_Dielectric_Eh;SMD_CDS_Eh;echoed_smd_vector;normal_termination;geometry_hash,planned,SRC_PROJECT_TIER2_CURRENT;SRC_ORCA61_SMD;SRC_HANDOFF_SPEC
SP0364,smd_energy_sp,M074_Q0_M1,S012,S012,RXN_MOX_M074,fixed_geometry_auxiliary_and_reaction_SP,monomer,N-Octylcarbazole,Carbazoles,0,1,train,,1,solvent-specific Tier-1 GFN2/ddCOSMO optimized state geometry,tier1:redox:M074:S012:q0:m1,,303.15,wB97X-D3,def2-TZVPD,RIJCOSX + def2/J,TightSCF; DEFGRID3,custom_smd,solvent_smd_registry.csv,resolved_authoritative,8,3000,1.74,jhtvs-ft0806-sp-v3,T2_wB97X-D3_def2-TZVPD_SMD_energy_SP_v1,final_energy_Eh;CPCM_Dielectric_Eh;SMD_CDS_Eh;echoed_smd_vector;normal_termination;geometry_hash,planned,SRC_PROJECT_TIER2_CURRENT;SRC_ORCA61_SMD;SRC_HANDOFF_SPEC
SP0365,smd_energy_sp,M074_QP1_M2,S012,S012,RXN_MOX_M074,fixed_geometry_auxiliary_and_reaction_SP,monomer,N-Octylcarbazole,Carbazoles,1,2,train,,1,solvent-specific Tier-1 GFN2/ddCOSMO optimized state geometry,tier1:redox:M074:S012:q1:m2,,303.15,wB97X-D3,def2-TZVPD,RIJCOSX + def2/J,TightSCF; DEFGRID3,custom_smd,solvent_smd_registry.csv,resolved_authoritative,8,3000,1.74,jhtvs-ft0806-sp-v3,T2_wB97X-D3_def2-TZVPD_SMD_energy_SP_v1,final_energy_Eh;CPCM_Dielectric_Eh;SMD_CDS_Eh;echoed_smd_vector;normal_termination;geometry_hash,planned,SRC_PROJECT_TIER2_CURRENT;SRC_ORCA61_SMD;SRC_HANDOFF_SPEC
SP0366,smd_energy_sp,M084_Q0_M1,S012,S012,RXN_MOX_M084,fixed_geometry_auxiliary_and_reaction_SP,monomer,"4,7-Bis(thiophen-2-yl)-2,1,3-benzothiadiazole (TBT)",Donor–Acceptor units,0,1,test,test_full25,0,solvent-specific Tier-1 GFN2/ddCOSMO optimized state geometry,tier1:redox:M084:S012:q0:m1,,303.15,wB97X-D3,def2-TZVPD,RIJCOSX + def2/J,TightSCF; DEFGRID3,custom_smd,solvent_smd_registry.csv,resolved_authoritative,8,3000,1.74,jhtvs-ft0806-sp-v3,T2_wB97X-D3_def2-TZVPD_SMD_energy_SP_v1,final_energy_Eh;CPCM_Dielectric_Eh;SMD_CDS_Eh;echoed_smd_vector;normal_termination;geometry_hash,planned,SRC_PROJECT_TIER2_CURRENT;SRC_ORCA61_SMD;SRC_HANDOFF_SPEC
SP0367,smd_energy_sp,M084_QP1_M2,S012,S012,RXN_MOX_M084,fixed_geometry_auxiliary_and_reaction_SP,monomer,"4,7-Bis(thiophen-2-yl)-2,1,3-benzothiadiazole (TBT)",Donor–Acceptor units,1,2,test,test_full25,0,solvent-specific Tier-1 GFN2/ddCOSMO optimized state geometry,tier1:redox:M084:S012:q1:m2,,303.15,wB97X-D3,def2-TZVPD,RIJCOSX + def2/J,TightSCF; DEFGRID3,custom_smd,solvent_smd_registry.csv,resolved_authoritative,8,3000,1.74,jhtvs-ft0806-sp-v3,T2_wB97X-D3_def2-TZVPD_SMD_energy_SP_v1,final_energy_Eh;CPCM_Dielectric_Eh;SMD_CDS_Eh;echoed_smd_vector;normal_termination;geometry_hash,planned,SRC_PROJECT_TIER2_CURRENT;SRC_ORCA61_SMD;SRC_HANDOFF_SPEC
SP0368,smd_energy_sp,M086_Q0_M1,S012,S012,RXN_MOX_M086,fixed_geometry_auxiliary_and_reaction_SP,monomer,"Thieno[3,4-b]pyrazine",Donor–Acceptor units,0,1,train,,1,solvent-specific Tier-1 GFN2/ddCOSMO optimized state geometry,tier1:redox:M086:S012:q0:m1,,303.15,wB97X-D3,def2-TZVPD,RIJCOSX + def2/J,TightSCF; DEFGRID3,custom_smd,solvent_smd_registry.csv,resolved_authoritative,8,3000,1.74,jhtvs-ft0806-sp-v3,T2_wB97X-D3_def2-TZVPD_SMD_energy_SP_v1,final_energy_Eh;CPCM_Dielectric_Eh;SMD_CDS_Eh;echoed_smd_vector;normal_termination;geometry_hash,planned,SRC_PROJECT_TIER2_CURRENT;SRC_ORCA61_SMD;SRC_HANDOFF_SPEC
SP0369,smd_energy_sp,M086_QP1_M2,S012,S012,RXN_MOX_M086;RXN_SIG_M086,fixed_geometry_auxiliary_and_reaction_SP,monomer,"Thieno[3,4-b]pyrazine",Donor–Acceptor units,1,2,train,,1,solvent-specific Tier-1 GFN2/ddCOSMO optimized state geometry,tier1:redox:M086:S012:q1:m2,,303.15,wB97X-D3,def2-TZVPD,RIJCOSX + def2/J,TightSCF; DEFGRID3,custom_smd,solvent_smd_registry.csv,resolved_authoritative,8,3000,1.74,jhtvs-ft0806-sp-v3,T2_wB97X-D3_def2-TZVPD_SMD_energy_SP_v1,final_energy_Eh;CPCM_Dielectric_Eh;SMD_CDS_Eh;echoed_smd_vector;normal_termination;geometry_hash,planned,SRC_PROJECT_TIER2_CURRENT;SRC_ORCA61_SMD;SRC_HANDOFF_SPEC
SP0370,smd_energy_sp,S012_Q0_M1,S012,S012,RXN_SOX_S012,fixed_geometry_auxiliary_and_reaction_SP,solvent_oxidation_target,Sulfolane,Sulfone,0,1,train,self_medium,1,self-medium Tier-1 GFN2/ddCOSMO optimized state geometry,tier1:redox:S012:S012:q0:m1,,303.15,wB97X-D3,def2-TZVPD,RIJCOSX + def2/J,TightSCF; DEFGRID3,custom_smd,solvent_smd_registry.csv,resolved_authoritative,8,3000,1.74,jhtvs-ft0806-sp-v3,T2_wB97X-D3_def2-TZVPD_SMD_energy_SP_v1,final_energy_Eh;CPCM_Dielectric_Eh;SMD_CDS_Eh;echoed_smd_vector;normal_termination;geometry_hash,planned,SRC_PROJECT_TIER2_CURRENT;SRC_ORCA61_SMD;SRC_HANDOFF_SPEC
SP0371,smd_energy_sp,S012_QP1_M2,S012,S012,RXN_SOX_S012,fixed_geometry_auxiliary_and_reaction_SP,solvent_oxidation_target,Sulfolane,Sulfone,1,2,train,self_medium,1,self-medium Tier-1 GFN2/ddCOSMO optimized state geometry,tier1:redox:S012:S012:q1:m2,,303.15,wB97X-D3,def2-TZVPD,RIJCOSX + def2/J,TightSCF; DEFGRID3,custom_smd,solvent_smd_registry.csv,resolved_authoritative,8,3000,1.74,jhtvs-ft0806-sp-v3,T2_wB97X-D3_def2-TZVPD_SMD_energy_SP_v1,final_energy_Eh;CPCM_Dielectric_Eh;SMD_CDS_Eh;echoed_smd_vector;normal_termination;geometry_hash,planned,SRC_PROJECT_TIER2_CURRENT;SRC_ORCA61_SMD;SRC_HANDOFF_SPEC
SP0372,smd_energy_sp,A002_Q0_M2,S013,S013,RXN_AOX_A002,fixed_geometry_auxiliary_and_reaction_SP,electrolyte_anion,Tetrafluoroborate (BF4−),Lithium; Tetraalkylammonium,0,2,test,test_full25,0,solvent-specific Tier-1 GFN2/ddCOSMO optimized state geometry,tier1:redox:A002:S013:q0:m2,,298.15,wB97X-D3,def2-TZVPD,RIJCOSX + def2/J,TightSCF; DEFGRID3,custom_smd,solvent_smd_registry.csv,resolved_authoritative,8,3000,1.74,jhtvs-ft0806-sp-v3,T2_wB97X-D3_def2-TZVPD_SMD_energy_SP_v1,final_energy_Eh;CPCM_Dielectric_Eh;SMD_CDS_Eh;echoed_smd_vector;normal_termination;geometry_hash,planned,SRC_PROJECT_TIER2_CURRENT;SRC_ORCA61_SMD;SRC_HANDOFF_SPEC
SP0373,smd_energy_sp,A002_QM1_M1,S013,S013,RXN_AOX_A002,fixed_geometry_auxiliary_and_reaction_SP,electrolyte_anion,Tetrafluoroborate (BF4−),Lithium; Tetraalkylammonium,-1,1,test,test_full25,0,solvent-specific Tier-1 GFN2/ddCOSMO optimized state geometry,tier1:redox:A002:S013:q-1:m1,,298.15,wB97X-D3,def2-TZVPD,RIJCOSX + def2/J,TightSCF; DEFGRID3,custom_smd,solvent_smd_registry.csv,resolved_authoritative,8,3000,1.74,jhtvs-ft0806-sp-v3,T2_wB97X-D3_def2-TZVPD_SMD_energy_SP_v1,final_energy_Eh;CPCM_Dielectric_Eh;SMD_CDS_Eh;echoed_smd_vector;normal_termination;geometry_hash,planned,SRC_PROJECT_TIER2_CURRENT;SRC_ORCA61_SMD;SRC_HANDOFF_SPEC
SP0374,smd_energy_sp,A005_Q0_M2,S013,S013,RXN_AOX_A005,fixed_geometry_auxiliary_and_reaction_SP,electrolyte_anion,Bis(trifluoromethanesulfonyl)imide (TFSI−),Lithium; Tetraalkylammonium,0,2,train,train_full25,1,solvent-specific Tier-1 GFN2/ddCOSMO optimized state geometry,tier1:redox:A005:S013:q0:m2,,298.15,wB97X-D3,def2-TZVPD,RIJCOSX + def2/J,TightSCF; DEFGRID3,custom_smd,solvent_smd_registry.csv,resolved_authoritative,8,3000,1.74,jhtvs-ft0806-sp-v3,T2_wB97X-D3_def2-TZVPD_SMD_energy_SP_v1,final_energy_Eh;CPCM_Dielectric_Eh;SMD_CDS_Eh;echoed_smd_vector;normal_termination;geometry_hash,planned,SRC_PROJECT_TIER2_CURRENT;SRC_ORCA61_SMD;SRC_HANDOFF_SPEC
SP0375,smd_energy_sp,A005_QM1_M1,S013,S013,RXN_AOX_A005,fixed_geometry_auxiliary_and_reaction_SP,electrolyte_anion,Bis(trifluoromethanesulfonyl)imide (TFSI−),Lithium; Tetraalkylammonium,-1,1,train,train_full25,1,solvent-specific Tier-1 GFN2/ddCOSMO optimized state geometry,tier1:redox:A005:S013:q-1:m1,,298.15,wB97X-D3,def2-TZVPD,RIJCOSX + def2/J,TightSCF; DEFGRID3,custom_smd,solvent_smd_registry.csv,resolved_authoritative,8,3000,1.74,jhtvs-ft0806-sp-v3,T2_wB97X-D3_def2-TZVPD_SMD_energy_SP_v1,final_energy_Eh;CPCM_Dielectric_Eh;SMD_CDS_Eh;echoed_smd_vector;normal_termination;geometry_hash,planned,SRC_PROJECT_TIER2_CURRENT;SRC_ORCA61_SMD;SRC_HANDOFF_SPEC
SP0376,smd_energy_sp,A010_Q0_M2,S013,S013,RXN_AOX_A010,fixed_geometry_auxiliary_and_reaction_SP,electrolyte_anion,Camphor-10-sulfonate (CSA−),Organic acid,0,2,train,,1,solvent-specific Tier-1 GFN2/ddCOSMO optimized state geometry,tier1:redox:A010:S013:q0:m2,,298.15,wB97X-D3,def2-TZVPD,RIJCOSX + def2/J,TightSCF; DEFGRID3,custom_smd,solvent_smd_registry.csv,resolved_authoritative,8,3000,1.74,jhtvs-ft0806-sp-v3,T2_wB97X-D3_def2-TZVPD_SMD_energy_SP_v1,final_energy_Eh;CPCM_Dielectric_Eh;SMD_CDS_Eh;echoed_smd_vector;normal_termination;geometry_hash,planned,SRC_PROJECT_TIER2_CURRENT;SRC_ORCA61_SMD;SRC_HANDOFF_SPEC
SP0377,smd_energy_sp,A010_QM1_M1,S013,S013,RXN_AOX_A010,fixed_geometry_auxiliary_and_reaction_SP,electrolyte_anion,Camphor-10-sulfonate (CSA−),Organic acid,-1,1,train,,1,solvent-specific Tier-1 GFN2/ddCOSMO optimized state geometry,tier1:redox:A010:S013:q-1:m1,,298.15,wB97X-D3,def2-TZVPD,RIJCOSX + def2/J,TightSCF; DEFGRID3,custom_smd,solvent_smd_registry.csv,resolved_authoritative,8,3000,1.74,jhtvs-ft0806-sp-v3,T2_wB97X-D3_def2-TZVPD_SMD_energy_SP_v1,final_energy_Eh;CPCM_Dielectric_Eh;SMD_CDS_Eh;echoed_smd_vector;normal_termination;geometry_hash,planned,SRC_PROJECT_TIER2_CURRENT;SRC_ORCA61_SMD;SRC_HANDOFF_SPEC
SP0378,smd_energy_sp,D022_QP2_M1,S013,S013,RXN_SIG_M022,fixed_geometry_auxiliary_and_reaction_SP,sigma_complex_dication,"3,4-Ethylenedioxythiophene (EDOT) sigma-complex dication",Thiophenes,2,1,train,train_full25,1,deterministic sigma construction then solvent-specific GFN2/ddCOSMO preoptimization with connectivity QC,surrogate:sigma_preopt:D022:S013:q2:m1,,298.15,wB97X-D3,def2-TZVPD,RIJCOSX + def2/J,TightSCF; DEFGRID3,custom_smd,solvent_smd_registry.csv,resolved_authoritative,8,3000,4.22,jhtvs-ft0806-sp-v3,T2_wB97X-D3_def2-TZVPD_SMD_energy_SP_v1,final_energy_Eh;CPCM_Dielectric_Eh;SMD_CDS_Eh;echoed_smd_vector;normal_termination;geometry_hash,planned,SRC_PROJECT_TIER2_CURRENT;SRC_ORCA61_SMD;SRC_HANDOFF_SPEC
SP0379,smd_energy_sp,D027_QP2_M1,S013,S013,RXN_SIG_M027,fixed_geometry_auxiliary_and_reaction_SP,sigma_complex_dication,N-Methylpyrrole sigma-complex dication,Pyrroles,2,1,test,test_full25,0,deterministic sigma construction then solvent-specific GFN2/ddCOSMO preoptimization with connectivity QC,surrogate:sigma_preopt:D027:S013:q2:m1,,298.15,wB97X-D3,def2-TZVPD,RIJCOSX + def2/J,TightSCF; DEFGRID3,custom_smd,solvent_smd_registry.csv,resolved_authoritative,8,3000,4.22,jhtvs-ft0806-sp-v3,T2_wB97X-D3_def2-TZVPD_SMD_energy_SP_v1,final_energy_Eh;CPCM_Dielectric_Eh;SMD_CDS_Eh;echoed_smd_vector;normal_termination;geometry_hash,planned,SRC_PROJECT_TIER2_CURRENT;SRC_ORCA61_SMD;SRC_HANDOFF_SPEC
SP0380,smd_energy_sp,D068_QP2_M1,S013,S013,RXN_SIG_M068,fixed_geometry_auxiliary_and_reaction_SP,sigma_complex_dication,"2,6-Dimethylaniline sigma-complex dication",Anilines,2,1,train,,1,deterministic sigma construction then solvent-specific GFN2/ddCOSMO preoptimization with connectivity QC,surrogate:sigma_preopt:D068:S013:q2:m1,,298.15,wB97X-D3,def2-TZVPD,RIJCOSX + def2/J,TightSCF; DEFGRID3,custom_smd,solvent_smd_registry.csv,resolved_authoritative,8,3000,4.22,jhtvs-ft0806-sp-v3,T2_wB97X-D3_def2-TZVPD_SMD_energy_SP_v1,final_energy_Eh;CPCM_Dielectric_Eh;SMD_CDS_Eh;echoed_smd_vector;normal_termination;geometry_hash,planned,SRC_PROJECT_TIER2_CURRENT;SRC_ORCA61_SMD;SRC_HANDOFF_SPEC
SP0381,smd_energy_sp,D078_QP2_M1,S013,S013,RXN_SIG_M078,fixed_geometry_auxiliary_and_reaction_SP,sigma_complex_dication,"9,9-Dimethylfluorene sigma-complex dication",Fluorenes,2,1,val,,0,deterministic sigma construction then solvent-specific GFN2/ddCOSMO preoptimization with connectivity QC,surrogate:sigma_preopt:D078:S013:q2:m1,,298.15,wB97X-D3,def2-TZVPD,RIJCOSX + def2/J,TightSCF; DEFGRID3,custom_smd,solvent_smd_registry.csv,resolved_authoritative,8,3000,4.22,jhtvs-ft0806-sp-v3,T2_wB97X-D3_def2-TZVPD_SMD_energy_SP_v1,final_energy_Eh;CPCM_Dielectric_Eh;SMD_CDS_Eh;echoed_smd_vector;normal_termination;geometry_hash,planned,SRC_PROJECT_TIER2_CURRENT;SRC_ORCA61_SMD;SRC_HANDOFF_SPEC
SP0382,smd_energy_sp,D094_QP2_M1,S013,S013,RXN_SIG_M094,fixed_geometry_auxiliary_and_reaction_SP,sigma_complex_dication,"Cyclopenta[2,1-b:3,4-b′]dithiophene (CPDT) sigma-complex dication",Fused-ring systems,2,1,train,,1,deterministic sigma construction then solvent-specific GFN2/ddCOSMO preoptimization with connectivity QC,surrogate:sigma_preopt:D094:S013:q2:m1,,298.15,wB97X-D3,def2-TZVPD,RIJCOSX + def2/J,TightSCF; DEFGRID3,custom_smd,solvent_smd_registry.csv,resolved_authoritative,8,3000,4.22,jhtvs-ft0806-sp-v3,T2_wB97X-D3_def2-TZVPD_SMD_energy_SP_v1,final_energy_Eh;CPCM_Dielectric_Eh;SMD_CDS_Eh;echoed_smd_vector;normal_termination;geometry_hash,planned,SRC_PROJECT_TIER2_CURRENT;SRC_ORCA61_SMD;SRC_HANDOFF_SPEC
SP0383,smd_energy_sp,M017_Q0_M1,S013,S013,RXN_MOX_M017,fixed_geometry_auxiliary_and_reaction_SP,monomer,"3,4-Diethylthiophene",Thiophenes,0,1,train,,1,solvent-specific Tier-1 GFN2/ddCOSMO optimized state geometry,tier1:redox:M017:S013:q0:m1,,298.15,wB97X-D3,def2-TZVPD,RIJCOSX + def2/J,TightSCF; DEFGRID3,custom_smd,solvent_smd_registry.csv,resolved_authoritative,8,3000,1.74,jhtvs-ft0806-sp-v3,T2_wB97X-D3_def2-TZVPD_SMD_energy_SP_v1,final_energy_Eh;CPCM_Dielectric_Eh;SMD_CDS_Eh;echoed_smd_vector;normal_termination;geometry_hash,planned,SRC_PROJECT_TIER2_CURRENT;SRC_ORCA61_SMD;SRC_HANDOFF_SPEC
SP0384,smd_energy_sp,M017_QP1_M2,S013,S013,RXN_MOX_M017,fixed_geometry_auxiliary_and_reaction_SP,monomer,"3,4-Diethylthiophene",Thiophenes,1,2,train,,1,solvent-specific Tier-1 GFN2/ddCOSMO optimized state geometry,tier1:redox:M017:S013:q1:m2,,298.15,wB97X-D3,def2-TZVPD,RIJCOSX + def2/J,TightSCF; DEFGRID3,custom_smd,solvent_smd_registry.csv,resolved_authoritative,8,3000,1.74,jhtvs-ft0806-sp-v3,T2_wB97X-D3_def2-TZVPD_SMD_energy_SP_v1,final_energy_Eh;CPCM_Dielectric_Eh;SMD_CDS_Eh;echoed_smd_vector;normal_termination;geometry_hash,planned,SRC_PROJECT_TIER2_CURRENT;SRC_ORCA61_SMD;SRC_HANDOFF_SPEC
SP0385,smd_energy_sp,M022_Q0_M1,S013,S013,RXN_MOX_M022,fixed_geometry_auxiliary_and_reaction_SP,monomer,"3,4-Ethylenedioxythiophene (EDOT)",Thiophenes,0,1,train,train_full25,1,solvent-specific Tier-1 GFN2/ddCOSMO optimized state geometry,tier1:redox:M022:S013:q0:m1,,298.15,wB97X-D3,def2-TZVPD,RIJCOSX + def2/J,TightSCF; DEFGRID3,custom_smd,solvent_smd_registry.csv,resolved_authoritative,8,3000,1.74,jhtvs-ft0806-sp-v3,T2_wB97X-D3_def2-TZVPD_SMD_energy_SP_v1,final_energy_Eh;CPCM_Dielectric_Eh;SMD_CDS_Eh;echoed_smd_vector;normal_termination;geometry_hash,planned,SRC_PROJECT_TIER2_CURRENT;SRC_ORCA61_SMD;SRC_HANDOFF_SPEC
SP0386,smd_energy_sp,M022_QP1_M2,S013,S013,RXN_MOX_M022;RXN_SIG_M022,fixed_geometry_auxiliary_and_reaction_SP,monomer,"3,4-Ethylenedioxythiophene (EDOT)",Thiophenes,1,2,train,train_full25,1,solvent-specific Tier-1 GFN2/ddCOSMO optimized state geometry,tier1:redox:M022:S013:q1:m2,,298.15,wB97X-D3,def2-TZVPD,RIJCOSX + def2/J,TightSCF; DEFGRID3,custom_smd,solvent_smd_registry.csv,resolved_authoritative,8,3000,1.74,jhtvs-ft0806-sp-v3,T2_wB97X-D3_def2-TZVPD_SMD_energy_SP_v1,final_energy_Eh;CPCM_Dielectric_Eh;SMD_CDS_Eh;echoed_smd_vector;normal_termination;geometry_hash,planned,SRC_PROJECT_TIER2_CURRENT;SRC_ORCA61_SMD;SRC_HANDOFF_SPEC
SP0387,smd_energy_sp,M027_QP1_M2,S013,S013,RXN_SIG_M027,fixed_geometry_auxiliary_and_reaction_SP,monomer,N-Methylpyrrole,Pyrroles,1,2,test,test_full25,0,solvent-specific Tier-1 GFN2/ddCOSMO optimized state geometry,tier1:redox:M027:S013:q1:m2,,298.15,wB97X-D3,def2-TZVPD,RIJCOSX + def2/J,TightSCF; DEFGRID3,custom_smd,solvent_smd_registry.csv,resolved_authoritative,8,3000,1.74,jhtvs-ft0806-sp-v3,T2_wB97X-D3_def2-TZVPD_SMD_energy_SP_v1,final_energy_Eh;CPCM_Dielectric_Eh;SMD_CDS_Eh;echoed_smd_vector;normal_termination;geometry_hash,planned,SRC_PROJECT_TIER2_CURRENT;SRC_ORCA61_SMD;SRC_HANDOFF_SPEC
SP0388,smd_energy_sp,M031_Q0_M1,S013,S013,RXN_MOX_M031,fixed_geometry_auxiliary_and_reaction_SP,monomer,N-Octylpyrrole,Pyrroles,0,1,val,,0,solvent-specific Tier-1 GFN2/ddCOSMO optimized state geometry,tier1:redox:M031:S013:q0:m1,,298.15,wB97X-D3,def2-TZVPD,RIJCOSX + def2/J,TightSCF; DEFGRID3,custom_smd,solvent_smd_registry.csv,resolved_authoritative,8,3000,1.74,jhtvs-ft0806-sp-v3,T2_wB97X-D3_def2-TZVPD_SMD_energy_SP_v1,final_energy_Eh;CPCM_Dielectric_Eh;SMD_CDS_Eh;echoed_smd_vector;normal_termination;geometry_hash,planned,SRC_PROJECT_TIER2_CURRENT;SRC_ORCA61_SMD;SRC_HANDOFF_SPEC
SP0389,smd_energy_sp,M031_QP1_M2,S013,S013,RXN_MOX_M031,fixed_geometry_auxiliary_and_reaction_SP,monomer,N-Octylpyrrole,Pyrroles,1,2,val,,0,solvent-specific Tier-1 GFN2/ddCOSMO optimized state geometry,tier1:redox:M031:S013:q1:m2,,298.15,wB97X-D3,def2-TZVPD,RIJCOSX + def2/J,TightSCF; DEFGRID3,custom_smd,solvent_smd_registry.csv,resolved_authoritative,8,3000,1.74,jhtvs-ft0806-sp-v3,T2_wB97X-D3_def2-TZVPD_SMD_energy_SP_v1,final_energy_Eh;CPCM_Dielectric_Eh;SMD_CDS_Eh;echoed_smd_vector;normal_termination;geometry_hash,planned,SRC_PROJECT_TIER2_CURRENT;SRC_ORCA61_SMD;SRC_HANDOFF_SPEC
SP0390,smd_energy_sp,M048_Q0_M1,S013,S013,RXN_MOX_M048,fixed_geometry_auxiliary_and_reaction_SP,monomer,"2,2′-Bifuran",Furans,0,1,test,,0,solvent-specific Tier-1 GFN2/ddCOSMO optimized state geometry,tier1:redox:M048:S013:q0:m1,,298.15,wB97X-D3,def2-TZVPD,RIJCOSX + def2/J,TightSCF; DEFGRID3,custom_smd,solvent_smd_registry.csv,resolved_authoritative,8,3000,1.74,jhtvs-ft0806-sp-v3,T2_wB97X-D3_def2-TZVPD_SMD_energy_SP_v1,final_energy_Eh;CPCM_Dielectric_Eh;SMD_CDS_Eh;echoed_smd_vector;normal_termination;geometry_hash,planned,SRC_PROJECT_TIER2_CURRENT;SRC_ORCA61_SMD;SRC_HANDOFF_SPEC
SP0391,smd_energy_sp,M048_QP1_M2,S013,S013,RXN_MOX_M048,fixed_geometry_auxiliary_and_reaction_SP,monomer,"2,2′-Bifuran",Furans,1,2,test,,0,solvent-specific Tier-1 GFN2/ddCOSMO optimized state geometry,tier1:redox:M048:S013:q1:m2,,298.15,wB97X-D3,def2-TZVPD,RIJCOSX + def2/J,TightSCF; DEFGRID3,custom_smd,solvent_smd_registry.csv,resolved_authoritative,8,3000,1.74,jhtvs-ft0806-sp-v3,T2_wB97X-D3_def2-TZVPD_SMD_energy_SP_v1,final_energy_Eh;CPCM_Dielectric_Eh;SMD_CDS_Eh;echoed_smd_vector;normal_termination;geometry_hash,planned,SRC_PROJECT_TIER2_CURRENT;SRC_ORCA61_SMD;SRC_HANDOFF_SPEC
SP0392,smd_energy_sp,M068_Q0_M1,S013,S013,RXN_MOX_M068,fixed_geometry_auxiliary_and_reaction_SP,monomer,"2,6-Dimethylaniline",Anilines,0,1,train,,1,solvent-specific Tier-1 GFN2/ddCOSMO optimized state geometry,tier1:redox:M068:S013:q0:m1,,298.15,wB97X-D3,def2-TZVPD,RIJCOSX + def2/J,TightSCF; DEFGRID3,custom_smd,solvent_smd_registry.csv,resolved_authoritative,8,3000,1.74,jhtvs-ft0806-sp-v3,T2_wB97X-D3_def2-TZVPD_SMD_energy_SP_v1,final_energy_Eh;CPCM_Dielectric_Eh;SMD_CDS_Eh;echoed_smd_vector;normal_termination;geometry_hash,planned,SRC_PROJECT_TIER2_CURRENT;SRC_ORCA61_SMD;SRC_HANDOFF_SPEC
SP0393,smd_energy_sp,M068_QP1_M2,S013,S013,RXN_MOX_M068;RXN_SIG_M068,fixed_geometry_auxiliary_and_reaction_SP,monomer,"2,6-Dimethylaniline",Anilines,1,2,train,,1,solvent-specific Tier-1 GFN2/ddCOSMO optimized state geometry,tier1:redox:M068:S013:q1:m2,,298.15,wB97X-D3,def2-TZVPD,RIJCOSX + def2/J,TightSCF; DEFGRID3,custom_smd,solvent_smd_registry.csv,resolved_authoritative,8,3000,1.74,jhtvs-ft0806-sp-v3,T2_wB97X-D3_def2-TZVPD_SMD_energy_SP_v1,final_energy_Eh;CPCM_Dielectric_Eh;SMD_CDS_Eh;echoed_smd_vector;normal_termination;geometry_hash,planned,SRC_PROJECT_TIER2_CURRENT;SRC_ORCA61_SMD;SRC_HANDOFF_SPEC
SP0394,smd_energy_sp,M078_Q0_M1,S013,S013,RXN_MOX_M078,fixed_geometry_auxiliary_and_reaction_SP,monomer,"9,9-Dimethylfluorene",Fluorenes,0,1,val,,0,solvent-specific Tier-1 GFN2/ddCOSMO optimized state geometry,tier1:redox:M078:S013:q0:m1,,298.15,wB97X-D3,def2-TZVPD,RIJCOSX + def2/J,TightSCF; DEFGRID3,custom_smd,solvent_smd_registry.csv,resolved_authoritative,8,3000,1.74,jhtvs-ft0806-sp-v3,T2_wB97X-D3_def2-TZVPD_SMD_energy_SP_v1,final_energy_Eh;CPCM_Dielectric_Eh;SMD_CDS_Eh;echoed_smd_vector;normal_termination;geometry_hash,planned,SRC_PROJECT_TIER2_CURRENT;SRC_ORCA61_SMD;SRC_HANDOFF_SPEC
SP0395,smd_energy_sp,M078_QP1_M2,S013,S013,RXN_MOX_M078;RXN_SIG_M078,fixed_geometry_auxiliary_and_reaction_SP,monomer,"9,9-Dimethylfluorene",Fluorenes,1,2,val,,0,solvent-specific Tier-1 GFN2/ddCOSMO optimized state geometry,tier1:redox:M078:S013:q1:m2,,298.15,wB97X-D3,def2-TZVPD,RIJCOSX + def2/J,TightSCF; DEFGRID3,custom_smd,solvent_smd_registry.csv,resolved_authoritative,8,3000,1.74,jhtvs-ft0806-sp-v3,T2_wB97X-D3_def2-TZVPD_SMD_energy_SP_v1,final_energy_Eh;CPCM_Dielectric_Eh;SMD_CDS_Eh;echoed_smd_vector;normal_termination;geometry_hash,planned,SRC_PROJECT_TIER2_CURRENT;SRC_ORCA61_SMD;SRC_HANDOFF_SPEC
SP0396,smd_energy_sp,M084_Q0_M1,S013,S013,RXN_MOX_M084,fixed_geometry_auxiliary_and_reaction_SP,monomer,"4,7-Bis(thiophen-2-yl)-2,1,3-benzothiadiazole (TBT)",Donor–Acceptor units,0,1,test,test_full25,0,solvent-specific Tier-1 GFN2/ddCOSMO optimized state geometry,tier1:redox:M084:S013:q0:m1,,298.15,wB97X-D3,def2-TZVPD,RIJCOSX + def2/J,TightSCF; DEFGRID3,custom_smd,solvent_smd_registry.csv,resolved_authoritative,8,3000,1.74,jhtvs-ft0806-sp-v3,T2_wB97X-D3_def2-TZVPD_SMD_energy_SP_v1,final_energy_Eh;CPCM_Dielectric_Eh;SMD_CDS_Eh;echoed_smd_vector;normal_termination;geometry_hash,planned,SRC_PROJECT_TIER2_CURRENT;SRC_ORCA61_SMD;SRC_HANDOFF_SPEC
SP0397,smd_energy_sp,M084_QP1_M2,S013,S013,RXN_MOX_M084,fixed_geometry_auxiliary_and_reaction_SP,monomer,"4,7-Bis(thiophen-2-yl)-2,1,3-benzothiadiazole (TBT)",Donor–Acceptor units,1,2,test,test_full25,0,solvent-specific Tier-1 GFN2/ddCOSMO optimized state geometry,tier1:redox:M084:S013:q1:m2,,298.15,wB97X-D3,def2-TZVPD,RIJCOSX + def2/J,TightSCF; DEFGRID3,custom_smd,solvent_smd_registry.csv,resolved_authoritative,8,3000,1.74,jhtvs-ft0806-sp-v3,T2_wB97X-D3_def2-TZVPD_SMD_energy_SP_v1,final_energy_Eh;CPCM_Dielectric_Eh;SMD_CDS_Eh;echoed_smd_vector;normal_termination;geometry_hash,planned,SRC_PROJECT_TIER2_CURRENT;SRC_ORCA61_SMD;SRC_HANDOFF_SPEC
SP0398,smd_energy_sp,M094_Q0_M1,S013,S013,RXN_MOX_M094,fixed_geometry_auxiliary_and_reaction_SP,monomer,"Cyclopenta[2,1-b:3,4-b′]dithiophene (CPDT)",Fused-ring systems,0,1,train,,1,solvent-specific Tier-1 GFN2/ddCOSMO optimized state geometry,tier1:redox:M094:S013:q0:m1,,298.15,wB97X-D3,def2-TZVPD,RIJCOSX + def2/J,TightSCF; DEFGRID3,custom_smd,solvent_smd_registry.csv,resolved_authoritative,8,3000,1.74,jhtvs-ft0806-sp-v3,T2_wB97X-D3_def2-TZVPD_SMD_energy_SP_v1,final_energy_Eh;CPCM_Dielectric_Eh;SMD_CDS_Eh;echoed_smd_vector;normal_termination;geometry_hash,planned,SRC_PROJECT_TIER2_CURRENT;SRC_ORCA61_SMD;SRC_HANDOFF_SPEC
SP0399,smd_energy_sp,M094_QP1_M2,S013,S013,RXN_MOX_M094;RXN_SIG_M094,fixed_geometry_auxiliary_and_reaction_SP,monomer,"Cyclopenta[2,1-b:3,4-b′]dithiophene (CPDT)",Fused-ring systems,1,2,train,,1,solvent-specific Tier-1 GFN2/ddCOSMO optimized state geometry,tier1:redox:M094:S013:q1:m2,,298.15,wB97X-D3,def2-TZVPD,RIJCOSX + def2/J,TightSCF; DEFGRID3,custom_smd,solvent_smd_registry.csv,resolved_authoritative,8,3000,1.74,jhtvs-ft0806-sp-v3,T2_wB97X-D3_def2-TZVPD_SMD_energy_SP_v1,final_energy_Eh;CPCM_Dielectric_Eh;SMD_CDS_Eh;echoed_smd_vector;normal_termination;geometry_hash,planned,SRC_PROJECT_TIER2_CURRENT;SRC_ORCA61_SMD;SRC_HANDOFF_SPEC
SP0400,smd_energy_sp,S013_Q0_M1,S013,S013,RXN_SOX_S013,fixed_geometry_auxiliary_and_reaction_SP,solvent_oxidation_target,N-Methyl-2-pyrrolidone (NMP),Lactam,0,1,train,self_medium,1,self-medium Tier-1 GFN2/ddCOSMO optimized state geometry,tier1:redox:S013:S013:q0:m1,,298.15,wB97X-D3,def2-TZVPD,RIJCOSX + def2/J,TightSCF; DEFGRID3,custom_smd,solvent_smd_registry.csv,resolved_authoritative,8,3000,1.74,jhtvs-ft0806-sp-v3,T2_wB97X-D3_def2-TZVPD_SMD_energy_SP_v1,final_energy_Eh;CPCM_Dielectric_Eh;SMD_CDS_Eh;echoed_smd_vector;normal_termination;geometry_hash,planned,SRC_PROJECT_TIER2_CURRENT;SRC_ORCA61_SMD;SRC_HANDOFF_SPEC
SP0401,smd_energy_sp,S013_QP1_M2,S013,S013,RXN_SOX_S013,fixed_geometry_auxiliary_and_reaction_SP,solvent_oxidation_target,N-Methyl-2-pyrrolidone (NMP),Lactam,1,2,train,self_medium,1,self-medium Tier-1 GFN2/ddCOSMO optimized state geometry,tier1:redox:S013:S013:q1:m2,,298.15,wB97X-D3,def2-TZVPD,RIJCOSX + def2/J,TightSCF; DEFGRID3,custom_smd,solvent_smd_registry.csv,resolved_authoritative,8,3000,1.74,jhtvs-ft0806-sp-v3,T2_wB97X-D3_def2-TZVPD_SMD_energy_SP_v1,final_energy_Eh;CPCM_Dielectric_Eh;SMD_CDS_Eh;echoed_smd_vector;normal_termination;geometry_hash,planned,SRC_PROJECT_TIER2_CURRENT;SRC_ORCA61_SMD;SRC_HANDOFF_SPEC
SP0402,smd_energy_sp,A002_Q0_M2,S014,S014,RXN_AOX_A002,fixed_geometry_auxiliary_and_reaction_SP,electrolyte_anion,Tetrafluoroborate (BF4−),Lithium; Tetraalkylammonium,0,2,test,test_full25,0,solvent-specific Tier-1 GFN2/ddCOSMO optimized state geometry,tier1:redox:A002:S014:q0:m2,,298.15,wB97X-D3,def2-TZVPD,RIJCOSX + def2/J,TightSCF; DEFGRID3,custom_smd,solvent_smd_registry.csv,resolved_authoritative,8,3000,1.74,jhtvs-ft0806-sp-v3,T2_wB97X-D3_def2-TZVPD_SMD_energy_SP_v1,final_energy_Eh;CPCM_Dielectric_Eh;SMD_CDS_Eh;echoed_smd_vector;normal_termination;geometry_hash,planned,SRC_PROJECT_TIER2_CURRENT;SRC_ORCA61_SMD;SRC_HANDOFF_SPEC
SP0403,smd_energy_sp,A002_QM1_M1,S014,S014,RXN_AOX_A002,fixed_geometry_auxiliary_and_reaction_SP,electrolyte_anion,Tetrafluoroborate (BF4−),Lithium; Tetraalkylammonium,-1,1,test,test_full25,0,solvent-specific Tier-1 GFN2/ddCOSMO optimized state geometry,tier1:redox:A002:S014:q-1:m1,,298.15,wB97X-D3,def2-TZVPD,RIJCOSX + def2/J,TightSCF; DEFGRID3,custom_smd,solvent_smd_registry.csv,resolved_authoritative,8,3000,1.74,jhtvs-ft0806-sp-v3,T2_wB97X-D3_def2-TZVPD_SMD_energy_SP_v1,final_energy_Eh;CPCM_Dielectric_Eh;SMD_CDS_Eh;echoed_smd_vector;normal_termination;geometry_hash,planned,SRC_PROJECT_TIER2_CURRENT;SRC_ORCA61_SMD;SRC_HANDOFF_SPEC
SP0404,smd_energy_sp,A005_Q0_M2,S014,S014,RXN_AOX_A005,fixed_geometry_auxiliary_and_reaction_SP,electrolyte_anion,Bis(trifluoromethanesulfonyl)imide (TFSI−),Lithium; Tetraalkylammonium,0,2,train,train_full25,1,solvent-specific Tier-1 GFN2/ddCOSMO optimized state geometry,tier1:redox:A005:S014:q0:m2,,298.15,wB97X-D3,def2-TZVPD,RIJCOSX + def2/J,TightSCF; DEFGRID3,custom_smd,solvent_smd_registry.csv,resolved_authoritative,8,3000,1.74,jhtvs-ft0806-sp-v3,T2_wB97X-D3_def2-TZVPD_SMD_energy_SP_v1,final_energy_Eh;CPCM_Dielectric_Eh;SMD_CDS_Eh;echoed_smd_vector;normal_termination;geometry_hash,planned,SRC_PROJECT_TIER2_CURRENT;SRC_ORCA61_SMD;SRC_HANDOFF_SPEC
SP0405,smd_energy_sp,A005_QM1_M1,S014,S014,RXN_AOX_A005,fixed_geometry_auxiliary_and_reaction_SP,electrolyte_anion,Bis(trifluoromethanesulfonyl)imide (TFSI−),Lithium; Tetraalkylammonium,-1,1,train,train_full25,1,solvent-specific Tier-1 GFN2/ddCOSMO optimized state geometry,tier1:redox:A005:S014:q-1:m1,,298.15,wB97X-D3,def2-TZVPD,RIJCOSX + def2/J,TightSCF; DEFGRID3,custom_smd,solvent_smd_registry.csv,resolved_authoritative,8,3000,1.74,jhtvs-ft0806-sp-v3,T2_wB97X-D3_def2-TZVPD_SMD_energy_SP_v1,final_energy_Eh;CPCM_Dielectric_Eh;SMD_CDS_Eh;echoed_smd_vector;normal_termination;geometry_hash,planned,SRC_PROJECT_TIER2_CURRENT;SRC_ORCA61_SMD;SRC_HANDOFF_SPEC
SP0406,smd_energy_sp,D022_QP2_M1,S014,S014,RXN_SIG_M022,fixed_geometry_auxiliary_and_reaction_SP,sigma_complex_dication,"3,4-Ethylenedioxythiophene (EDOT) sigma-complex dication",Thiophenes,2,1,train,train_full25,1,deterministic sigma construction then solvent-specific GFN2/ddCOSMO preoptimization with connectivity QC,surrogate:sigma_preopt:D022:S014:q2:m1,,298.15,wB97X-D3,def2-TZVPD,RIJCOSX + def2/J,TightSCF; DEFGRID3,custom_smd,solvent_smd_registry.csv,resolved_authoritative,8,3000,4.22,jhtvs-ft0806-sp-v3,T2_wB97X-D3_def2-TZVPD_SMD_energy_SP_v1,final_energy_Eh;CPCM_Dielectric_Eh;SMD_CDS_Eh;echoed_smd_vector;normal_termination;geometry_hash,planned,SRC_PROJECT_TIER2_CURRENT;SRC_ORCA61_SMD;SRC_HANDOFF_SPEC
SP0407,smd_energy_sp,D027_QP2_M1,S014,S014,RXN_SIG_M027,fixed_geometry_auxiliary_and_reaction_SP,sigma_complex_dication,N-Methylpyrrole sigma-complex dication,Pyrroles,2,1,test,test_full25,0,deterministic sigma construction then solvent-specific GFN2/ddCOSMO preoptimization with connectivity QC,surrogate:sigma_preopt:D027:S014:q2:m1,,298.15,wB97X-D3,def2-TZVPD,RIJCOSX + def2/J,TightSCF; DEFGRID3,custom_smd,solvent_smd_registry.csv,resolved_authoritative,8,3000,4.22,jhtvs-ft0806-sp-v3,T2_wB97X-D3_def2-TZVPD_SMD_energy_SP_v1,final_energy_Eh;CPCM_Dielectric_Eh;SMD_CDS_Eh;echoed_smd_vector;normal_termination;geometry_hash,planned,SRC_PROJECT_TIER2_CURRENT;SRC_ORCA61_SMD;SRC_HANDOFF_SPEC
SP0408,smd_energy_sp,D070_QP2_M1,S014,S014,RXN_SIG_M070,fixed_geometry_auxiliary_and_reaction_SP,sigma_complex_dication,Carbazole sigma-complex dication,Carbazoles,2,1,train,,1,deterministic sigma construction then solvent-specific GFN2/ddCOSMO preoptimization with connectivity QC,surrogate:sigma_preopt:D070:S014:q2:m1,,298.15,wB97X-D3,def2-TZVPD,RIJCOSX + def2/J,TightSCF; DEFGRID3,custom_smd,solvent_smd_registry.csv,resolved_authoritative,8,3000,4.22,jhtvs-ft0806-sp-v3,T2_wB97X-D3_def2-TZVPD_SMD_energy_SP_v1,final_energy_Eh;CPCM_Dielectric_Eh;SMD_CDS_Eh;echoed_smd_vector;normal_termination;geometry_hash,planned,SRC_PROJECT_TIER2_CURRENT;SRC_ORCA61_SMD;SRC_HANDOFF_SPEC
SP0409,smd_energy_sp,D086_QP2_M1,S014,S014,RXN_SIG_M086,fixed_geometry_auxiliary_and_reaction_SP,sigma_complex_dication,"Thieno[3,4-b]pyrazine sigma-complex dication",Donor–Acceptor units,2,1,train,,1,deterministic sigma construction then solvent-specific GFN2/ddCOSMO preoptimization with connectivity QC,surrogate:sigma_preopt:D086:S014:q2:m1,,298.15,wB97X-D3,def2-TZVPD,RIJCOSX + def2/J,TightSCF; DEFGRID3,custom_smd,solvent_smd_registry.csv,resolved_authoritative,8,3000,4.22,jhtvs-ft0806-sp-v3,T2_wB97X-D3_def2-TZVPD_SMD_energy_SP_v1,final_energy_Eh;CPCM_Dielectric_Eh;SMD_CDS_Eh;echoed_smd_vector;normal_termination;geometry_hash,planned,SRC_PROJECT_TIER2_CURRENT;SRC_ORCA61_SMD;SRC_HANDOFF_SPEC
SP0410,smd_energy_sp,M014_Q0_M1,S014,S014,RXN_MOX_M014,fixed_geometry_auxiliary_and_reaction_SP,monomer,Methyl thiophene-3-carboxylate,Thiophenes,0,1,train,,1,solvent-specific Tier-1 GFN2/ddCOSMO optimized state geometry,tier1:redox:M014:S014:q0:m1,,298.15,wB97X-D3,def2-TZVPD,RIJCOSX + def2/J,TightSCF; DEFGRID3,custom_smd,solvent_smd_registry.csv,resolved_authoritative,8,3000,1.74,jhtvs-ft0806-sp-v3,T2_wB97X-D3_def2-TZVPD_SMD_energy_SP_v1,final_energy_Eh;CPCM_Dielectric_Eh;SMD_CDS_Eh;echoed_smd_vector;normal_termination;geometry_hash,planned,SRC_PROJECT_TIER2_CURRENT;SRC_ORCA61_SMD;SRC_HANDOFF_SPEC
SP0411,smd_energy_sp,M014_QP1_M2,S014,S014,RXN_MOX_M014,fixed_geometry_auxiliary_and_reaction_SP,monomer,Methyl thiophene-3-carboxylate,Thiophenes,1,2,train,,1,solvent-specific Tier-1 GFN2/ddCOSMO optimized state geometry,tier1:redox:M014:S014:q1:m2,,298.15,wB97X-D3,def2-TZVPD,RIJCOSX + def2/J,TightSCF; DEFGRID3,custom_smd,solvent_smd_registry.csv,resolved_authoritative,8,3000,1.74,jhtvs-ft0806-sp-v3,T2_wB97X-D3_def2-TZVPD_SMD_energy_SP_v1,final_energy_Eh;CPCM_Dielectric_Eh;SMD_CDS_Eh;echoed_smd_vector;normal_termination;geometry_hash,planned,SRC_PROJECT_TIER2_CURRENT;SRC_ORCA61_SMD;SRC_HANDOFF_SPEC
SP0412,smd_energy_sp,M022_Q0_M1,S014,S014,RXN_MOX_M022,fixed_geometry_auxiliary_and_reaction_SP,monomer,"3,4-Ethylenedioxythiophene (EDOT)",Thiophenes,0,1,train,train_full25,1,solvent-specific Tier-1 GFN2/ddCOSMO optimized state geometry,tier1:redox:M022:S014:q0:m1,,298.15,wB97X-D3,def2-TZVPD,RIJCOSX + def2/J,TightSCF; DEFGRID3,custom_smd,solvent_smd_registry.csv,resolved_authoritative,8,3000,1.74,jhtvs-ft0806-sp-v3,T2_wB97X-D3_def2-TZVPD_SMD_energy_SP_v1,final_energy_Eh;CPCM_Dielectric_Eh;SMD_CDS_Eh;echoed_smd_vector;normal_termination;geometry_hash,planned,SRC_PROJECT_TIER2_CURRENT;SRC_ORCA61_SMD;SRC_HANDOFF_SPEC
SP0413,smd_energy_sp,M022_QP1_M2,S014,S014,RXN_MOX_M022;RXN_SIG_M022,fixed_geometry_auxiliary_and_reaction_SP,monomer,"3,4-Ethylenedioxythiophene (EDOT)",Thiophenes,1,2,train,train_full25,1,solvent-specific Tier-1 GFN2/ddCOSMO optimized state geometry,tier1:redox:M022:S014:q1:m2,,298.15,wB97X-D3,def2-TZVPD,RIJCOSX + def2/J,TightSCF; DEFGRID3,custom_smd,solvent_smd_registry.csv,resolved_authoritative,8,3000,1.74,jhtvs-ft0806-sp-v3,T2_wB97X-D3_def2-TZVPD_SMD_energy_SP_v1,final_energy_Eh;CPCM_Dielectric_Eh;SMD_CDS_Eh;echoed_smd_vector;normal_termination;geometry_hash,planned,SRC_PROJECT_TIER2_CURRENT;SRC_ORCA61_SMD;SRC_HANDOFF_SPEC
SP0414,smd_energy_sp,M027_QP1_M2,S014,S014,RXN_SIG_M027,fixed_geometry_auxiliary_and_reaction_SP,monomer,N-Methylpyrrole,Pyrroles,1,2,test,test_full25,0,solvent-specific Tier-1 GFN2/ddCOSMO optimized state geometry,tier1:redox:M027:S014:q1:m2,,298.15,wB97X-D3,def2-TZVPD,RIJCOSX + def2/J,TightSCF; DEFGRID3,custom_smd,solvent_smd_registry.csv,resolved_authoritative,8,3000,1.74,jhtvs-ft0806-sp-v3,T2_wB97X-D3_def2-TZVPD_SMD_energy_SP_v1,final_energy_Eh;CPCM_Dielectric_Eh;SMD_CDS_Eh;echoed_smd_vector;normal_termination;geometry_hash,planned,SRC_PROJECT_TIER2_CURRENT;SRC_ORCA61_SMD;SRC_HANDOFF_SPEC
SP0415,smd_energy_sp,M031_Q0_M1,S014,S014,RXN_MOX_M031,fixed_geometry_auxiliary_and_reaction_SP,monomer,N-Octylpyrrole,Pyrroles,0,1,val,,0,solvent-specific Tier-1 GFN2/ddCOSMO optimized state geometry,tier1:redox:M031:S014:q0:m1,,298.15,wB97X-D3,def2-TZVPD,RIJCOSX + def2/J,TightSCF; DEFGRID3,custom_smd,solvent_smd_registry.csv,resolved_authoritative,8,3000,1.74,jhtvs-ft0806-sp-v3,T2_wB97X-D3_def2-TZVPD_SMD_energy_SP_v1,final_energy_Eh;CPCM_Dielectric_Eh;SMD_CDS_Eh;echoed_smd_vector;normal_termination;geometry_hash,planned,SRC_PROJECT_TIER2_CURRENT;SRC_ORCA61_SMD;SRC_HANDOFF_SPEC
SP0416,smd_energy_sp,M031_QP1_M2,S014,S014,RXN_MOX_M031,fixed_geometry_auxiliary_and_reaction_SP,monomer,N-Octylpyrrole,Pyrroles,1,2,val,,0,solvent-specific Tier-1 GFN2/ddCOSMO optimized state geometry,tier1:redox:M031:S014:q1:m2,,298.15,wB97X-D3,def2-TZVPD,RIJCOSX + def2/J,TightSCF; DEFGRID3,custom_smd,solvent_smd_registry.csv,resolved_authoritative,8,3000,1.74,jhtvs-ft0806-sp-v3,T2_wB97X-D3_def2-TZVPD_SMD_energy_SP_v1,final_energy_Eh;CPCM_Dielectric_Eh;SMD_CDS_Eh;echoed_smd_vector;normal_termination;geometry_hash,planned,SRC_PROJECT_TIER2_CURRENT;SRC_ORCA61_SMD;SRC_HANDOFF_SPEC
SP0417,smd_energy_sp,M070_Q0_M1,S014,S014,RXN_MOX_M070,fixed_geometry_auxiliary_and_reaction_SP,monomer,Carbazole,Carbazoles,0,1,train,,1,solvent-specific Tier-1 GFN2/ddCOSMO optimized state geometry,tier1:redox:M070:S014:q0:m1,,298.15,wB97X-D3,def2-TZVPD,RIJCOSX + def2/J,TightSCF; DEFGRID3,custom_smd,solvent_smd_registry.csv,resolved_authoritative,8,3000,1.74,jhtvs-ft0806-sp-v3,T2_wB97X-D3_def2-TZVPD_SMD_energy_SP_v1,final_energy_Eh;CPCM_Dielectric_Eh;SMD_CDS_Eh;echoed_smd_vector;normal_termination;geometry_hash,planned,SRC_PROJECT_TIER2_CURRENT;SRC_ORCA61_SMD;SRC_HANDOFF_SPEC
SP0418,smd_energy_sp,M070_QP1_M2,S014,S014,RXN_MOX_M070;RXN_SIG_M070,fixed_geometry_auxiliary_and_reaction_SP,monomer,Carbazole,Carbazoles,1,2,train,,1,solvent-specific Tier-1 GFN2/ddCOSMO optimized state geometry,tier1:redox:M070:S014:q1:m2,,298.15,wB97X-D3,def2-TZVPD,RIJCOSX + def2/J,TightSCF; DEFGRID3,custom_smd,solvent_smd_registry.csv,resolved_authoritative,8,3000,1.74,jhtvs-ft0806-sp-v3,T2_wB97X-D3_def2-TZVPD_SMD_energy_SP_v1,final_energy_Eh;CPCM_Dielectric_Eh;SMD_CDS_Eh;echoed_smd_vector;normal_termination;geometry_hash,planned,SRC_PROJECT_TIER2_CURRENT;SRC_ORCA61_SMD;SRC_HANDOFF_SPEC
SP0419,smd_energy_sp,M084_Q0_M1,S014,S014,RXN_MOX_M084,fixed_geometry_auxiliary_and_reaction_SP,monomer,"4,7-Bis(thiophen-2-yl)-2,1,3-benzothiadiazole (TBT)",Donor–Acceptor units,0,1,test,test_full25,0,solvent-specific Tier-1 GFN2/ddCOSMO optimized state geometry,tier1:redox:M084:S014:q0:m1,,298.15,wB97X-D3,def2-TZVPD,RIJCOSX + def2/J,TightSCF; DEFGRID3,custom_smd,solvent_smd_registry.csv,resolved_authoritative,8,3000,1.74,jhtvs-ft0806-sp-v3,T2_wB97X-D3_def2-TZVPD_SMD_energy_SP_v1,final_energy_Eh;CPCM_Dielectric_Eh;SMD_CDS_Eh;echoed_smd_vector;normal_termination;geometry_hash,planned,SRC_PROJECT_TIER2_CURRENT;SRC_ORCA61_SMD;SRC_HANDOFF_SPEC
SP0420,smd_energy_sp,M084_QP1_M2,S014,S014,RXN_MOX_M084,fixed_geometry_auxiliary_and_reaction_SP,monomer,"4,7-Bis(thiophen-2-yl)-2,1,3-benzothiadiazole (TBT)",Donor–Acceptor units,1,2,test,test_full25,0,solvent-specific Tier-1 GFN2/ddCOSMO optimized state geometry,tier1:redox:M084:S014:q1:m2,,298.15,wB97X-D3,def2-TZVPD,RIJCOSX + def2/J,TightSCF; DEFGRID3,custom_smd,solvent_smd_registry.csv,resolved_authoritative,8,3000,1.74,jhtvs-ft0806-sp-v3,T2_wB97X-D3_def2-TZVPD_SMD_energy_SP_v1,final_energy_Eh;CPCM_Dielectric_Eh;SMD_CDS_Eh;echoed_smd_vector;normal_termination;geometry_hash,planned,SRC_PROJECT_TIER2_CURRENT;SRC_ORCA61_SMD;SRC_HANDOFF_SPEC
SP0421,smd_energy_sp,M086_Q0_M1,S014,S014,RXN_MOX_M086,fixed_geometry_auxiliary_and_reaction_SP,monomer,"Thieno[3,4-b]pyrazine",Donor–Acceptor units,0,1,train,,1,solvent-specific Tier-1 GFN2/ddCOSMO optimized state geometry,tier1:redox:M086:S014:q0:m1,,298.15,wB97X-D3,def2-TZVPD,RIJCOSX + def2/J,TightSCF; DEFGRID3,custom_smd,solvent_smd_registry.csv,resolved_authoritative,8,3000,1.74,jhtvs-ft0806-sp-v3,T2_wB97X-D3_def2-TZVPD_SMD_energy_SP_v1,final_energy_Eh;CPCM_Dielectric_Eh;SMD_CDS_Eh;echoed_smd_vector;normal_termination;geometry_hash,planned,SRC_PROJECT_TIER2_CURRENT;SRC_ORCA61_SMD;SRC_HANDOFF_SPEC
SP0422,smd_energy_sp,M086_QP1_M2,S014,S014,RXN_MOX_M086;RXN_SIG_M086,fixed_geometry_auxiliary_and_reaction_SP,monomer,"Thieno[3,4-b]pyrazine",Donor–Acceptor units,1,2,train,,1,solvent-specific Tier-1 GFN2/ddCOSMO optimized state geometry,tier1:redox:M086:S014:q1:m2,,298.15,wB97X-D3,def2-TZVPD,RIJCOSX + def2/J,TightSCF; DEFGRID3,custom_smd,solvent_smd_registry.csv,resolved_authoritative,8,3000,1.74,jhtvs-ft0806-sp-v3,T2_wB97X-D3_def2-TZVPD_SMD_energy_SP_v1,final_energy_Eh;CPCM_Dielectric_Eh;SMD_CDS_Eh;echoed_smd_vector;normal_termination;geometry_hash,planned,SRC_PROJECT_TIER2_CURRENT;SRC_ORCA61_SMD;SRC_HANDOFF_SPEC
SP0423,smd_energy_sp,S014_Q0_M1,S014,S014,RXN_SOX_S014,fixed_geometry_auxiliary_and_reaction_SP,solvent_oxidation_target,Boron trifluoride diethyl etherate (BFEE),Lewis-acid etherate,0,1,train,self_medium,1,self-medium Tier-1 GFN2/ddCOSMO optimized state geometry,tier1:redox:S014:S014:q0:m1,,298.15,wB97X-D3,def2-TZVPD,RIJCOSX + def2/J,TightSCF; DEFGRID3,custom_smd,solvent_smd_registry.csv,resolved_authoritative,8,3000,1.74,jhtvs-ft0806-sp-v3,T2_wB97X-D3_def2-TZVPD_SMD_energy_SP_v1,final_energy_Eh;CPCM_Dielectric_Eh;SMD_CDS_Eh;echoed_smd_vector;normal_termination;geometry_hash,planned,SRC_PROJECT_TIER2_CURRENT;SRC_ORCA61_SMD;SRC_HANDOFF_SPEC
SP0424,smd_energy_sp,S014_QP1_M2,S014,S014,RXN_SOX_S014,fixed_geometry_auxiliary_and_reaction_SP,solvent_oxidation_target,Boron trifluoride diethyl etherate (BFEE),Lewis-acid etherate,1,2,train,self_medium,1,self-medium Tier-1 GFN2/ddCOSMO optimized state geometry,tier1:redox:S014:S014:q1:m2,,298.15,wB97X-D3,def2-TZVPD,RIJCOSX + def2/J,TightSCF; DEFGRID3,custom_smd,solvent_smd_registry.csv,resolved_authoritative,8,3000,1.74,jhtvs-ft0806-sp-v3,T2_wB97X-D3_def2-TZVPD_SMD_energy_SP_v1,final_energy_Eh;CPCM_Dielectric_Eh;SMD_CDS_Eh;echoed_smd_vector;normal_termination;geometry_hash,planned,SRC_PROJECT_TIER2_CURRENT;SRC_ORCA61_SMD;SRC_HANDOFF_SPEC
SP0425,smd_energy_sp,A001_Q0_M2,S015,S015,RXN_AOX_A001,fixed_geometry_auxiliary_and_reaction_SP,electrolyte_anion,Hexafluorophosphate (PF6−),Tetraalkylammonium,0,2,train,,1,solvent-specific Tier-1 GFN2/ddCOSMO optimized state geometry,tier1:redox:A001:S015:q0:m2,,298.15,wB97X-D3,def2-TZVPD,RIJCOSX + def2/J,TightSCF; DEFGRID3,custom_smd,solvent_smd_registry.csv,resolved_authoritative,8,3000,1.74,jhtvs-ft0806-sp-v3,T2_wB97X-D3_def2-TZVPD_SMD_energy_SP_v1,final_energy_Eh;CPCM_Dielectric_Eh;SMD_CDS_Eh;echoed_smd_vector;normal_termination;geometry_hash,planned,SRC_PROJECT_TIER2_CURRENT;SRC_ORCA61_SMD;SRC_HANDOFF_SPEC
SP0426,smd_energy_sp,A001_QM1_M1,S015,S015,RXN_AOX_A001,fixed_geometry_auxiliary_and_reaction_SP,electrolyte_anion,Hexafluorophosphate (PF6−),Tetraalkylammonium,-1,1,train,,1,solvent-specific Tier-1 GFN2/ddCOSMO optimized state geometry,tier1:redox:A001:S015:q-1:m1,,298.15,wB97X-D3,def2-TZVPD,RIJCOSX + def2/J,TightSCF; DEFGRID3,custom_smd,solvent_smd_registry.csv,resolved_authoritative,8,3000,1.74,jhtvs-ft0806-sp-v3,T2_wB97X-D3_def2-TZVPD_SMD_energy_SP_v1,final_energy_Eh;CPCM_Dielectric_Eh;SMD_CDS_Eh;echoed_smd_vector;normal_termination;geometry_hash,planned,SRC_PROJECT_TIER2_CURRENT;SRC_ORCA61_SMD;SRC_HANDOFF_SPEC
SP0427,smd_energy_sp,A002_Q0_M2,S015,S015,RXN_AOX_A002,fixed_geometry_auxiliary_and_reaction_SP,electrolyte_anion,Tetrafluoroborate (BF4−),Lithium; Tetraalkylammonium,0,2,test,test_full25,0,solvent-specific Tier-1 GFN2/ddCOSMO optimized state geometry,tier1:redox:A002:S015:q0:m2,,298.15,wB97X-D3,def2-TZVPD,RIJCOSX + def2/J,TightSCF; DEFGRID3,custom_smd,solvent_smd_registry.csv,resolved_authoritative,8,3000,1.74,jhtvs-ft0806-sp-v3,T2_wB97X-D3_def2-TZVPD_SMD_energy_SP_v1,final_energy_Eh;CPCM_Dielectric_Eh;SMD_CDS_Eh;echoed_smd_vector;normal_termination;geometry_hash,planned,SRC_PROJECT_TIER2_CURRENT;SRC_ORCA61_SMD;SRC_HANDOFF_SPEC
SP0428,smd_energy_sp,A002_QM1_M1,S015,S015,RXN_AOX_A002,fixed_geometry_auxiliary_and_reaction_SP,electrolyte_anion,Tetrafluoroborate (BF4−),Lithium; Tetraalkylammonium,-1,1,test,test_full25,0,solvent-specific Tier-1 GFN2/ddCOSMO optimized state geometry,tier1:redox:A002:S015:q-1:m1,,298.15,wB97X-D3,def2-TZVPD,RIJCOSX + def2/J,TightSCF; DEFGRID3,custom_smd,solvent_smd_registry.csv,resolved_authoritative,8,3000,1.74,jhtvs-ft0806-sp-v3,T2_wB97X-D3_def2-TZVPD_SMD_energy_SP_v1,final_energy_Eh;CPCM_Dielectric_Eh;SMD_CDS_Eh;echoed_smd_vector;normal_termination;geometry_hash,planned,SRC_PROJECT_TIER2_CURRENT;SRC_ORCA61_SMD;SRC_HANDOFF_SPEC
SP0429,smd_energy_sp,A005_Q0_M2,S015,S015,RXN_AOX_A005,fixed_geometry_auxiliary_and_reaction_SP,electrolyte_anion,Bis(trifluoromethanesulfonyl)imide (TFSI−),Lithium; Tetraalkylammonium,0,2,train,train_full25,1,solvent-specific Tier-1 GFN2/ddCOSMO optimized state geometry,tier1:redox:A005:S015:q0:m2,,298.15,wB97X-D3,def2-TZVPD,RIJCOSX + def2/J,TightSCF; DEFGRID3,custom_smd,solvent_smd_registry.csv,resolved_authoritative,8,3000,1.74,jhtvs-ft0806-sp-v3,T2_wB97X-D3_def2-TZVPD_SMD_energy_SP_v1,final_energy_Eh;CPCM_Dielectric_Eh;SMD_CDS_Eh;echoed_smd_vector;normal_termination;geometry_hash,planned,SRC_PROJECT_TIER2_CURRENT;SRC_ORCA61_SMD;SRC_HANDOFF_SPEC
SP0430,smd_energy_sp,A005_QM1_M1,S015,S015,RXN_AOX_A005,fixed_geometry_auxiliary_and_reaction_SP,electrolyte_anion,Bis(trifluoromethanesulfonyl)imide (TFSI−),Lithium; Tetraalkylammonium,-1,1,train,train_full25,1,solvent-specific Tier-1 GFN2/ddCOSMO optimized state geometry,tier1:redox:A005:S015:q-1:m1,,298.15,wB97X-D3,def2-TZVPD,RIJCOSX + def2/J,TightSCF; DEFGRID3,custom_smd,solvent_smd_registry.csv,resolved_authoritative,8,3000,1.74,jhtvs-ft0806-sp-v3,T2_wB97X-D3_def2-TZVPD_SMD_energy_SP_v1,final_energy_Eh;CPCM_Dielectric_Eh;SMD_CDS_Eh;echoed_smd_vector;normal_termination;geometry_hash,planned,SRC_PROJECT_TIER2_CURRENT;SRC_ORCA61_SMD;SRC_HANDOFF_SPEC
SP0431,smd_energy_sp,A009_Q0_M2,S015,S015,RXN_AOX_A009,fixed_geometry_auxiliary_and_reaction_SP,electrolyte_anion,"4-Methylbenzenesulfonate (tosylate, pTS−)",Organic acid,0,2,train,,1,solvent-specific Tier-1 GFN2/ddCOSMO optimized state geometry,tier1:redox:A009:S015:q0:m2,,298.15,wB97X-D3,def2-TZVPD,RIJCOSX + def2/J,TightSCF; DEFGRID3,custom_smd,solvent_smd_registry.csv,resolved_authoritative,8,3000,1.74,jhtvs-ft0806-sp-v3,T2_wB97X-D3_def2-TZVPD_SMD_energy_SP_v1,final_energy_Eh;CPCM_Dielectric_Eh;SMD_CDS_Eh;echoed_smd_vector;normal_termination;geometry_hash,planned,SRC_PROJECT_TIER2_CURRENT;SRC_ORCA61_SMD;SRC_HANDOFF_SPEC
SP0432,smd_energy_sp,A009_QM1_M1,S015,S015,RXN_AOX_A009,fixed_geometry_auxiliary_and_reaction_SP,electrolyte_anion,"4-Methylbenzenesulfonate (tosylate, pTS−)",Organic acid,-1,1,train,,1,solvent-specific Tier-1 GFN2/ddCOSMO optimized state geometry,tier1:redox:A009:S015:q-1:m1,,298.15,wB97X-D3,def2-TZVPD,RIJCOSX + def2/J,TightSCF; DEFGRID3,custom_smd,solvent_smd_registry.csv,resolved_authoritative,8,3000,1.74,jhtvs-ft0806-sp-v3,T2_wB97X-D3_def2-TZVPD_SMD_energy_SP_v1,final_energy_Eh;CPCM_Dielectric_Eh;SMD_CDS_Eh;echoed_smd_vector;normal_termination;geometry_hash,planned,SRC_PROJECT_TIER2_CURRENT;SRC_ORCA61_SMD;SRC_HANDOFF_SPEC
SP0433,smd_energy_sp,D001_QP2_M1,S015,S015,RXN_SIG_M001,fixed_geometry_auxiliary_and_reaction_SP,sigma_complex_dication,Thiophene sigma-complex dication,Thiophenes,2,1,train,,1,deterministic sigma construction then solvent-specific GFN2/ddCOSMO preoptimization with connectivity QC,surrogate:sigma_preopt:D001:S015:q2:m1,,298.15,wB97X-D3,def2-TZVPD,RIJCOSX + def2/J,TightSCF; DEFGRID3,custom_smd,solvent_smd_registry.csv,resolved_authoritative,8,3000,4.22,jhtvs-ft0806-sp-v3,T2_wB97X-D3_def2-TZVPD_SMD_energy_SP_v1,final_energy_Eh;CPCM_Dielectric_Eh;SMD_CDS_Eh;echoed_smd_vector;normal_termination;geometry_hash,planned,SRC_PROJECT_TIER2_CURRENT;SRC_ORCA61_SMD;SRC_HANDOFF_SPEC
SP0434,smd_energy_sp,D022_QP2_M1,S015,S015,RXN_SIG_M022,fixed_geometry_auxiliary_and_reaction_SP,sigma_complex_dication,"3,4-Ethylenedioxythiophene (EDOT) sigma-complex dication",Thiophenes,2,1,train,train_full25,1,deterministic sigma construction then solvent-specific GFN2/ddCOSMO preoptimization with connectivity QC,surrogate:sigma_preopt:D022:S015:q2:m1,,298.15,wB97X-D3,def2-TZVPD,RIJCOSX + def2/J,TightSCF; DEFGRID3,custom_smd,solvent_smd_registry.csv,resolved_authoritative,8,3000,4.22,jhtvs-ft0806-sp-v3,T2_wB97X-D3_def2-TZVPD_SMD_energy_SP_v1,final_energy_Eh;CPCM_Dielectric_Eh;SMD_CDS_Eh;echoed_smd_vector;normal_termination;geometry_hash,planned,SRC_PROJECT_TIER2_CURRENT;SRC_ORCA61_SMD;SRC_HANDOFF_SPEC
SP0435,smd_energy_sp,D027_QP2_M1,S015,S015,RXN_SIG_M027,fixed_geometry_auxiliary_and_reaction_SP,sigma_complex_dication,N-Methylpyrrole sigma-complex dication,Pyrroles,2,1,test,test_full25,0,deterministic sigma construction then solvent-specific GFN2/ddCOSMO preoptimization with connectivity QC,surrogate:sigma_preopt:D027:S015:q2:m1,,298.15,wB97X-D3,def2-TZVPD,RIJCOSX + def2/J,TightSCF; DEFGRID3,custom_smd,solvent_smd_registry.csv,resolved_authoritative,8,3000,4.22,jhtvs-ft0806-sp-v3,T2_wB97X-D3_def2-TZVPD_SMD_energy_SP_v1,final_energy_Eh;CPCM_Dielectric_Eh;SMD_CDS_Eh;echoed_smd_vector;normal_termination;geometry_hash,planned,SRC_PROJECT_TIER2_CURRENT;SRC_ORCA61_SMD;SRC_HANDOFF_SPEC
SP0436,smd_energy_sp,D042_QP2_M1,S015,S015,RXN_SIG_M042,fixed_geometry_auxiliary_and_reaction_SP,sigma_complex_dication,3-Octylfuran sigma-complex dication,Furans,2,1,train,,1,deterministic sigma construction then solvent-specific GFN2/ddCOSMO preoptimization with connectivity QC,surrogate:sigma_preopt:D042:S015:q2:m1,,298.15,wB97X-D3,def2-TZVPD,RIJCOSX + def2/J,TightSCF; DEFGRID3,custom_smd,solvent_smd_registry.csv,resolved_authoritative,8,3000,4.22,jhtvs-ft0806-sp-v3,T2_wB97X-D3_def2-TZVPD_SMD_energy_SP_v1,final_energy_Eh;CPCM_Dielectric_Eh;SMD_CDS_Eh;echoed_smd_vector;normal_termination;geometry_hash,planned,SRC_PROJECT_TIER2_CURRENT;SRC_ORCA61_SMD;SRC_HANDOFF_SPEC
SP0437,smd_energy_sp,D055_QP2_M1,S015,S015,RXN_SIG_M055,fixed_geometry_auxiliary_and_reaction_SP,sigma_complex_dication,3-Octylselenophene sigma-complex dication,Selenophenes,2,1,train,,1,deterministic sigma construction then solvent-specific GFN2/ddCOSMO preoptimization with connectivity QC,surrogate:sigma_preopt:D055:S015:q2:m1,,298.15,wB97X-D3,def2-TZVPD,RIJCOSX + def2/J,TightSCF; DEFGRID3,custom_smd,solvent_smd_registry.csv,resolved_authoritative,8,3000,4.22,jhtvs-ft0806-sp-v3,T2_wB97X-D3_def2-TZVPD_SMD_energy_SP_v1,final_energy_Eh;CPCM_Dielectric_Eh;SMD_CDS_Eh;echoed_smd_vector;normal_termination;geometry_hash,planned,SRC_PROJECT_TIER2_CURRENT;SRC_ORCA61_SMD;SRC_HANDOFF_SPEC
SP0438,smd_energy_sp,D089_QP2_M1,S015,S015,RXN_SIG_M089,fixed_geometry_auxiliary_and_reaction_SP,sigma_complex_dication,"3,6-Bis(thiophen-2-yl)-2,5-dimethyl-DPP (TDPP-Me) sigma-complex dication",Donor–Acceptor units,2,1,train,,1,deterministic sigma construction then solvent-specific GFN2/ddCOSMO preoptimization with connectivity QC,surrogate:sigma_preopt:D089:S015:q2:m1,,298.15,wB97X-D3,def2-TZVPD,RIJCOSX + def2/J,TightSCF; DEFGRID3,custom_smd,solvent_smd_registry.csv,resolved_authoritative,8,3000,4.22,jhtvs-ft0806-sp-v3,T2_wB97X-D3_def2-TZVPD_SMD_energy_SP_v1,final_energy_Eh;CPCM_Dielectric_Eh;SMD_CDS_Eh;echoed_smd_vector;normal_termination;geometry_hash,planned,SRC_PROJECT_TIER2_CURRENT;SRC_ORCA61_SMD;SRC_HANDOFF_SPEC
SP0439,smd_energy_sp,M001_Q0_M1,S015,S015,RXN_MOX_M001,fixed_geometry_auxiliary_and_reaction_SP,monomer,Thiophene,Thiophenes,0,1,train,,1,solvent-specific Tier-1 GFN2/ddCOSMO optimized state geometry,tier1:redox:M001:S015:q0:m1,,298.15,wB97X-D3,def2-TZVPD,RIJCOSX + def2/J,TightSCF; DEFGRID3,custom_smd,solvent_smd_registry.csv,resolved_authoritative,8,3000,1.74,jhtvs-ft0806-sp-v3,T2_wB97X-D3_def2-TZVPD_SMD_energy_SP_v1,final_energy_Eh;CPCM_Dielectric_Eh;SMD_CDS_Eh;echoed_smd_vector;normal_termination;geometry_hash,planned,SRC_PROJECT_TIER2_CURRENT;SRC_ORCA61_SMD;SRC_HANDOFF_SPEC
SP0440,smd_energy_sp,M001_QP1_M2,S015,S015,RXN_MOX_M001;RXN_SIG_M001,fixed_geometry_auxiliary_and_reaction_SP,monomer,Thiophene,Thiophenes,1,2,train,,1,solvent-specific Tier-1 GFN2/ddCOSMO optimized state geometry,tier1:redox:M001:S015:q1:m2,,298.15,wB97X-D3,def2-TZVPD,RIJCOSX + def2/J,TightSCF; DEFGRID3,custom_smd,solvent_smd_registry.csv,resolved_authoritative,8,3000,1.74,jhtvs-ft0806-sp-v3,T2_wB97X-D3_def2-TZVPD_SMD_energy_SP_v1,final_energy_Eh;CPCM_Dielectric_Eh;SMD_CDS_Eh;echoed_smd_vector;normal_termination;geometry_hash,planned,SRC_PROJECT_TIER2_CURRENT;SRC_ORCA61_SMD;SRC_HANDOFF_SPEC
SP0441,smd_energy_sp,M022_Q0_M1,S015,S015,RXN_MOX_M022,fixed_geometry_auxiliary_and_reaction_SP,monomer,"3,4-Ethylenedioxythiophene (EDOT)",Thiophenes,0,1,train,train_full25,1,solvent-specific Tier-1 GFN2/ddCOSMO optimized state geometry,tier1:redox:M022:S015:q0:m1,,298.15,wB97X-D3,def2-TZVPD,RIJCOSX + def2/J,TightSCF; DEFGRID3,custom_smd,solvent_smd_registry.csv,resolved_authoritative,8,3000,1.74,jhtvs-ft0806-sp-v3,T2_wB97X-D3_def2-TZVPD_SMD_energy_SP_v1,final_energy_Eh;CPCM_Dielectric_Eh;SMD_CDS_Eh;echoed_smd_vector;normal_termination;geometry_hash,planned,SRC_PROJECT_TIER2_CURRENT;SRC_ORCA61_SMD;SRC_HANDOFF_SPEC
SP0442,smd_energy_sp,M022_QP1_M2,S015,S015,RXN_MOX_M022;RXN_SIG_M022,fixed_geometry_auxiliary_and_reaction_SP,monomer,"3,4-Ethylenedioxythiophene (EDOT)",Thiophenes,1,2,train,train_full25,1,solvent-specific Tier-1 GFN2/ddCOSMO optimized state geometry,tier1:redox:M022:S015:q1:m2,,298.15,wB97X-D3,def2-TZVPD,RIJCOSX + def2/J,TightSCF; DEFGRID3,custom_smd,solvent_smd_registry.csv,resolved_authoritative,8,3000,1.74,jhtvs-ft0806-sp-v3,T2_wB97X-D3_def2-TZVPD_SMD_energy_SP_v1,final_energy_Eh;CPCM_Dielectric_Eh;SMD_CDS_Eh;echoed_smd_vector;normal_termination;geometry_hash,planned,SRC_PROJECT_TIER2_CURRENT;SRC_ORCA61_SMD;SRC_HANDOFF_SPEC
SP0443,smd_energy_sp,M027_Q0_M1,S015,S015,RXN_MOX_M027,fixed_geometry_auxiliary_and_reaction_SP,monomer,N-Methylpyrrole,Pyrroles,0,1,test,,0,solvent-specific Tier-1 GFN2/ddCOSMO optimized state geometry,tier1:redox:M027:S015:q0:m1,,298.15,wB97X-D3,def2-TZVPD,RIJCOSX + def2/J,TightSCF; DEFGRID3,custom_smd,solvent_smd_registry.csv,resolved_authoritative,8,3000,1.74,jhtvs-ft0806-sp-v3,T2_wB97X-D3_def2-TZVPD_SMD_energy_SP_v1,final_energy_Eh;CPCM_Dielectric_Eh;SMD_CDS_Eh;echoed_smd_vector;normal_termination;geometry_hash,planned,SRC_PROJECT_TIER2_CURRENT;SRC_ORCA61_SMD;SRC_HANDOFF_SPEC
SP0444,smd_energy_sp,M027_QP1_M2,S015,S015,RXN_MOX_M027;RXN_SIG_M027,fixed_geometry_auxiliary_and_reaction_SP,monomer,N-Methylpyrrole,Pyrroles,1,2,test,test_full25,0,solvent-specific Tier-1 GFN2/ddCOSMO optimized state geometry,tier1:redox:M027:S015:q1:m2,,298.15,wB97X-D3,def2-TZVPD,RIJCOSX + def2/J,TightSCF; DEFGRID3,custom_smd,solvent_smd_registry.csv,resolved_authoritative,8,3000,1.74,jhtvs-ft0806-sp-v3,T2_wB97X-D3_def2-TZVPD_SMD_energy_SP_v1,final_energy_Eh;CPCM_Dielectric_Eh;SMD_CDS_Eh;echoed_smd_vector;normal_termination;geometry_hash,planned,SRC_PROJECT_TIER2_CURRENT;SRC_ORCA61_SMD;SRC_HANDOFF_SPEC
SP0445,smd_energy_sp,M042_Q0_M1,S015,S015,RXN_MOX_M042,fixed_geometry_auxiliary_and_reaction_SP,monomer,3-Octylfuran,Furans,0,1,train,,1,solvent-specific Tier-1 GFN2/ddCOSMO optimized state geometry,tier1:redox:M042:S015:q0:m1,,298.15,wB97X-D3,def2-TZVPD,RIJCOSX + def2/J,TightSCF; DEFGRID3,custom_smd,solvent_smd_registry.csv,resolved_authoritative,8,3000,1.74,jhtvs-ft0806-sp-v3,T2_wB97X-D3_def2-TZVPD_SMD_energy_SP_v1,final_energy_Eh;CPCM_Dielectric_Eh;SMD_CDS_Eh;echoed_smd_vector;normal_termination;geometry_hash,planned,SRC_PROJECT_TIER2_CURRENT;SRC_ORCA61_SMD;SRC_HANDOFF_SPEC
SP0446,smd_energy_sp,M042_QP1_M2,S015,S015,RXN_MOX_M042;RXN_SIG_M042,fixed_geometry_auxiliary_and_reaction_SP,monomer,3-Octylfuran,Furans,1,2,train,,1,solvent-specific Tier-1 GFN2/ddCOSMO optimized state geometry,tier1:redox:M042:S015:q1:m2,,298.15,wB97X-D3,def2-TZVPD,RIJCOSX + def2/J,TightSCF; DEFGRID3,custom_smd,solvent_smd_registry.csv,resolved_authoritative,8,3000,1.74,jhtvs-ft0806-sp-v3,T2_wB97X-D3_def2-TZVPD_SMD_energy_SP_v1,final_energy_Eh;CPCM_Dielectric_Eh;SMD_CDS_Eh;echoed_smd_vector;normal_termination;geometry_hash,planned,SRC_PROJECT_TIER2_CURRENT;SRC_ORCA61_SMD;SRC_HANDOFF_SPEC
SP0447,smd_energy_sp,M055_Q0_M1,S015,S015,RXN_MOX_M055,fixed_geometry_auxiliary_and_reaction_SP,monomer,3-Octylselenophene,Selenophenes,0,1,train,,1,solvent-specific Tier-1 GFN2/ddCOSMO optimized state geometry,tier1:redox:M055:S015:q0:m1,,298.15,wB97X-D3,def2-TZVPD,RIJCOSX + def2/J,TightSCF; DEFGRID3,custom_smd,solvent_smd_registry.csv,resolved_authoritative,8,3000,1.74,jhtvs-ft0806-sp-v3,T2_wB97X-D3_def2-TZVPD_SMD_energy_SP_v1,final_energy_Eh;CPCM_Dielectric_Eh;SMD_CDS_Eh;echoed_smd_vector;normal_termination;geometry_hash,planned,SRC_PROJECT_TIER2_CURRENT;SRC_ORCA61_SMD;SRC_HANDOFF_SPEC
SP0448,smd_energy_sp,M055_QP1_M2,S015,S015,RXN_MOX_M055;RXN_SIG_M055,fixed_geometry_auxiliary_and_reaction_SP,monomer,3-Octylselenophene,Selenophenes,1,2,train,,1,solvent-specific Tier-1 GFN2/ddCOSMO optimized state geometry,tier1:redox:M055:S015:q1:m2,,298.15,wB97X-D3,def2-TZVPD,RIJCOSX + def2/J,TightSCF; DEFGRID3,custom_smd,solvent_smd_registry.csv,resolved_authoritative,8,3000,1.74,jhtvs-ft0806-sp-v3,T2_wB97X-D3_def2-TZVPD_SMD_energy_SP_v1,final_energy_Eh;CPCM_Dielectric_Eh;SMD_CDS_Eh;echoed_smd_vector;normal_termination;geometry_hash,planned,SRC_PROJECT_TIER2_CURRENT;SRC_ORCA61_SMD;SRC_HANDOFF_SPEC
SP0449,smd_energy_sp,M069_Q0_M1,S015,S015,RXN_MOX_M069,fixed_geometry_auxiliary_and_reaction_SP,monomer,Diphenylamine,Anilines,0,1,test,,0,solvent-specific Tier-1 GFN2/ddCOSMO optimized state geometry,tier1:redox:M069:S015:q0:m1,,298.15,wB97X-D3,def2-TZVPD,RIJCOSX + def2/J,TightSCF; DEFGRID3,custom_smd,solvent_smd_registry.csv,resolved_authoritative,8,3000,1.74,jhtvs-ft0806-sp-v3,T2_wB97X-D3_def2-TZVPD_SMD_energy_SP_v1,final_energy_Eh;CPCM_Dielectric_Eh;SMD_CDS_Eh;echoed_smd_vector;normal_termination;geometry_hash,planned,SRC_PROJECT_TIER2_CURRENT;SRC_ORCA61_SMD;SRC_HANDOFF_SPEC
SP0450,smd_energy_sp,M069_QP1_M2,S015,S015,RXN_MOX_M069,fixed_geometry_auxiliary_and_reaction_SP,monomer,Diphenylamine,Anilines,1,2,test,,0,solvent-specific Tier-1 GFN2/ddCOSMO optimized state geometry,tier1:redox:M069:S015:q1:m2,,298.15,wB97X-D3,def2-TZVPD,RIJCOSX + def2/J,TightSCF; DEFGRID3,custom_smd,solvent_smd_registry.csv,resolved_authoritative,8,3000,1.74,jhtvs-ft0806-sp-v3,T2_wB97X-D3_def2-TZVPD_SMD_energy_SP_v1,final_energy_Eh;CPCM_Dielectric_Eh;SMD_CDS_Eh;echoed_smd_vector;normal_termination;geometry_hash,planned,SRC_PROJECT_TIER2_CURRENT;SRC_ORCA61_SMD;SRC_HANDOFF_SPEC
SP0451,smd_energy_sp,M084_Q0_M1,S015,S015,RXN_MOX_M084,fixed_geometry_auxiliary_and_reaction_SP,monomer,"4,7-Bis(thiophen-2-yl)-2,1,3-benzothiadiazole (TBT)",Donor–Acceptor units,0,1,test,test_full25,0,solvent-specific Tier-1 GFN2/ddCOSMO optimized state geometry,tier1:redox:M084:S015:q0:m1,,298.15,wB97X-D3,def2-TZVPD,RIJCOSX + def2/J,TightSCF; DEFGRID3,custom_smd,solvent_smd_registry.csv,resolved_authoritative,8,3000,1.74,jhtvs-ft0806-sp-v3,T2_wB97X-D3_def2-TZVPD_SMD_energy_SP_v1,final_energy_Eh;CPCM_Dielectric_Eh;SMD_CDS_Eh;echoed_smd_vector;normal_termination;geometry_hash,planned,SRC_PROJECT_TIER2_CURRENT;SRC_ORCA61_SMD;SRC_HANDOFF_SPEC
SP0452,smd_energy_sp,M084_QP1_M2,S015,S015,RXN_MOX_M084,fixed_geometry_auxiliary_and_reaction_SP,monomer,"4,7-Bis(thiophen-2-yl)-2,1,3-benzothiadiazole (TBT)",Donor–Acceptor units,1,2,test,test_full25,0,solvent-specific Tier-1 GFN2/ddCOSMO optimized state geometry,tier1:redox:M084:S015:q1:m2,,298.15,wB97X-D3,def2-TZVPD,RIJCOSX + def2/J,TightSCF; DEFGRID3,custom_smd,solvent_smd_registry.csv,resolved_authoritative,8,3000,1.74,jhtvs-ft0806-sp-v3,T2_wB97X-D3_def2-TZVPD_SMD_energy_SP_v1,final_energy_Eh;CPCM_Dielectric_Eh;SMD_CDS_Eh;echoed_smd_vector;normal_termination;geometry_hash,planned,SRC_PROJECT_TIER2_CURRENT;SRC_ORCA61_SMD;SRC_HANDOFF_SPEC
SP0453,smd_energy_sp,M089_Q0_M1,S015,S015,RXN_MOX_M089,fixed_geometry_auxiliary_and_reaction_SP,monomer,"3,6-Bis(thiophen-2-yl)-2,5-dimethyl-DPP (TDPP-Me)",Donor–Acceptor units,0,1,train,,1,solvent-specific Tier-1 GFN2/ddCOSMO optimized state geometry,tier1:redox:M089:S015:q0:m1,,298.15,wB97X-D3,def2-TZVPD,RIJCOSX + def2/J,TightSCF; DEFGRID3,custom_smd,solvent_smd_registry.csv,resolved_authoritative,8,3000,1.74,jhtvs-ft0806-sp-v3,T2_wB97X-D3_def2-TZVPD_SMD_energy_SP_v1,final_energy_Eh;CPCM_Dielectric_Eh;SMD_CDS_Eh;echoed_smd_vector;normal_termination;geometry_hash,planned,SRC_PROJECT_TIER2_CURRENT;SRC_ORCA61_SMD;SRC_HANDOFF_SPEC
SP0454,smd_energy_sp,M089_QP1_M2,S015,S015,RXN_MOX_M089;RXN_SIG_M089,fixed_geometry_auxiliary_and_reaction_SP,monomer,"3,6-Bis(thiophen-2-yl)-2,5-dimethyl-DPP (TDPP-Me)",Donor–Acceptor units,1,2,train,,1,solvent-specific Tier-1 GFN2/ddCOSMO optimized state geometry,tier1:redox:M089:S015:q1:m2,,298.15,wB97X-D3,def2-TZVPD,RIJCOSX + def2/J,TightSCF; DEFGRID3,custom_smd,solvent_smd_registry.csv,resolved_authoritative,8,3000,1.74,jhtvs-ft0806-sp-v3,T2_wB97X-D3_def2-TZVPD_SMD_energy_SP_v1,final_energy_Eh;CPCM_Dielectric_Eh;SMD_CDS_Eh;echoed_smd_vector;normal_termination;geometry_hash,planned,SRC_PROJECT_TIER2_CURRENT;SRC_ORCA61_SMD;SRC_HANDOFF_SPEC
SP0455,smd_energy_sp,S015_Q0_M1,S015,S015,RXN_SOX_S015,fixed_geometry_auxiliary_and_reaction_SP,solvent_oxidation_target,1-Butyl-3-methylimidazolium hexafluorophosphate ([BMIM][PF6]),Ionic liquid,0,1,val,self_medium,0,self-medium Tier-1 GFN2/ddCOSMO optimized state geometry,tier1:redox:S015:S015:q0:m1,,298.15,wB97X-D3,def2-TZVPD,RIJCOSX + def2/J,TightSCF; DEFGRID3,custom_smd,solvent_smd_registry.csv,resolved_authoritative,8,3000,1.74,jhtvs-ft0806-sp-v3,T2_wB97X-D3_def2-TZVPD_SMD_energy_SP_v1,final_energy_Eh;CPCM_Dielectric_Eh;SMD_CDS_Eh;echoed_smd_vector;normal_termination;geometry_hash,planned,SRC_PROJECT_TIER2_CURRENT;SRC_ORCA61_SMD;SRC_HANDOFF_SPEC
SP0456,smd_energy_sp,S015_QP1_M2,S015,S015,RXN_SOX_S015,fixed_geometry_auxiliary_and_reaction_SP,solvent_oxidation_target,1-Butyl-3-methylimidazolium hexafluorophosphate ([BMIM][PF6]),Ionic liquid,1,2,val,self_medium,0,self-medium Tier-1 GFN2/ddCOSMO optimized state geometry,tier1:redox:S015:S015:q1:m2,,298.15,wB97X-D3,def2-TZVPD,RIJCOSX + def2/J,TightSCF; DEFGRID3,custom_smd,solvent_smd_registry.csv,resolved_authoritative,8,3000,1.74,jhtvs-ft0806-sp-v3,T2_wB97X-D3_def2-TZVPD_SMD_energy_SP_v1,final_energy_Eh;CPCM_Dielectric_Eh;SMD_CDS_Eh;echoed_smd_vector;normal_termination;geometry_hash,planned,SRC_PROJECT_TIER2_CURRENT;SRC_ORCA61_SMD;SRC_HANDOFF_SPEC
SP0457,smd_energy_sp,A002_Q0_M2,S016,S016,RXN_AOX_A002,fixed_geometry_auxiliary_and_reaction_SP,electrolyte_anion,Tetrafluoroborate (BF4−),Lithium; Tetraalkylammonium,0,2,test,test_full25,0,solvent-specific Tier-1 GFN2/ddCOSMO optimized state geometry,tier1:redox:A002:S016:q0:m2,,298.15,wB97X-D3,def2-TZVPD,RIJCOSX + def2/J,TightSCF; DEFGRID3,custom_smd,solvent_smd_registry.csv,resolved_authoritative,8,3000,1.74,jhtvs-ft0806-sp-v3,T2_wB97X-D3_def2-TZVPD_SMD_energy_SP_v1,final_energy_Eh;CPCM_Dielectric_Eh;SMD_CDS_Eh;echoed_smd_vector;normal_termination;geometry_hash,planned,SRC_PROJECT_TIER2_CURRENT;SRC_ORCA61_SMD;SRC_HANDOFF_SPEC
SP0458,smd_energy_sp,A002_QM1_M1,S016,S016,RXN_AOX_A002,fixed_geometry_auxiliary_and_reaction_SP,electrolyte_anion,Tetrafluoroborate (BF4−),Lithium; Tetraalkylammonium,-1,1,test,test_full25,0,solvent-specific Tier-1 GFN2/ddCOSMO optimized state geometry,tier1:redox:A002:S016:q-1:m1,,298.15,wB97X-D3,def2-TZVPD,RIJCOSX + def2/J,TightSCF; DEFGRID3,custom_smd,solvent_smd_registry.csv,resolved_authoritative,8,3000,1.74,jhtvs-ft0806-sp-v3,T2_wB97X-D3_def2-TZVPD_SMD_energy_SP_v1,final_energy_Eh;CPCM_Dielectric_Eh;SMD_CDS_Eh;echoed_smd_vector;normal_termination;geometry_hash,planned,SRC_PROJECT_TIER2_CURRENT;SRC_ORCA61_SMD;SRC_HANDOFF_SPEC
SP0459,smd_energy_sp,A005_Q0_M2,S016,S016,RXN_AOX_A005,fixed_geometry_auxiliary_and_reaction_SP,electrolyte_anion,Bis(trifluoromethanesulfonyl)imide (TFSI−),Lithium; Tetraalkylammonium,0,2,train,train_full25,1,solvent-specific Tier-1 GFN2/ddCOSMO optimized state geometry,tier1:redox:A005:S016:q0:m2,,298.15,wB97X-D3,def2-TZVPD,RIJCOSX + def2/J,TightSCF; DEFGRID3,custom_smd,solvent_smd_registry.csv,resolved_authoritative,8,3000,1.74,jhtvs-ft0806-sp-v3,T2_wB97X-D3_def2-TZVPD_SMD_energy_SP_v1,final_energy_Eh;CPCM_Dielectric_Eh;SMD_CDS_Eh;echoed_smd_vector;normal_termination;geometry_hash,planned,SRC_PROJECT_TIER2_CURRENT;SRC_ORCA61_SMD;SRC_HANDOFF_SPEC
SP0460,smd_energy_sp,A005_QM1_M1,S016,S016,RXN_AOX_A005,fixed_geometry_auxiliary_and_reaction_SP,electrolyte_anion,Bis(trifluoromethanesulfonyl)imide (TFSI−),Lithium; Tetraalkylammonium,-1,1,train,train_full25,1,solvent-specific Tier-1 GFN2/ddCOSMO optimized state geometry,tier1:redox:A005:S016:q-1:m1,,298.15,wB97X-D3,def2-TZVPD,RIJCOSX + def2/J,TightSCF; DEFGRID3,custom_smd,solvent_smd_registry.csv,resolved_authoritative,8,3000,1.74,jhtvs-ft0806-sp-v3,T2_wB97X-D3_def2-TZVPD_SMD_energy_SP_v1,final_energy_Eh;CPCM_Dielectric_Eh;SMD_CDS_Eh;echoed_smd_vector;normal_termination;geometry_hash,planned,SRC_PROJECT_TIER2_CURRENT;SRC_ORCA61_SMD;SRC_HANDOFF_SPEC
SP0461,smd_energy_sp,A006_Q0_M2,S016,S016,RXN_AOX_A006,fixed_geometry_auxiliary_and_reaction_SP,electrolyte_anion,Poly(styrene sulfonate) H-capped repeat-unit anion (PSS− proxy),Polymeric,0,2,val,,0,solvent-specific Tier-1 GFN2/ddCOSMO optimized state geometry,tier1:redox:A006:S016:q0:m2,,298.15,wB97X-D3,def2-TZVPD,RIJCOSX + def2/J,TightSCF; DEFGRID3,custom_smd,solvent_smd_registry.csv,resolved_authoritative,8,3000,1.74,jhtvs-ft0806-sp-v3,T2_wB97X-D3_def2-TZVPD_SMD_energy_SP_v1,final_energy_Eh;CPCM_Dielectric_Eh;SMD_CDS_Eh;echoed_smd_vector;normal_termination;geometry_hash,planned,SRC_PROJECT_TIER2_CURRENT;SRC_ORCA61_SMD;SRC_HANDOFF_SPEC
SP0462,smd_energy_sp,A006_QM1_M1,S016,S016,RXN_AOX_A006,fixed_geometry_auxiliary_and_reaction_SP,electrolyte_anion,Poly(styrene sulfonate) H-capped repeat-unit anion (PSS− proxy),Polymeric,-1,1,val,,0,solvent-specific Tier-1 GFN2/ddCOSMO optimized state geometry,tier1:redox:A006:S016:q-1:m1,,298.15,wB97X-D3,def2-TZVPD,RIJCOSX + def2/J,TightSCF; DEFGRID3,custom_smd,solvent_smd_registry.csv,resolved_authoritative,8,3000,1.74,jhtvs-ft0806-sp-v3,T2_wB97X-D3_def2-TZVPD_SMD_energy_SP_v1,final_energy_Eh;CPCM_Dielectric_Eh;SMD_CDS_Eh;echoed_smd_vector;normal_termination;geometry_hash,planned,SRC_PROJECT_TIER2_CURRENT;SRC_ORCA61_SMD;SRC_HANDOFF_SPEC
SP0463,smd_energy_sp,D007_QP2_M1,S016,S016,RXN_SIG_M007,fixed_geometry_auxiliary_and_reaction_SP,sigma_complex_dication,3-Octylthiophene sigma-complex dication,Thiophenes,2,1,test,,0,deterministic sigma construction then solvent-specific GFN2/ddCOSMO preoptimization with connectivity QC,surrogate:sigma_preopt:D007:S016:q2:m1,,298.15,wB97X-D3,def2-TZVPD,RIJCOSX + def2/J,TightSCF; DEFGRID3,custom_smd,solvent_smd_registry.csv,resolved_authoritative,8,3000,4.22,jhtvs-ft0806-sp-v3,T2_wB97X-D3_def2-TZVPD_SMD_energy_SP_v1,final_energy_Eh;CPCM_Dielectric_Eh;SMD_CDS_Eh;echoed_smd_vector;normal_termination;geometry_hash,planned,SRC_PROJECT_TIER2_CURRENT;SRC_ORCA61_SMD;SRC_HANDOFF_SPEC
SP0464,smd_energy_sp,D022_QP2_M1,S016,S016,RXN_SIG_M022,fixed_geometry_auxiliary_and_reaction_SP,sigma_complex_dication,"3,4-Ethylenedioxythiophene (EDOT) sigma-complex dication",Thiophenes,2,1,train,train_full25,1,deterministic sigma construction then solvent-specific GFN2/ddCOSMO preoptimization with connectivity QC,surrogate:sigma_preopt:D022:S016:q2:m1,,298.15,wB97X-D3,def2-TZVPD,RIJCOSX + def2/J,TightSCF; DEFGRID3,custom_smd,solvent_smd_registry.csv,resolved_authoritative,8,3000,4.22,jhtvs-ft0806-sp-v3,T2_wB97X-D3_def2-TZVPD_SMD_energy_SP_v1,final_energy_Eh;CPCM_Dielectric_Eh;SMD_CDS_Eh;echoed_smd_vector;normal_termination;geometry_hash,planned,SRC_PROJECT_TIER2_CURRENT;SRC_ORCA61_SMD;SRC_HANDOFF_SPEC
SP0465,smd_energy_sp,D027_QP2_M1,S016,S016,RXN_SIG_M027,fixed_geometry_auxiliary_and_reaction_SP,sigma_complex_dication,N-Methylpyrrole sigma-complex dication,Pyrroles,2,1,test,test_full25,0,deterministic sigma construction then solvent-specific GFN2/ddCOSMO preoptimization with connectivity QC,surrogate:sigma_preopt:D027:S016:q2:m1,,298.15,wB97X-D3,def2-TZVPD,RIJCOSX + def2/J,TightSCF; DEFGRID3,custom_smd,solvent_smd_registry.csv,resolved_authoritative,8,3000,4.22,jhtvs-ft0806-sp-v3,T2_wB97X-D3_def2-TZVPD_SMD_energy_SP_v1,final_energy_Eh;CPCM_Dielectric_Eh;SMD_CDS_Eh;echoed_smd_vector;normal_termination;geometry_hash,planned,SRC_PROJECT_TIER2_CURRENT;SRC_ORCA61_SMD;SRC_HANDOFF_SPEC
SP0466,smd_energy_sp,D058_QP2_M1,S016,S016,RXN_SIG_M058,fixed_geometry_auxiliary_and_reaction_SP,sigma_complex_dication,"3,4-Ethylenedioxyselenophene (EDOS) sigma-complex dication",Selenophenes,2,1,val,,0,deterministic sigma construction then solvent-specific GFN2/ddCOSMO preoptimization with connectivity QC,surrogate:sigma_preopt:D058:S016:q2:m1,,298.15,wB97X-D3,def2-TZVPD,RIJCOSX + def2/J,TightSCF; DEFGRID3,custom_smd,solvent_smd_registry.csv,resolved_authoritative,8,3000,4.22,jhtvs-ft0806-sp-v3,T2_wB97X-D3_def2-TZVPD_SMD_energy_SP_v1,final_energy_Eh;CPCM_Dielectric_Eh;SMD_CDS_Eh;echoed_smd_vector;normal_termination;geometry_hash,planned,SRC_PROJECT_TIER2_CURRENT;SRC_ORCA61_SMD;SRC_HANDOFF_SPEC
SP0467,smd_energy_sp,D070_QP2_M1,S016,S016,RXN_SIG_M070,fixed_geometry_auxiliary_and_reaction_SP,sigma_complex_dication,Carbazole sigma-complex dication,Carbazoles,2,1,train,,1,deterministic sigma construction then solvent-specific GFN2/ddCOSMO preoptimization with connectivity QC,surrogate:sigma_preopt:D070:S016:q2:m1,,298.15,wB97X-D3,def2-TZVPD,RIJCOSX + def2/J,TightSCF; DEFGRID3,custom_smd,solvent_smd_registry.csv,resolved_authoritative,8,3000,4.22,jhtvs-ft0806-sp-v3,T2_wB97X-D3_def2-TZVPD_SMD_energy_SP_v1,final_energy_Eh;CPCM_Dielectric_Eh;SMD_CDS_Eh;echoed_smd_vector;normal_termination;geometry_hash,planned,SRC_PROJECT_TIER2_CURRENT;SRC_ORCA61_SMD;SRC_HANDOFF_SPEC
SP0468,smd_energy_sp,D084_QP2_M1,S016,S016,RXN_SIG_M084,fixed_geometry_auxiliary_and_reaction_SP,sigma_complex_dication,"4,7-Bis(thiophen-2-yl)-2,1,3-benzothiadiazole (TBT) sigma-complex dication",Donor–Acceptor units,2,1,test,,0,deterministic sigma construction then solvent-specific GFN2/ddCOSMO preoptimization with connectivity QC,surrogate:sigma_preopt:D084:S016:q2:m1,,298.15,wB97X-D3,def2-TZVPD,RIJCOSX + def2/J,TightSCF; DEFGRID3,custom_smd,solvent_smd_registry.csv,resolved_authoritative,8,3000,4.22,jhtvs-ft0806-sp-v3,T2_wB97X-D3_def2-TZVPD_SMD_energy_SP_v1,final_energy_Eh;CPCM_Dielectric_Eh;SMD_CDS_Eh;echoed_smd_vector;normal_termination;geometry_hash,planned,SRC_PROJECT_TIER2_CURRENT;SRC_ORCA61_SMD;SRC_HANDOFF_SPEC
SP0469,smd_energy_sp,M007_Q0_M1,S016,S016,RXN_MOX_M007,fixed_geometry_auxiliary_and_reaction_SP,monomer,3-Octylthiophene,Thiophenes,0,1,test,,0,solvent-specific Tier-1 GFN2/ddCOSMO optimized state geometry,tier1:redox:M007:S016:q0:m1,,298.15,wB97X-D3,def2-TZVPD,RIJCOSX + def2/J,TightSCF; DEFGRID3,custom_smd,solvent_smd_registry.csv,resolved_authoritative,8,3000,1.74,jhtvs-ft0806-sp-v3,T2_wB97X-D3_def2-TZVPD_SMD_energy_SP_v1,final_energy_Eh;CPCM_Dielectric_Eh;SMD_CDS_Eh;echoed_smd_vector;normal_termination;geometry_hash,planned,SRC_PROJECT_TIER2_CURRENT;SRC_ORCA61_SMD;SRC_HANDOFF_SPEC
SP0470,smd_energy_sp,M007_QP1_M2,S016,S016,RXN_MOX_M007;RXN_SIG_M007,fixed_geometry_auxiliary_and_reaction_SP,monomer,3-Octylthiophene,Thiophenes,1,2,test,,0,solvent-specific Tier-1 GFN2/ddCOSMO optimized state geometry,tier1:redox:M007:S016:q1:m2,,298.15,wB97X-D3,def2-TZVPD,RIJCOSX + def2/J,TightSCF; DEFGRID3,custom_smd,solvent_smd_registry.csv,resolved_authoritative,8,3000,1.74,jhtvs-ft0806-sp-v3,T2_wB97X-D3_def2-TZVPD_SMD_energy_SP_v1,final_energy_Eh;CPCM_Dielectric_Eh;SMD_CDS_Eh;echoed_smd_vector;normal_termination;geometry_hash,planned,SRC_PROJECT_TIER2_CURRENT;SRC_ORCA61_SMD;SRC_HANDOFF_SPEC
SP0471,smd_energy_sp,M022_Q0_M1,S016,S016,RXN_MOX_M022,fixed_geometry_auxiliary_and_reaction_SP,monomer,"3,4-Ethylenedioxythiophene (EDOT)",Thiophenes,0,1,train,train_full25,1,solvent-specific Tier-1 GFN2/ddCOSMO optimized state geometry,tier1:redox:M022:S016:q0:m1,,298.15,wB97X-D3,def2-TZVPD,RIJCOSX + def2/J,TightSCF; DEFGRID3,custom_smd,solvent_smd_registry.csv,resolved_authoritative,8,3000,1.74,jhtvs-ft0806-sp-v3,T2_wB97X-D3_def2-TZVPD_SMD_energy_SP_v1,final_energy_Eh;CPCM_Dielectric_Eh;SMD_CDS_Eh;echoed_smd_vector;normal_termination;geometry_hash,planned,SRC_PROJECT_TIER2_CURRENT;SRC_ORCA61_SMD;SRC_HANDOFF_SPEC
SP0472,smd_energy_sp,M022_QP1_M2,S016,S016,RXN_MOX_M022;RXN_SIG_M022,fixed_geometry_auxiliary_and_reaction_SP,monomer,"3,4-Ethylenedioxythiophene (EDOT)",Thiophenes,1,2,train,train_full25,1,solvent-specific Tier-1 GFN2/ddCOSMO optimized state geometry,tier1:redox:M022:S016:q1:m2,,298.15,wB97X-D3,def2-TZVPD,RIJCOSX + def2/J,TightSCF; DEFGRID3,custom_smd,solvent_smd_registry.csv,resolved_authoritative,8,3000,1.74,jhtvs-ft0806-sp-v3,T2_wB97X-D3_def2-TZVPD_SMD_energy_SP_v1,final_energy_Eh;CPCM_Dielectric_Eh;SMD_CDS_Eh;echoed_smd_vector;normal_termination;geometry_hash,planned,SRC_PROJECT_TIER2_CURRENT;SRC_ORCA61_SMD;SRC_HANDOFF_SPEC
SP0473,smd_energy_sp,M027_QP1_M2,S016,S016,RXN_SIG_M027,fixed_geometry_auxiliary_and_reaction_SP,monomer,N-Methylpyrrole,Pyrroles,1,2,test,test_full25,0,solvent-specific Tier-1 GFN2/ddCOSMO optimized state geometry,tier1:redox:M027:S016:q1:m2,,298.15,wB97X-D3,def2-TZVPD,RIJCOSX + def2/J,TightSCF; DEFGRID3,custom_smd,solvent_smd_registry.csv,resolved_authoritative,8,3000,1.74,jhtvs-ft0806-sp-v3,T2_wB97X-D3_def2-TZVPD_SMD_energy_SP_v1,final_energy_Eh;CPCM_Dielectric_Eh;SMD_CDS_Eh;echoed_smd_vector;normal_termination;geometry_hash,planned,SRC_PROJECT_TIER2_CURRENT;SRC_ORCA61_SMD;SRC_HANDOFF_SPEC
SP0474,smd_energy_sp,M047_Q0_M1,S016,S016,RXN_MOX_M047,fixed_geometry_auxiliary_and_reaction_SP,monomer,"3,4-Dimethoxyfuran",Furans,0,1,val,,0,solvent-specific Tier-1 GFN2/ddCOSMO optimized state geometry,tier1:redox:M047:S016:q0:m1,,298.15,wB97X-D3,def2-TZVPD,RIJCOSX + def2/J,TightSCF; DEFGRID3,custom_smd,solvent_smd_registry.csv,resolved_authoritative,8,3000,1.74,jhtvs-ft0806-sp-v3,T2_wB97X-D3_def2-TZVPD_SMD_energy_SP_v1,final_energy_Eh;CPCM_Dielectric_Eh;SMD_CDS_Eh;echoed_smd_vector;normal_termination;geometry_hash,planned,SRC_PROJECT_TIER2_CURRENT;SRC_ORCA61_SMD;SRC_HANDOFF_SPEC
SP0475,smd_energy_sp,M047_QP1_M2,S016,S016,RXN_MOX_M047,fixed_geometry_auxiliary_and_reaction_SP,monomer,"3,4-Dimethoxyfuran",Furans,1,2,val,,0,solvent-specific Tier-1 GFN2/ddCOSMO optimized state geometry,tier1:redox:M047:S016:q1:m2,,298.15,wB97X-D3,def2-TZVPD,RIJCOSX + def2/J,TightSCF; DEFGRID3,custom_smd,solvent_smd_registry.csv,resolved_authoritative,8,3000,1.74,jhtvs-ft0806-sp-v3,T2_wB97X-D3_def2-TZVPD_SMD_energy_SP_v1,final_energy_Eh;CPCM_Dielectric_Eh;SMD_CDS_Eh;echoed_smd_vector;normal_termination;geometry_hash,planned,SRC_PROJECT_TIER2_CURRENT;SRC_ORCA61_SMD;SRC_HANDOFF_SPEC
SP0476,smd_energy_sp,M058_Q0_M1,S016,S016,RXN_MOX_M058,fixed_geometry_auxiliary_and_reaction_SP,monomer,"3,4-Ethylenedioxyselenophene (EDOS)",Selenophenes,0,1,val,,0,solvent-specific Tier-1 GFN2/ddCOSMO optimized state geometry,tier1:redox:M058:S016:q0:m1,,298.15,wB97X-D3,def2-TZVPD,RIJCOSX + def2/J,TightSCF; DEFGRID3,custom_smd,solvent_smd_registry.csv,resolved_authoritative,8,3000,1.74,jhtvs-ft0806-sp-v3,T2_wB97X-D3_def2-TZVPD_SMD_energy_SP_v1,final_energy_Eh;CPCM_Dielectric_Eh;SMD_CDS_Eh;echoed_smd_vector;normal_termination;geometry_hash,planned,SRC_PROJECT_TIER2_CURRENT;SRC_ORCA61_SMD;SRC_HANDOFF_SPEC
SP0477,smd_energy_sp,M058_QP1_M2,S016,S016,RXN_MOX_M058;RXN_SIG_M058,fixed_geometry_auxiliary_and_reaction_SP,monomer,"3,4-Ethylenedioxyselenophene (EDOS)",Selenophenes,1,2,val,,0,solvent-specific Tier-1 GFN2/ddCOSMO optimized state geometry,tier1:redox:M058:S016:q1:m2,,298.15,wB97X-D3,def2-TZVPD,RIJCOSX + def2/J,TightSCF; DEFGRID3,custom_smd,solvent_smd_registry.csv,resolved_authoritative,8,3000,1.74,jhtvs-ft0806-sp-v3,T2_wB97X-D3_def2-TZVPD_SMD_energy_SP_v1,final_energy_Eh;CPCM_Dielectric_Eh;SMD_CDS_Eh;echoed_smd_vector;normal_termination;geometry_hash,planned,SRC_PROJECT_TIER2_CURRENT;SRC_ORCA61_SMD;SRC_HANDOFF_SPEC
SP0478,smd_energy_sp,M070_Q0_M1,S016,S016,RXN_MOX_M070,fixed_geometry_auxiliary_and_reaction_SP,monomer,Carbazole,Carbazoles,0,1,train,,1,solvent-specific Tier-1 GFN2/ddCOSMO optimized state geometry,tier1:redox:M070:S016:q0:m1,,298.15,wB97X-D3,def2-TZVPD,RIJCOSX + def2/J,TightSCF; DEFGRID3,custom_smd,solvent_smd_registry.csv,resolved_authoritative,8,3000,1.74,jhtvs-ft0806-sp-v3,T2_wB97X-D3_def2-TZVPD_SMD_energy_SP_v1,final_energy_Eh;CPCM_Dielectric_Eh;SMD_CDS_Eh;echoed_smd_vector;normal_termination;geometry_hash,planned,SRC_PROJECT_TIER2_CURRENT;SRC_ORCA61_SMD;SRC_HANDOFF_SPEC
SP0479,smd_energy_sp,M070_QP1_M2,S016,S016,RXN_MOX_M070;RXN_SIG_M070,fixed_geometry_auxiliary_and_reaction_SP,monomer,Carbazole,Carbazoles,1,2,train,,1,solvent-specific Tier-1 GFN2/ddCOSMO optimized state geometry,tier1:redox:M070:S016:q1:m2,,298.15,wB97X-D3,def2-TZVPD,RIJCOSX + def2/J,TightSCF; DEFGRID3,custom_smd,solvent_smd_registry.csv,resolved_authoritative,8,3000,1.74,jhtvs-ft0806-sp-v3,T2_wB97X-D3_def2-TZVPD_SMD_energy_SP_v1,final_energy_Eh;CPCM_Dielectric_Eh;SMD_CDS_Eh;echoed_smd_vector;normal_termination;geometry_hash,planned,SRC_PROJECT_TIER2_CURRENT;SRC_ORCA61_SMD;SRC_HANDOFF_SPEC
SP0480,smd_energy_sp,M083_Q0_M1,S016,S016,RXN_MOX_M083,fixed_geometry_auxiliary_and_reaction_SP,monomer,"9,9-Dioctylfluorene",Fluorenes,0,1,train,,1,solvent-specific Tier-1 GFN2/ddCOSMO optimized state geometry,tier1:redox:M083:S016:q0:m1,,298.15,wB97X-D3,def2-TZVPD,RIJCOSX + def2/J,TightSCF; DEFGRID3,custom_smd,solvent_smd_registry.csv,resolved_authoritative,8,3000,1.74,jhtvs-ft0806-sp-v3,T2_wB97X-D3_def2-TZVPD_SMD_energy_SP_v1,final_energy_Eh;CPCM_Dielectric_Eh;SMD_CDS_Eh;echoed_smd_vector;normal_termination;geometry_hash,planned,SRC_PROJECT_TIER2_CURRENT;SRC_ORCA61_SMD;SRC_HANDOFF_SPEC
SP0481,smd_energy_sp,M083_QP1_M2,S016,S016,RXN_MOX_M083,fixed_geometry_auxiliary_and_reaction_SP,monomer,"9,9-Dioctylfluorene",Fluorenes,1,2,train,,1,solvent-specific Tier-1 GFN2/ddCOSMO optimized state geometry,tier1:redox:M083:S016:q1:m2,,298.15,wB97X-D3,def2-TZVPD,RIJCOSX + def2/J,TightSCF; DEFGRID3,custom_smd,solvent_smd_registry.csv,resolved_authoritative,8,3000,1.74,jhtvs-ft0806-sp-v3,T2_wB97X-D3_def2-TZVPD_SMD_energy_SP_v1,final_energy_Eh;CPCM_Dielectric_Eh;SMD_CDS_Eh;echoed_smd_vector;normal_termination;geometry_hash,planned,SRC_PROJECT_TIER2_CURRENT;SRC_ORCA61_SMD;SRC_HANDOFF_SPEC
SP0482,smd_energy_sp,M084_Q0_M1,S016,S016,RXN_MOX_M084,fixed_geometry_auxiliary_and_reaction_SP,monomer,"4,7-Bis(thiophen-2-yl)-2,1,3-benzothiadiazole (TBT)",Donor–Acceptor units,0,1,test,test_full25,0,solvent-specific Tier-1 GFN2/ddCOSMO optimized state geometry,tier1:redox:M084:S016:q0:m1,,298.15,wB97X-D3,def2-TZVPD,RIJCOSX + def2/J,TightSCF; DEFGRID3,custom_smd,solvent_smd_registry.csv,resolved_authoritative,8,3000,1.74,jhtvs-ft0806-sp-v3,T2_wB97X-D3_def2-TZVPD_SMD_energy_SP_v1,final_energy_Eh;CPCM_Dielectric_Eh;SMD_CDS_Eh;echoed_smd_vector;normal_termination;geometry_hash,planned,SRC_PROJECT_TIER2_CURRENT;SRC_ORCA61_SMD;SRC_HANDOFF_SPEC
SP0483,smd_energy_sp,M084_QP1_M2,S016,S016,RXN_MOX_M084;RXN_SIG_M084,fixed_geometry_auxiliary_and_reaction_SP,monomer,"4,7-Bis(thiophen-2-yl)-2,1,3-benzothiadiazole (TBT)",Donor–Acceptor units,1,2,test,test_full25,0,solvent-specific Tier-1 GFN2/ddCOSMO optimized state geometry,tier1:redox:M084:S016:q1:m2,,298.15,wB97X-D3,def2-TZVPD,RIJCOSX + def2/J,TightSCF; DEFGRID3,custom_smd,solvent_smd_registry.csv,resolved_authoritative,8,3000,1.74,jhtvs-ft0806-sp-v3,T2_wB97X-D3_def2-TZVPD_SMD_energy_SP_v1,final_energy_Eh;CPCM_Dielectric_Eh;SMD_CDS_Eh;echoed_smd_vector;normal_termination;geometry_hash,planned,SRC_PROJECT_TIER2_CURRENT;SRC_ORCA61_SMD;SRC_HANDOFF_SPEC
SP0484,smd_energy_sp,S016_Q0_M1,S016,S016,RXN_SOX_S016,fixed_geometry_auxiliary_and_reaction_SP,solvent_oxidation_target,1-Butyl-3-methylimidazolium tetrafluoroborate ([BMIM][BF4]),Ionic liquid,0,1,train,self_medium,1,self-medium Tier-1 GFN2/ddCOSMO optimized state geometry,tier1:redox:S016:S016:q0:m1,,298.15,wB97X-D3,def2-TZVPD,RIJCOSX + def2/J,TightSCF; DEFGRID3,custom_smd,solvent_smd_registry.csv,resolved_authoritative,8,3000,1.74,jhtvs-ft0806-sp-v3,T2_wB97X-D3_def2-TZVPD_SMD_energy_SP_v1,final_energy_Eh;CPCM_Dielectric_Eh;SMD_CDS_Eh;echoed_smd_vector;normal_termination;geometry_hash,planned,SRC_PROJECT_TIER2_CURRENT;SRC_ORCA61_SMD;SRC_HANDOFF_SPEC
SP0485,smd_energy_sp,S016_QP1_M2,S016,S016,RXN_SOX_S016,fixed_geometry_auxiliary_and_reaction_SP,solvent_oxidation_target,1-Butyl-3-methylimidazolium tetrafluoroborate ([BMIM][BF4]),Ionic liquid,1,2,train,self_medium,1,self-medium Tier-1 GFN2/ddCOSMO optimized state geometry,tier1:redox:S016:S016:q1:m2,,298.15,wB97X-D3,def2-TZVPD,RIJCOSX + def2/J,TightSCF; DEFGRID3,custom_smd,solvent_smd_registry.csv,resolved_authoritative,8,3000,1.74,jhtvs-ft0806-sp-v3,T2_wB97X-D3_def2-TZVPD_SMD_energy_SP_v1,final_energy_Eh;CPCM_Dielectric_Eh;SMD_CDS_Eh;echoed_smd_vector;normal_termination;geometry_hash,planned,SRC_PROJECT_TIER2_CURRENT;SRC_ORCA61_SMD;SRC_HANDOFF_SPEC
SP0486,smd_energy_sp,A002_Q0_M2,S017,S017,RXN_AOX_A002,fixed_geometry_auxiliary_and_reaction_SP,electrolyte_anion,Tetrafluoroborate (BF4−),Lithium; Tetraalkylammonium,0,2,test,test_full25,0,solvent-specific Tier-1 GFN2/ddCOSMO optimized state geometry,tier1:redox:A002:S017:q0:m2,,298.15,wB97X-D3,def2-TZVPD,RIJCOSX + def2/J,TightSCF; DEFGRID3,custom_smd,solvent_smd_registry.csv,resolved_authoritative,8,3000,1.74,jhtvs-ft0806-sp-v3,T2_wB97X-D3_def2-TZVPD_SMD_energy_SP_v1,final_energy_Eh;CPCM_Dielectric_Eh;SMD_CDS_Eh;echoed_smd_vector;normal_termination;geometry_hash,planned,SRC_PROJECT_TIER2_CURRENT;SRC_ORCA61_SMD;SRC_HANDOFF_SPEC
SP0487,smd_energy_sp,A002_QM1_M1,S017,S017,RXN_AOX_A002,fixed_geometry_auxiliary_and_reaction_SP,electrolyte_anion,Tetrafluoroborate (BF4−),Lithium; Tetraalkylammonium,-1,1,test,test_full25,0,solvent-specific Tier-1 GFN2/ddCOSMO optimized state geometry,tier1:redox:A002:S017:q-1:m1,,298.15,wB97X-D3,def2-TZVPD,RIJCOSX + def2/J,TightSCF; DEFGRID3,custom_smd,solvent_smd_registry.csv,resolved_authoritative,8,3000,1.74,jhtvs-ft0806-sp-v3,T2_wB97X-D3_def2-TZVPD_SMD_energy_SP_v1,final_energy_Eh;CPCM_Dielectric_Eh;SMD_CDS_Eh;echoed_smd_vector;normal_termination;geometry_hash,planned,SRC_PROJECT_TIER2_CURRENT;SRC_ORCA61_SMD;SRC_HANDOFF_SPEC
SP0488,smd_energy_sp,A003_Q0_M2,S017,S017,RXN_AOX_A003,fixed_geometry_auxiliary_and_reaction_SP,electrolyte_anion,Perchlorate (ClO4−),Acid; Lithium; Silver; Sodium; Tetraalkylammonium,0,2,train,,1,solvent-specific Tier-1 GFN2/ddCOSMO optimized state geometry,tier1:redox:A003:S017:q0:m2,,298.15,wB97X-D3,def2-TZVPD,RIJCOSX + def2/J,TightSCF; DEFGRID3,custom_smd,solvent_smd_registry.csv,resolved_authoritative,8,3000,1.74,jhtvs-ft0806-sp-v3,T2_wB97X-D3_def2-TZVPD_SMD_energy_SP_v1,final_energy_Eh;CPCM_Dielectric_Eh;SMD_CDS_Eh;echoed_smd_vector;normal_termination;geometry_hash,planned,SRC_PROJECT_TIER2_CURRENT;SRC_ORCA61_SMD;SRC_HANDOFF_SPEC
SP0489,smd_energy_sp,A003_QM1_M1,S017,S017,RXN_AOX_A003,fixed_geometry_auxiliary_and_reaction_SP,electrolyte_anion,Perchlorate (ClO4−),Acid; Lithium; Silver; Sodium; Tetraalkylammonium,-1,1,train,,1,solvent-specific Tier-1 GFN2/ddCOSMO optimized state geometry,tier1:redox:A003:S017:q-1:m1,,298.15,wB97X-D3,def2-TZVPD,RIJCOSX + def2/J,TightSCF; DEFGRID3,custom_smd,solvent_smd_registry.csv,resolved_authoritative,8,3000,1.74,jhtvs-ft0806-sp-v3,T2_wB97X-D3_def2-TZVPD_SMD_energy_SP_v1,final_energy_Eh;CPCM_Dielectric_Eh;SMD_CDS_Eh;echoed_smd_vector;normal_termination;geometry_hash,planned,SRC_PROJECT_TIER2_CURRENT;SRC_ORCA61_SMD;SRC_HANDOFF_SPEC
SP0490,smd_energy_sp,A005_Q0_M2,S017,S017,RXN_AOX_A005,fixed_geometry_auxiliary_and_reaction_SP,electrolyte_anion,Bis(trifluoromethanesulfonyl)imide (TFSI−),Lithium; Tetraalkylammonium,0,2,train,train_full25,1,solvent-specific Tier-1 GFN2/ddCOSMO optimized state geometry,tier1:redox:A005:S017:q0:m2,,298.15,wB97X-D3,def2-TZVPD,RIJCOSX + def2/J,TightSCF; DEFGRID3,custom_smd,solvent_smd_registry.csv,resolved_authoritative,8,3000,1.74,jhtvs-ft0806-sp-v3,T2_wB97X-D3_def2-TZVPD_SMD_energy_SP_v1,final_energy_Eh;CPCM_Dielectric_Eh;SMD_CDS_Eh;echoed_smd_vector;normal_termination;geometry_hash,planned,SRC_PROJECT_TIER2_CURRENT;SRC_ORCA61_SMD;SRC_HANDOFF_SPEC
SP0491,smd_energy_sp,A005_QM1_M1,S017,S017,RXN_AOX_A005,fixed_geometry_auxiliary_and_reaction_SP,electrolyte_anion,Bis(trifluoromethanesulfonyl)imide (TFSI−),Lithium; Tetraalkylammonium,-1,1,train,train_full25,1,solvent-specific Tier-1 GFN2/ddCOSMO optimized state geometry,tier1:redox:A005:S017:q-1:m1,,298.15,wB97X-D3,def2-TZVPD,RIJCOSX + def2/J,TightSCF; DEFGRID3,custom_smd,solvent_smd_registry.csv,resolved_authoritative,8,3000,1.74,jhtvs-ft0806-sp-v3,T2_wB97X-D3_def2-TZVPD_SMD_energy_SP_v1,final_energy_Eh;CPCM_Dielectric_Eh;SMD_CDS_Eh;echoed_smd_vector;normal_termination;geometry_hash,planned,SRC_PROJECT_TIER2_CURRENT;SRC_ORCA61_SMD;SRC_HANDOFF_SPEC
SP0492,smd_energy_sp,A007_Q0_M2,S017,S017,RXN_AOX_A007,fixed_geometry_auxiliary_and_reaction_SP,electrolyte_anion,4-Dodecylbenzenesulfonate (DBSA−),Surfactant,0,2,train,,1,solvent-specific Tier-1 GFN2/ddCOSMO optimized state geometry,tier1:redox:A007:S017:q0:m2,,298.15,wB97X-D3,def2-TZVPD,RIJCOSX + def2/J,TightSCF; DEFGRID3,custom_smd,solvent_smd_registry.csv,resolved_authoritative,8,3000,1.74,jhtvs-ft0806-sp-v3,T2_wB97X-D3_def2-TZVPD_SMD_energy_SP_v1,final_energy_Eh;CPCM_Dielectric_Eh;SMD_CDS_Eh;echoed_smd_vector;normal_termination;geometry_hash,planned,SRC_PROJECT_TIER2_CURRENT;SRC_ORCA61_SMD;SRC_HANDOFF_SPEC
SP0493,smd_energy_sp,A007_QM1_M1,S017,S017,RXN_AOX_A007,fixed_geometry_auxiliary_and_reaction_SP,electrolyte_anion,4-Dodecylbenzenesulfonate (DBSA−),Surfactant,-1,1,train,,1,solvent-specific Tier-1 GFN2/ddCOSMO optimized state geometry,tier1:redox:A007:S017:q-1:m1,,298.15,wB97X-D3,def2-TZVPD,RIJCOSX + def2/J,TightSCF; DEFGRID3,custom_smd,solvent_smd_registry.csv,resolved_authoritative,8,3000,1.74,jhtvs-ft0806-sp-v3,T2_wB97X-D3_def2-TZVPD_SMD_energy_SP_v1,final_energy_Eh;CPCM_Dielectric_Eh;SMD_CDS_Eh;echoed_smd_vector;normal_termination;geometry_hash,planned,SRC_PROJECT_TIER2_CURRENT;SRC_ORCA61_SMD;SRC_HANDOFF_SPEC
SP0494,smd_energy_sp,A011_Q0_M2,S017,S017,RXN_AOX_A011,fixed_geometry_auxiliary_and_reaction_SP,electrolyte_anion,Chloride (Cl−),Inorganic,0,2,val,,0,solvent-specific Tier-1 GFN2/ddCOSMO optimized state geometry,tier1:redox:A011:S017:q0:m2,,298.15,wB97X-D3,def2-TZVPD,RIJCOSX + def2/J,TightSCF; DEFGRID3,custom_smd,solvent_smd_registry.csv,resolved_authoritative,8,3000,1.74,jhtvs-ft0806-sp-v3,T2_wB97X-D3_def2-TZVPD_SMD_energy_SP_v1,final_energy_Eh;CPCM_Dielectric_Eh;SMD_CDS_Eh;echoed_smd_vector;normal_termination;geometry_hash,planned,SRC_PROJECT_TIER2_CURRENT;SRC_ORCA61_SMD;SRC_HANDOFF_SPEC
SP0495,smd_energy_sp,A011_QM1_M1,S017,S017,RXN_AOX_A011,fixed_geometry_auxiliary_and_reaction_SP,electrolyte_anion,Chloride (Cl−),Inorganic,-1,1,val,,0,solvent-specific Tier-1 GFN2/ddCOSMO optimized state geometry,tier1:redox:A011:S017:q-1:m1,,298.15,wB97X-D3,def2-TZVPD,RIJCOSX + def2/J,TightSCF; DEFGRID3,custom_smd,solvent_smd_registry.csv,resolved_authoritative,8,3000,1.74,jhtvs-ft0806-sp-v3,T2_wB97X-D3_def2-TZVPD_SMD_energy_SP_v1,final_energy_Eh;CPCM_Dielectric_Eh;SMD_CDS_Eh;echoed_smd_vector;normal_termination;geometry_hash,planned,SRC_PROJECT_TIER2_CURRENT;SRC_ORCA61_SMD;SRC_HANDOFF_SPEC
SP0496,smd_energy_sp,D022_QP2_M1,S017,S017,RXN_SIG_M022,fixed_geometry_auxiliary_and_reaction_SP,sigma_complex_dication,"3,4-Ethylenedioxythiophene (EDOT) sigma-complex dication",Thiophenes,2,1,train,train_full25,1,deterministic sigma construction then solvent-specific GFN2/ddCOSMO preoptimization with connectivity QC,surrogate:sigma_preopt:D022:S017:q2:m1,,298.15,wB97X-D3,def2-TZVPD,RIJCOSX + def2/J,TightSCF; DEFGRID3,custom_smd,solvent_smd_registry.csv,resolved_authoritative,8,3000,4.22,jhtvs-ft0806-sp-v3,T2_wB97X-D3_def2-TZVPD_SMD_energy_SP_v1,final_energy_Eh;CPCM_Dielectric_Eh;SMD_CDS_Eh;echoed_smd_vector;normal_termination;geometry_hash,planned,SRC_PROJECT_TIER2_CURRENT;SRC_ORCA61_SMD;SRC_HANDOFF_SPEC
SP0497,smd_energy_sp,D024_QP2_M1,S017,S017,RXN_SIG_M024,fixed_geometry_auxiliary_and_reaction_SP,sigma_complex_dication,"2,2′-Bithiophene sigma-complex dication",Thiophenes,2,1,train,,1,deterministic sigma construction then solvent-specific GFN2/ddCOSMO preoptimization with connectivity QC,surrogate:sigma_preopt:D024:S017:q2:m1,,298.15,wB97X-D3,def2-TZVPD,RIJCOSX + def2/J,TightSCF; DEFGRID3,custom_smd,solvent_smd_registry.csv,resolved_authoritative,8,3000,4.22,jhtvs-ft0806-sp-v3,T2_wB97X-D3_def2-TZVPD_SMD_energy_SP_v1,final_energy_Eh;CPCM_Dielectric_Eh;SMD_CDS_Eh;echoed_smd_vector;normal_termination;geometry_hash,planned,SRC_PROJECT_TIER2_CURRENT;SRC_ORCA61_SMD;SRC_HANDOFF_SPEC
SP0498,smd_energy_sp,D027_QP2_M1,S017,S017,RXN_SIG_M027,fixed_geometry_auxiliary_and_reaction_SP,sigma_complex_dication,N-Methylpyrrole sigma-complex dication,Pyrroles,2,1,test,test_full25,0,deterministic sigma construction then solvent-specific GFN2/ddCOSMO preoptimization with connectivity QC,surrogate:sigma_preopt:D027:S017:q2:m1,,298.15,wB97X-D3,def2-TZVPD,RIJCOSX + def2/J,TightSCF; DEFGRID3,custom_smd,solvent_smd_registry.csv,resolved_authoritative,8,3000,4.22,jhtvs-ft0806-sp-v3,T2_wB97X-D3_def2-TZVPD_SMD_energy_SP_v1,final_energy_Eh;CPCM_Dielectric_Eh;SMD_CDS_Eh;echoed_smd_vector;normal_termination;geometry_hash,planned,SRC_PROJECT_TIER2_CURRENT;SRC_ORCA61_SMD;SRC_HANDOFF_SPEC
SP0499,smd_energy_sp,D060_QP2_M1,S017,S017,RXN_SIG_M060,fixed_geometry_auxiliary_and_reaction_SP,sigma_complex_dication,Aniline sigma-complex dication,Anilines,2,1,train,,1,deterministic sigma construction then solvent-specific GFN2/ddCOSMO preoptimization with connectivity QC,surrogate:sigma_preopt:D060:S017:q2:m1,,298.15,wB97X-D3,def2-TZVPD,RIJCOSX + def2/J,TightSCF; DEFGRID3,custom_smd,solvent_smd_registry.csv,resolved_authoritative,8,3000,4.22,jhtvs-ft0806-sp-v3,T2_wB97X-D3_def2-TZVPD_SMD_energy_SP_v1,final_energy_Eh;CPCM_Dielectric_Eh;SMD_CDS_Eh;echoed_smd_vector;normal_termination;geometry_hash,planned,SRC_PROJECT_TIER2_CURRENT;SRC_ORCA61_SMD;SRC_HANDOFF_SPEC
SP0500,smd_energy_sp,D096_QP2_M1,S017,S017,RXN_SIG_M096,fixed_geometry_auxiliary_and_reaction_SP,sigma_complex_dication,"4,4-Dihexyl-CPDT sigma-complex dication",Fused-ring systems,2,1,val,,0,deterministic sigma construction then solvent-specific GFN2/ddCOSMO preoptimization with connectivity QC,surrogate:sigma_preopt:D096:S017:q2:m1,,298.15,wB97X-D3,def2-TZVPD,RIJCOSX + def2/J,TightSCF; DEFGRID3,custom_smd,solvent_smd_registry.csv,resolved_authoritative,8,3000,4.22,jhtvs-ft0806-sp-v3,T2_wB97X-D3_def2-TZVPD_SMD_energy_SP_v1,final_energy_Eh;CPCM_Dielectric_Eh;SMD_CDS_Eh;echoed_smd_vector;normal_termination;geometry_hash,planned,SRC_PROJECT_TIER2_CURRENT;SRC_ORCA61_SMD;SRC_HANDOFF_SPEC
SP0501,smd_energy_sp,M013_Q0_M1,S017,S017,RXN_MOX_M013,fixed_geometry_auxiliary_and_reaction_SP,monomer,Thiophene-3-carbonitrile,Thiophenes,0,1,train,,1,solvent-specific Tier-1 GFN2/ddCOSMO optimized state geometry,tier1:redox:M013:S017:q0:m1,,298.15,wB97X-D3,def2-TZVPD,RIJCOSX + def2/J,TightSCF; DEFGRID3,custom_smd,solvent_smd_registry.csv,resolved_authoritative,8,3000,1.74,jhtvs-ft0806-sp-v3,T2_wB97X-D3_def2-TZVPD_SMD_energy_SP_v1,final_energy_Eh;CPCM_Dielectric_Eh;SMD_CDS_Eh;echoed_smd_vector;normal_termination;geometry_hash,planned,SRC_PROJECT_TIER2_CURRENT;SRC_ORCA61_SMD;SRC_HANDOFF_SPEC
SP0502,smd_energy_sp,M013_QP1_M2,S017,S017,RXN_MOX_M013,fixed_geometry_auxiliary_and_reaction_SP,monomer,Thiophene-3-carbonitrile,Thiophenes,1,2,train,,1,solvent-specific Tier-1 GFN2/ddCOSMO optimized state geometry,tier1:redox:M013:S017:q1:m2,,298.15,wB97X-D3,def2-TZVPD,RIJCOSX + def2/J,TightSCF; DEFGRID3,custom_smd,solvent_smd_registry.csv,resolved_authoritative,8,3000,1.74,jhtvs-ft0806-sp-v3,T2_wB97X-D3_def2-TZVPD_SMD_energy_SP_v1,final_energy_Eh;CPCM_Dielectric_Eh;SMD_CDS_Eh;echoed_smd_vector;normal_termination;geometry_hash,planned,SRC_PROJECT_TIER2_CURRENT;SRC_ORCA61_SMD;SRC_HANDOFF_SPEC
SP0503,smd_energy_sp,M022_Q0_M1,S017,S017,RXN_MOX_M022,fixed_geometry_auxiliary_and_reaction_SP,monomer,"3,4-Ethylenedioxythiophene (EDOT)",Thiophenes,0,1,train,train_full25,1,solvent-specific Tier-1 GFN2/ddCOSMO optimized state geometry,tier1:redox:M022:S017:q0:m1,,298.15,wB97X-D3,def2-TZVPD,RIJCOSX + def2/J,TightSCF; DEFGRID3,custom_smd,solvent_smd_registry.csv,resolved_authoritative,8,3000,1.74,jhtvs-ft0806-sp-v3,T2_wB97X-D3_def2-TZVPD_SMD_energy_SP_v1,final_energy_Eh;CPCM_Dielectric_Eh;SMD_CDS_Eh;echoed_smd_vector;normal_termination;geometry_hash,planned,SRC_PROJECT_TIER2_CURRENT;SRC_ORCA61_SMD;SRC_HANDOFF_SPEC
SP0504,smd_energy_sp,M022_QP1_M2,S017,S017,RXN_MOX_M022;RXN_SIG_M022,fixed_geometry_auxiliary_and_reaction_SP,monomer,"3,4-Ethylenedioxythiophene (EDOT)",Thiophenes,1,2,train,train_full25,1,solvent-specific Tier-1 GFN2/ddCOSMO optimized state geometry,tier1:redox:M022:S017:q1:m2,,298.15,wB97X-D3,def2-TZVPD,RIJCOSX + def2/J,TightSCF; DEFGRID3,custom_smd,solvent_smd_registry.csv,resolved_authoritative,8,3000,1.74,jhtvs-ft0806-sp-v3,T2_wB97X-D3_def2-TZVPD_SMD_energy_SP_v1,final_energy_Eh;CPCM_Dielectric_Eh;SMD_CDS_Eh;echoed_smd_vector;normal_termination;geometry_hash,planned,SRC_PROJECT_TIER2_CURRENT;SRC_ORCA61_SMD;SRC_HANDOFF_SPEC
SP0505,smd_energy_sp,M024_Q0_M1,S017,S017,RXN_MOX_M024,fixed_geometry_auxiliary_and_reaction_SP,monomer,"2,2′-Bithiophene",Thiophenes,0,1,train,,1,solvent-specific Tier-1 GFN2/ddCOSMO optimized state geometry,tier1:redox:M024:S017:q0:m1,,298.15,wB97X-D3,def2-TZVPD,RIJCOSX + def2/J,TightSCF; DEFGRID3,custom_smd,solvent_smd_registry.csv,resolved_authoritative,8,3000,1.74,jhtvs-ft0806-sp-v3,T2_wB97X-D3_def2-TZVPD_SMD_energy_SP_v1,final_energy_Eh;CPCM_Dielectric_Eh;SMD_CDS_Eh;echoed_smd_vector;normal_termination;geometry_hash,planned,SRC_PROJECT_TIER2_CURRENT;SRC_ORCA61_SMD;SRC_HANDOFF_SPEC
SP0506,smd_energy_sp,M024_QP1_M2,S017,S017,RXN_MOX_M024;RXN_SIG_M024,fixed_geometry_auxiliary_and_reaction_SP,monomer,"2,2′-Bithiophene",Thiophenes,1,2,train,,1,solvent-specific Tier-1 GFN2/ddCOSMO optimized state geometry,tier1:redox:M024:S017:q1:m2,,298.15,wB97X-D3,def2-TZVPD,RIJCOSX + def2/J,TightSCF; DEFGRID3,custom_smd,solvent_smd_registry.csv,resolved_authoritative,8,3000,1.74,jhtvs-ft0806-sp-v3,T2_wB97X-D3_def2-TZVPD_SMD_energy_SP_v1,final_energy_Eh;CPCM_Dielectric_Eh;SMD_CDS_Eh;echoed_smd_vector;normal_termination;geometry_hash,planned,SRC_PROJECT_TIER2_CURRENT;SRC_ORCA61_SMD;SRC_HANDOFF_SPEC
SP0507,smd_energy_sp,M027_QP1_M2,S017,S017,RXN_SIG_M027,fixed_geometry_auxiliary_and_reaction_SP,monomer,N-Methylpyrrole,Pyrroles,1,2,test,test_full25,0,solvent-specific Tier-1 GFN2/ddCOSMO optimized state geometry,tier1:redox:M027:S017:q1:m2,,298.15,wB97X-D3,def2-TZVPD,RIJCOSX + def2/J,TightSCF; DEFGRID3,custom_smd,solvent_smd_registry.csv,resolved_authoritative,8,3000,1.74,jhtvs-ft0806-sp-v3,T2_wB97X-D3_def2-TZVPD_SMD_energy_SP_v1,final_energy_Eh;CPCM_Dielectric_Eh;SMD_CDS_Eh;echoed_smd_vector;normal_termination;geometry_hash,planned,SRC_PROJECT_TIER2_CURRENT;SRC_ORCA61_SMD;SRC_HANDOFF_SPEC
SP0508,smd_energy_sp,M036_Q0_M1,S017,S017,RXN_MOX_M036,fixed_geometry_auxiliary_and_reaction_SP,monomer,"3,4-Ethylenedioxypyrrole (EDOP)",Pyrroles,0,1,train,,1,solvent-specific Tier-1 GFN2/ddCOSMO optimized state geometry,tier1:redox:M036:S017:q0:m1,,298.15,wB97X-D3,def2-TZVPD,RIJCOSX + def2/J,TightSCF; DEFGRID3,custom_smd,solvent_smd_registry.csv,resolved_authoritative,8,3000,1.74,jhtvs-ft0806-sp-v3,T2_wB97X-D3_def2-TZVPD_SMD_energy_SP_v1,final_energy_Eh;CPCM_Dielectric_Eh;SMD_CDS_Eh;echoed_smd_vector;normal_termination;geometry_hash,planned,SRC_PROJECT_TIER2_CURRENT;SRC_ORCA61_SMD;SRC_HANDOFF_SPEC
SP0509,smd_energy_sp,M036_QP1_M2,S017,S017,RXN_MOX_M036,fixed_geometry_auxiliary_and_reaction_SP,monomer,"3,4-Ethylenedioxypyrrole (EDOP)",Pyrroles,1,2,train,,1,solvent-specific Tier-1 GFN2/ddCOSMO optimized state geometry,tier1:redox:M036:S017:q1:m2,,298.15,wB97X-D3,def2-TZVPD,RIJCOSX + def2/J,TightSCF; DEFGRID3,custom_smd,solvent_smd_registry.csv,resolved_authoritative,8,3000,1.74,jhtvs-ft0806-sp-v3,T2_wB97X-D3_def2-TZVPD_SMD_energy_SP_v1,final_energy_Eh;CPCM_Dielectric_Eh;SMD_CDS_Eh;echoed_smd_vector;normal_termination;geometry_hash,planned,SRC_PROJECT_TIER2_CURRENT;SRC_ORCA61_SMD;SRC_HANDOFF_SPEC
SP0510,smd_energy_sp,M060_Q0_M1,S017,S017,RXN_MOX_M060,fixed_geometry_auxiliary_and_reaction_SP,monomer,Aniline,Anilines,0,1,train,,1,solvent-specific Tier-1 GFN2/ddCOSMO optimized state geometry,tier1:redox:M060:S017:q0:m1,,298.15,wB97X-D3,def2-TZVPD,RIJCOSX + def2/J,TightSCF; DEFGRID3,custom_smd,solvent_smd_registry.csv,resolved_authoritative,8,3000,1.74,jhtvs-ft0806-sp-v3,T2_wB97X-D3_def2-TZVPD_SMD_energy_SP_v1,final_energy_Eh;CPCM_Dielectric_Eh;SMD_CDS_Eh;echoed_smd_vector;normal_termination;geometry_hash,planned,SRC_PROJECT_TIER2_CURRENT;SRC_ORCA61_SMD;SRC_HANDOFF_SPEC
SP0511,smd_energy_sp,M060_QP1_M2,S017,S017,RXN_MOX_M060;RXN_SIG_M060,fixed_geometry_auxiliary_and_reaction_SP,monomer,Aniline,Anilines,1,2,train,,1,solvent-specific Tier-1 GFN2/ddCOSMO optimized state geometry,tier1:redox:M060:S017:q1:m2,,298.15,wB97X-D3,def2-TZVPD,RIJCOSX + def2/J,TightSCF; DEFGRID3,custom_smd,solvent_smd_registry.csv,resolved_authoritative,8,3000,1.74,jhtvs-ft0806-sp-v3,T2_wB97X-D3_def2-TZVPD_SMD_energy_SP_v1,final_energy_Eh;CPCM_Dielectric_Eh;SMD_CDS_Eh;echoed_smd_vector;normal_termination;geometry_hash,planned,SRC_PROJECT_TIER2_CURRENT;SRC_ORCA61_SMD;SRC_HANDOFF_SPEC
SP0512,smd_energy_sp,M074_Q0_M1,S017,S017,RXN_MOX_M074,fixed_geometry_auxiliary_and_reaction_SP,monomer,N-Octylcarbazole,Carbazoles,0,1,train,,1,solvent-specific Tier-1 GFN2/ddCOSMO optimized state geometry,tier1:redox:M074:S017:q0:m1,,298.15,wB97X-D3,def2-TZVPD,RIJCOSX + def2/J,TightSCF; DEFGRID3,custom_smd,solvent_smd_registry.csv,resolved_authoritative,8,3000,1.74,jhtvs-ft0806-sp-v3,T2_wB97X-D3_def2-TZVPD_SMD_energy_SP_v1,final_energy_Eh;CPCM_Dielectric_Eh;SMD_CDS_Eh;echoed_smd_vector;normal_termination;geometry_hash,planned,SRC_PROJECT_TIER2_CURRENT;SRC_ORCA61_SMD;SRC_HANDOFF_SPEC
SP0513,smd_energy_sp,M074_QP1_M2,S017,S017,RXN_MOX_M074,fixed_geometry_auxiliary_and_reaction_SP,monomer,N-Octylcarbazole,Carbazoles,1,2,train,,1,solvent-specific Tier-1 GFN2/ddCOSMO optimized state geometry,tier1:redox:M074:S017:q1:m2,,298.15,wB97X-D3,def2-TZVPD,RIJCOSX + def2/J,TightSCF; DEFGRID3,custom_smd,solvent_smd_registry.csv,resolved_authoritative,8,3000,1.74,jhtvs-ft0806-sp-v3,T2_wB97X-D3_def2-TZVPD_SMD_energy_SP_v1,final_energy_Eh;CPCM_Dielectric_Eh;SMD_CDS_Eh;echoed_smd_vector;normal_termination;geometry_hash,planned,SRC_PROJECT_TIER2_CURRENT;SRC_ORCA61_SMD;SRC_HANDOFF_SPEC
SP0514,smd_energy_sp,M084_Q0_M1,S017,S017,RXN_MOX_M084,fixed_geometry_auxiliary_and_reaction_SP,monomer,"4,7-Bis(thiophen-2-yl)-2,1,3-benzothiadiazole (TBT)",Donor–Acceptor units,0,1,test,test_full25,0,solvent-specific Tier-1 GFN2/ddCOSMO optimized state geometry,tier1:redox:M084:S017:q0:m1,,298.15,wB97X-D3,def2-TZVPD,RIJCOSX + def2/J,TightSCF; DEFGRID3,custom_smd,solvent_smd_registry.csv,resolved_authoritative,8,3000,1.74,jhtvs-ft0806-sp-v3,T2_wB97X-D3_def2-TZVPD_SMD_energy_SP_v1,final_energy_Eh;CPCM_Dielectric_Eh;SMD_CDS_Eh;echoed_smd_vector;normal_termination;geometry_hash,planned,SRC_PROJECT_TIER2_CURRENT;SRC_ORCA61_SMD;SRC_HANDOFF_SPEC
SP0515,smd_energy_sp,M084_QP1_M2,S017,S017,RXN_MOX_M084,fixed_geometry_auxiliary_and_reaction_SP,monomer,"4,7-Bis(thiophen-2-yl)-2,1,3-benzothiadiazole (TBT)",Donor–Acceptor units,1,2,test,test_full25,0,solvent-specific Tier-1 GFN2/ddCOSMO optimized state geometry,tier1:redox:M084:S017:q1:m2,,298.15,wB97X-D3,def2-TZVPD,RIJCOSX + def2/J,TightSCF; DEFGRID3,custom_smd,solvent_smd_registry.csv,resolved_authoritative,8,3000,1.74,jhtvs-ft0806-sp-v3,T2_wB97X-D3_def2-TZVPD_SMD_energy_SP_v1,final_energy_Eh;CPCM_Dielectric_Eh;SMD_CDS_Eh;echoed_smd_vector;normal_termination;geometry_hash,planned,SRC_PROJECT_TIER2_CURRENT;SRC_ORCA61_SMD;SRC_HANDOFF_SPEC
SP0516,smd_energy_sp,M096_Q0_M1,S017,S017,RXN_MOX_M096,fixed_geometry_auxiliary_and_reaction_SP,monomer,"4,4-Dihexyl-CPDT",Fused-ring systems,0,1,val,,0,solvent-specific Tier-1 GFN2/ddCOSMO optimized state geometry,tier1:redox:M096:S017:q0:m1,,298.15,wB97X-D3,def2-TZVPD,RIJCOSX + def2/J,TightSCF; DEFGRID3,custom_smd,solvent_smd_registry.csv,resolved_authoritative,8,3000,1.74,jhtvs-ft0806-sp-v3,T2_wB97X-D3_def2-TZVPD_SMD_energy_SP_v1,final_energy_Eh;CPCM_Dielectric_Eh;SMD_CDS_Eh;echoed_smd_vector;normal_termination;geometry_hash,planned,SRC_PROJECT_TIER2_CURRENT;SRC_ORCA61_SMD;SRC_HANDOFF_SPEC
SP0517,smd_energy_sp,M096_QP1_M2,S017,S017,RXN_MOX_M096;RXN_SIG_M096,fixed_geometry_auxiliary_and_reaction_SP,monomer,"4,4-Dihexyl-CPDT",Fused-ring systems,1,2,val,,0,solvent-specific Tier-1 GFN2/ddCOSMO optimized state geometry,tier1:redox:M096:S017:q1:m2,,298.15,wB97X-D3,def2-TZVPD,RIJCOSX + def2/J,TightSCF; DEFGRID3,custom_smd,solvent_smd_registry.csv,resolved_authoritative,8,3000,1.74,jhtvs-ft0806-sp-v3,T2_wB97X-D3_def2-TZVPD_SMD_energy_SP_v1,final_energy_Eh;CPCM_Dielectric_Eh;SMD_CDS_Eh;echoed_smd_vector;normal_termination;geometry_hash,planned,SRC_PROJECT_TIER2_CURRENT;SRC_ORCA61_SMD;SRC_HANDOFF_SPEC
SP0518,smd_energy_sp,S017_Q0_M1,S017,S017,RXN_SOX_S017,fixed_geometry_auxiliary_and_reaction_SP,solvent_oxidation_target,1-Ethyl-3-methylimidazolium bis(trifluoromethanesulfonyl)imide ([EMIM][TFSI]),Ionic liquid,0,1,test,self_medium,0,self-medium Tier-1 GFN2/ddCOSMO optimized state geometry,tier1:redox:S017:S017:q0:m1,,298.15,wB97X-D3,def2-TZVPD,RIJCOSX + def2/J,TightSCF; DEFGRID3,custom_smd,solvent_smd_registry.csv,resolved_authoritative,8,3000,1.74,jhtvs-ft0806-sp-v3,T2_wB97X-D3_def2-TZVPD_SMD_energy_SP_v1,final_energy_Eh;CPCM_Dielectric_Eh;SMD_CDS_Eh;echoed_smd_vector;normal_termination;geometry_hash,planned,SRC_PROJECT_TIER2_CURRENT;SRC_ORCA61_SMD;SRC_HANDOFF_SPEC
SP0519,smd_energy_sp,S017_QP1_M2,S017,S017,RXN_SOX_S017,fixed_geometry_auxiliary_and_reaction_SP,solvent_oxidation_target,1-Ethyl-3-methylimidazolium bis(trifluoromethanesulfonyl)imide ([EMIM][TFSI]),Ionic liquid,1,2,test,self_medium,0,self-medium Tier-1 GFN2/ddCOSMO optimized state geometry,tier1:redox:S017:S017:q1:m2,,298.15,wB97X-D3,def2-TZVPD,RIJCOSX + def2/J,TightSCF; DEFGRID3,custom_smd,solvent_smd_registry.csv,resolved_authoritative,8,3000,1.74,jhtvs-ft0806-sp-v3,T2_wB97X-D3_def2-TZVPD_SMD_energy_SP_v1,final_energy_Eh;CPCM_Dielectric_Eh;SMD_CDS_Eh;echoed_smd_vector;normal_termination;geometry_hash,planned,SRC_PROJECT_TIER2_CURRENT;SRC_ORCA61_SMD;SRC_HANDOFF_SPEC
SP0520,smd_energy_sp,A002_Q0_M2,S018,S018,RXN_AOX_A002,fixed_geometry_auxiliary_and_reaction_SP,electrolyte_anion,Tetrafluoroborate (BF4−),Lithium; Tetraalkylammonium,0,2,test,test_full25,0,solvent-specific Tier-1 GFN2/ddCOSMO optimized state geometry,tier1:redox:A002:S018:q0:m2,,298.15,wB97X-D3,def2-TZVPD,RIJCOSX + def2/J,TightSCF; DEFGRID3,custom_smd,solvent_smd_registry.csv,resolved_authoritative,8,3000,1.74,jhtvs-ft0806-sp-v3,T2_wB97X-D3_def2-TZVPD_SMD_energy_SP_v1,final_energy_Eh;CPCM_Dielectric_Eh;SMD_CDS_Eh;echoed_smd_vector;normal_termination;geometry_hash,planned,SRC_PROJECT_TIER2_CURRENT;SRC_ORCA61_SMD;SRC_HANDOFF_SPEC
SP0521,smd_energy_sp,A002_QM1_M1,S018,S018,RXN_AOX_A002,fixed_geometry_auxiliary_and_reaction_SP,electrolyte_anion,Tetrafluoroborate (BF4−),Lithium; Tetraalkylammonium,-1,1,test,test_full25,0,solvent-specific Tier-1 GFN2/ddCOSMO optimized state geometry,tier1:redox:A002:S018:q-1:m1,,298.15,wB97X-D3,def2-TZVPD,RIJCOSX + def2/J,TightSCF; DEFGRID3,custom_smd,solvent_smd_registry.csv,resolved_authoritative,8,3000,1.74,jhtvs-ft0806-sp-v3,T2_wB97X-D3_def2-TZVPD_SMD_energy_SP_v1,final_energy_Eh;CPCM_Dielectric_Eh;SMD_CDS_Eh;echoed_smd_vector;normal_termination;geometry_hash,planned,SRC_PROJECT_TIER2_CURRENT;SRC_ORCA61_SMD;SRC_HANDOFF_SPEC
SP0522,smd_energy_sp,A004_Q0_M2,S018,S018,RXN_AOX_A004,fixed_geometry_auxiliary_and_reaction_SP,electrolyte_anion,Trifluoromethanesulfonate (OTf−),Tetraalkylammonium,0,2,test,,0,solvent-specific Tier-1 GFN2/ddCOSMO optimized state geometry,tier1:redox:A004:S018:q0:m2,,298.15,wB97X-D3,def2-TZVPD,RIJCOSX + def2/J,TightSCF; DEFGRID3,custom_smd,solvent_smd_registry.csv,resolved_authoritative,8,3000,1.74,jhtvs-ft0806-sp-v3,T2_wB97X-D3_def2-TZVPD_SMD_energy_SP_v1,final_energy_Eh;CPCM_Dielectric_Eh;SMD_CDS_Eh;echoed_smd_vector;normal_termination;geometry_hash,planned,SRC_PROJECT_TIER2_CURRENT;SRC_ORCA61_SMD;SRC_HANDOFF_SPEC
SP0523,smd_energy_sp,A004_QM1_M1,S018,S018,RXN_AOX_A004,fixed_geometry_auxiliary_and_reaction_SP,electrolyte_anion,Trifluoromethanesulfonate (OTf−),Tetraalkylammonium,-1,1,test,,0,solvent-specific Tier-1 GFN2/ddCOSMO optimized state geometry,tier1:redox:A004:S018:q-1:m1,,298.15,wB97X-D3,def2-TZVPD,RIJCOSX + def2/J,TightSCF; DEFGRID3,custom_smd,solvent_smd_registry.csv,resolved_authoritative,8,3000,1.74,jhtvs-ft0806-sp-v3,T2_wB97X-D3_def2-TZVPD_SMD_energy_SP_v1,final_energy_Eh;CPCM_Dielectric_Eh;SMD_CDS_Eh;echoed_smd_vector;normal_termination;geometry_hash,planned,SRC_PROJECT_TIER2_CURRENT;SRC_ORCA61_SMD;SRC_HANDOFF_SPEC
SP0524,smd_energy_sp,A005_Q0_M2,S018,S018,RXN_AOX_A005,fixed_geometry_auxiliary_and_reaction_SP,electrolyte_anion,Bis(trifluoromethanesulfonyl)imide (TFSI−),Lithium; Tetraalkylammonium,0,2,train,train_full25,1,solvent-specific Tier-1 GFN2/ddCOSMO optimized state geometry,tier1:redox:A005:S018:q0:m2,,298.15,wB97X-D3,def2-TZVPD,RIJCOSX + def2/J,TightSCF; DEFGRID3,custom_smd,solvent_smd_registry.csv,resolved_authoritative,8,3000,1.74,jhtvs-ft0806-sp-v3,T2_wB97X-D3_def2-TZVPD_SMD_energy_SP_v1,final_energy_Eh;CPCM_Dielectric_Eh;SMD_CDS_Eh;echoed_smd_vector;normal_termination;geometry_hash,planned,SRC_PROJECT_TIER2_CURRENT;SRC_ORCA61_SMD;SRC_HANDOFF_SPEC
SP0525,smd_energy_sp,A005_QM1_M1,S018,S018,RXN_AOX_A005,fixed_geometry_auxiliary_and_reaction_SP,electrolyte_anion,Bis(trifluoromethanesulfonyl)imide (TFSI−),Lithium; Tetraalkylammonium,-1,1,train,train_full25,1,solvent-specific Tier-1 GFN2/ddCOSMO optimized state geometry,tier1:redox:A005:S018:q-1:m1,,298.15,wB97X-D3,def2-TZVPD,RIJCOSX + def2/J,TightSCF; DEFGRID3,custom_smd,solvent_smd_registry.csv,resolved_authoritative,8,3000,1.74,jhtvs-ft0806-sp-v3,T2_wB97X-D3_def2-TZVPD_SMD_energy_SP_v1,final_energy_Eh;CPCM_Dielectric_Eh;SMD_CDS_Eh;echoed_smd_vector;normal_termination;geometry_hash,planned,SRC_PROJECT_TIER2_CURRENT;SRC_ORCA61_SMD;SRC_HANDOFF_SPEC
SP0526,smd_energy_sp,A008_Q0_M2,S018,S018,RXN_AOX_A008,fixed_geometry_auxiliary_and_reaction_SP,electrolyte_anion,Hydrogen sulfate (HSO4−),Acid,0,2,train,,1,solvent-specific Tier-1 GFN2/ddCOSMO optimized state geometry,tier1:redox:A008:S018:q0:m2,,298.15,wB97X-D3,def2-TZVPD,RIJCOSX + def2/J,TightSCF; DEFGRID3,custom_smd,solvent_smd_registry.csv,resolved_authoritative,8,3000,1.74,jhtvs-ft0806-sp-v3,T2_wB97X-D3_def2-TZVPD_SMD_energy_SP_v1,final_energy_Eh;CPCM_Dielectric_Eh;SMD_CDS_Eh;echoed_smd_vector;normal_termination;geometry_hash,planned,SRC_PROJECT_TIER2_CURRENT;SRC_ORCA61_SMD;SRC_HANDOFF_SPEC
SP0527,smd_energy_sp,A008_QM1_M1,S018,S018,RXN_AOX_A008,fixed_geometry_auxiliary_and_reaction_SP,electrolyte_anion,Hydrogen sulfate (HSO4−),Acid,-1,1,train,,1,solvent-specific Tier-1 GFN2/ddCOSMO optimized state geometry,tier1:redox:A008:S018:q-1:m1,,298.15,wB97X-D3,def2-TZVPD,RIJCOSX + def2/J,TightSCF; DEFGRID3,custom_smd,solvent_smd_registry.csv,resolved_authoritative,8,3000,1.74,jhtvs-ft0806-sp-v3,T2_wB97X-D3_def2-TZVPD_SMD_energy_SP_v1,final_energy_Eh;CPCM_Dielectric_Eh;SMD_CDS_Eh;echoed_smd_vector;normal_termination;geometry_hash,planned,SRC_PROJECT_TIER2_CURRENT;SRC_ORCA61_SMD;SRC_HANDOFF_SPEC
SP0528,smd_energy_sp,D022_QP2_M1,S018,S018,RXN_SIG_M022,fixed_geometry_auxiliary_and_reaction_SP,sigma_complex_dication,"3,4-Ethylenedioxythiophene (EDOT) sigma-complex dication",Thiophenes,2,1,train,train_full25,1,deterministic sigma construction then solvent-specific GFN2/ddCOSMO preoptimization with connectivity QC,surrogate:sigma_preopt:D022:S018:q2:m1,,298.15,wB97X-D3,def2-TZVPD,RIJCOSX + def2/J,TightSCF; DEFGRID3,custom_smd,solvent_smd_registry.csv,resolved_authoritative,8,3000,4.22,jhtvs-ft0806-sp-v3,T2_wB97X-D3_def2-TZVPD_SMD_energy_SP_v1,final_energy_Eh;CPCM_Dielectric_Eh;SMD_CDS_Eh;echoed_smd_vector;normal_termination;geometry_hash,planned,SRC_PROJECT_TIER2_CURRENT;SRC_ORCA61_SMD;SRC_HANDOFF_SPEC
SP0529,smd_energy_sp,D026_QP2_M1,S018,S018,RXN_SIG_M026,fixed_geometry_auxiliary_and_reaction_SP,sigma_complex_dication,Pyrrole sigma-complex dication,Pyrroles,2,1,train,,1,deterministic sigma construction then solvent-specific GFN2/ddCOSMO preoptimization with connectivity QC,surrogate:sigma_preopt:D026:S018:q2:m1,,298.15,wB97X-D3,def2-TZVPD,RIJCOSX + def2/J,TightSCF; DEFGRID3,custom_smd,solvent_smd_registry.csv,resolved_authoritative,8,3000,4.22,jhtvs-ft0806-sp-v3,T2_wB97X-D3_def2-TZVPD_SMD_energy_SP_v1,final_energy_Eh;CPCM_Dielectric_Eh;SMD_CDS_Eh;echoed_smd_vector;normal_termination;geometry_hash,planned,SRC_PROJECT_TIER2_CURRENT;SRC_ORCA61_SMD;SRC_HANDOFF_SPEC
SP0530,smd_energy_sp,D027_QP2_M1,S018,S018,RXN_SIG_M027,fixed_geometry_auxiliary_and_reaction_SP,sigma_complex_dication,N-Methylpyrrole sigma-complex dication,Pyrroles,2,1,test,test_full25,0,deterministic sigma construction then solvent-specific GFN2/ddCOSMO preoptimization with connectivity QC,surrogate:sigma_preopt:D027:S018:q2:m1,,298.15,wB97X-D3,def2-TZVPD,RIJCOSX + def2/J,TightSCF; DEFGRID3,custom_smd,solvent_smd_registry.csv,resolved_authoritative,8,3000,4.22,jhtvs-ft0806-sp-v3,T2_wB97X-D3_def2-TZVPD_SMD_energy_SP_v1,final_energy_Eh;CPCM_Dielectric_Eh;SMD_CDS_Eh;echoed_smd_vector;normal_termination;geometry_hash,planned,SRC_PROJECT_TIER2_CURRENT;SRC_ORCA61_SMD;SRC_HANDOFF_SPEC
SP0531,smd_energy_sp,D038_QP2_M1,S018,S018,RXN_SIG_M038,fixed_geometry_auxiliary_and_reaction_SP,sigma_complex_dication,Furan sigma-complex dication,Furans,2,1,train,,1,deterministic sigma construction then solvent-specific GFN2/ddCOSMO preoptimization with connectivity QC,surrogate:sigma_preopt:D038:S018:q2:m1,,298.15,wB97X-D3,def2-TZVPD,RIJCOSX + def2/J,TightSCF; DEFGRID3,custom_smd,solvent_smd_registry.csv,resolved_authoritative,8,3000,4.22,jhtvs-ft0806-sp-v3,T2_wB97X-D3_def2-TZVPD_SMD_energy_SP_v1,final_energy_Eh;CPCM_Dielectric_Eh;SMD_CDS_Eh;echoed_smd_vector;normal_termination;geometry_hash,planned,SRC_PROJECT_TIER2_CURRENT;SRC_ORCA61_SMD;SRC_HANDOFF_SPEC
SP0532,smd_energy_sp,D077_QP2_M1,S018,S018,RXN_SIG_M077,fixed_geometry_auxiliary_and_reaction_SP,sigma_complex_dication,"3,6-Bis(EDOT-2-yl)-9-methylcarbazole sigma-complex dication",Carbazoles,2,1,train,,1,deterministic sigma construction then solvent-specific GFN2/ddCOSMO preoptimization with connectivity QC,surrogate:sigma_preopt:D077:S018:q2:m1,,298.15,wB97X-D3,def2-TZVPD,RIJCOSX + def2/J,TightSCF; DEFGRID3,custom_smd,solvent_smd_registry.csv,resolved_authoritative,8,3000,4.22,jhtvs-ft0806-sp-v3,T2_wB97X-D3_def2-TZVPD_SMD_energy_SP_v1,final_energy_Eh;CPCM_Dielectric_Eh;SMD_CDS_Eh;echoed_smd_vector;normal_termination;geometry_hash,planned,SRC_PROJECT_TIER2_CURRENT;SRC_ORCA61_SMD;SRC_HANDOFF_SPEC
SP0533,smd_energy_sp,D086_QP2_M1,S018,S018,RXN_SIG_M086,fixed_geometry_auxiliary_and_reaction_SP,sigma_complex_dication,"Thieno[3,4-b]pyrazine sigma-complex dication",Donor–Acceptor units,2,1,train,,1,deterministic sigma construction then solvent-specific GFN2/ddCOSMO preoptimization with connectivity QC,surrogate:sigma_preopt:D086:S018:q2:m1,,298.15,wB97X-D3,def2-TZVPD,RIJCOSX + def2/J,TightSCF; DEFGRID3,custom_smd,solvent_smd_registry.csv,resolved_authoritative,8,3000,4.22,jhtvs-ft0806-sp-v3,T2_wB97X-D3_def2-TZVPD_SMD_energy_SP_v1,final_energy_Eh;CPCM_Dielectric_Eh;SMD_CDS_Eh;echoed_smd_vector;normal_termination;geometry_hash,planned,SRC_PROJECT_TIER2_CURRENT;SRC_ORCA61_SMD;SRC_HANDOFF_SPEC
SP0534,smd_energy_sp,M014_Q0_M1,S018,S018,RXN_MOX_M014,fixed_geometry_auxiliary_and_reaction_SP,monomer,Methyl thiophene-3-carboxylate,Thiophenes,0,1,train,,1,solvent-specific Tier-1 GFN2/ddCOSMO optimized state geometry,tier1:redox:M014:S018:q0:m1,,298.15,wB97X-D3,def2-TZVPD,RIJCOSX + def2/J,TightSCF; DEFGRID3,custom_smd,solvent_smd_registry.csv,resolved_authoritative,8,3000,1.74,jhtvs-ft0806-sp-v3,T2_wB97X-D3_def2-TZVPD_SMD_energy_SP_v1,final_energy_Eh;CPCM_Dielectric_Eh;SMD_CDS_Eh;echoed_smd_vector;normal_termination;geometry_hash,planned,SRC_PROJECT_TIER2_CURRENT;SRC_ORCA61_SMD;SRC_HANDOFF_SPEC
SP0535,smd_energy_sp,M014_QP1_M2,S018,S018,RXN_MOX_M014,fixed_geometry_auxiliary_and_reaction_SP,monomer,Methyl thiophene-3-carboxylate,Thiophenes,1,2,train,,1,solvent-specific Tier-1 GFN2/ddCOSMO optimized state geometry,tier1:redox:M014:S018:q1:m2,,298.15,wB97X-D3,def2-TZVPD,RIJCOSX + def2/J,TightSCF; DEFGRID3,custom_smd,solvent_smd_registry.csv,resolved_authoritative,8,3000,1.74,jhtvs-ft0806-sp-v3,T2_wB97X-D3_def2-TZVPD_SMD_energy_SP_v1,final_energy_Eh;CPCM_Dielectric_Eh;SMD_CDS_Eh;echoed_smd_vector;normal_termination;geometry_hash,planned,SRC_PROJECT_TIER2_CURRENT;SRC_ORCA61_SMD;SRC_HANDOFF_SPEC
SP0536,smd_energy_sp,M022_Q0_M1,S018,S018,RXN_MOX_M022,fixed_geometry_auxiliary_and_reaction_SP,monomer,"3,4-Ethylenedioxythiophene (EDOT)",Thiophenes,0,1,train,train_full25,1,solvent-specific Tier-1 GFN2/ddCOSMO optimized state geometry,tier1:redox:M022:S018:q0:m1,,298.15,wB97X-D3,def2-TZVPD,RIJCOSX + def2/J,TightSCF; DEFGRID3,custom_smd,solvent_smd_registry.csv,resolved_authoritative,8,3000,1.74,jhtvs-ft0806-sp-v3,T2_wB97X-D3_def2-TZVPD_SMD_energy_SP_v1,final_energy_Eh;CPCM_Dielectric_Eh;SMD_CDS_Eh;echoed_smd_vector;normal_termination;geometry_hash,planned,SRC_PROJECT_TIER2_CURRENT;SRC_ORCA61_SMD;SRC_HANDOFF_SPEC
SP0537,smd_energy_sp,M022_QP1_M2,S018,S018,RXN_MOX_M022;RXN_SIG_M022,fixed_geometry_auxiliary_and_reaction_SP,monomer,"3,4-Ethylenedioxythiophene (EDOT)",Thiophenes,1,2,train,train_full25,1,solvent-specific Tier-1 GFN2/ddCOSMO optimized state geometry,tier1:redox:M022:S018:q1:m2,,298.15,wB97X-D3,def2-TZVPD,RIJCOSX + def2/J,TightSCF; DEFGRID3,custom_smd,solvent_smd_registry.csv,resolved_authoritative,8,3000,1.74,jhtvs-ft0806-sp-v3,T2_wB97X-D3_def2-TZVPD_SMD_energy_SP_v1,final_energy_Eh;CPCM_Dielectric_Eh;SMD_CDS_Eh;echoed_smd_vector;normal_termination;geometry_hash,planned,SRC_PROJECT_TIER2_CURRENT;SRC_ORCA61_SMD;SRC_HANDOFF_SPEC
SP0538,smd_energy_sp,M026_Q0_M1,S018,S018,RXN_MOX_M026,fixed_geometry_auxiliary_and_reaction_SP,monomer,Pyrrole,Pyrroles,0,1,train,,1,solvent-specific Tier-1 GFN2/ddCOSMO optimized state geometry,tier1:redox:M026:S018:q0:m1,,298.15,wB97X-D3,def2-TZVPD,RIJCOSX + def2/J,TightSCF; DEFGRID3,custom_smd,solvent_smd_registry.csv,resolved_authoritative,8,3000,1.74,jhtvs-ft0806-sp-v3,T2_wB97X-D3_def2-TZVPD_SMD_energy_SP_v1,final_energy_Eh;CPCM_Dielectric_Eh;SMD_CDS_Eh;echoed_smd_vector;normal_termination;geometry_hash,planned,SRC_PROJECT_TIER2_CURRENT;SRC_ORCA61_SMD;SRC_HANDOFF_SPEC
SP0539,smd_energy_sp,M026_QP1_M2,S018,S018,RXN_MOX_M026;RXN_SIG_M026,fixed_geometry_auxiliary_and_reaction_SP,monomer,Pyrrole,Pyrroles,1,2,train,,1,solvent-specific Tier-1 GFN2/ddCOSMO optimized state geometry,tier1:redox:M026:S018:q1:m2,,298.15,wB97X-D3,def2-TZVPD,RIJCOSX + def2/J,TightSCF; DEFGRID3,custom_smd,solvent_smd_registry.csv,resolved_authoritative,8,3000,1.74,jhtvs-ft0806-sp-v3,T2_wB97X-D3_def2-TZVPD_SMD_energy_SP_v1,final_energy_Eh;CPCM_Dielectric_Eh;SMD_CDS_Eh;echoed_smd_vector;normal_termination;geometry_hash,planned,SRC_PROJECT_TIER2_CURRENT;SRC_ORCA61_SMD;SRC_HANDOFF_SPEC
SP0540,smd_energy_sp,M027_QP1_M2,S018,S018,RXN_SIG_M027,fixed_geometry_auxiliary_and_reaction_SP,monomer,N-Methylpyrrole,Pyrroles,1,2,test,test_full25,0,solvent-specific Tier-1 GFN2/ddCOSMO optimized state geometry,tier1:redox:M027:S018:q1:m2,,298.15,wB97X-D3,def2-TZVPD,RIJCOSX + def2/J,TightSCF; DEFGRID3,custom_smd,solvent_smd_registry.csv,resolved_authoritative,8,3000,1.74,jhtvs-ft0806-sp-v3,T2_wB97X-D3_def2-TZVPD_SMD_energy_SP_v1,final_energy_Eh;CPCM_Dielectric_Eh;SMD_CDS_Eh;echoed_smd_vector;normal_termination;geometry_hash,planned,SRC_PROJECT_TIER2_CURRENT;SRC_ORCA61_SMD;SRC_HANDOFF_SPEC
SP0541,smd_energy_sp,M038_Q0_M1,S018,S018,RXN_MOX_M038,fixed_geometry_auxiliary_and_reaction_SP,monomer,Furan,Furans,0,1,train,,1,solvent-specific Tier-1 GFN2/ddCOSMO optimized state geometry,tier1:redox:M038:S018:q0:m1,,298.15,wB97X-D3,def2-TZVPD,RIJCOSX + def2/J,TightSCF; DEFGRID3,custom_smd,solvent_smd_registry.csv,resolved_authoritative,8,3000,1.74,jhtvs-ft0806-sp-v3,T2_wB97X-D3_def2-TZVPD_SMD_energy_SP_v1,final_energy_Eh;CPCM_Dielectric_Eh;SMD_CDS_Eh;echoed_smd_vector;normal_termination;geometry_hash,planned,SRC_PROJECT_TIER2_CURRENT;SRC_ORCA61_SMD;SRC_HANDOFF_SPEC
SP0542,smd_energy_sp,M038_QP1_M2,S018,S018,RXN_MOX_M038;RXN_SIG_M038,fixed_geometry_auxiliary_and_reaction_SP,monomer,Furan,Furans,1,2,train,,1,solvent-specific Tier-1 GFN2/ddCOSMO optimized state geometry,tier1:redox:M038:S018:q1:m2,,298.15,wB97X-D3,def2-TZVPD,RIJCOSX + def2/J,TightSCF; DEFGRID3,custom_smd,solvent_smd_registry.csv,resolved_authoritative,8,3000,1.74,jhtvs-ft0806-sp-v3,T2_wB97X-D3_def2-TZVPD_SMD_energy_SP_v1,final_energy_Eh;CPCM_Dielectric_Eh;SMD_CDS_Eh;echoed_smd_vector;normal_termination;geometry_hash,planned,SRC_PROJECT_TIER2_CURRENT;SRC_ORCA61_SMD;SRC_HANDOFF_SPEC
SP0543,smd_energy_sp,M050_Q0_M1,S018,S018,RXN_MOX_M050,fixed_geometry_auxiliary_and_reaction_SP,monomer,Selenophene,Selenophenes,0,1,train,,1,solvent-specific Tier-1 GFN2/ddCOSMO optimized state geometry,tier1:redox:M050:S018:q0:m1,,298.15,wB97X-D3,def2-TZVPD,RIJCOSX + def2/J,TightSCF; DEFGRID3,custom_smd,solvent_smd_registry.csv,resolved_authoritative,8,3000,1.74,jhtvs-ft0806-sp-v3,T2_wB97X-D3_def2-TZVPD_SMD_energy_SP_v1,final_energy_Eh;CPCM_Dielectric_Eh;SMD_CDS_Eh;echoed_smd_vector;normal_termination;geometry_hash,planned,SRC_PROJECT_TIER2_CURRENT;SRC_ORCA61_SMD;SRC_HANDOFF_SPEC
SP0544,smd_energy_sp,M050_QP1_M2,S018,S018,RXN_MOX_M050,fixed_geometry_auxiliary_and_reaction_SP,monomer,Selenophene,Selenophenes,1,2,train,,1,solvent-specific Tier-1 GFN2/ddCOSMO optimized state geometry,tier1:redox:M050:S018:q1:m2,,298.15,wB97X-D3,def2-TZVPD,RIJCOSX + def2/J,TightSCF; DEFGRID3,custom_smd,solvent_smd_registry.csv,resolved_authoritative,8,3000,1.74,jhtvs-ft0806-sp-v3,T2_wB97X-D3_def2-TZVPD_SMD_energy_SP_v1,final_energy_Eh;CPCM_Dielectric_Eh;SMD_CDS_Eh;echoed_smd_vector;normal_termination;geometry_hash,planned,SRC_PROJECT_TIER2_CURRENT;SRC_ORCA61_SMD;SRC_HANDOFF_SPEC
SP0545,smd_energy_sp,M077_Q0_M1,S018,S018,RXN_MOX_M077,fixed_geometry_auxiliary_and_reaction_SP,monomer,"3,6-Bis(EDOT-2-yl)-9-methylcarbazole",Carbazoles,0,1,train,,1,solvent-specific Tier-1 GFN2/ddCOSMO optimized state geometry,tier1:redox:M077:S018:q0:m1,,298.15,wB97X-D3,def2-TZVPD,RIJCOSX + def2/J,TightSCF; DEFGRID3,custom_smd,solvent_smd_registry.csv,resolved_authoritative,8,3000,1.74,jhtvs-ft0806-sp-v3,T2_wB97X-D3_def2-TZVPD_SMD_energy_SP_v1,final_energy_Eh;CPCM_Dielectric_Eh;SMD_CDS_Eh;echoed_smd_vector;normal_termination;geometry_hash,planned,SRC_PROJECT_TIER2_CURRENT;SRC_ORCA61_SMD;SRC_HANDOFF_SPEC
SP0546,smd_energy_sp,M077_QP1_M2,S018,S018,RXN_MOX_M077;RXN_SIG_M077,fixed_geometry_auxiliary_and_reaction_SP,monomer,"3,6-Bis(EDOT-2-yl)-9-methylcarbazole",Carbazoles,1,2,train,,1,solvent-specific Tier-1 GFN2/ddCOSMO optimized state geometry,tier1:redox:M077:S018:q1:m2,,298.15,wB97X-D3,def2-TZVPD,RIJCOSX + def2/J,TightSCF; DEFGRID3,custom_smd,solvent_smd_registry.csv,resolved_authoritative,8,3000,1.74,jhtvs-ft0806-sp-v3,T2_wB97X-D3_def2-TZVPD_SMD_energy_SP_v1,final_energy_Eh;CPCM_Dielectric_Eh;SMD_CDS_Eh;echoed_smd_vector;normal_termination;geometry_hash,planned,SRC_PROJECT_TIER2_CURRENT;SRC_ORCA61_SMD;SRC_HANDOFF_SPEC
SP0547,smd_energy_sp,M084_Q0_M1,S018,S018,RXN_MOX_M084,fixed_geometry_auxiliary_and_reaction_SP,monomer,"4,7-Bis(thiophen-2-yl)-2,1,3-benzothiadiazole (TBT)",Donor–Acceptor units,0,1,test,test_full25,0,solvent-specific Tier-1 GFN2/ddCOSMO optimized state geometry,tier1:redox:M084:S018:q0:m1,,298.15,wB97X-D3,def2-TZVPD,RIJCOSX + def2/J,TightSCF; DEFGRID3,custom_smd,solvent_smd_registry.csv,resolved_authoritative,8,3000,1.74,jhtvs-ft0806-sp-v3,T2_wB97X-D3_def2-TZVPD_SMD_energy_SP_v1,final_energy_Eh;CPCM_Dielectric_Eh;SMD_CDS_Eh;echoed_smd_vector;normal_termination;geometry_hash,planned,SRC_PROJECT_TIER2_CURRENT;SRC_ORCA61_SMD;SRC_HANDOFF_SPEC
SP0548,smd_energy_sp,M084_QP1_M2,S018,S018,RXN_MOX_M084,fixed_geometry_auxiliary_and_reaction_SP,monomer,"4,7-Bis(thiophen-2-yl)-2,1,3-benzothiadiazole (TBT)",Donor–Acceptor units,1,2,test,test_full25,0,solvent-specific Tier-1 GFN2/ddCOSMO optimized state geometry,tier1:redox:M084:S018:q1:m2,,298.15,wB97X-D3,def2-TZVPD,RIJCOSX + def2/J,TightSCF; DEFGRID3,custom_smd,solvent_smd_registry.csv,resolved_authoritative,8,3000,1.74,jhtvs-ft0806-sp-v3,T2_wB97X-D3_def2-TZVPD_SMD_energy_SP_v1,final_energy_Eh;CPCM_Dielectric_Eh;SMD_CDS_Eh;echoed_smd_vector;normal_termination;geometry_hash,planned,SRC_PROJECT_TIER2_CURRENT;SRC_ORCA61_SMD;SRC_HANDOFF_SPEC
SP0549,smd_energy_sp,M086_Q0_M1,S018,S018,RXN_MOX_M086,fixed_geometry_auxiliary_and_reaction_SP,monomer,"Thieno[3,4-b]pyrazine",Donor–Acceptor units,0,1,train,,1,solvent-specific Tier-1 GFN2/ddCOSMO optimized state geometry,tier1:redox:M086:S018:q0:m1,,298.15,wB97X-D3,def2-TZVPD,RIJCOSX + def2/J,TightSCF; DEFGRID3,custom_smd,solvent_smd_registry.csv,resolved_authoritative,8,3000,1.74,jhtvs-ft0806-sp-v3,T2_wB97X-D3_def2-TZVPD_SMD_energy_SP_v1,final_energy_Eh;CPCM_Dielectric_Eh;SMD_CDS_Eh;echoed_smd_vector;normal_termination;geometry_hash,planned,SRC_PROJECT_TIER2_CURRENT;SRC_ORCA61_SMD;SRC_HANDOFF_SPEC
SP0550,smd_energy_sp,M086_QP1_M2,S018,S018,RXN_MOX_M086;RXN_SIG_M086,fixed_geometry_auxiliary_and_reaction_SP,monomer,"Thieno[3,4-b]pyrazine",Donor–Acceptor units,1,2,train,,1,solvent-specific Tier-1 GFN2/ddCOSMO optimized state geometry,tier1:redox:M086:S018:q1:m2,,298.15,wB97X-D3,def2-TZVPD,RIJCOSX + def2/J,TightSCF; DEFGRID3,custom_smd,solvent_smd_registry.csv,resolved_authoritative,8,3000,1.74,jhtvs-ft0806-sp-v3,T2_wB97X-D3_def2-TZVPD_SMD_energy_SP_v1,final_energy_Eh;CPCM_Dielectric_Eh;SMD_CDS_Eh;echoed_smd_vector;normal_termination;geometry_hash,planned,SRC_PROJECT_TIER2_CURRENT;SRC_ORCA61_SMD;SRC_HANDOFF_SPEC
SP0551,smd_energy_sp,M097_Q0_M1,S018,S018,RXN_MOX_M097,fixed_geometry_auxiliary_and_reaction_SP,monomer,"Dithieno[3,2-b:2′,3′-d]pyrrole (DTP)",Fused-ring systems,0,1,train,,1,solvent-specific Tier-1 GFN2/ddCOSMO optimized state geometry,tier1:redox:M097:S018:q0:m1,,298.15,wB97X-D3,def2-TZVPD,RIJCOSX + def2/J,TightSCF; DEFGRID3,custom_smd,solvent_smd_registry.csv,resolved_authoritative,8,3000,1.74,jhtvs-ft0806-sp-v3,T2_wB97X-D3_def2-TZVPD_SMD_energy_SP_v1,final_energy_Eh;CPCM_Dielectric_Eh;SMD_CDS_Eh;echoed_smd_vector;normal_termination;geometry_hash,planned,SRC_PROJECT_TIER2_CURRENT;SRC_ORCA61_SMD;SRC_HANDOFF_SPEC
SP0552,smd_energy_sp,M097_QP1_M2,S018,S018,RXN_MOX_M097,fixed_geometry_auxiliary_and_reaction_SP,monomer,"Dithieno[3,2-b:2′,3′-d]pyrrole (DTP)",Fused-ring systems,1,2,train,,1,solvent-specific Tier-1 GFN2/ddCOSMO optimized state geometry,tier1:redox:M097:S018:q1:m2,,298.15,wB97X-D3,def2-TZVPD,RIJCOSX + def2/J,TightSCF; DEFGRID3,custom_smd,solvent_smd_registry.csv,resolved_authoritative,8,3000,1.74,jhtvs-ft0806-sp-v3,T2_wB97X-D3_def2-TZVPD_SMD_energy_SP_v1,final_energy_Eh;CPCM_Dielectric_Eh;SMD_CDS_Eh;echoed_smd_vector;normal_termination;geometry_hash,planned,SRC_PROJECT_TIER2_CURRENT;SRC_ORCA61_SMD;SRC_HANDOFF_SPEC
SP0553,smd_energy_sp,S018_Q0_M1,S018,S018,RXN_SOX_S018,fixed_geometry_auxiliary_and_reaction_SP,solvent_oxidation_target,Choline chloride/urea (1:2) deep eutectic solvent,Deep eutectic solvent,0,1,train,self_medium,1,self-medium Tier-1 GFN2/ddCOSMO optimized state geometry,tier1:redox:S018:S018:q0:m1,,298.15,wB97X-D3,def2-TZVPD,RIJCOSX + def2/J,TightSCF; DEFGRID3,custom_smd,solvent_smd_registry.csv,resolved_authoritative,8,3000,1.74,jhtvs-ft0806-sp-v3,T2_wB97X-D3_def2-TZVPD_SMD_energy_SP_v1,final_energy_Eh;CPCM_Dielectric_Eh;SMD_CDS_Eh;echoed_smd_vector;normal_termination;geometry_hash,planned,SRC_PROJECT_TIER2_CURRENT;SRC_ORCA61_SMD;SRC_HANDOFF_SPEC
SP0554,smd_energy_sp,S018_QP1_M2,S018,S018,RXN_SOX_S018,fixed_geometry_auxiliary_and_reaction_SP,solvent_oxidation_target,Choline chloride/urea (1:2) deep eutectic solvent,Deep eutectic solvent,1,2,train,self_medium,1,self-medium Tier-1 GFN2/ddCOSMO optimized state geometry,tier1:redox:S018:S018:q1:m2,,298.15,wB97X-D3,def2-TZVPD,RIJCOSX + def2/J,TightSCF; DEFGRID3,custom_smd,solvent_smd_registry.csv,resolved_authoritative,8,3000,1.74,jhtvs-ft0806-sp-v3,T2_wB97X-D3_def2-TZVPD_SMD_energy_SP_v1,final_energy_Eh;CPCM_Dielectric_Eh;SMD_CDS_Eh;echoed_smd_vector;normal_termination;geometry_hash,planned,SRC_PROJECT_TIER2_CURRENT;SRC_ORCA61_SMD;SRC_HANDOFF_SPEC
SP0555,smd_energy_sp,A002_Q0_M2,S019,S019,RXN_AOX_A002,fixed_geometry_auxiliary_and_reaction_SP,electrolyte_anion,Tetrafluoroborate (BF4−),Lithium; Tetraalkylammonium,0,2,test,test_full25,0,solvent-specific Tier-1 GFN2/ddCOSMO optimized state geometry,tier1:redox:A002:S019:q0:m2,,298.15,wB97X-D3,def2-TZVPD,RIJCOSX + def2/J,TightSCF; DEFGRID3,native_orca_smd,solvent_smd_registry.csv,resolved_authoritative,8,3000,1.74,jhtvs-ft0806-sp-v3,T2_wB97X-D3_def2-TZVPD_SMD_energy_SP_v1,final_energy_Eh;CPCM_Dielectric_Eh;SMD_CDS_Eh;echoed_smd_vector;normal_termination;geometry_hash,planned,SRC_PROJECT_TIER2_CURRENT;SRC_ORCA61_SMD;SRC_HANDOFF_SPEC
SP0556,smd_energy_sp,A002_QM1_M1,S019,S019,RXN_AOX_A002,fixed_geometry_auxiliary_and_reaction_SP,electrolyte_anion,Tetrafluoroborate (BF4−),Lithium; Tetraalkylammonium,-1,1,test,test_full25,0,solvent-specific Tier-1 GFN2/ddCOSMO optimized state geometry,tier1:redox:A002:S019:q-1:m1,,298.15,wB97X-D3,def2-TZVPD,RIJCOSX + def2/J,TightSCF; DEFGRID3,native_orca_smd,solvent_smd_registry.csv,resolved_authoritative,8,3000,1.74,jhtvs-ft0806-sp-v3,T2_wB97X-D3_def2-TZVPD_SMD_energy_SP_v1,final_energy_Eh;CPCM_Dielectric_Eh;SMD_CDS_Eh;echoed_smd_vector;normal_termination;geometry_hash,planned,SRC_PROJECT_TIER2_CURRENT;SRC_ORCA61_SMD;SRC_HANDOFF_SPEC
SP0557,smd_energy_sp,A005_Q0_M2,S019,S019,RXN_AOX_A005,fixed_geometry_auxiliary_and_reaction_SP,electrolyte_anion,Bis(trifluoromethanesulfonyl)imide (TFSI−),Lithium; Tetraalkylammonium,0,2,train,train_full25,1,solvent-specific Tier-1 GFN2/ddCOSMO optimized state geometry,tier1:redox:A005:S019:q0:m2,,298.15,wB97X-D3,def2-TZVPD,RIJCOSX + def2/J,TightSCF; DEFGRID3,native_orca_smd,solvent_smd_registry.csv,resolved_authoritative,8,3000,1.74,jhtvs-ft0806-sp-v3,T2_wB97X-D3_def2-TZVPD_SMD_energy_SP_v1,final_energy_Eh;CPCM_Dielectric_Eh;SMD_CDS_Eh;echoed_smd_vector;normal_termination;geometry_hash,planned,SRC_PROJECT_TIER2_CURRENT;SRC_ORCA61_SMD;SRC_HANDOFF_SPEC
SP0558,smd_energy_sp,A005_QM1_M1,S019,S019,RXN_AOX_A005,fixed_geometry_auxiliary_and_reaction_SP,electrolyte_anion,Bis(trifluoromethanesulfonyl)imide (TFSI−),Lithium; Tetraalkylammonium,-1,1,train,train_full25,1,solvent-specific Tier-1 GFN2/ddCOSMO optimized state geometry,tier1:redox:A005:S019:q-1:m1,,298.15,wB97X-D3,def2-TZVPD,RIJCOSX + def2/J,TightSCF; DEFGRID3,native_orca_smd,solvent_smd_registry.csv,resolved_authoritative,8,3000,1.74,jhtvs-ft0806-sp-v3,T2_wB97X-D3_def2-TZVPD_SMD_energy_SP_v1,final_energy_Eh;CPCM_Dielectric_Eh;SMD_CDS_Eh;echoed_smd_vector;normal_termination;geometry_hash,planned,SRC_PROJECT_TIER2_CURRENT;SRC_ORCA61_SMD;SRC_HANDOFF_SPEC
SP0559,smd_energy_sp,D022_QP2_M1,S019,S019,RXN_SIG_M022,fixed_geometry_auxiliary_and_reaction_SP,sigma_complex_dication,"3,4-Ethylenedioxythiophene (EDOT) sigma-complex dication",Thiophenes,2,1,train,train_full25,1,deterministic sigma construction then solvent-specific GFN2/ddCOSMO preoptimization with connectivity QC,surrogate:sigma_preopt:D022:S019:q2:m1,,298.15,wB97X-D3,def2-TZVPD,RIJCOSX + def2/J,TightSCF; DEFGRID3,native_orca_smd,solvent_smd_registry.csv,resolved_authoritative,8,3000,4.22,jhtvs-ft0806-sp-v3,T2_wB97X-D3_def2-TZVPD_SMD_energy_SP_v1,final_energy_Eh;CPCM_Dielectric_Eh;SMD_CDS_Eh;echoed_smd_vector;normal_termination;geometry_hash,planned,SRC_PROJECT_TIER2_CURRENT;SRC_ORCA61_SMD;SRC_HANDOFF_SPEC
SP0560,smd_energy_sp,D027_QP2_M1,S019,S019,RXN_SIG_M027,fixed_geometry_auxiliary_and_reaction_SP,sigma_complex_dication,N-Methylpyrrole sigma-complex dication,Pyrroles,2,1,test,test_full25,0,deterministic sigma construction then solvent-specific GFN2/ddCOSMO preoptimization with connectivity QC,surrogate:sigma_preopt:D027:S019:q2:m1,,298.15,wB97X-D3,def2-TZVPD,RIJCOSX + def2/J,TightSCF; DEFGRID3,native_orca_smd,solvent_smd_registry.csv,resolved_authoritative,8,3000,4.22,jhtvs-ft0806-sp-v3,T2_wB97X-D3_def2-TZVPD_SMD_energy_SP_v1,final_energy_Eh;CPCM_Dielectric_Eh;SMD_CDS_Eh;echoed_smd_vector;normal_termination;geometry_hash,planned,SRC_PROJECT_TIER2_CURRENT;SRC_ORCA61_SMD;SRC_HANDOFF_SPEC
SP0561,smd_energy_sp,M022_Q0_M1,S019,S019,RXN_MOX_M022,fixed_geometry_auxiliary_and_reaction_SP,monomer,"3,4-Ethylenedioxythiophene (EDOT)",Thiophenes,0,1,train,train_full25,1,solvent-specific Tier-1 GFN2/ddCOSMO optimized state geometry,tier1:redox:M022:S019:q0:m1,,298.15,wB97X-D3,def2-TZVPD,RIJCOSX + def2/J,TightSCF; DEFGRID3,native_orca_smd,solvent_smd_registry.csv,resolved_authoritative,8,3000,1.74,jhtvs-ft0806-sp-v3,T2_wB97X-D3_def2-TZVPD_SMD_energy_SP_v1,final_energy_Eh;CPCM_Dielectric_Eh;SMD_CDS_Eh;echoed_smd_vector;normal_termination;geometry_hash,planned,SRC_PROJECT_TIER2_CURRENT;SRC_ORCA61_SMD;SRC_HANDOFF_SPEC
SP0562,smd_energy_sp,M022_QP1_M2,S019,S019,RXN_MOX_M022;RXN_SIG_M022,fixed_geometry_auxiliary_and_reaction_SP,monomer,"3,4-Ethylenedioxythiophene (EDOT)",Thiophenes,1,2,train,train_full25,1,solvent-specific Tier-1 GFN2/ddCOSMO optimized state geometry,tier1:redox:M022:S019:q1:m2,,298.15,wB97X-D3,def2-TZVPD,RIJCOSX + def2/J,TightSCF; DEFGRID3,native_orca_smd,solvent_smd_registry.csv,resolved_authoritative,8,3000,1.74,jhtvs-ft0806-sp-v3,T2_wB97X-D3_def2-TZVPD_SMD_energy_SP_v1,final_energy_Eh;CPCM_Dielectric_Eh;SMD_CDS_Eh;echoed_smd_vector;normal_termination;geometry_hash,planned,SRC_PROJECT_TIER2_CURRENT;SRC_ORCA61_SMD;SRC_HANDOFF_SPEC
SP0563,smd_energy_sp,M027_QP1_M2,S019,S019,RXN_SIG_M027,fixed_geometry_auxiliary_and_reaction_SP,monomer,N-Methylpyrrole,Pyrroles,1,2,test,test_full25,0,solvent-specific Tier-1 GFN2/ddCOSMO optimized state geometry,tier1:redox:M027:S019:q1:m2,,298.15,wB97X-D3,def2-TZVPD,RIJCOSX + def2/J,TightSCF; DEFGRID3,native_orca_smd,solvent_smd_registry.csv,resolved_authoritative,8,3000,1.74,jhtvs-ft0806-sp-v3,T2_wB97X-D3_def2-TZVPD_SMD_energy_SP_v1,final_energy_Eh;CPCM_Dielectric_Eh;SMD_CDS_Eh;echoed_smd_vector;normal_termination;geometry_hash,planned,SRC_PROJECT_TIER2_CURRENT;SRC_ORCA61_SMD;SRC_HANDOFF_SPEC
SP0564,smd_energy_sp,M084_Q0_M1,S019,S019,RXN_MOX_M084,fixed_geometry_auxiliary_and_reaction_SP,monomer,"4,7-Bis(thiophen-2-yl)-2,1,3-benzothiadiazole (TBT)",Donor–Acceptor units,0,1,test,test_full25,0,solvent-specific Tier-1 GFN2/ddCOSMO optimized state geometry,tier1:redox:M084:S019:q0:m1,,298.15,wB97X-D3,def2-TZVPD,RIJCOSX + def2/J,TightSCF; DEFGRID3,native_orca_smd,solvent_smd_registry.csv,resolved_authoritative,8,3000,1.74,jhtvs-ft0806-sp-v3,T2_wB97X-D3_def2-TZVPD_SMD_energy_SP_v1,final_energy_Eh;CPCM_Dielectric_Eh;SMD_CDS_Eh;echoed_smd_vector;normal_termination;geometry_hash,planned,SRC_PROJECT_TIER2_CURRENT;SRC_ORCA61_SMD;SRC_HANDOFF_SPEC
SP0565,smd_energy_sp,M084_QP1_M2,S019,S019,RXN_MOX_M084,fixed_geometry_auxiliary_and_reaction_SP,monomer,"4,7-Bis(thiophen-2-yl)-2,1,3-benzothiadiazole (TBT)",Donor–Acceptor units,1,2,test,test_full25,0,solvent-specific Tier-1 GFN2/ddCOSMO optimized state geometry,tier1:redox:M084:S019:q1:m2,,298.15,wB97X-D3,def2-TZVPD,RIJCOSX + def2/J,TightSCF; DEFGRID3,native_orca_smd,solvent_smd_registry.csv,resolved_authoritative,8,3000,1.74,jhtvs-ft0806-sp-v3,T2_wB97X-D3_def2-TZVPD_SMD_energy_SP_v1,final_energy_Eh;CPCM_Dielectric_Eh;SMD_CDS_Eh;echoed_smd_vector;normal_termination;geometry_hash,planned,SRC_PROJECT_TIER2_CURRENT;SRC_ORCA61_SMD;SRC_HANDOFF_SPEC
SP0566,smd_energy_sp,S019_Q0_M1,S019,S019,RXN_SOX_S019,fixed_geometry_auxiliary_and_reaction_SP,solvent_oxidation_target,Propionitrile,Nitrile,0,1,val,self_medium,0,self-medium Tier-1 GFN2/ddCOSMO optimized state geometry,tier1:redox:S019:S019:q0:m1,,298.15,wB97X-D3,def2-TZVPD,RIJCOSX + def2/J,TightSCF; DEFGRID3,native_orca_smd,solvent_smd_registry.csv,resolved_authoritative,8,3000,1.74,jhtvs-ft0806-sp-v3,T2_wB97X-D3_def2-TZVPD_SMD_energy_SP_v1,final_energy_Eh;CPCM_Dielectric_Eh;SMD_CDS_Eh;echoed_smd_vector;normal_termination;geometry_hash,planned,SRC_PROJECT_TIER2_CURRENT;SRC_ORCA61_SMD;SRC_HANDOFF_SPEC
SP0567,smd_energy_sp,S019_QP1_M2,S019,S019,RXN_SOX_S019,fixed_geometry_auxiliary_and_reaction_SP,solvent_oxidation_target,Propionitrile,Nitrile,1,2,val,self_medium,0,self-medium Tier-1 GFN2/ddCOSMO optimized state geometry,tier1:redox:S019:S019:q1:m2,,298.15,wB97X-D3,def2-TZVPD,RIJCOSX + def2/J,TightSCF; DEFGRID3,native_orca_smd,solvent_smd_registry.csv,resolved_authoritative,8,3000,1.74,jhtvs-ft0806-sp-v3,T2_wB97X-D3_def2-TZVPD_SMD_energy_SP_v1,final_energy_Eh;CPCM_Dielectric_Eh;SMD_CDS_Eh;echoed_smd_vector;normal_termination;geometry_hash,planned,SRC_PROJECT_TIER2_CURRENT;SRC_ORCA61_SMD;SRC_HANDOFF_SPEC
SP0568,smd_energy_sp,A002_Q0_M2,S020,S020,RXN_AOX_A002,fixed_geometry_auxiliary_and_reaction_SP,electrolyte_anion,Tetrafluoroborate (BF4−),Lithium; Tetraalkylammonium,0,2,test,test_full25,0,solvent-specific Tier-1 GFN2/ddCOSMO optimized state geometry,tier1:redox:A002:S020:q0:m2,,298.15,wB97X-D3,def2-TZVPD,RIJCOSX + def2/J,TightSCF; DEFGRID3,native_orca_smd,solvent_smd_registry.csv,resolved_authoritative,8,3000,1.74,jhtvs-ft0806-sp-v3,T2_wB97X-D3_def2-TZVPD_SMD_energy_SP_v1,final_energy_Eh;CPCM_Dielectric_Eh;SMD_CDS_Eh;echoed_smd_vector;normal_termination;geometry_hash,planned,SRC_PROJECT_TIER2_CURRENT;SRC_ORCA61_SMD;SRC_HANDOFF_SPEC
SP0569,smd_energy_sp,A002_QM1_M1,S020,S020,RXN_AOX_A002,fixed_geometry_auxiliary_and_reaction_SP,electrolyte_anion,Tetrafluoroborate (BF4−),Lithium; Tetraalkylammonium,-1,1,test,test_full25,0,solvent-specific Tier-1 GFN2/ddCOSMO optimized state geometry,tier1:redox:A002:S020:q-1:m1,,298.15,wB97X-D3,def2-TZVPD,RIJCOSX + def2/J,TightSCF; DEFGRID3,native_orca_smd,solvent_smd_registry.csv,resolved_authoritative,8,3000,1.74,jhtvs-ft0806-sp-v3,T2_wB97X-D3_def2-TZVPD_SMD_energy_SP_v1,final_energy_Eh;CPCM_Dielectric_Eh;SMD_CDS_Eh;echoed_smd_vector;normal_termination;geometry_hash,planned,SRC_PROJECT_TIER2_CURRENT;SRC_ORCA61_SMD;SRC_HANDOFF_SPEC
SP0570,smd_energy_sp,A005_Q0_M2,S020,S020,RXN_AOX_A005,fixed_geometry_auxiliary_and_reaction_SP,electrolyte_anion,Bis(trifluoromethanesulfonyl)imide (TFSI−),Lithium; Tetraalkylammonium,0,2,train,train_full25,1,solvent-specific Tier-1 GFN2/ddCOSMO optimized state geometry,tier1:redox:A005:S020:q0:m2,,298.15,wB97X-D3,def2-TZVPD,RIJCOSX + def2/J,TightSCF; DEFGRID3,native_orca_smd,solvent_smd_registry.csv,resolved_authoritative,8,3000,1.74,jhtvs-ft0806-sp-v3,T2_wB97X-D3_def2-TZVPD_SMD_energy_SP_v1,final_energy_Eh;CPCM_Dielectric_Eh;SMD_CDS_Eh;echoed_smd_vector;normal_termination;geometry_hash,planned,SRC_PROJECT_TIER2_CURRENT;SRC_ORCA61_SMD;SRC_HANDOFF_SPEC
SP0571,smd_energy_sp,A005_QM1_M1,S020,S020,RXN_AOX_A005,fixed_geometry_auxiliary_and_reaction_SP,electrolyte_anion,Bis(trifluoromethanesulfonyl)imide (TFSI−),Lithium; Tetraalkylammonium,-1,1,train,train_full25,1,solvent-specific Tier-1 GFN2/ddCOSMO optimized state geometry,tier1:redox:A005:S020:q-1:m1,,298.15,wB97X-D3,def2-TZVPD,RIJCOSX + def2/J,TightSCF; DEFGRID3,native_orca_smd,solvent_smd_registry.csv,resolved_authoritative,8,3000,1.74,jhtvs-ft0806-sp-v3,T2_wB97X-D3_def2-TZVPD_SMD_energy_SP_v1,final_energy_Eh;CPCM_Dielectric_Eh;SMD_CDS_Eh;echoed_smd_vector;normal_termination;geometry_hash,planned,SRC_PROJECT_TIER2_CURRENT;SRC_ORCA61_SMD;SRC_HANDOFF_SPEC
SP0572,smd_energy_sp,A010_Q0_M2,S020,S020,RXN_AOX_A010,fixed_geometry_auxiliary_and_reaction_SP,electrolyte_anion,Camphor-10-sulfonate (CSA−),Organic acid,0,2,train,,1,solvent-specific Tier-1 GFN2/ddCOSMO optimized state geometry,tier1:redox:A010:S020:q0:m2,,298.15,wB97X-D3,def2-TZVPD,RIJCOSX + def2/J,TightSCF; DEFGRID3,native_orca_smd,solvent_smd_registry.csv,resolved_authoritative,8,3000,1.74,jhtvs-ft0806-sp-v3,T2_wB97X-D3_def2-TZVPD_SMD_energy_SP_v1,final_energy_Eh;CPCM_Dielectric_Eh;SMD_CDS_Eh;echoed_smd_vector;normal_termination;geometry_hash,planned,SRC_PROJECT_TIER2_CURRENT;SRC_ORCA61_SMD;SRC_HANDOFF_SPEC
SP0573,smd_energy_sp,A010_QM1_M1,S020,S020,RXN_AOX_A010,fixed_geometry_auxiliary_and_reaction_SP,electrolyte_anion,Camphor-10-sulfonate (CSA−),Organic acid,-1,1,train,,1,solvent-specific Tier-1 GFN2/ddCOSMO optimized state geometry,tier1:redox:A010:S020:q-1:m1,,298.15,wB97X-D3,def2-TZVPD,RIJCOSX + def2/J,TightSCF; DEFGRID3,native_orca_smd,solvent_smd_registry.csv,resolved_authoritative,8,3000,1.74,jhtvs-ft0806-sp-v3,T2_wB97X-D3_def2-TZVPD_SMD_energy_SP_v1,final_energy_Eh;CPCM_Dielectric_Eh;SMD_CDS_Eh;echoed_smd_vector;normal_termination;geometry_hash,planned,SRC_PROJECT_TIER2_CURRENT;SRC_ORCA61_SMD;SRC_HANDOFF_SPEC
SP0574,smd_energy_sp,D022_QP2_M1,S020,S020,RXN_SIG_M022,fixed_geometry_auxiliary_and_reaction_SP,sigma_complex_dication,"3,4-Ethylenedioxythiophene (EDOT) sigma-complex dication",Thiophenes,2,1,train,train_full25,1,deterministic sigma construction then solvent-specific GFN2/ddCOSMO preoptimization with connectivity QC,surrogate:sigma_preopt:D022:S020:q2:m1,,298.15,wB97X-D3,def2-TZVPD,RIJCOSX + def2/J,TightSCF; DEFGRID3,native_orca_smd,solvent_smd_registry.csv,resolved_authoritative,8,3000,4.22,jhtvs-ft0806-sp-v3,T2_wB97X-D3_def2-TZVPD_SMD_energy_SP_v1,final_energy_Eh;CPCM_Dielectric_Eh;SMD_CDS_Eh;echoed_smd_vector;normal_termination;geometry_hash,planned,SRC_PROJECT_TIER2_CURRENT;SRC_ORCA61_SMD;SRC_HANDOFF_SPEC
SP0575,smd_energy_sp,D027_QP2_M1,S020,S020,RXN_SIG_M027,fixed_geometry_auxiliary_and_reaction_SP,sigma_complex_dication,N-Methylpyrrole sigma-complex dication,Pyrroles,2,1,test,test_full25,0,deterministic sigma construction then solvent-specific GFN2/ddCOSMO preoptimization with connectivity QC,surrogate:sigma_preopt:D027:S020:q2:m1,,298.15,wB97X-D3,def2-TZVPD,RIJCOSX + def2/J,TightSCF; DEFGRID3,native_orca_smd,solvent_smd_registry.csv,resolved_authoritative,8,3000,4.22,jhtvs-ft0806-sp-v3,T2_wB97X-D3_def2-TZVPD_SMD_energy_SP_v1,final_energy_Eh;CPCM_Dielectric_Eh;SMD_CDS_Eh;echoed_smd_vector;normal_termination;geometry_hash,planned,SRC_PROJECT_TIER2_CURRENT;SRC_ORCA61_SMD;SRC_HANDOFF_SPEC
SP0576,smd_energy_sp,D068_QP2_M1,S020,S020,RXN_SIG_M068,fixed_geometry_auxiliary_and_reaction_SP,sigma_complex_dication,"2,6-Dimethylaniline sigma-complex dication",Anilines,2,1,train,,1,deterministic sigma construction then solvent-specific GFN2/ddCOSMO preoptimization with connectivity QC,surrogate:sigma_preopt:D068:S020:q2:m1,,298.15,wB97X-D3,def2-TZVPD,RIJCOSX + def2/J,TightSCF; DEFGRID3,native_orca_smd,solvent_smd_registry.csv,resolved_authoritative,8,3000,4.22,jhtvs-ft0806-sp-v3,T2_wB97X-D3_def2-TZVPD_SMD_energy_SP_v1,final_energy_Eh;CPCM_Dielectric_Eh;SMD_CDS_Eh;echoed_smd_vector;normal_termination;geometry_hash,planned,SRC_PROJECT_TIER2_CURRENT;SRC_ORCA61_SMD;SRC_HANDOFF_SPEC
SP0577,smd_energy_sp,D078_QP2_M1,S020,S020,RXN_SIG_M078,fixed_geometry_auxiliary_and_reaction_SP,sigma_complex_dication,"9,9-Dimethylfluorene sigma-complex dication",Fluorenes,2,1,val,,0,deterministic sigma construction then solvent-specific GFN2/ddCOSMO preoptimization with connectivity QC,surrogate:sigma_preopt:D078:S020:q2:m1,,298.15,wB97X-D3,def2-TZVPD,RIJCOSX + def2/J,TightSCF; DEFGRID3,native_orca_smd,solvent_smd_registry.csv,resolved_authoritative,8,3000,4.22,jhtvs-ft0806-sp-v3,T2_wB97X-D3_def2-TZVPD_SMD_energy_SP_v1,final_energy_Eh;CPCM_Dielectric_Eh;SMD_CDS_Eh;echoed_smd_vector;normal_termination;geometry_hash,planned,SRC_PROJECT_TIER2_CURRENT;SRC_ORCA61_SMD;SRC_HANDOFF_SPEC
SP0578,smd_energy_sp,D094_QP2_M1,S020,S020,RXN_SIG_M094,fixed_geometry_auxiliary_and_reaction_SP,sigma_complex_dication,"Cyclopenta[2,1-b:3,4-b′]dithiophene (CPDT) sigma-complex dication",Fused-ring systems,2,1,train,,1,deterministic sigma construction then solvent-specific GFN2/ddCOSMO preoptimization with connectivity QC,surrogate:sigma_preopt:D094:S020:q2:m1,,298.15,wB97X-D3,def2-TZVPD,RIJCOSX + def2/J,TightSCF; DEFGRID3,native_orca_smd,solvent_smd_registry.csv,resolved_authoritative,8,3000,4.22,jhtvs-ft0806-sp-v3,T2_wB97X-D3_def2-TZVPD_SMD_energy_SP_v1,final_energy_Eh;CPCM_Dielectric_Eh;SMD_CDS_Eh;echoed_smd_vector;normal_termination;geometry_hash,planned,SRC_PROJECT_TIER2_CURRENT;SRC_ORCA61_SMD;SRC_HANDOFF_SPEC
SP0579,smd_energy_sp,M017_Q0_M1,S020,S020,RXN_MOX_M017,fixed_geometry_auxiliary_and_reaction_SP,monomer,"3,4-Diethylthiophene",Thiophenes,0,1,train,,1,solvent-specific Tier-1 GFN2/ddCOSMO optimized state geometry,tier1:redox:M017:S020:q0:m1,,298.15,wB97X-D3,def2-TZVPD,RIJCOSX + def2/J,TightSCF; DEFGRID3,native_orca_smd,solvent_smd_registry.csv,resolved_authoritative,8,3000,1.74,jhtvs-ft0806-sp-v3,T2_wB97X-D3_def2-TZVPD_SMD_energy_SP_v1,final_energy_Eh;CPCM_Dielectric_Eh;SMD_CDS_Eh;echoed_smd_vector;normal_termination;geometry_hash,planned,SRC_PROJECT_TIER2_CURRENT;SRC_ORCA61_SMD;SRC_HANDOFF_SPEC
SP0580,smd_energy_sp,M017_QP1_M2,S020,S020,RXN_MOX_M017,fixed_geometry_auxiliary_and_reaction_SP,monomer,"3,4-Diethylthiophene",Thiophenes,1,2,train,,1,solvent-specific Tier-1 GFN2/ddCOSMO optimized state geometry,tier1:redox:M017:S020:q1:m2,,298.15,wB97X-D3,def2-TZVPD,RIJCOSX + def2/J,TightSCF; DEFGRID3,native_orca_smd,solvent_smd_registry.csv,resolved_authoritative,8,3000,1.74,jhtvs-ft0806-sp-v3,T2_wB97X-D3_def2-TZVPD_SMD_energy_SP_v1,final_energy_Eh;CPCM_Dielectric_Eh;SMD_CDS_Eh;echoed_smd_vector;normal_termination;geometry_hash,planned,SRC_PROJECT_TIER2_CURRENT;SRC_ORCA61_SMD;SRC_HANDOFF_SPEC
SP0581,smd_energy_sp,M022_Q0_M1,S020,S020,RXN_MOX_M022,fixed_geometry_auxiliary_and_reaction_SP,monomer,"3,4-Ethylenedioxythiophene (EDOT)",Thiophenes,0,1,train,train_full25,1,solvent-specific Tier-1 GFN2/ddCOSMO optimized state geometry,tier1:redox:M022:S020:q0:m1,,298.15,wB97X-D3,def2-TZVPD,RIJCOSX + def2/J,TightSCF; DEFGRID3,native_orca_smd,solvent_smd_registry.csv,resolved_authoritative,8,3000,1.74,jhtvs-ft0806-sp-v3,T2_wB97X-D3_def2-TZVPD_SMD_energy_SP_v1,final_energy_Eh;CPCM_Dielectric_Eh;SMD_CDS_Eh;echoed_smd_vector;normal_termination;geometry_hash,planned,SRC_PROJECT_TIER2_CURRENT;SRC_ORCA61_SMD;SRC_HANDOFF_SPEC
SP0582,smd_energy_sp,M022_QP1_M2,S020,S020,RXN_MOX_M022;RXN_SIG_M022,fixed_geometry_auxiliary_and_reaction_SP,monomer,"3,4-Ethylenedioxythiophene (EDOT)",Thiophenes,1,2,train,train_full25,1,solvent-specific Tier-1 GFN2/ddCOSMO optimized state geometry,tier1:redox:M022:S020:q1:m2,,298.15,wB97X-D3,def2-TZVPD,RIJCOSX + def2/J,TightSCF; DEFGRID3,native_orca_smd,solvent_smd_registry.csv,resolved_authoritative,8,3000,1.74,jhtvs-ft0806-sp-v3,T2_wB97X-D3_def2-TZVPD_SMD_energy_SP_v1,final_energy_Eh;CPCM_Dielectric_Eh;SMD_CDS_Eh;echoed_smd_vector;normal_termination;geometry_hash,planned,SRC_PROJECT_TIER2_CURRENT;SRC_ORCA61_SMD;SRC_HANDOFF_SPEC
SP0583,smd_energy_sp,M027_QP1_M2,S020,S020,RXN_SIG_M027,fixed_geometry_auxiliary_and_reaction_SP,monomer,N-Methylpyrrole,Pyrroles,1,2,test,test_full25,0,solvent-specific Tier-1 GFN2/ddCOSMO optimized state geometry,tier1:redox:M027:S020:q1:m2,,298.15,wB97X-D3,def2-TZVPD,RIJCOSX + def2/J,TightSCF; DEFGRID3,native_orca_smd,solvent_smd_registry.csv,resolved_authoritative,8,3000,1.74,jhtvs-ft0806-sp-v3,T2_wB97X-D3_def2-TZVPD_SMD_energy_SP_v1,final_energy_Eh;CPCM_Dielectric_Eh;SMD_CDS_Eh;echoed_smd_vector;normal_termination;geometry_hash,planned,SRC_PROJECT_TIER2_CURRENT;SRC_ORCA61_SMD;SRC_HANDOFF_SPEC
SP0584,smd_energy_sp,M031_Q0_M1,S020,S020,RXN_MOX_M031,fixed_geometry_auxiliary_and_reaction_SP,monomer,N-Octylpyrrole,Pyrroles,0,1,val,,0,solvent-specific Tier-1 GFN2/ddCOSMO optimized state geometry,tier1:redox:M031:S020:q0:m1,,298.15,wB97X-D3,def2-TZVPD,RIJCOSX + def2/J,TightSCF; DEFGRID3,native_orca_smd,solvent_smd_registry.csv,resolved_authoritative,8,3000,1.74,jhtvs-ft0806-sp-v3,T2_wB97X-D3_def2-TZVPD_SMD_energy_SP_v1,final_energy_Eh;CPCM_Dielectric_Eh;SMD_CDS_Eh;echoed_smd_vector;normal_termination;geometry_hash,planned,SRC_PROJECT_TIER2_CURRENT;SRC_ORCA61_SMD;SRC_HANDOFF_SPEC
SP0585,smd_energy_sp,M031_QP1_M2,S020,S020,RXN_MOX_M031,fixed_geometry_auxiliary_and_reaction_SP,monomer,N-Octylpyrrole,Pyrroles,1,2,val,,0,solvent-specific Tier-1 GFN2/ddCOSMO optimized state geometry,tier1:redox:M031:S020:q1:m2,,298.15,wB97X-D3,def2-TZVPD,RIJCOSX + def2/J,TightSCF; DEFGRID3,native_orca_smd,solvent_smd_registry.csv,resolved_authoritative,8,3000,1.74,jhtvs-ft0806-sp-v3,T2_wB97X-D3_def2-TZVPD_SMD_energy_SP_v1,final_energy_Eh;CPCM_Dielectric_Eh;SMD_CDS_Eh;echoed_smd_vector;normal_termination;geometry_hash,planned,SRC_PROJECT_TIER2_CURRENT;SRC_ORCA61_SMD;SRC_HANDOFF_SPEC
SP0586,smd_energy_sp,M048_Q0_M1,S020,S020,RXN_MOX_M048,fixed_geometry_auxiliary_and_reaction_SP,monomer,"2,2′-Bifuran",Furans,0,1,test,,0,solvent-specific Tier-1 GFN2/ddCOSMO optimized state geometry,tier1:redox:M048:S020:q0:m1,,298.15,wB97X-D3,def2-TZVPD,RIJCOSX + def2/J,TightSCF; DEFGRID3,native_orca_smd,solvent_smd_registry.csv,resolved_authoritative,8,3000,1.74,jhtvs-ft0806-sp-v3,T2_wB97X-D3_def2-TZVPD_SMD_energy_SP_v1,final_energy_Eh;CPCM_Dielectric_Eh;SMD_CDS_Eh;echoed_smd_vector;normal_termination;geometry_hash,planned,SRC_PROJECT_TIER2_CURRENT;SRC_ORCA61_SMD;SRC_HANDOFF_SPEC
SP0587,smd_energy_sp,M048_QP1_M2,S020,S020,RXN_MOX_M048,fixed_geometry_auxiliary_and_reaction_SP,monomer,"2,2′-Bifuran",Furans,1,2,test,,0,solvent-specific Tier-1 GFN2/ddCOSMO optimized state geometry,tier1:redox:M048:S020:q1:m2,,298.15,wB97X-D3,def2-TZVPD,RIJCOSX + def2/J,TightSCF; DEFGRID3,native_orca_smd,solvent_smd_registry.csv,resolved_authoritative,8,3000,1.74,jhtvs-ft0806-sp-v3,T2_wB97X-D3_def2-TZVPD_SMD_energy_SP_v1,final_energy_Eh;CPCM_Dielectric_Eh;SMD_CDS_Eh;echoed_smd_vector;normal_termination;geometry_hash,planned,SRC_PROJECT_TIER2_CURRENT;SRC_ORCA61_SMD;SRC_HANDOFF_SPEC
SP0588,smd_energy_sp,M068_Q0_M1,S020,S020,RXN_MOX_M068,fixed_geometry_auxiliary_and_reaction_SP,monomer,"2,6-Dimethylaniline",Anilines,0,1,train,,1,solvent-specific Tier-1 GFN2/ddCOSMO optimized state geometry,tier1:redox:M068:S020:q0:m1,,298.15,wB97X-D3,def2-TZVPD,RIJCOSX + def2/J,TightSCF; DEFGRID3,native_orca_smd,solvent_smd_registry.csv,resolved_authoritative,8,3000,1.74,jhtvs-ft0806-sp-v3,T2_wB97X-D3_def2-TZVPD_SMD_energy_SP_v1,final_energy_Eh;CPCM_Dielectric_Eh;SMD_CDS_Eh;echoed_smd_vector;normal_termination;geometry_hash,planned,SRC_PROJECT_TIER2_CURRENT;SRC_ORCA61_SMD;SRC_HANDOFF_SPEC
SP0589,smd_energy_sp,M068_QP1_M2,S020,S020,RXN_MOX_M068;RXN_SIG_M068,fixed_geometry_auxiliary_and_reaction_SP,monomer,"2,6-Dimethylaniline",Anilines,1,2,train,,1,solvent-specific Tier-1 GFN2/ddCOSMO optimized state geometry,tier1:redox:M068:S020:q1:m2,,298.15,wB97X-D3,def2-TZVPD,RIJCOSX + def2/J,TightSCF; DEFGRID3,native_orca_smd,solvent_smd_registry.csv,resolved_authoritative,8,3000,1.74,jhtvs-ft0806-sp-v3,T2_wB97X-D3_def2-TZVPD_SMD_energy_SP_v1,final_energy_Eh;CPCM_Dielectric_Eh;SMD_CDS_Eh;echoed_smd_vector;normal_termination;geometry_hash,planned,SRC_PROJECT_TIER2_CURRENT;SRC_ORCA61_SMD;SRC_HANDOFF_SPEC
SP0590,smd_energy_sp,M078_Q0_M1,S020,S020,RXN_MOX_M078,fixed_geometry_auxiliary_and_reaction_SP,monomer,"9,9-Dimethylfluorene",Fluorenes,0,1,val,,0,solvent-specific Tier-1 GFN2/ddCOSMO optimized state geometry,tier1:redox:M078:S020:q0:m1,,298.15,wB97X-D3,def2-TZVPD,RIJCOSX + def2/J,TightSCF; DEFGRID3,native_orca_smd,solvent_smd_registry.csv,resolved_authoritative,8,3000,1.74,jhtvs-ft0806-sp-v3,T2_wB97X-D3_def2-TZVPD_SMD_energy_SP_v1,final_energy_Eh;CPCM_Dielectric_Eh;SMD_CDS_Eh;echoed_smd_vector;normal_termination;geometry_hash,planned,SRC_PROJECT_TIER2_CURRENT;SRC_ORCA61_SMD;SRC_HANDOFF_SPEC
SP0591,smd_energy_sp,M078_QP1_M2,S020,S020,RXN_MOX_M078;RXN_SIG_M078,fixed_geometry_auxiliary_and_reaction_SP,monomer,"9,9-Dimethylfluorene",Fluorenes,1,2,val,,0,solvent-specific Tier-1 GFN2/ddCOSMO optimized state geometry,tier1:redox:M078:S020:q1:m2,,298.15,wB97X-D3,def2-TZVPD,RIJCOSX + def2/J,TightSCF; DEFGRID3,native_orca_smd,solvent_smd_registry.csv,resolved_authoritative,8,3000,1.74,jhtvs-ft0806-sp-v3,T2_wB97X-D3_def2-TZVPD_SMD_energy_SP_v1,final_energy_Eh;CPCM_Dielectric_Eh;SMD_CDS_Eh;echoed_smd_vector;normal_termination;geometry_hash,planned,SRC_PROJECT_TIER2_CURRENT;SRC_ORCA61_SMD;SRC_HANDOFF_SPEC
SP0592,smd_energy_sp,M084_Q0_M1,S020,S020,RXN_MOX_M084,fixed_geometry_auxiliary_and_reaction_SP,monomer,"4,7-Bis(thiophen-2-yl)-2,1,3-benzothiadiazole (TBT)",Donor–Acceptor units,0,1,test,test_full25,0,solvent-specific Tier-1 GFN2/ddCOSMO optimized state geometry,tier1:redox:M084:S020:q0:m1,,298.15,wB97X-D3,def2-TZVPD,RIJCOSX + def2/J,TightSCF; DEFGRID3,native_orca_smd,solvent_smd_registry.csv,resolved_authoritative,8,3000,1.74,jhtvs-ft0806-sp-v3,T2_wB97X-D3_def2-TZVPD_SMD_energy_SP_v1,final_energy_Eh;CPCM_Dielectric_Eh;SMD_CDS_Eh;echoed_smd_vector;normal_termination;geometry_hash,planned,SRC_PROJECT_TIER2_CURRENT;SRC_ORCA61_SMD;SRC_HANDOFF_SPEC
SP0593,smd_energy_sp,M084_QP1_M2,S020,S020,RXN_MOX_M084,fixed_geometry_auxiliary_and_reaction_SP,monomer,"4,7-Bis(thiophen-2-yl)-2,1,3-benzothiadiazole (TBT)",Donor–Acceptor units,1,2,test,test_full25,0,solvent-specific Tier-1 GFN2/ddCOSMO optimized state geometry,tier1:redox:M084:S020:q1:m2,,298.15,wB97X-D3,def2-TZVPD,RIJCOSX + def2/J,TightSCF; DEFGRID3,native_orca_smd,solvent_smd_registry.csv,resolved_authoritative,8,3000,1.74,jhtvs-ft0806-sp-v3,T2_wB97X-D3_def2-TZVPD_SMD_energy_SP_v1,final_energy_Eh;CPCM_Dielectric_Eh;SMD_CDS_Eh;echoed_smd_vector;normal_termination;geometry_hash,planned,SRC_PROJECT_TIER2_CURRENT;SRC_ORCA61_SMD;SRC_HANDOFF_SPEC
SP0594,smd_energy_sp,M094_Q0_M1,S020,S020,RXN_MOX_M094,fixed_geometry_auxiliary_and_reaction_SP,monomer,"Cyclopenta[2,1-b:3,4-b′]dithiophene (CPDT)",Fused-ring systems,0,1,train,,1,solvent-specific Tier-1 GFN2/ddCOSMO optimized state geometry,tier1:redox:M094:S020:q0:m1,,298.15,wB97X-D3,def2-TZVPD,RIJCOSX + def2/J,TightSCF; DEFGRID3,native_orca_smd,solvent_smd_registry.csv,resolved_authoritative,8,3000,1.74,jhtvs-ft0806-sp-v3,T2_wB97X-D3_def2-TZVPD_SMD_energy_SP_v1,final_energy_Eh;CPCM_Dielectric_Eh;SMD_CDS_Eh;echoed_smd_vector;normal_termination;geometry_hash,planned,SRC_PROJECT_TIER2_CURRENT;SRC_ORCA61_SMD;SRC_HANDOFF_SPEC
SP0595,smd_energy_sp,M094_QP1_M2,S020,S020,RXN_MOX_M094;RXN_SIG_M094,fixed_geometry_auxiliary_and_reaction_SP,monomer,"Cyclopenta[2,1-b:3,4-b′]dithiophene (CPDT)",Fused-ring systems,1,2,train,,1,solvent-specific Tier-1 GFN2/ddCOSMO optimized state geometry,tier1:redox:M094:S020:q1:m2,,298.15,wB97X-D3,def2-TZVPD,RIJCOSX + def2/J,TightSCF; DEFGRID3,native_orca_smd,solvent_smd_registry.csv,resolved_authoritative,8,3000,1.74,jhtvs-ft0806-sp-v3,T2_wB97X-D3_def2-TZVPD_SMD_energy_SP_v1,final_energy_Eh;CPCM_Dielectric_Eh;SMD_CDS_Eh;echoed_smd_vector;normal_termination;geometry_hash,planned,SRC_PROJECT_TIER2_CURRENT;SRC_ORCA61_SMD;SRC_HANDOFF_SPEC
SP0596,smd_energy_sp,S020_Q0_M1,S020,S020,RXN_SOX_S020,fixed_geometry_auxiliary_and_reaction_SP,solvent_oxidation_target,"1,2-Dichloroethane",Halogenated solvent,0,1,train,self_medium,1,self-medium Tier-1 GFN2/ddCOSMO optimized state geometry,tier1:redox:S020:S020:q0:m1,,298.15,wB97X-D3,def2-TZVPD,RIJCOSX + def2/J,TightSCF; DEFGRID3,native_orca_smd,solvent_smd_registry.csv,resolved_authoritative,8,3000,1.74,jhtvs-ft0806-sp-v3,T2_wB97X-D3_def2-TZVPD_SMD_energy_SP_v1,final_energy_Eh;CPCM_Dielectric_Eh;SMD_CDS_Eh;echoed_smd_vector;normal_termination;geometry_hash,planned,SRC_PROJECT_TIER2_CURRENT;SRC_ORCA61_SMD;SRC_HANDOFF_SPEC
SP0597,smd_energy_sp,S020_QP1_M2,S020,S020,RXN_SOX_S020,fixed_geometry_auxiliary_and_reaction_SP,solvent_oxidation_target,"1,2-Dichloroethane",Halogenated solvent,1,2,train,self_medium,1,self-medium Tier-1 GFN2/ddCOSMO optimized state geometry,tier1:redox:S020:S020:q1:m2,,298.15,wB97X-D3,def2-TZVPD,RIJCOSX + def2/J,TightSCF; DEFGRID3,native_orca_smd,solvent_smd_registry.csv,resolved_authoritative,8,3000,1.74,jhtvs-ft0806-sp-v3,T2_wB97X-D3_def2-TZVPD_SMD_energy_SP_v1,final_energy_Eh;CPCM_Dielectric_Eh;SMD_CDS_Eh;echoed_smd_vector;normal_termination;geometry_hash,planned,SRC_PROJECT_TIER2_CURRENT;SRC_ORCA61_SMD;SRC_HANDOFF_SPEC
SP0598,smd_energy_sp,A002_Q0_M2,S021,S021,RXN_AOX_A002,fixed_geometry_auxiliary_and_reaction_SP,electrolyte_anion,Tetrafluoroborate (BF4−),Lithium; Tetraalkylammonium,0,2,test,test_full25,0,solvent-specific Tier-1 GFN2/ddCOSMO optimized state geometry,tier1:redox:A002:S021:q0:m2,,298.15,wB97X-D3,def2-TZVPD,RIJCOSX + def2/J,TightSCF; DEFGRID3,native_orca_smd,solvent_smd_registry.csv,resolved_authoritative,8,3000,1.74,jhtvs-ft0806-sp-v3,T2_wB97X-D3_def2-TZVPD_SMD_energy_SP_v1,final_energy_Eh;CPCM_Dielectric_Eh;SMD_CDS_Eh;echoed_smd_vector;normal_termination;geometry_hash,planned,SRC_PROJECT_TIER2_CURRENT;SRC_ORCA61_SMD;SRC_HANDOFF_SPEC
SP0599,smd_energy_sp,A002_QM1_M1,S021,S021,RXN_AOX_A002,fixed_geometry_auxiliary_and_reaction_SP,electrolyte_anion,Tetrafluoroborate (BF4−),Lithium; Tetraalkylammonium,-1,1,test,test_full25,0,solvent-specific Tier-1 GFN2/ddCOSMO optimized state geometry,tier1:redox:A002:S021:q-1:m1,,298.15,wB97X-D3,def2-TZVPD,RIJCOSX + def2/J,TightSCF; DEFGRID3,native_orca_smd,solvent_smd_registry.csv,resolved_authoritative,8,3000,1.74,jhtvs-ft0806-sp-v3,T2_wB97X-D3_def2-TZVPD_SMD_energy_SP_v1,final_energy_Eh;CPCM_Dielectric_Eh;SMD_CDS_Eh;echoed_smd_vector;normal_termination;geometry_hash,planned,SRC_PROJECT_TIER2_CURRENT;SRC_ORCA61_SMD;SRC_HANDOFF_SPEC
SP0600,smd_energy_sp,A005_Q0_M2,S021,S021,RXN_AOX_A005,fixed_geometry_auxiliary_and_reaction_SP,electrolyte_anion,Bis(trifluoromethanesulfonyl)imide (TFSI−),Lithium; Tetraalkylammonium,0,2,train,train_full25,1,solvent-specific Tier-1 GFN2/ddCOSMO optimized state geometry,tier1:redox:A005:S021:q0:m2,,298.15,wB97X-D3,def2-TZVPD,RIJCOSX + def2/J,TightSCF; DEFGRID3,native_orca_smd,solvent_smd_registry.csv,resolved_authoritative,8,3000,1.74,jhtvs-ft0806-sp-v3,T2_wB97X-D3_def2-TZVPD_SMD_energy_SP_v1,final_energy_Eh;CPCM_Dielectric_Eh;SMD_CDS_Eh;echoed_smd_vector;normal_termination;geometry_hash,planned,SRC_PROJECT_TIER2_CURRENT;SRC_ORCA61_SMD;SRC_HANDOFF_SPEC
SP0601,smd_energy_sp,A005_QM1_M1,S021,S021,RXN_AOX_A005,fixed_geometry_auxiliary_and_reaction_SP,electrolyte_anion,Bis(trifluoromethanesulfonyl)imide (TFSI−),Lithium; Tetraalkylammonium,-1,1,train,train_full25,1,solvent-specific Tier-1 GFN2/ddCOSMO optimized state geometry,tier1:redox:A005:S021:q-1:m1,,298.15,wB97X-D3,def2-TZVPD,RIJCOSX + def2/J,TightSCF; DEFGRID3,native_orca_smd,solvent_smd_registry.csv,resolved_authoritative,8,3000,1.74,jhtvs-ft0806-sp-v3,T2_wB97X-D3_def2-TZVPD_SMD_energy_SP_v1,final_energy_Eh;CPCM_Dielectric_Eh;SMD_CDS_Eh;echoed_smd_vector;normal_termination;geometry_hash,planned,SRC_PROJECT_TIER2_CURRENT;SRC_ORCA61_SMD;SRC_HANDOFF_SPEC
SP0602,smd_energy_sp,D022_QP2_M1,S021,S021,RXN_SIG_M022,fixed_geometry_auxiliary_and_reaction_SP,sigma_complex_dication,"3,4-Ethylenedioxythiophene (EDOT) sigma-complex dication",Thiophenes,2,1,train,train_full25,1,deterministic sigma construction then solvent-specific GFN2/ddCOSMO preoptimization with connectivity QC,surrogate:sigma_preopt:D022:S021:q2:m1,,298.15,wB97X-D3,def2-TZVPD,RIJCOSX + def2/J,TightSCF; DEFGRID3,native_orca_smd,solvent_smd_registry.csv,resolved_authoritative,8,3000,4.22,jhtvs-ft0806-sp-v3,T2_wB97X-D3_def2-TZVPD_SMD_energy_SP_v1,final_energy_Eh;CPCM_Dielectric_Eh;SMD_CDS_Eh;echoed_smd_vector;normal_termination;geometry_hash,planned,SRC_PROJECT_TIER2_CURRENT;SRC_ORCA61_SMD;SRC_HANDOFF_SPEC
SP0603,smd_energy_sp,D027_QP2_M1,S021,S021,RXN_SIG_M027,fixed_geometry_auxiliary_and_reaction_SP,sigma_complex_dication,N-Methylpyrrole sigma-complex dication,Pyrroles,2,1,test,test_full25,0,deterministic sigma construction then solvent-specific GFN2/ddCOSMO preoptimization with connectivity QC,surrogate:sigma_preopt:D027:S021:q2:m1,,298.15,wB97X-D3,def2-TZVPD,RIJCOSX + def2/J,TightSCF; DEFGRID3,native_orca_smd,solvent_smd_registry.csv,resolved_authoritative,8,3000,4.22,jhtvs-ft0806-sp-v3,T2_wB97X-D3_def2-TZVPD_SMD_energy_SP_v1,final_energy_Eh;CPCM_Dielectric_Eh;SMD_CDS_Eh;echoed_smd_vector;normal_termination;geometry_hash,planned,SRC_PROJECT_TIER2_CURRENT;SRC_ORCA61_SMD;SRC_HANDOFF_SPEC
SP0604,smd_energy_sp,M013_Q0_M1,S021,S021,RXN_MOX_M013,fixed_geometry_auxiliary_and_reaction_SP,monomer,Thiophene-3-carbonitrile,Thiophenes,0,1,train,,1,solvent-specific Tier-1 GFN2/ddCOSMO optimized state geometry,tier1:redox:M013:S021:q0:m1,,298.15,wB97X-D3,def2-TZVPD,RIJCOSX + def2/J,TightSCF; DEFGRID3,native_orca_smd,solvent_smd_registry.csv,resolved_authoritative,8,3000,1.74,jhtvs-ft0806-sp-v3,T2_wB97X-D3_def2-TZVPD_SMD_energy_SP_v1,final_energy_Eh;CPCM_Dielectric_Eh;SMD_CDS_Eh;echoed_smd_vector;normal_termination;geometry_hash,planned,SRC_PROJECT_TIER2_CURRENT;SRC_ORCA61_SMD;SRC_HANDOFF_SPEC
SP0605,smd_energy_sp,M013_QP1_M2,S021,S021,RXN_MOX_M013,fixed_geometry_auxiliary_and_reaction_SP,monomer,Thiophene-3-carbonitrile,Thiophenes,1,2,train,,1,solvent-specific Tier-1 GFN2/ddCOSMO optimized state geometry,tier1:redox:M013:S021:q1:m2,,298.15,wB97X-D3,def2-TZVPD,RIJCOSX + def2/J,TightSCF; DEFGRID3,native_orca_smd,solvent_smd_registry.csv,resolved_authoritative,8,3000,1.74,jhtvs-ft0806-sp-v3,T2_wB97X-D3_def2-TZVPD_SMD_energy_SP_v1,final_energy_Eh;CPCM_Dielectric_Eh;SMD_CDS_Eh;echoed_smd_vector;normal_termination;geometry_hash,planned,SRC_PROJECT_TIER2_CURRENT;SRC_ORCA61_SMD;SRC_HANDOFF_SPEC
SP0606,smd_energy_sp,M022_Q0_M1,S021,S021,RXN_MOX_M022,fixed_geometry_auxiliary_and_reaction_SP,monomer,"3,4-Ethylenedioxythiophene (EDOT)",Thiophenes,0,1,train,train_full25,1,solvent-specific Tier-1 GFN2/ddCOSMO optimized state geometry,tier1:redox:M022:S021:q0:m1,,298.15,wB97X-D3,def2-TZVPD,RIJCOSX + def2/J,TightSCF; DEFGRID3,native_orca_smd,solvent_smd_registry.csv,resolved_authoritative,8,3000,1.74,jhtvs-ft0806-sp-v3,T2_wB97X-D3_def2-TZVPD_SMD_energy_SP_v1,final_energy_Eh;CPCM_Dielectric_Eh;SMD_CDS_Eh;echoed_smd_vector;normal_termination;geometry_hash,planned,SRC_PROJECT_TIER2_CURRENT;SRC_ORCA61_SMD;SRC_HANDOFF_SPEC
SP0607,smd_energy_sp,M022_QP1_M2,S021,S021,RXN_MOX_M022;RXN_SIG_M022,fixed_geometry_auxiliary_and_reaction_SP,monomer,"3,4-Ethylenedioxythiophene (EDOT)",Thiophenes,1,2,train,train_full25,1,solvent-specific Tier-1 GFN2/ddCOSMO optimized state geometry,tier1:redox:M022:S021:q1:m2,,298.15,wB97X-D3,def2-TZVPD,RIJCOSX + def2/J,TightSCF; DEFGRID3,native_orca_smd,solvent_smd_registry.csv,resolved_authoritative,8,3000,1.74,jhtvs-ft0806-sp-v3,T2_wB97X-D3_def2-TZVPD_SMD_energy_SP_v1,final_energy_Eh;CPCM_Dielectric_Eh;SMD_CDS_Eh;echoed_smd_vector;normal_termination;geometry_hash,planned,SRC_PROJECT_TIER2_CURRENT;SRC_ORCA61_SMD;SRC_HANDOFF_SPEC
SP0608,smd_energy_sp,M027_Q0_M1,S021,S021,RXN_MOX_M027,fixed_geometry_auxiliary_and_reaction_SP,monomer,N-Methylpyrrole,Pyrroles,0,1,test,,0,solvent-specific Tier-1 GFN2/ddCOSMO optimized state geometry,tier1:redox:M027:S021:q0:m1,,298.15,wB97X-D3,def2-TZVPD,RIJCOSX + def2/J,TightSCF; DEFGRID3,native_orca_smd,solvent_smd_registry.csv,resolved_authoritative,8,3000,1.74,jhtvs-ft0806-sp-v3,T2_wB97X-D3_def2-TZVPD_SMD_energy_SP_v1,final_energy_Eh;CPCM_Dielectric_Eh;SMD_CDS_Eh;echoed_smd_vector;normal_termination;geometry_hash,planned,SRC_PROJECT_TIER2_CURRENT;SRC_ORCA61_SMD;SRC_HANDOFF_SPEC
SP0609,smd_energy_sp,M027_QP1_M2,S021,S021,RXN_MOX_M027;RXN_SIG_M027,fixed_geometry_auxiliary_and_reaction_SP,monomer,N-Methylpyrrole,Pyrroles,1,2,test,test_full25,0,solvent-specific Tier-1 GFN2/ddCOSMO optimized state geometry,tier1:redox:M027:S021:q1:m2,,298.15,wB97X-D3,def2-TZVPD,RIJCOSX + def2/J,TightSCF; DEFGRID3,native_orca_smd,solvent_smd_registry.csv,resolved_authoritative,8,3000,1.74,jhtvs-ft0806-sp-v3,T2_wB97X-D3_def2-TZVPD_SMD_energy_SP_v1,final_energy_Eh;CPCM_Dielectric_Eh;SMD_CDS_Eh;echoed_smd_vector;normal_termination;geometry_hash,planned,SRC_PROJECT_TIER2_CURRENT;SRC_ORCA61_SMD;SRC_HANDOFF_SPEC
SP0610,smd_energy_sp,M048_Q0_M1,S021,S021,RXN_MOX_M048,fixed_geometry_auxiliary_and_reaction_SP,monomer,"2,2′-Bifuran",Furans,0,1,test,,0,solvent-specific Tier-1 GFN2/ddCOSMO optimized state geometry,tier1:redox:M048:S021:q0:m1,,298.15,wB97X-D3,def2-TZVPD,RIJCOSX + def2/J,TightSCF; DEFGRID3,native_orca_smd,solvent_smd_registry.csv,resolved_authoritative,8,3000,1.74,jhtvs-ft0806-sp-v3,T2_wB97X-D3_def2-TZVPD_SMD_energy_SP_v1,final_energy_Eh;CPCM_Dielectric_Eh;SMD_CDS_Eh;echoed_smd_vector;normal_termination;geometry_hash,planned,SRC_PROJECT_TIER2_CURRENT;SRC_ORCA61_SMD;SRC_HANDOFF_SPEC
SP0611,smd_energy_sp,M048_QP1_M2,S021,S021,RXN_MOX_M048,fixed_geometry_auxiliary_and_reaction_SP,monomer,"2,2′-Bifuran",Furans,1,2,test,,0,solvent-specific Tier-1 GFN2/ddCOSMO optimized state geometry,tier1:redox:M048:S021:q1:m2,,298.15,wB97X-D3,def2-TZVPD,RIJCOSX + def2/J,TightSCF; DEFGRID3,native_orca_smd,solvent_smd_registry.csv,resolved_authoritative,8,3000,1.74,jhtvs-ft0806-sp-v3,T2_wB97X-D3_def2-TZVPD_SMD_energy_SP_v1,final_energy_Eh;CPCM_Dielectric_Eh;SMD_CDS_Eh;echoed_smd_vector;normal_termination;geometry_hash,planned,SRC_PROJECT_TIER2_CURRENT;SRC_ORCA61_SMD;SRC_HANDOFF_SPEC
SP0612,smd_energy_sp,M084_Q0_M1,S021,S021,RXN_MOX_M084,fixed_geometry_auxiliary_and_reaction_SP,monomer,"4,7-Bis(thiophen-2-yl)-2,1,3-benzothiadiazole (TBT)",Donor–Acceptor units,0,1,test,test_full25,0,solvent-specific Tier-1 GFN2/ddCOSMO optimized state geometry,tier1:redox:M084:S021:q0:m1,,298.15,wB97X-D3,def2-TZVPD,RIJCOSX + def2/J,TightSCF; DEFGRID3,native_orca_smd,solvent_smd_registry.csv,resolved_authoritative,8,3000,1.74,jhtvs-ft0806-sp-v3,T2_wB97X-D3_def2-TZVPD_SMD_energy_SP_v1,final_energy_Eh;CPCM_Dielectric_Eh;SMD_CDS_Eh;echoed_smd_vector;normal_termination;geometry_hash,planned,SRC_PROJECT_TIER2_CURRENT;SRC_ORCA61_SMD;SRC_HANDOFF_SPEC
SP0613,smd_energy_sp,M084_QP1_M2,S021,S021,RXN_MOX_M084,fixed_geometry_auxiliary_and_reaction_SP,monomer,"4,7-Bis(thiophen-2-yl)-2,1,3-benzothiadiazole (TBT)",Donor–Acceptor units,1,2,test,test_full25,0,solvent-specific Tier-1 GFN2/ddCOSMO optimized state geometry,tier1:redox:M084:S021:q1:m2,,298.15,wB97X-D3,def2-TZVPD,RIJCOSX + def2/J,TightSCF; DEFGRID3,native_orca_smd,solvent_smd_registry.csv,resolved_authoritative,8,3000,1.74,jhtvs-ft0806-sp-v3,T2_wB97X-D3_def2-TZVPD_SMD_energy_SP_v1,final_energy_Eh;CPCM_Dielectric_Eh;SMD_CDS_Eh;echoed_smd_vector;normal_termination;geometry_hash,planned,SRC_PROJECT_TIER2_CURRENT;SRC_ORCA61_SMD;SRC_HANDOFF_SPEC
SP0614,smd_energy_sp,S021_Q0_M1,S021,S021,RXN_SOX_S021,fixed_geometry_auxiliary_and_reaction_SP,solvent_oxidation_target,Chloroform,Halogenated solvent,0,1,train,self_medium,1,self-medium Tier-1 GFN2/ddCOSMO optimized state geometry,tier1:redox:S021:S021:q0:m1,,298.15,wB97X-D3,def2-TZVPD,RIJCOSX + def2/J,TightSCF; DEFGRID3,native_orca_smd,solvent_smd_registry.csv,resolved_authoritative,8,3000,1.74,jhtvs-ft0806-sp-v3,T2_wB97X-D3_def2-TZVPD_SMD_energy_SP_v1,final_energy_Eh;CPCM_Dielectric_Eh;SMD_CDS_Eh;echoed_smd_vector;normal_termination;geometry_hash,planned,SRC_PROJECT_TIER2_CURRENT;SRC_ORCA61_SMD;SRC_HANDOFF_SPEC
SP0615,smd_energy_sp,S021_QP1_M2,S021,S021,RXN_SOX_S021,fixed_geometry_auxiliary_and_reaction_SP,solvent_oxidation_target,Chloroform,Halogenated solvent,1,2,train,self_medium,1,self-medium Tier-1 GFN2/ddCOSMO optimized state geometry,tier1:redox:S021:S021:q1:m2,,298.15,wB97X-D3,def2-TZVPD,RIJCOSX + def2/J,TightSCF; DEFGRID3,native_orca_smd,solvent_smd_registry.csv,resolved_authoritative,8,3000,1.74,jhtvs-ft0806-sp-v3,T2_wB97X-D3_def2-TZVPD_SMD_energy_SP_v1,final_energy_Eh;CPCM_Dielectric_Eh;SMD_CDS_Eh;echoed_smd_vector;normal_termination;geometry_hash,planned,SRC_PROJECT_TIER2_CURRENT;SRC_ORCA61_SMD;SRC_HANDOFF_SPEC
SP0616,smd_energy_sp,A001_Q0_M2,S022,S022,RXN_AOX_A001,fixed_geometry_auxiliary_and_reaction_SP,electrolyte_anion,Hexafluorophosphate (PF6−),Tetraalkylammonium,0,2,train,,1,solvent-specific Tier-1 GFN2/ddCOSMO optimized state geometry,tier1:redox:A001:S022:q0:m2,,313.15,wB97X-D3,def2-TZVPD,RIJCOSX + def2/J,TightSCF; DEFGRID3,custom_smd,solvent_smd_registry.csv,resolved_authoritative,8,3000,1.74,jhtvs-ft0806-sp-v3,T2_wB97X-D3_def2-TZVPD_SMD_energy_SP_v1,final_energy_Eh;CPCM_Dielectric_Eh;SMD_CDS_Eh;echoed_smd_vector;normal_termination;geometry_hash,planned,SRC_PROJECT_TIER2_CURRENT;SRC_ORCA61_SMD;SRC_HANDOFF_SPEC
SP0617,smd_energy_sp,A001_QM1_M1,S022,S022,RXN_AOX_A001,fixed_geometry_auxiliary_and_reaction_SP,electrolyte_anion,Hexafluorophosphate (PF6−),Tetraalkylammonium,-1,1,train,,1,solvent-specific Tier-1 GFN2/ddCOSMO optimized state geometry,tier1:redox:A001:S022:q-1:m1,,313.15,wB97X-D3,def2-TZVPD,RIJCOSX + def2/J,TightSCF; DEFGRID3,custom_smd,solvent_smd_registry.csv,resolved_authoritative,8,3000,1.74,jhtvs-ft0806-sp-v3,T2_wB97X-D3_def2-TZVPD_SMD_energy_SP_v1,final_energy_Eh;CPCM_Dielectric_Eh;SMD_CDS_Eh;echoed_smd_vector;normal_termination;geometry_hash,planned,SRC_PROJECT_TIER2_CURRENT;SRC_ORCA61_SMD;SRC_HANDOFF_SPEC
SP0618,smd_energy_sp,A002_Q0_M2,S022,S022,RXN_AOX_A002,fixed_geometry_auxiliary_and_reaction_SP,electrolyte_anion,Tetrafluoroborate (BF4−),Lithium; Tetraalkylammonium,0,2,test,test_full25,0,solvent-specific Tier-1 GFN2/ddCOSMO optimized state geometry,tier1:redox:A002:S022:q0:m2,,313.15,wB97X-D3,def2-TZVPD,RIJCOSX + def2/J,TightSCF; DEFGRID3,custom_smd,solvent_smd_registry.csv,resolved_authoritative,8,3000,1.74,jhtvs-ft0806-sp-v3,T2_wB97X-D3_def2-TZVPD_SMD_energy_SP_v1,final_energy_Eh;CPCM_Dielectric_Eh;SMD_CDS_Eh;echoed_smd_vector;normal_termination;geometry_hash,planned,SRC_PROJECT_TIER2_CURRENT;SRC_ORCA61_SMD;SRC_HANDOFF_SPEC
SP0619,smd_energy_sp,A002_QM1_M1,S022,S022,RXN_AOX_A002,fixed_geometry_auxiliary_and_reaction_SP,electrolyte_anion,Tetrafluoroborate (BF4−),Lithium; Tetraalkylammonium,-1,1,test,test_full25,0,solvent-specific Tier-1 GFN2/ddCOSMO optimized state geometry,tier1:redox:A002:S022:q-1:m1,,313.15,wB97X-D3,def2-TZVPD,RIJCOSX + def2/J,TightSCF; DEFGRID3,custom_smd,solvent_smd_registry.csv,resolved_authoritative,8,3000,1.74,jhtvs-ft0806-sp-v3,T2_wB97X-D3_def2-TZVPD_SMD_energy_SP_v1,final_energy_Eh;CPCM_Dielectric_Eh;SMD_CDS_Eh;echoed_smd_vector;normal_termination;geometry_hash,planned,SRC_PROJECT_TIER2_CURRENT;SRC_ORCA61_SMD;SRC_HANDOFF_SPEC
SP0620,smd_energy_sp,A005_Q0_M2,S022,S022,RXN_AOX_A005,fixed_geometry_auxiliary_and_reaction_SP,electrolyte_anion,Bis(trifluoromethanesulfonyl)imide (TFSI−),Lithium; Tetraalkylammonium,0,2,train,train_full25,1,solvent-specific Tier-1 GFN2/ddCOSMO optimized state geometry,tier1:redox:A005:S022:q0:m2,,313.15,wB97X-D3,def2-TZVPD,RIJCOSX + def2/J,TightSCF; DEFGRID3,custom_smd,solvent_smd_registry.csv,resolved_authoritative,8,3000,1.74,jhtvs-ft0806-sp-v3,T2_wB97X-D3_def2-TZVPD_SMD_energy_SP_v1,final_energy_Eh;CPCM_Dielectric_Eh;SMD_CDS_Eh;echoed_smd_vector;normal_termination;geometry_hash,planned,SRC_PROJECT_TIER2_CURRENT;SRC_ORCA61_SMD;SRC_HANDOFF_SPEC
SP0621,smd_energy_sp,A005_QM1_M1,S022,S022,RXN_AOX_A005,fixed_geometry_auxiliary_and_reaction_SP,electrolyte_anion,Bis(trifluoromethanesulfonyl)imide (TFSI−),Lithium; Tetraalkylammonium,-1,1,train,train_full25,1,solvent-specific Tier-1 GFN2/ddCOSMO optimized state geometry,tier1:redox:A005:S022:q-1:m1,,313.15,wB97X-D3,def2-TZVPD,RIJCOSX + def2/J,TightSCF; DEFGRID3,custom_smd,solvent_smd_registry.csv,resolved_authoritative,8,3000,1.74,jhtvs-ft0806-sp-v3,T2_wB97X-D3_def2-TZVPD_SMD_energy_SP_v1,final_energy_Eh;CPCM_Dielectric_Eh;SMD_CDS_Eh;echoed_smd_vector;normal_termination;geometry_hash,planned,SRC_PROJECT_TIER2_CURRENT;SRC_ORCA61_SMD;SRC_HANDOFF_SPEC
SP0622,smd_energy_sp,A006_Q0_M2,S022,S022,RXN_AOX_A006,fixed_geometry_auxiliary_and_reaction_SP,electrolyte_anion,Poly(styrene sulfonate) H-capped repeat-unit anion (PSS− proxy),Polymeric,0,2,val,,0,solvent-specific Tier-1 GFN2/ddCOSMO optimized state geometry,tier1:redox:A006:S022:q0:m2,,313.15,wB97X-D3,def2-TZVPD,RIJCOSX + def2/J,TightSCF; DEFGRID3,custom_smd,solvent_smd_registry.csv,resolved_authoritative,8,3000,1.74,jhtvs-ft0806-sp-v3,T2_wB97X-D3_def2-TZVPD_SMD_energy_SP_v1,final_energy_Eh;CPCM_Dielectric_Eh;SMD_CDS_Eh;echoed_smd_vector;normal_termination;geometry_hash,planned,SRC_PROJECT_TIER2_CURRENT;SRC_ORCA61_SMD;SRC_HANDOFF_SPEC
SP0623,smd_energy_sp,A006_QM1_M1,S022,S022,RXN_AOX_A006,fixed_geometry_auxiliary_and_reaction_SP,electrolyte_anion,Poly(styrene sulfonate) H-capped repeat-unit anion (PSS− proxy),Polymeric,-1,1,val,,0,solvent-specific Tier-1 GFN2/ddCOSMO optimized state geometry,tier1:redox:A006:S022:q-1:m1,,313.15,wB97X-D3,def2-TZVPD,RIJCOSX + def2/J,TightSCF; DEFGRID3,custom_smd,solvent_smd_registry.csv,resolved_authoritative,8,3000,1.74,jhtvs-ft0806-sp-v3,T2_wB97X-D3_def2-TZVPD_SMD_energy_SP_v1,final_energy_Eh;CPCM_Dielectric_Eh;SMD_CDS_Eh;echoed_smd_vector;normal_termination;geometry_hash,planned,SRC_PROJECT_TIER2_CURRENT;SRC_ORCA61_SMD;SRC_HANDOFF_SPEC
SP0624,smd_energy_sp,A011_Q0_M2,S022,S022,RXN_AOX_A011,fixed_geometry_auxiliary_and_reaction_SP,electrolyte_anion,Chloride (Cl−),Inorganic,0,2,val,,0,solvent-specific Tier-1 GFN2/ddCOSMO optimized state geometry,tier1:redox:A011:S022:q0:m2,,313.15,wB97X-D3,def2-TZVPD,RIJCOSX + def2/J,TightSCF; DEFGRID3,custom_smd,solvent_smd_registry.csv,resolved_authoritative,8,3000,1.74,jhtvs-ft0806-sp-v3,T2_wB97X-D3_def2-TZVPD_SMD_energy_SP_v1,final_energy_Eh;CPCM_Dielectric_Eh;SMD_CDS_Eh;echoed_smd_vector;normal_termination;geometry_hash,planned,SRC_PROJECT_TIER2_CURRENT;SRC_ORCA61_SMD;SRC_HANDOFF_SPEC
SP0625,smd_energy_sp,A011_QM1_M1,S022,S022,RXN_AOX_A011,fixed_geometry_auxiliary_and_reaction_SP,electrolyte_anion,Chloride (Cl−),Inorganic,-1,1,val,,0,solvent-specific Tier-1 GFN2/ddCOSMO optimized state geometry,tier1:redox:A011:S022:q-1:m1,,313.15,wB97X-D3,def2-TZVPD,RIJCOSX + def2/J,TightSCF; DEFGRID3,custom_smd,solvent_smd_registry.csv,resolved_authoritative,8,3000,1.74,jhtvs-ft0806-sp-v3,T2_wB97X-D3_def2-TZVPD_SMD_energy_SP_v1,final_energy_Eh;CPCM_Dielectric_Eh;SMD_CDS_Eh;echoed_smd_vector;normal_termination;geometry_hash,planned,SRC_PROJECT_TIER2_CURRENT;SRC_ORCA61_SMD;SRC_HANDOFF_SPEC
SP0626,smd_energy_sp,D001_QP2_M1,S022,S022,RXN_SIG_M001,fixed_geometry_auxiliary_and_reaction_SP,sigma_complex_dication,Thiophene sigma-complex dication,Thiophenes,2,1,train,,1,deterministic sigma construction then solvent-specific GFN2/ddCOSMO preoptimization with connectivity QC,surrogate:sigma_preopt:D001:S022:q2:m1,,313.15,wB97X-D3,def2-TZVPD,RIJCOSX + def2/J,TightSCF; DEFGRID3,custom_smd,solvent_smd_registry.csv,resolved_authoritative,8,3000,4.22,jhtvs-ft0806-sp-v3,T2_wB97X-D3_def2-TZVPD_SMD_energy_SP_v1,final_energy_Eh;CPCM_Dielectric_Eh;SMD_CDS_Eh;echoed_smd_vector;normal_termination;geometry_hash,planned,SRC_PROJECT_TIER2_CURRENT;SRC_ORCA61_SMD;SRC_HANDOFF_SPEC
SP0627,smd_energy_sp,D022_QP2_M1,S022,S022,RXN_SIG_M022,fixed_geometry_auxiliary_and_reaction_SP,sigma_complex_dication,"3,4-Ethylenedioxythiophene (EDOT) sigma-complex dication",Thiophenes,2,1,train,train_full25,1,deterministic sigma construction then solvent-specific GFN2/ddCOSMO preoptimization with connectivity QC,surrogate:sigma_preopt:D022:S022:q2:m1,,313.15,wB97X-D3,def2-TZVPD,RIJCOSX + def2/J,TightSCF; DEFGRID3,custom_smd,solvent_smd_registry.csv,resolved_authoritative,8,3000,4.22,jhtvs-ft0806-sp-v3,T2_wB97X-D3_def2-TZVPD_SMD_energy_SP_v1,final_energy_Eh;CPCM_Dielectric_Eh;SMD_CDS_Eh;echoed_smd_vector;normal_termination;geometry_hash,planned,SRC_PROJECT_TIER2_CURRENT;SRC_ORCA61_SMD;SRC_HANDOFF_SPEC
SP0628,smd_energy_sp,D027_QP2_M1,S022,S022,RXN_SIG_M027,fixed_geometry_auxiliary_and_reaction_SP,sigma_complex_dication,N-Methylpyrrole sigma-complex dication,Pyrroles,2,1,test,test_full25,0,deterministic sigma construction then solvent-specific GFN2/ddCOSMO preoptimization with connectivity QC,surrogate:sigma_preopt:D027:S022:q2:m1,,313.15,wB97X-D3,def2-TZVPD,RIJCOSX + def2/J,TightSCF; DEFGRID3,custom_smd,solvent_smd_registry.csv,resolved_authoritative,8,3000,4.22,jhtvs-ft0806-sp-v3,T2_wB97X-D3_def2-TZVPD_SMD_energy_SP_v1,final_energy_Eh;CPCM_Dielectric_Eh;SMD_CDS_Eh;echoed_smd_vector;normal_termination;geometry_hash,planned,SRC_PROJECT_TIER2_CURRENT;SRC_ORCA61_SMD;SRC_HANDOFF_SPEC
SP0629,smd_energy_sp,D096_QP2_M1,S022,S022,RXN_SIG_M096,fixed_geometry_auxiliary_and_reaction_SP,sigma_complex_dication,"4,4-Dihexyl-CPDT sigma-complex dication",Fused-ring systems,2,1,val,,0,deterministic sigma construction then solvent-specific GFN2/ddCOSMO preoptimization with connectivity QC,surrogate:sigma_preopt:D096:S022:q2:m1,,313.15,wB97X-D3,def2-TZVPD,RIJCOSX + def2/J,TightSCF; DEFGRID3,custom_smd,solvent_smd_registry.csv,resolved_authoritative,8,3000,4.22,jhtvs-ft0806-sp-v3,T2_wB97X-D3_def2-TZVPD_SMD_energy_SP_v1,final_energy_Eh;CPCM_Dielectric_Eh;SMD_CDS_Eh;echoed_smd_vector;normal_termination;geometry_hash,planned,SRC_PROJECT_TIER2_CURRENT;SRC_ORCA61_SMD;SRC_HANDOFF_SPEC
SP0630,smd_energy_sp,M001_Q0_M1,S022,S022,RXN_MOX_M001,fixed_geometry_auxiliary_and_reaction_SP,monomer,Thiophene,Thiophenes,0,1,train,,1,solvent-specific Tier-1 GFN2/ddCOSMO optimized state geometry,tier1:redox:M001:S022:q0:m1,,313.15,wB97X-D3,def2-TZVPD,RIJCOSX + def2/J,TightSCF; DEFGRID3,custom_smd,solvent_smd_registry.csv,resolved_authoritative,8,3000,1.74,jhtvs-ft0806-sp-v3,T2_wB97X-D3_def2-TZVPD_SMD_energy_SP_v1,final_energy_Eh;CPCM_Dielectric_Eh;SMD_CDS_Eh;echoed_smd_vector;normal_termination;geometry_hash,planned,SRC_PROJECT_TIER2_CURRENT;SRC_ORCA61_SMD;SRC_HANDOFF_SPEC
SP0631,smd_energy_sp,M001_QP1_M2,S022,S022,RXN_MOX_M001;RXN_SIG_M001,fixed_geometry_auxiliary_and_reaction_SP,monomer,Thiophene,Thiophenes,1,2,train,,1,solvent-specific Tier-1 GFN2/ddCOSMO optimized state geometry,tier1:redox:M001:S022:q1:m2,,313.15,wB97X-D3,def2-TZVPD,RIJCOSX + def2/J,TightSCF; DEFGRID3,custom_smd,solvent_smd_registry.csv,resolved_authoritative,8,3000,1.74,jhtvs-ft0806-sp-v3,T2_wB97X-D3_def2-TZVPD_SMD_energy_SP_v1,final_energy_Eh;CPCM_Dielectric_Eh;SMD_CDS_Eh;echoed_smd_vector;normal_termination;geometry_hash,planned,SRC_PROJECT_TIER2_CURRENT;SRC_ORCA61_SMD;SRC_HANDOFF_SPEC
SP0632,smd_energy_sp,M022_Q0_M1,S022,S022,RXN_MOX_M022,fixed_geometry_auxiliary_and_reaction_SP,monomer,"3,4-Ethylenedioxythiophene (EDOT)",Thiophenes,0,1,train,train_full25,1,solvent-specific Tier-1 GFN2/ddCOSMO optimized state geometry,tier1:redox:M022:S022:q0:m1,,313.15,wB97X-D3,def2-TZVPD,RIJCOSX + def2/J,TightSCF; DEFGRID3,custom_smd,solvent_smd_registry.csv,resolved_authoritative,8,3000,1.74,jhtvs-ft0806-sp-v3,T2_wB97X-D3_def2-TZVPD_SMD_energy_SP_v1,final_energy_Eh;CPCM_Dielectric_Eh;SMD_CDS_Eh;echoed_smd_vector;normal_termination;geometry_hash,planned,SRC_PROJECT_TIER2_CURRENT;SRC_ORCA61_SMD;SRC_HANDOFF_SPEC
SP0633,smd_energy_sp,M022_QP1_M2,S022,S022,RXN_MOX_M022;RXN_SIG_M022,fixed_geometry_auxiliary_and_reaction_SP,monomer,"3,4-Ethylenedioxythiophene (EDOT)",Thiophenes,1,2,train,train_full25,1,solvent-specific Tier-1 GFN2/ddCOSMO optimized state geometry,tier1:redox:M022:S022:q1:m2,,313.15,wB97X-D3,def2-TZVPD,RIJCOSX + def2/J,TightSCF; DEFGRID3,custom_smd,solvent_smd_registry.csv,resolved_authoritative,8,3000,1.74,jhtvs-ft0806-sp-v3,T2_wB97X-D3_def2-TZVPD_SMD_energy_SP_v1,final_energy_Eh;CPCM_Dielectric_Eh;SMD_CDS_Eh;echoed_smd_vector;normal_termination;geometry_hash,planned,SRC_PROJECT_TIER2_CURRENT;SRC_ORCA61_SMD;SRC_HANDOFF_SPEC
SP0634,smd_energy_sp,M027_QP1_M2,S022,S022,RXN_SIG_M027,fixed_geometry_auxiliary_and_reaction_SP,monomer,N-Methylpyrrole,Pyrroles,1,2,test,test_full25,0,solvent-specific Tier-1 GFN2/ddCOSMO optimized state geometry,tier1:redox:M027:S022:q1:m2,,313.15,wB97X-D3,def2-TZVPD,RIJCOSX + def2/J,TightSCF; DEFGRID3,custom_smd,solvent_smd_registry.csv,resolved_authoritative,8,3000,1.74,jhtvs-ft0806-sp-v3,T2_wB97X-D3_def2-TZVPD_SMD_energy_SP_v1,final_energy_Eh;CPCM_Dielectric_Eh;SMD_CDS_Eh;echoed_smd_vector;normal_termination;geometry_hash,planned,SRC_PROJECT_TIER2_CURRENT;SRC_ORCA61_SMD;SRC_HANDOFF_SPEC
SP0635,smd_energy_sp,M036_Q0_M1,S022,S022,RXN_MOX_M036,fixed_geometry_auxiliary_and_reaction_SP,monomer,"3,4-Ethylenedioxypyrrole (EDOP)",Pyrroles,0,1,train,,1,solvent-specific Tier-1 GFN2/ddCOSMO optimized state geometry,tier1:redox:M036:S022:q0:m1,,313.15,wB97X-D3,def2-TZVPD,RIJCOSX + def2/J,TightSCF; DEFGRID3,custom_smd,solvent_smd_registry.csv,resolved_authoritative,8,3000,1.74,jhtvs-ft0806-sp-v3,T2_wB97X-D3_def2-TZVPD_SMD_energy_SP_v1,final_energy_Eh;CPCM_Dielectric_Eh;SMD_CDS_Eh;echoed_smd_vector;normal_termination;geometry_hash,planned,SRC_PROJECT_TIER2_CURRENT;SRC_ORCA61_SMD;SRC_HANDOFF_SPEC
SP0636,smd_energy_sp,M036_QP1_M2,S022,S022,RXN_MOX_M036,fixed_geometry_auxiliary_and_reaction_SP,monomer,"3,4-Ethylenedioxypyrrole (EDOP)",Pyrroles,1,2,train,,1,solvent-specific Tier-1 GFN2/ddCOSMO optimized state geometry,tier1:redox:M036:S022:q1:m2,,313.15,wB97X-D3,def2-TZVPD,RIJCOSX + def2/J,TightSCF; DEFGRID3,custom_smd,solvent_smd_registry.csv,resolved_authoritative,8,3000,1.74,jhtvs-ft0806-sp-v3,T2_wB97X-D3_def2-TZVPD_SMD_energy_SP_v1,final_energy_Eh;CPCM_Dielectric_Eh;SMD_CDS_Eh;echoed_smd_vector;normal_termination;geometry_hash,planned,SRC_PROJECT_TIER2_CURRENT;SRC_ORCA61_SMD;SRC_HANDOFF_SPEC
SP0637,smd_energy_sp,M050_Q0_M1,S022,S022,RXN_MOX_M050,fixed_geometry_auxiliary_and_reaction_SP,monomer,Selenophene,Selenophenes,0,1,train,,1,solvent-specific Tier-1 GFN2/ddCOSMO optimized state geometry,tier1:redox:M050:S022:q0:m1,,313.15,wB97X-D3,def2-TZVPD,RIJCOSX + def2/J,TightSCF; DEFGRID3,custom_smd,solvent_smd_registry.csv,resolved_authoritative,8,3000,1.74,jhtvs-ft0806-sp-v3,T2_wB97X-D3_def2-TZVPD_SMD_energy_SP_v1,final_energy_Eh;CPCM_Dielectric_Eh;SMD_CDS_Eh;echoed_smd_vector;normal_termination;geometry_hash,planned,SRC_PROJECT_TIER2_CURRENT;SRC_ORCA61_SMD;SRC_HANDOFF_SPEC
SP0638,smd_energy_sp,M050_QP1_M2,S022,S022,RXN_MOX_M050,fixed_geometry_auxiliary_and_reaction_SP,monomer,Selenophene,Selenophenes,1,2,train,,1,solvent-specific Tier-1 GFN2/ddCOSMO optimized state geometry,tier1:redox:M050:S022:q1:m2,,313.15,wB97X-D3,def2-TZVPD,RIJCOSX + def2/J,TightSCF; DEFGRID3,custom_smd,solvent_smd_registry.csv,resolved_authoritative,8,3000,1.74,jhtvs-ft0806-sp-v3,T2_wB97X-D3_def2-TZVPD_SMD_energy_SP_v1,final_energy_Eh;CPCM_Dielectric_Eh;SMD_CDS_Eh;echoed_smd_vector;normal_termination;geometry_hash,planned,SRC_PROJECT_TIER2_CURRENT;SRC_ORCA61_SMD;SRC_HANDOFF_SPEC
SP0639,smd_energy_sp,M069_Q0_M1,S022,S022,RXN_MOX_M069,fixed_geometry_auxiliary_and_reaction_SP,monomer,Diphenylamine,Anilines,0,1,test,,0,solvent-specific Tier-1 GFN2/ddCOSMO optimized state geometry,tier1:redox:M069:S022:q0:m1,,313.15,wB97X-D3,def2-TZVPD,RIJCOSX + def2/J,TightSCF; DEFGRID3,custom_smd,solvent_smd_registry.csv,resolved_authoritative,8,3000,1.74,jhtvs-ft0806-sp-v3,T2_wB97X-D3_def2-TZVPD_SMD_energy_SP_v1,final_energy_Eh;CPCM_Dielectric_Eh;SMD_CDS_Eh;echoed_smd_vector;normal_termination;geometry_hash,planned,SRC_PROJECT_TIER2_CURRENT;SRC_ORCA61_SMD;SRC_HANDOFF_SPEC
SP0640,smd_energy_sp,M069_QP1_M2,S022,S022,RXN_MOX_M069,fixed_geometry_auxiliary_and_reaction_SP,monomer,Diphenylamine,Anilines,1,2,test,,0,solvent-specific Tier-1 GFN2/ddCOSMO optimized state geometry,tier1:redox:M069:S022:q1:m2,,313.15,wB97X-D3,def2-TZVPD,RIJCOSX + def2/J,TightSCF; DEFGRID3,custom_smd,solvent_smd_registry.csv,resolved_authoritative,8,3000,1.74,jhtvs-ft0806-sp-v3,T2_wB97X-D3_def2-TZVPD_SMD_energy_SP_v1,final_energy_Eh;CPCM_Dielectric_Eh;SMD_CDS_Eh;echoed_smd_vector;normal_termination;geometry_hash,planned,SRC_PROJECT_TIER2_CURRENT;SRC_ORCA61_SMD;SRC_HANDOFF_SPEC
SP0641,smd_energy_sp,M083_Q0_M1,S022,S022,RXN_MOX_M083,fixed_geometry_auxiliary_and_reaction_SP,monomer,"9,9-Dioctylfluorene",Fluorenes,0,1,train,,1,solvent-specific Tier-1 GFN2/ddCOSMO optimized state geometry,tier1:redox:M083:S022:q0:m1,,313.15,wB97X-D3,def2-TZVPD,RIJCOSX + def2/J,TightSCF; DEFGRID3,custom_smd,solvent_smd_registry.csv,resolved_authoritative,8,3000,1.74,jhtvs-ft0806-sp-v3,T2_wB97X-D3_def2-TZVPD_SMD_energy_SP_v1,final_energy_Eh;CPCM_Dielectric_Eh;SMD_CDS_Eh;echoed_smd_vector;normal_termination;geometry_hash,planned,SRC_PROJECT_TIER2_CURRENT;SRC_ORCA61_SMD;SRC_HANDOFF_SPEC
SP0642,smd_energy_sp,M083_QP1_M2,S022,S022,RXN_MOX_M083,fixed_geometry_auxiliary_and_reaction_SP,monomer,"9,9-Dioctylfluorene",Fluorenes,1,2,train,,1,solvent-specific Tier-1 GFN2/ddCOSMO optimized state geometry,tier1:redox:M083:S022:q1:m2,,313.15,wB97X-D3,def2-TZVPD,RIJCOSX + def2/J,TightSCF; DEFGRID3,custom_smd,solvent_smd_registry.csv,resolved_authoritative,8,3000,1.74,jhtvs-ft0806-sp-v3,T2_wB97X-D3_def2-TZVPD_SMD_energy_SP_v1,final_energy_Eh;CPCM_Dielectric_Eh;SMD_CDS_Eh;echoed_smd_vector;normal_termination;geometry_hash,planned,SRC_PROJECT_TIER2_CURRENT;SRC_ORCA61_SMD;SRC_HANDOFF_SPEC
SP0643,smd_energy_sp,M084_Q0_M1,S022,S022,RXN_MOX_M084,fixed_geometry_auxiliary_and_reaction_SP,monomer,"4,7-Bis(thiophen-2-yl)-2,1,3-benzothiadiazole (TBT)",Donor–Acceptor units,0,1,test,test_full25,0,solvent-specific Tier-1 GFN2/ddCOSMO optimized state geometry,tier1:redox:M084:S022:q0:m1,,313.15,wB97X-D3,def2-TZVPD,RIJCOSX + def2/J,TightSCF; DEFGRID3,custom_smd,solvent_smd_registry.csv,resolved_authoritative,8,3000,1.74,jhtvs-ft0806-sp-v3,T2_wB97X-D3_def2-TZVPD_SMD_energy_SP_v1,final_energy_Eh;CPCM_Dielectric_Eh;SMD_CDS_Eh;echoed_smd_vector;normal_termination;geometry_hash,planned,SRC_PROJECT_TIER2_CURRENT;SRC_ORCA61_SMD;SRC_HANDOFF_SPEC
SP0644,smd_energy_sp,M084_QP1_M2,S022,S022,RXN_MOX_M084,fixed_geometry_auxiliary_and_reaction_SP,monomer,"4,7-Bis(thiophen-2-yl)-2,1,3-benzothiadiazole (TBT)",Donor–Acceptor units,1,2,test,test_full25,0,solvent-specific Tier-1 GFN2/ddCOSMO optimized state geometry,tier1:redox:M084:S022:q1:m2,,313.15,wB97X-D3,def2-TZVPD,RIJCOSX + def2/J,TightSCF; DEFGRID3,custom_smd,solvent_smd_registry.csv,resolved_authoritative,8,3000,1.74,jhtvs-ft0806-sp-v3,T2_wB97X-D3_def2-TZVPD_SMD_energy_SP_v1,final_energy_Eh;CPCM_Dielectric_Eh;SMD_CDS_Eh;echoed_smd_vector;normal_termination;geometry_hash,planned,SRC_PROJECT_TIER2_CURRENT;SRC_ORCA61_SMD;SRC_HANDOFF_SPEC
SP0645,smd_energy_sp,M096_Q0_M1,S022,S022,RXN_MOX_M096,fixed_geometry_auxiliary_and_reaction_SP,monomer,"4,4-Dihexyl-CPDT",Fused-ring systems,0,1,val,,0,solvent-specific Tier-1 GFN2/ddCOSMO optimized state geometry,tier1:redox:M096:S022:q0:m1,,313.15,wB97X-D3,def2-TZVPD,RIJCOSX + def2/J,TightSCF; DEFGRID3,custom_smd,solvent_smd_registry.csv,resolved_authoritative,8,3000,1.74,jhtvs-ft0806-sp-v3,T2_wB97X-D3_def2-TZVPD_SMD_energy_SP_v1,final_energy_Eh;CPCM_Dielectric_Eh;SMD_CDS_Eh;echoed_smd_vector;normal_termination;geometry_hash,planned,SRC_PROJECT_TIER2_CURRENT;SRC_ORCA61_SMD;SRC_HANDOFF_SPEC
SP0646,smd_energy_sp,M096_QP1_M2,S022,S022,RXN_MOX_M096;RXN_SIG_M096,fixed_geometry_auxiliary_and_reaction_SP,monomer,"4,4-Dihexyl-CPDT",Fused-ring systems,1,2,val,,0,solvent-specific Tier-1 GFN2/ddCOSMO optimized state geometry,tier1:redox:M096:S022:q1:m2,,313.15,wB97X-D3,def2-TZVPD,RIJCOSX + def2/J,TightSCF; DEFGRID3,custom_smd,solvent_smd_registry.csv,resolved_authoritative,8,3000,1.74,jhtvs-ft0806-sp-v3,T2_wB97X-D3_def2-TZVPD_SMD_energy_SP_v1,final_energy_Eh;CPCM_Dielectric_Eh;SMD_CDS_Eh;echoed_smd_vector;normal_termination;geometry_hash,planned,SRC_PROJECT_TIER2_CURRENT;SRC_ORCA61_SMD;SRC_HANDOFF_SPEC
SP0647,smd_energy_sp,S022_Q0_M1,S022,S022,RXN_SOX_S022,fixed_geometry_auxiliary_and_reaction_SP,solvent_oxidation_target,Ethylene carbonate,Cyclic carbonate,0,1,train,self_medium,1,self-medium Tier-1 GFN2/ddCOSMO optimized state geometry,tier1:redox:S022:S022:q0:m1,,313.15,wB97X-D3,def2-TZVPD,RIJCOSX + def2/J,TightSCF; DEFGRID3,custom_smd,solvent_smd_registry.csv,resolved_authoritative,8,3000,1.74,jhtvs-ft0806-sp-v3,T2_wB97X-D3_def2-TZVPD_SMD_energy_SP_v1,final_energy_Eh;CPCM_Dielectric_Eh;SMD_CDS_Eh;echoed_smd_vector;normal_termination;geometry_hash,planned,SRC_PROJECT_TIER2_CURRENT;SRC_ORCA61_SMD;SRC_HANDOFF_SPEC
SP0648,smd_energy_sp,S022_QP1_M2,S022,S022,RXN_SOX_S022,fixed_geometry_auxiliary_and_reaction_SP,solvent_oxidation_target,Ethylene carbonate,Cyclic carbonate,1,2,train,self_medium,1,self-medium Tier-1 GFN2/ddCOSMO optimized state geometry,tier1:redox:S022:S022:q1:m2,,313.15,wB97X-D3,def2-TZVPD,RIJCOSX + def2/J,TightSCF; DEFGRID3,custom_smd,solvent_smd_registry.csv,resolved_authoritative,8,3000,1.74,jhtvs-ft0806-sp-v3,T2_wB97X-D3_def2-TZVPD_SMD_energy_SP_v1,final_energy_Eh;CPCM_Dielectric_Eh;SMD_CDS_Eh;echoed_smd_vector;normal_termination;geometry_hash,planned,SRC_PROJECT_TIER2_CURRENT;SRC_ORCA61_SMD;SRC_HANDOFF_SPEC
SP0649,smd_energy_sp,A002_Q0_M2,S023,S023,RXN_AOX_A002,fixed_geometry_auxiliary_and_reaction_SP,electrolyte_anion,Tetrafluoroborate (BF4−),Lithium; Tetraalkylammonium,0,2,test,test_full25,0,solvent-specific Tier-1 GFN2/ddCOSMO optimized state geometry,tier1:redox:A002:S023:q0:m2,,298.15,wB97X-D3,def2-TZVPD,RIJCOSX + def2/J,TightSCF; DEFGRID3,custom_smd,solvent_smd_registry.csv,resolved_authoritative,8,3000,1.74,jhtvs-ft0806-sp-v3,T2_wB97X-D3_def2-TZVPD_SMD_energy_SP_v1,final_energy_Eh;CPCM_Dielectric_Eh;SMD_CDS_Eh;echoed_smd_vector;normal_termination;geometry_hash,planned,SRC_PROJECT_TIER2_CURRENT;SRC_ORCA61_SMD;SRC_HANDOFF_SPEC
SP0650,smd_energy_sp,A002_QM1_M1,S023,S023,RXN_AOX_A002,fixed_geometry_auxiliary_and_reaction_SP,electrolyte_anion,Tetrafluoroborate (BF4−),Lithium; Tetraalkylammonium,-1,1,test,test_full25,0,solvent-specific Tier-1 GFN2/ddCOSMO optimized state geometry,tier1:redox:A002:S023:q-1:m1,,298.15,wB97X-D3,def2-TZVPD,RIJCOSX + def2/J,TightSCF; DEFGRID3,custom_smd,solvent_smd_registry.csv,resolved_authoritative,8,3000,1.74,jhtvs-ft0806-sp-v3,T2_wB97X-D3_def2-TZVPD_SMD_energy_SP_v1,final_energy_Eh;CPCM_Dielectric_Eh;SMD_CDS_Eh;echoed_smd_vector;normal_termination;geometry_hash,planned,SRC_PROJECT_TIER2_CURRENT;SRC_ORCA61_SMD;SRC_HANDOFF_SPEC
SP0651,smd_energy_sp,A003_Q0_M2,S023,S023,RXN_AOX_A003,fixed_geometry_auxiliary_and_reaction_SP,electrolyte_anion,Perchlorate (ClO4−),Acid; Lithium; Silver; Sodium; Tetraalkylammonium,0,2,train,,1,solvent-specific Tier-1 GFN2/ddCOSMO optimized state geometry,tier1:redox:A003:S023:q0:m2,,298.15,wB97X-D3,def2-TZVPD,RIJCOSX + def2/J,TightSCF; DEFGRID3,custom_smd,solvent_smd_registry.csv,resolved_authoritative,8,3000,1.74,jhtvs-ft0806-sp-v3,T2_wB97X-D3_def2-TZVPD_SMD_energy_SP_v1,final_energy_Eh;CPCM_Dielectric_Eh;SMD_CDS_Eh;echoed_smd_vector;normal_termination;geometry_hash,planned,SRC_PROJECT_TIER2_CURRENT;SRC_ORCA61_SMD;SRC_HANDOFF_SPEC
SP0652,smd_energy_sp,A003_QM1_M1,S023,S023,RXN_AOX_A003,fixed_geometry_auxiliary_and_reaction_SP,electrolyte_anion,Perchlorate (ClO4−),Acid; Lithium; Silver; Sodium; Tetraalkylammonium,-1,1,train,,1,solvent-specific Tier-1 GFN2/ddCOSMO optimized state geometry,tier1:redox:A003:S023:q-1:m1,,298.15,wB97X-D3,def2-TZVPD,RIJCOSX + def2/J,TightSCF; DEFGRID3,custom_smd,solvent_smd_registry.csv,resolved_authoritative,8,3000,1.74,jhtvs-ft0806-sp-v3,T2_wB97X-D3_def2-TZVPD_SMD_energy_SP_v1,final_energy_Eh;CPCM_Dielectric_Eh;SMD_CDS_Eh;echoed_smd_vector;normal_termination;geometry_hash,planned,SRC_PROJECT_TIER2_CURRENT;SRC_ORCA61_SMD;SRC_HANDOFF_SPEC
SP0653,smd_energy_sp,A005_Q0_M2,S023,S023,RXN_AOX_A005,fixed_geometry_auxiliary_and_reaction_SP,electrolyte_anion,Bis(trifluoromethanesulfonyl)imide (TFSI−),Lithium; Tetraalkylammonium,0,2,train,train_full25,1,solvent-specific Tier-1 GFN2/ddCOSMO optimized state geometry,tier1:redox:A005:S023:q0:m2,,298.15,wB97X-D3,def2-TZVPD,RIJCOSX + def2/J,TightSCF; DEFGRID3,custom_smd,solvent_smd_registry.csv,resolved_authoritative,8,3000,1.74,jhtvs-ft0806-sp-v3,T2_wB97X-D3_def2-TZVPD_SMD_energy_SP_v1,final_energy_Eh;CPCM_Dielectric_Eh;SMD_CDS_Eh;echoed_smd_vector;normal_termination;geometry_hash,planned,SRC_PROJECT_TIER2_CURRENT;SRC_ORCA61_SMD;SRC_HANDOFF_SPEC
SP0654,smd_energy_sp,A005_QM1_M1,S023,S023,RXN_AOX_A005,fixed_geometry_auxiliary_and_reaction_SP,electrolyte_anion,Bis(trifluoromethanesulfonyl)imide (TFSI−),Lithium; Tetraalkylammonium,-1,1,train,train_full25,1,solvent-specific Tier-1 GFN2/ddCOSMO optimized state geometry,tier1:redox:A005:S023:q-1:m1,,298.15,wB97X-D3,def2-TZVPD,RIJCOSX + def2/J,TightSCF; DEFGRID3,custom_smd,solvent_smd_registry.csv,resolved_authoritative,8,3000,1.74,jhtvs-ft0806-sp-v3,T2_wB97X-D3_def2-TZVPD_SMD_energy_SP_v1,final_energy_Eh;CPCM_Dielectric_Eh;SMD_CDS_Eh;echoed_smd_vector;normal_termination;geometry_hash,planned,SRC_PROJECT_TIER2_CURRENT;SRC_ORCA61_SMD;SRC_HANDOFF_SPEC
SP0655,smd_energy_sp,A009_Q0_M2,S023,S023,RXN_AOX_A009,fixed_geometry_auxiliary_and_reaction_SP,electrolyte_anion,"4-Methylbenzenesulfonate (tosylate, pTS−)",Organic acid,0,2,train,,1,solvent-specific Tier-1 GFN2/ddCOSMO optimized state geometry,tier1:redox:A009:S023:q0:m2,,298.15,wB97X-D3,def2-TZVPD,RIJCOSX + def2/J,TightSCF; DEFGRID3,custom_smd,solvent_smd_registry.csv,resolved_authoritative,8,3000,1.74,jhtvs-ft0806-sp-v3,T2_wB97X-D3_def2-TZVPD_SMD_energy_SP_v1,final_energy_Eh;CPCM_Dielectric_Eh;SMD_CDS_Eh;echoed_smd_vector;normal_termination;geometry_hash,planned,SRC_PROJECT_TIER2_CURRENT;SRC_ORCA61_SMD;SRC_HANDOFF_SPEC
SP0656,smd_energy_sp,A009_QM1_M1,S023,S023,RXN_AOX_A009,fixed_geometry_auxiliary_and_reaction_SP,electrolyte_anion,"4-Methylbenzenesulfonate (tosylate, pTS−)",Organic acid,-1,1,train,,1,solvent-specific Tier-1 GFN2/ddCOSMO optimized state geometry,tier1:redox:A009:S023:q-1:m1,,298.15,wB97X-D3,def2-TZVPD,RIJCOSX + def2/J,TightSCF; DEFGRID3,custom_smd,solvent_smd_registry.csv,resolved_authoritative,8,3000,1.74,jhtvs-ft0806-sp-v3,T2_wB97X-D3_def2-TZVPD_SMD_energy_SP_v1,final_energy_Eh;CPCM_Dielectric_Eh;SMD_CDS_Eh;echoed_smd_vector;normal_termination;geometry_hash,planned,SRC_PROJECT_TIER2_CURRENT;SRC_ORCA61_SMD;SRC_HANDOFF_SPEC
SP0657,smd_energy_sp,D022_QP2_M1,S023,S023,RXN_SIG_M022,fixed_geometry_auxiliary_and_reaction_SP,sigma_complex_dication,"3,4-Ethylenedioxythiophene (EDOT) sigma-complex dication",Thiophenes,2,1,train,train_full25,1,deterministic sigma construction then solvent-specific GFN2/ddCOSMO preoptimization with connectivity QC,surrogate:sigma_preopt:D022:S023:q2:m1,,298.15,wB97X-D3,def2-TZVPD,RIJCOSX + def2/J,TightSCF; DEFGRID3,custom_smd,solvent_smd_registry.csv,resolved_authoritative,8,3000,4.22,jhtvs-ft0806-sp-v3,T2_wB97X-D3_def2-TZVPD_SMD_energy_SP_v1,final_energy_Eh;CPCM_Dielectric_Eh;SMD_CDS_Eh;echoed_smd_vector;normal_termination;geometry_hash,planned,SRC_PROJECT_TIER2_CURRENT;SRC_ORCA61_SMD;SRC_HANDOFF_SPEC
SP0658,smd_energy_sp,D024_QP2_M1,S023,S023,RXN_SIG_M024,fixed_geometry_auxiliary_and_reaction_SP,sigma_complex_dication,"2,2′-Bithiophene sigma-complex dication",Thiophenes,2,1,train,,1,deterministic sigma construction then solvent-specific GFN2/ddCOSMO preoptimization with connectivity QC,surrogate:sigma_preopt:D024:S023:q2:m1,,298.15,wB97X-D3,def2-TZVPD,RIJCOSX + def2/J,TightSCF; DEFGRID3,custom_smd,solvent_smd_registry.csv,resolved_authoritative,8,3000,4.22,jhtvs-ft0806-sp-v3,T2_wB97X-D3_def2-TZVPD_SMD_energy_SP_v1,final_energy_Eh;CPCM_Dielectric_Eh;SMD_CDS_Eh;echoed_smd_vector;normal_termination;geometry_hash,planned,SRC_PROJECT_TIER2_CURRENT;SRC_ORCA61_SMD;SRC_HANDOFF_SPEC
SP0659,smd_energy_sp,D027_QP2_M1,S023,S023,RXN_SIG_M027,fixed_geometry_auxiliary_and_reaction_SP,sigma_complex_dication,N-Methylpyrrole sigma-complex dication,Pyrroles,2,1,test,test_full25,0,deterministic sigma construction then solvent-specific GFN2/ddCOSMO preoptimization with connectivity QC,surrogate:sigma_preopt:D027:S023:q2:m1,,298.15,wB97X-D3,def2-TZVPD,RIJCOSX + def2/J,TightSCF; DEFGRID3,custom_smd,solvent_smd_registry.csv,resolved_authoritative,8,3000,4.22,jhtvs-ft0806-sp-v3,T2_wB97X-D3_def2-TZVPD_SMD_energy_SP_v1,final_energy_Eh;CPCM_Dielectric_Eh;SMD_CDS_Eh;echoed_smd_vector;normal_termination;geometry_hash,planned,SRC_PROJECT_TIER2_CURRENT;SRC_ORCA61_SMD;SRC_HANDOFF_SPEC
SP0660,smd_energy_sp,D042_QP2_M1,S023,S023,RXN_SIG_M042,fixed_geometry_auxiliary_and_reaction_SP,sigma_complex_dication,3-Octylfuran sigma-complex dication,Furans,2,1,train,,1,deterministic sigma construction then solvent-specific GFN2/ddCOSMO preoptimization with connectivity QC,surrogate:sigma_preopt:D042:S023:q2:m1,,298.15,wB97X-D3,def2-TZVPD,RIJCOSX + def2/J,TightSCF; DEFGRID3,custom_smd,solvent_smd_registry.csv,resolved_authoritative,8,3000,4.22,jhtvs-ft0806-sp-v3,T2_wB97X-D3_def2-TZVPD_SMD_energy_SP_v1,final_energy_Eh;CPCM_Dielectric_Eh;SMD_CDS_Eh;echoed_smd_vector;normal_termination;geometry_hash,planned,SRC_PROJECT_TIER2_CURRENT;SRC_ORCA61_SMD;SRC_HANDOFF_SPEC
SP0661,smd_energy_sp,D060_QP2_M1,S023,S023,RXN_SIG_M060,fixed_geometry_auxiliary_and_reaction_SP,sigma_complex_dication,Aniline sigma-complex dication,Anilines,2,1,train,,1,deterministic sigma construction then solvent-specific GFN2/ddCOSMO preoptimization with connectivity QC,surrogate:sigma_preopt:D060:S023:q2:m1,,298.15,wB97X-D3,def2-TZVPD,RIJCOSX + def2/J,TightSCF; DEFGRID3,custom_smd,solvent_smd_registry.csv,resolved_authoritative,8,3000,4.22,jhtvs-ft0806-sp-v3,T2_wB97X-D3_def2-TZVPD_SMD_energy_SP_v1,final_energy_Eh;CPCM_Dielectric_Eh;SMD_CDS_Eh;echoed_smd_vector;normal_termination;geometry_hash,planned,SRC_PROJECT_TIER2_CURRENT;SRC_ORCA61_SMD;SRC_HANDOFF_SPEC
SP0662,smd_energy_sp,D078_QP2_M1,S023,S023,RXN_SIG_M078,fixed_geometry_auxiliary_and_reaction_SP,sigma_complex_dication,"9,9-Dimethylfluorene sigma-complex dication",Fluorenes,2,1,val,,0,deterministic sigma construction then solvent-specific GFN2/ddCOSMO preoptimization with connectivity QC,surrogate:sigma_preopt:D078:S023:q2:m1,,298.15,wB97X-D3,def2-TZVPD,RIJCOSX + def2/J,TightSCF; DEFGRID3,custom_smd,solvent_smd_registry.csv,resolved_authoritative,8,3000,4.22,jhtvs-ft0806-sp-v3,T2_wB97X-D3_def2-TZVPD_SMD_energy_SP_v1,final_energy_Eh;CPCM_Dielectric_Eh;SMD_CDS_Eh;echoed_smd_vector;normal_termination;geometry_hash,planned,SRC_PROJECT_TIER2_CURRENT;SRC_ORCA61_SMD;SRC_HANDOFF_SPEC
SP0663,smd_energy_sp,M022_Q0_M1,S023,S023,RXN_MOX_M022,fixed_geometry_auxiliary_and_reaction_SP,monomer,"3,4-Ethylenedioxythiophene (EDOT)",Thiophenes,0,1,train,train_full25,1,solvent-specific Tier-1 GFN2/ddCOSMO optimized state geometry,tier1:redox:M022:S023:q0:m1,,298.15,wB97X-D3,def2-TZVPD,RIJCOSX + def2/J,TightSCF; DEFGRID3,custom_smd,solvent_smd_registry.csv,resolved_authoritative,8,3000,1.74,jhtvs-ft0806-sp-v3,T2_wB97X-D3_def2-TZVPD_SMD_energy_SP_v1,final_energy_Eh;CPCM_Dielectric_Eh;SMD_CDS_Eh;echoed_smd_vector;normal_termination;geometry_hash,planned,SRC_PROJECT_TIER2_CURRENT;SRC_ORCA61_SMD;SRC_HANDOFF_SPEC
SP0664,smd_energy_sp,M022_QP1_M2,S023,S023,RXN_MOX_M022;RXN_SIG_M022,fixed_geometry_auxiliary_and_reaction_SP,monomer,"3,4-Ethylenedioxythiophene (EDOT)",Thiophenes,1,2,train,train_full25,1,solvent-specific Tier-1 GFN2/ddCOSMO optimized state geometry,tier1:redox:M022:S023:q1:m2,,298.15,wB97X-D3,def2-TZVPD,RIJCOSX + def2/J,TightSCF; DEFGRID3,custom_smd,solvent_smd_registry.csv,resolved_authoritative,8,3000,1.74,jhtvs-ft0806-sp-v3,T2_wB97X-D3_def2-TZVPD_SMD_energy_SP_v1,final_energy_Eh;CPCM_Dielectric_Eh;SMD_CDS_Eh;echoed_smd_vector;normal_termination;geometry_hash,planned,SRC_PROJECT_TIER2_CURRENT;SRC_ORCA61_SMD;SRC_HANDOFF_SPEC
SP0665,smd_energy_sp,M024_Q0_M1,S023,S023,RXN_MOX_M024,fixed_geometry_auxiliary_and_reaction_SP,monomer,"2,2′-Bithiophene",Thiophenes,0,1,train,,1,solvent-specific Tier-1 GFN2/ddCOSMO optimized state geometry,tier1:redox:M024:S023:q0:m1,,298.15,wB97X-D3,def2-TZVPD,RIJCOSX + def2/J,TightSCF; DEFGRID3,custom_smd,solvent_smd_registry.csv,resolved_authoritative,8,3000,1.74,jhtvs-ft0806-sp-v3,T2_wB97X-D3_def2-TZVPD_SMD_energy_SP_v1,final_energy_Eh;CPCM_Dielectric_Eh;SMD_CDS_Eh;echoed_smd_vector;normal_termination;geometry_hash,planned,SRC_PROJECT_TIER2_CURRENT;SRC_ORCA61_SMD;SRC_HANDOFF_SPEC
SP0666,smd_energy_sp,M024_QP1_M2,S023,S023,RXN_MOX_M024;RXN_SIG_M024,fixed_geometry_auxiliary_and_reaction_SP,monomer,"2,2′-Bithiophene",Thiophenes,1,2,train,,1,solvent-specific Tier-1 GFN2/ddCOSMO optimized state geometry,tier1:redox:M024:S023:q1:m2,,298.15,wB97X-D3,def2-TZVPD,RIJCOSX + def2/J,TightSCF; DEFGRID3,custom_smd,solvent_smd_registry.csv,resolved_authoritative,8,3000,1.74,jhtvs-ft0806-sp-v3,T2_wB97X-D3_def2-TZVPD_SMD_energy_SP_v1,final_energy_Eh;CPCM_Dielectric_Eh;SMD_CDS_Eh;echoed_smd_vector;normal_termination;geometry_hash,planned,SRC_PROJECT_TIER2_CURRENT;SRC_ORCA61_SMD;SRC_HANDOFF_SPEC
SP0667,smd_energy_sp,M027_QP1_M2,S023,S023,RXN_SIG_M027,fixed_geometry_auxiliary_and_reaction_SP,monomer,N-Methylpyrrole,Pyrroles,1,2,test,test_full25,0,solvent-specific Tier-1 GFN2/ddCOSMO optimized state geometry,tier1:redox:M027:S023:q1:m2,,298.15,wB97X-D3,def2-TZVPD,RIJCOSX + def2/J,TightSCF; DEFGRID3,custom_smd,solvent_smd_registry.csv,resolved_authoritative,8,3000,1.74,jhtvs-ft0806-sp-v3,T2_wB97X-D3_def2-TZVPD_SMD_energy_SP_v1,final_energy_Eh;CPCM_Dielectric_Eh;SMD_CDS_Eh;echoed_smd_vector;normal_termination;geometry_hash,planned,SRC_PROJECT_TIER2_CURRENT;SRC_ORCA61_SMD;SRC_HANDOFF_SPEC
SP0668,smd_energy_sp,M042_Q0_M1,S023,S023,RXN_MOX_M042,fixed_geometry_auxiliary_and_reaction_SP,monomer,3-Octylfuran,Furans,0,1,train,,1,solvent-specific Tier-1 GFN2/ddCOSMO optimized state geometry,tier1:redox:M042:S023:q0:m1,,298.15,wB97X-D3,def2-TZVPD,RIJCOSX + def2/J,TightSCF; DEFGRID3,custom_smd,solvent_smd_registry.csv,resolved_authoritative,8,3000,1.74,jhtvs-ft0806-sp-v3,T2_wB97X-D3_def2-TZVPD_SMD_energy_SP_v1,final_energy_Eh;CPCM_Dielectric_Eh;SMD_CDS_Eh;echoed_smd_vector;normal_termination;geometry_hash,planned,SRC_PROJECT_TIER2_CURRENT;SRC_ORCA61_SMD;SRC_HANDOFF_SPEC
SP0669,smd_energy_sp,M042_QP1_M2,S023,S023,RXN_MOX_M042;RXN_SIG_M042,fixed_geometry_auxiliary_and_reaction_SP,monomer,3-Octylfuran,Furans,1,2,train,,1,solvent-specific Tier-1 GFN2/ddCOSMO optimized state geometry,tier1:redox:M042:S023:q1:m2,,298.15,wB97X-D3,def2-TZVPD,RIJCOSX + def2/J,TightSCF; DEFGRID3,custom_smd,solvent_smd_registry.csv,resolved_authoritative,8,3000,1.74,jhtvs-ft0806-sp-v3,T2_wB97X-D3_def2-TZVPD_SMD_energy_SP_v1,final_energy_Eh;CPCM_Dielectric_Eh;SMD_CDS_Eh;echoed_smd_vector;normal_termination;geometry_hash,planned,SRC_PROJECT_TIER2_CURRENT;SRC_ORCA61_SMD;SRC_HANDOFF_SPEC
SP0670,smd_energy_sp,M060_Q0_M1,S023,S023,RXN_MOX_M060,fixed_geometry_auxiliary_and_reaction_SP,monomer,Aniline,Anilines,0,1,train,,1,solvent-specific Tier-1 GFN2/ddCOSMO optimized state geometry,tier1:redox:M060:S023:q0:m1,,298.15,wB97X-D3,def2-TZVPD,RIJCOSX + def2/J,TightSCF; DEFGRID3,custom_smd,solvent_smd_registry.csv,resolved_authoritative,8,3000,1.74,jhtvs-ft0806-sp-v3,T2_wB97X-D3_def2-TZVPD_SMD_energy_SP_v1,final_energy_Eh;CPCM_Dielectric_Eh;SMD_CDS_Eh;echoed_smd_vector;normal_termination;geometry_hash,planned,SRC_PROJECT_TIER2_CURRENT;SRC_ORCA61_SMD;SRC_HANDOFF_SPEC
SP0671,smd_energy_sp,M060_QP1_M2,S023,S023,RXN_MOX_M060;RXN_SIG_M060,fixed_geometry_auxiliary_and_reaction_SP,monomer,Aniline,Anilines,1,2,train,,1,solvent-specific Tier-1 GFN2/ddCOSMO optimized state geometry,tier1:redox:M060:S023:q1:m2,,298.15,wB97X-D3,def2-TZVPD,RIJCOSX + def2/J,TightSCF; DEFGRID3,custom_smd,solvent_smd_registry.csv,resolved_authoritative,8,3000,1.74,jhtvs-ft0806-sp-v3,T2_wB97X-D3_def2-TZVPD_SMD_energy_SP_v1,final_energy_Eh;CPCM_Dielectric_Eh;SMD_CDS_Eh;echoed_smd_vector;normal_termination;geometry_hash,planned,SRC_PROJECT_TIER2_CURRENT;SRC_ORCA61_SMD;SRC_HANDOFF_SPEC
SP0672,smd_energy_sp,M078_Q0_M1,S023,S023,RXN_MOX_M078,fixed_geometry_auxiliary_and_reaction_SP,monomer,"9,9-Dimethylfluorene",Fluorenes,0,1,val,,0,solvent-specific Tier-1 GFN2/ddCOSMO optimized state geometry,tier1:redox:M078:S023:q0:m1,,298.15,wB97X-D3,def2-TZVPD,RIJCOSX + def2/J,TightSCF; DEFGRID3,custom_smd,solvent_smd_registry.csv,resolved_authoritative,8,3000,1.74,jhtvs-ft0806-sp-v3,T2_wB97X-D3_def2-TZVPD_SMD_energy_SP_v1,final_energy_Eh;CPCM_Dielectric_Eh;SMD_CDS_Eh;echoed_smd_vector;normal_termination;geometry_hash,planned,SRC_PROJECT_TIER2_CURRENT;SRC_ORCA61_SMD;SRC_HANDOFF_SPEC
SP0673,smd_energy_sp,M078_QP1_M2,S023,S023,RXN_MOX_M078;RXN_SIG_M078,fixed_geometry_auxiliary_and_reaction_SP,monomer,"9,9-Dimethylfluorene",Fluorenes,1,2,val,,0,solvent-specific Tier-1 GFN2/ddCOSMO optimized state geometry,tier1:redox:M078:S023:q1:m2,,298.15,wB97X-D3,def2-TZVPD,RIJCOSX + def2/J,TightSCF; DEFGRID3,custom_smd,solvent_smd_registry.csv,resolved_authoritative,8,3000,1.74,jhtvs-ft0806-sp-v3,T2_wB97X-D3_def2-TZVPD_SMD_energy_SP_v1,final_energy_Eh;CPCM_Dielectric_Eh;SMD_CDS_Eh;echoed_smd_vector;normal_termination;geometry_hash,planned,SRC_PROJECT_TIER2_CURRENT;SRC_ORCA61_SMD;SRC_HANDOFF_SPEC
SP0674,smd_energy_sp,M084_Q0_M1,S023,S023,RXN_MOX_M084,fixed_geometry_auxiliary_and_reaction_SP,monomer,"4,7-Bis(thiophen-2-yl)-2,1,3-benzothiadiazole (TBT)",Donor–Acceptor units,0,1,test,test_full25,0,solvent-specific Tier-1 GFN2/ddCOSMO optimized state geometry,tier1:redox:M084:S023:q0:m1,,298.15,wB97X-D3,def2-TZVPD,RIJCOSX + def2/J,TightSCF; DEFGRID3,custom_smd,solvent_smd_registry.csv,resolved_authoritative,8,3000,1.74,jhtvs-ft0806-sp-v3,T2_wB97X-D3_def2-TZVPD_SMD_energy_SP_v1,final_energy_Eh;CPCM_Dielectric_Eh;SMD_CDS_Eh;echoed_smd_vector;normal_termination;geometry_hash,planned,SRC_PROJECT_TIER2_CURRENT;SRC_ORCA61_SMD;SRC_HANDOFF_SPEC
SP0675,smd_energy_sp,M084_QP1_M2,S023,S023,RXN_MOX_M084,fixed_geometry_auxiliary_and_reaction_SP,monomer,"4,7-Bis(thiophen-2-yl)-2,1,3-benzothiadiazole (TBT)",Donor–Acceptor units,1,2,test,test_full25,0,solvent-specific Tier-1 GFN2/ddCOSMO optimized state geometry,tier1:redox:M084:S023:q1:m2,,298.15,wB97X-D3,def2-TZVPD,RIJCOSX + def2/J,TightSCF; DEFGRID3,custom_smd,solvent_smd_registry.csv,resolved_authoritative,8,3000,1.74,jhtvs-ft0806-sp-v3,T2_wB97X-D3_def2-TZVPD_SMD_energy_SP_v1,final_energy_Eh;CPCM_Dielectric_Eh;SMD_CDS_Eh;echoed_smd_vector;normal_termination;geometry_hash,planned,SRC_PROJECT_TIER2_CURRENT;SRC_ORCA61_SMD;SRC_HANDOFF_SPEC
SP0676,smd_energy_sp,S023_Q0_M1,S023,S023,RXN_SOX_S023,fixed_geometry_auxiliary_and_reaction_SP,solvent_oxidation_target,Dimethyl carbonate,Linear carbonate,0,1,train,self_medium,1,self-medium Tier-1 GFN2/ddCOSMO optimized state geometry,tier1:redox:S023:S023:q0:m1,,298.15,wB97X-D3,def2-TZVPD,RIJCOSX + def2/J,TightSCF; DEFGRID3,custom_smd,solvent_smd_registry.csv,resolved_authoritative,8,3000,1.74,jhtvs-ft0806-sp-v3,T2_wB97X-D3_def2-TZVPD_SMD_energy_SP_v1,final_energy_Eh;CPCM_Dielectric_Eh;SMD_CDS_Eh;echoed_smd_vector;normal_termination;geometry_hash,planned,SRC_PROJECT_TIER2_CURRENT;SRC_ORCA61_SMD;SRC_HANDOFF_SPEC
SP0677,smd_energy_sp,S023_QP1_M2,S023,S023,RXN_SOX_S023,fixed_geometry_auxiliary_and_reaction_SP,solvent_oxidation_target,Dimethyl carbonate,Linear carbonate,1,2,train,self_medium,1,self-medium Tier-1 GFN2/ddCOSMO optimized state geometry,tier1:redox:S023:S023:q1:m2,,298.15,wB97X-D3,def2-TZVPD,RIJCOSX + def2/J,TightSCF; DEFGRID3,custom_smd,solvent_smd_registry.csv,resolved_authoritative,8,3000,1.74,jhtvs-ft0806-sp-v3,T2_wB97X-D3_def2-TZVPD_SMD_energy_SP_v1,final_energy_Eh;CPCM_Dielectric_Eh;SMD_CDS_Eh;echoed_smd_vector;normal_termination;geometry_hash,planned,SRC_PROJECT_TIER2_CURRENT;SRC_ORCA61_SMD;SRC_HANDOFF_SPEC
SP0678,smd_energy_sp,A002_Q0_M2,S024,S024,RXN_AOX_A002,fixed_geometry_auxiliary_and_reaction_SP,electrolyte_anion,Tetrafluoroborate (BF4−),Lithium; Tetraalkylammonium,0,2,test,test_full25,0,solvent-specific Tier-1 GFN2/ddCOSMO optimized state geometry,tier1:redox:A002:S024:q0:m2,,298.15,wB97X-D3,def2-TZVPD,RIJCOSX + def2/J,TightSCF; DEFGRID3,native_orca_smd,solvent_smd_registry.csv,resolved_authoritative,8,3000,1.74,jhtvs-ft0806-sp-v3,T2_wB97X-D3_def2-TZVPD_SMD_energy_SP_v1,final_energy_Eh;CPCM_Dielectric_Eh;SMD_CDS_Eh;echoed_smd_vector;normal_termination;geometry_hash,planned,SRC_PROJECT_TIER2_CURRENT;SRC_ORCA61_SMD;SRC_HANDOFF_SPEC
SP0679,smd_energy_sp,A002_QM1_M1,S024,S024,RXN_AOX_A002,fixed_geometry_auxiliary_and_reaction_SP,electrolyte_anion,Tetrafluoroborate (BF4−),Lithium; Tetraalkylammonium,-1,1,test,test_full25,0,solvent-specific Tier-1 GFN2/ddCOSMO optimized state geometry,tier1:redox:A002:S024:q-1:m1,,298.15,wB97X-D3,def2-TZVPD,RIJCOSX + def2/J,TightSCF; DEFGRID3,native_orca_smd,solvent_smd_registry.csv,resolved_authoritative,8,3000,1.74,jhtvs-ft0806-sp-v3,T2_wB97X-D3_def2-TZVPD_SMD_energy_SP_v1,final_energy_Eh;CPCM_Dielectric_Eh;SMD_CDS_Eh;echoed_smd_vector;normal_termination;geometry_hash,planned,SRC_PROJECT_TIER2_CURRENT;SRC_ORCA61_SMD;SRC_HANDOFF_SPEC
SP0680,smd_energy_sp,A004_Q0_M2,S024,S024,RXN_AOX_A004,fixed_geometry_auxiliary_and_reaction_SP,electrolyte_anion,Trifluoromethanesulfonate (OTf−),Tetraalkylammonium,0,2,test,,0,solvent-specific Tier-1 GFN2/ddCOSMO optimized state geometry,tier1:redox:A004:S024:q0:m2,,298.15,wB97X-D3,def2-TZVPD,RIJCOSX + def2/J,TightSCF; DEFGRID3,native_orca_smd,solvent_smd_registry.csv,resolved_authoritative,8,3000,1.74,jhtvs-ft0806-sp-v3,T2_wB97X-D3_def2-TZVPD_SMD_energy_SP_v1,final_energy_Eh;CPCM_Dielectric_Eh;SMD_CDS_Eh;echoed_smd_vector;normal_termination;geometry_hash,planned,SRC_PROJECT_TIER2_CURRENT;SRC_ORCA61_SMD;SRC_HANDOFF_SPEC
SP0681,smd_energy_sp,A004_QM1_M1,S024,S024,RXN_AOX_A004,fixed_geometry_auxiliary_and_reaction_SP,electrolyte_anion,Trifluoromethanesulfonate (OTf−),Tetraalkylammonium,-1,1,test,,0,solvent-specific Tier-1 GFN2/ddCOSMO optimized state geometry,tier1:redox:A004:S024:q-1:m1,,298.15,wB97X-D3,def2-TZVPD,RIJCOSX + def2/J,TightSCF; DEFGRID3,native_orca_smd,solvent_smd_registry.csv,resolved_authoritative,8,3000,1.74,jhtvs-ft0806-sp-v3,T2_wB97X-D3_def2-TZVPD_SMD_energy_SP_v1,final_energy_Eh;CPCM_Dielectric_Eh;SMD_CDS_Eh;echoed_smd_vector;normal_termination;geometry_hash,planned,SRC_PROJECT_TIER2_CURRENT;SRC_ORCA61_SMD;SRC_HANDOFF_SPEC
SP0682,smd_energy_sp,A005_Q0_M2,S024,S024,RXN_AOX_A005,fixed_geometry_auxiliary_and_reaction_SP,electrolyte_anion,Bis(trifluoromethanesulfonyl)imide (TFSI−),Lithium; Tetraalkylammonium,0,2,train,train_full25,1,solvent-specific Tier-1 GFN2/ddCOSMO optimized state geometry,tier1:redox:A005:S024:q0:m2,,298.15,wB97X-D3,def2-TZVPD,RIJCOSX + def2/J,TightSCF; DEFGRID3,native_orca_smd,solvent_smd_registry.csv,resolved_authoritative,8,3000,1.74,jhtvs-ft0806-sp-v3,T2_wB97X-D3_def2-TZVPD_SMD_energy_SP_v1,final_energy_Eh;CPCM_Dielectric_Eh;SMD_CDS_Eh;echoed_smd_vector;normal_termination;geometry_hash,planned,SRC_PROJECT_TIER2_CURRENT;SRC_ORCA61_SMD;SRC_HANDOFF_SPEC
SP0683,smd_energy_sp,A005_QM1_M1,S024,S024,RXN_AOX_A005,fixed_geometry_auxiliary_and_reaction_SP,electrolyte_anion,Bis(trifluoromethanesulfonyl)imide (TFSI−),Lithium; Tetraalkylammonium,-1,1,train,train_full25,1,solvent-specific Tier-1 GFN2/ddCOSMO optimized state geometry,tier1:redox:A005:S024:q-1:m1,,298.15,wB97X-D3,def2-TZVPD,RIJCOSX + def2/J,TightSCF; DEFGRID3,native_orca_smd,solvent_smd_registry.csv,resolved_authoritative,8,3000,1.74,jhtvs-ft0806-sp-v3,T2_wB97X-D3_def2-TZVPD_SMD_energy_SP_v1,final_energy_Eh;CPCM_Dielectric_Eh;SMD_CDS_Eh;echoed_smd_vector;normal_termination;geometry_hash,planned,SRC_PROJECT_TIER2_CURRENT;SRC_ORCA61_SMD;SRC_HANDOFF_SPEC
SP0684,smd_energy_sp,A010_Q0_M2,S024,S024,RXN_AOX_A010,fixed_geometry_auxiliary_and_reaction_SP,electrolyte_anion,Camphor-10-sulfonate (CSA−),Organic acid,0,2,train,,1,solvent-specific Tier-1 GFN2/ddCOSMO optimized state geometry,tier1:redox:A010:S024:q0:m2,,298.15,wB97X-D3,def2-TZVPD,RIJCOSX + def2/J,TightSCF; DEFGRID3,native_orca_smd,solvent_smd_registry.csv,resolved_authoritative,8,3000,1.74,jhtvs-ft0806-sp-v3,T2_wB97X-D3_def2-TZVPD_SMD_energy_SP_v1,final_energy_Eh;CPCM_Dielectric_Eh;SMD_CDS_Eh;echoed_smd_vector;normal_termination;geometry_hash,planned,SRC_PROJECT_TIER2_CURRENT;SRC_ORCA61_SMD;SRC_HANDOFF_SPEC
SP0685,smd_energy_sp,A010_QM1_M1,S024,S024,RXN_AOX_A010,fixed_geometry_auxiliary_and_reaction_SP,electrolyte_anion,Camphor-10-sulfonate (CSA−),Organic acid,-1,1,train,,1,solvent-specific Tier-1 GFN2/ddCOSMO optimized state geometry,tier1:redox:A010:S024:q-1:m1,,298.15,wB97X-D3,def2-TZVPD,RIJCOSX + def2/J,TightSCF; DEFGRID3,native_orca_smd,solvent_smd_registry.csv,resolved_authoritative,8,3000,1.74,jhtvs-ft0806-sp-v3,T2_wB97X-D3_def2-TZVPD_SMD_energy_SP_v1,final_energy_Eh;CPCM_Dielectric_Eh;SMD_CDS_Eh;echoed_smd_vector;normal_termination;geometry_hash,planned,SRC_PROJECT_TIER2_CURRENT;SRC_ORCA61_SMD;SRC_HANDOFF_SPEC
SP0686,smd_energy_sp,D007_QP2_M1,S024,S024,RXN_SIG_M007,fixed_geometry_auxiliary_and_reaction_SP,sigma_complex_dication,3-Octylthiophene sigma-complex dication,Thiophenes,2,1,test,,0,deterministic sigma construction then solvent-specific GFN2/ddCOSMO preoptimization with connectivity QC,surrogate:sigma_preopt:D007:S024:q2:m1,,298.15,wB97X-D3,def2-TZVPD,RIJCOSX + def2/J,TightSCF; DEFGRID3,native_orca_smd,solvent_smd_registry.csv,resolved_authoritative,8,3000,4.22,jhtvs-ft0806-sp-v3,T2_wB97X-D3_def2-TZVPD_SMD_energy_SP_v1,final_energy_Eh;CPCM_Dielectric_Eh;SMD_CDS_Eh;echoed_smd_vector;normal_termination;geometry_hash,planned,SRC_PROJECT_TIER2_CURRENT;SRC_ORCA61_SMD;SRC_HANDOFF_SPEC
SP0687,smd_energy_sp,D022_QP2_M1,S024,S024,RXN_SIG_M022,fixed_geometry_auxiliary_and_reaction_SP,sigma_complex_dication,"3,4-Ethylenedioxythiophene (EDOT) sigma-complex dication",Thiophenes,2,1,train,train_full25,1,deterministic sigma construction then solvent-specific GFN2/ddCOSMO preoptimization with connectivity QC,surrogate:sigma_preopt:D022:S024:q2:m1,,298.15,wB97X-D3,def2-TZVPD,RIJCOSX + def2/J,TightSCF; DEFGRID3,native_orca_smd,solvent_smd_registry.csv,resolved_authoritative,8,3000,4.22,jhtvs-ft0806-sp-v3,T2_wB97X-D3_def2-TZVPD_SMD_energy_SP_v1,final_energy_Eh;CPCM_Dielectric_Eh;SMD_CDS_Eh;echoed_smd_vector;normal_termination;geometry_hash,planned,SRC_PROJECT_TIER2_CURRENT;SRC_ORCA61_SMD;SRC_HANDOFF_SPEC
SP0688,smd_energy_sp,D026_QP2_M1,S024,S024,RXN_SIG_M026,fixed_geometry_auxiliary_and_reaction_SP,sigma_complex_dication,Pyrrole sigma-complex dication,Pyrroles,2,1,train,,1,deterministic sigma construction then solvent-specific GFN2/ddCOSMO preoptimization with connectivity QC,surrogate:sigma_preopt:D026:S024:q2:m1,,298.15,wB97X-D3,def2-TZVPD,RIJCOSX + def2/J,TightSCF; DEFGRID3,native_orca_smd,solvent_smd_registry.csv,resolved_authoritative,8,3000,4.22,jhtvs-ft0806-sp-v3,T2_wB97X-D3_def2-TZVPD_SMD_energy_SP_v1,final_energy_Eh;CPCM_Dielectric_Eh;SMD_CDS_Eh;echoed_smd_vector;normal_termination;geometry_hash,planned,SRC_PROJECT_TIER2_CURRENT;SRC_ORCA61_SMD;SRC_HANDOFF_SPEC
SP0689,smd_energy_sp,D027_QP2_M1,S024,S024,RXN_SIG_M027,fixed_geometry_auxiliary_and_reaction_SP,sigma_complex_dication,N-Methylpyrrole sigma-complex dication,Pyrroles,2,1,test,test_full25,0,deterministic sigma construction then solvent-specific GFN2/ddCOSMO preoptimization with connectivity QC,surrogate:sigma_preopt:D027:S024:q2:m1,,298.15,wB97X-D3,def2-TZVPD,RIJCOSX + def2/J,TightSCF; DEFGRID3,native_orca_smd,solvent_smd_registry.csv,resolved_authoritative,8,3000,4.22,jhtvs-ft0806-sp-v3,T2_wB97X-D3_def2-TZVPD_SMD_energy_SP_v1,final_energy_Eh;CPCM_Dielectric_Eh;SMD_CDS_Eh;echoed_smd_vector;normal_termination;geometry_hash,planned,SRC_PROJECT_TIER2_CURRENT;SRC_ORCA61_SMD;SRC_HANDOFF_SPEC
SP0690,smd_energy_sp,D068_QP2_M1,S024,S024,RXN_SIG_M068,fixed_geometry_auxiliary_and_reaction_SP,sigma_complex_dication,"2,6-Dimethylaniline sigma-complex dication",Anilines,2,1,train,,1,deterministic sigma construction then solvent-specific GFN2/ddCOSMO preoptimization with connectivity QC,surrogate:sigma_preopt:D068:S024:q2:m1,,298.15,wB97X-D3,def2-TZVPD,RIJCOSX + def2/J,TightSCF; DEFGRID3,native_orca_smd,solvent_smd_registry.csv,resolved_authoritative,8,3000,4.22,jhtvs-ft0806-sp-v3,T2_wB97X-D3_def2-TZVPD_SMD_energy_SP_v1,final_energy_Eh;CPCM_Dielectric_Eh;SMD_CDS_Eh;echoed_smd_vector;normal_termination;geometry_hash,planned,SRC_PROJECT_TIER2_CURRENT;SRC_ORCA61_SMD;SRC_HANDOFF_SPEC
SP0691,smd_energy_sp,D084_QP2_M1,S024,S024,RXN_SIG_M084,fixed_geometry_auxiliary_and_reaction_SP,sigma_complex_dication,"4,7-Bis(thiophen-2-yl)-2,1,3-benzothiadiazole (TBT) sigma-complex dication",Donor–Acceptor units,2,1,test,,0,deterministic sigma construction then solvent-specific GFN2/ddCOSMO preoptimization with connectivity QC,surrogate:sigma_preopt:D084:S024:q2:m1,,298.15,wB97X-D3,def2-TZVPD,RIJCOSX + def2/J,TightSCF; DEFGRID3,native_orca_smd,solvent_smd_registry.csv,resolved_authoritative,8,3000,4.22,jhtvs-ft0806-sp-v3,T2_wB97X-D3_def2-TZVPD_SMD_energy_SP_v1,final_energy_Eh;CPCM_Dielectric_Eh;SMD_CDS_Eh;echoed_smd_vector;normal_termination;geometry_hash,planned,SRC_PROJECT_TIER2_CURRENT;SRC_ORCA61_SMD;SRC_HANDOFF_SPEC
SP0692,smd_energy_sp,M007_Q0_M1,S024,S024,RXN_MOX_M007,fixed_geometry_auxiliary_and_reaction_SP,monomer,3-Octylthiophene,Thiophenes,0,1,test,,0,solvent-specific Tier-1 GFN2/ddCOSMO optimized state geometry,tier1:redox:M007:S024:q0:m1,,298.15,wB97X-D3,def2-TZVPD,RIJCOSX + def2/J,TightSCF; DEFGRID3,native_orca_smd,solvent_smd_registry.csv,resolved_authoritative,8,3000,1.74,jhtvs-ft0806-sp-v3,T2_wB97X-D3_def2-TZVPD_SMD_energy_SP_v1,final_energy_Eh;CPCM_Dielectric_Eh;SMD_CDS_Eh;echoed_smd_vector;normal_termination;geometry_hash,planned,SRC_PROJECT_TIER2_CURRENT;SRC_ORCA61_SMD;SRC_HANDOFF_SPEC
SP0693,smd_energy_sp,M007_QP1_M2,S024,S024,RXN_MOX_M007;RXN_SIG_M007,fixed_geometry_auxiliary_and_reaction_SP,monomer,3-Octylthiophene,Thiophenes,1,2,test,,0,solvent-specific Tier-1 GFN2/ddCOSMO optimized state geometry,tier1:redox:M007:S024:q1:m2,,298.15,wB97X-D3,def2-TZVPD,RIJCOSX + def2/J,TightSCF; DEFGRID3,native_orca_smd,solvent_smd_registry.csv,resolved_authoritative,8,3000,1.74,jhtvs-ft0806-sp-v3,T2_wB97X-D3_def2-TZVPD_SMD_energy_SP_v1,final_energy_Eh;CPCM_Dielectric_Eh;SMD_CDS_Eh;echoed_smd_vector;normal_termination;geometry_hash,planned,SRC_PROJECT_TIER2_CURRENT;SRC_ORCA61_SMD;SRC_HANDOFF_SPEC
SP0694,smd_energy_sp,M022_Q0_M1,S024,S024,RXN_MOX_M022,fixed_geometry_auxiliary_and_reaction_SP,monomer,"3,4-Ethylenedioxythiophene (EDOT)",Thiophenes,0,1,train,train_full25,1,solvent-specific Tier-1 GFN2/ddCOSMO optimized state geometry,tier1:redox:M022:S024:q0:m1,,298.15,wB97X-D3,def2-TZVPD,RIJCOSX + def2/J,TightSCF; DEFGRID3,native_orca_smd,solvent_smd_registry.csv,resolved_authoritative,8,3000,1.74,jhtvs-ft0806-sp-v3,T2_wB97X-D3_def2-TZVPD_SMD_energy_SP_v1,final_energy_Eh;CPCM_Dielectric_Eh;SMD_CDS_Eh;echoed_smd_vector;normal_termination;geometry_hash,planned,SRC_PROJECT_TIER2_CURRENT;SRC_ORCA61_SMD;SRC_HANDOFF_SPEC
SP0695,smd_energy_sp,M022_QP1_M2,S024,S024,RXN_MOX_M022;RXN_SIG_M022,fixed_geometry_auxiliary_and_reaction_SP,monomer,"3,4-Ethylenedioxythiophene (EDOT)",Thiophenes,1,2,train,train_full25,1,solvent-specific Tier-1 GFN2/ddCOSMO optimized state geometry,tier1:redox:M022:S024:q1:m2,,298.15,wB97X-D3,def2-TZVPD,RIJCOSX + def2/J,TightSCF; DEFGRID3,native_orca_smd,solvent_smd_registry.csv,resolved_authoritative,8,3000,1.74,jhtvs-ft0806-sp-v3,T2_wB97X-D3_def2-TZVPD_SMD_energy_SP_v1,final_energy_Eh;CPCM_Dielectric_Eh;SMD_CDS_Eh;echoed_smd_vector;normal_termination;geometry_hash,planned,SRC_PROJECT_TIER2_CURRENT;SRC_ORCA61_SMD;SRC_HANDOFF_SPEC
SP0696,smd_energy_sp,M026_Q0_M1,S024,S024,RXN_MOX_M026,fixed_geometry_auxiliary_and_reaction_SP,monomer,Pyrrole,Pyrroles,0,1,train,,1,solvent-specific Tier-1 GFN2/ddCOSMO optimized state geometry,tier1:redox:M026:S024:q0:m1,,298.15,wB97X-D3,def2-TZVPD,RIJCOSX + def2/J,TightSCF; DEFGRID3,native_orca_smd,solvent_smd_registry.csv,resolved_authoritative,8,3000,1.74,jhtvs-ft0806-sp-v3,T2_wB97X-D3_def2-TZVPD_SMD_energy_SP_v1,final_energy_Eh;CPCM_Dielectric_Eh;SMD_CDS_Eh;echoed_smd_vector;normal_termination;geometry_hash,planned,SRC_PROJECT_TIER2_CURRENT;SRC_ORCA61_SMD;SRC_HANDOFF_SPEC
SP0697,smd_energy_sp,M026_QP1_M2,S024,S024,RXN_MOX_M026;RXN_SIG_M026,fixed_geometry_auxiliary_and_reaction_SP,monomer,Pyrrole,Pyrroles,1,2,train,,1,solvent-specific Tier-1 GFN2/ddCOSMO optimized state geometry,tier1:redox:M026:S024:q1:m2,,298.15,wB97X-D3,def2-TZVPD,RIJCOSX + def2/J,TightSCF; DEFGRID3,native_orca_smd,solvent_smd_registry.csv,resolved_authoritative,8,3000,1.74,jhtvs-ft0806-sp-v3,T2_wB97X-D3_def2-TZVPD_SMD_energy_SP_v1,final_energy_Eh;CPCM_Dielectric_Eh;SMD_CDS_Eh;echoed_smd_vector;normal_termination;geometry_hash,planned,SRC_PROJECT_TIER2_CURRENT;SRC_ORCA61_SMD;SRC_HANDOFF_SPEC
SP0698,smd_energy_sp,M027_QP1_M2,S024,S024,RXN_SIG_M027,fixed_geometry_auxiliary_and_reaction_SP,monomer,N-Methylpyrrole,Pyrroles,1,2,test,test_full25,0,solvent-specific Tier-1 GFN2/ddCOSMO optimized state geometry,tier1:redox:M027:S024:q1:m2,,298.15,wB97X-D3,def2-TZVPD,RIJCOSX + def2/J,TightSCF; DEFGRID3,native_orca_smd,solvent_smd_registry.csv,resolved_authoritative,8,3000,1.74,jhtvs-ft0806-sp-v3,T2_wB97X-D3_def2-TZVPD_SMD_energy_SP_v1,final_energy_Eh;CPCM_Dielectric_Eh;SMD_CDS_Eh;echoed_smd_vector;normal_termination;geometry_hash,planned,SRC_PROJECT_TIER2_CURRENT;SRC_ORCA61_SMD;SRC_HANDOFF_SPEC
SP0699,smd_energy_sp,M047_Q0_M1,S024,S024,RXN_MOX_M047,fixed_geometry_auxiliary_and_reaction_SP,monomer,"3,4-Dimethoxyfuran",Furans,0,1,val,,0,solvent-specific Tier-1 GFN2/ddCOSMO optimized state geometry,tier1:redox:M047:S024:q0:m1,,298.15,wB97X-D3,def2-TZVPD,RIJCOSX + def2/J,TightSCF; DEFGRID3,native_orca_smd,solvent_smd_registry.csv,resolved_authoritative,8,3000,1.74,jhtvs-ft0806-sp-v3,T2_wB97X-D3_def2-TZVPD_SMD_energy_SP_v1,final_energy_Eh;CPCM_Dielectric_Eh;SMD_CDS_Eh;echoed_smd_vector;normal_termination;geometry_hash,planned,SRC_PROJECT_TIER2_CURRENT;SRC_ORCA61_SMD;SRC_HANDOFF_SPEC
SP0700,smd_energy_sp,M047_QP1_M2,S024,S024,RXN_MOX_M047,fixed_geometry_auxiliary_and_reaction_SP,monomer,"3,4-Dimethoxyfuran",Furans,1,2,val,,0,solvent-specific Tier-1 GFN2/ddCOSMO optimized state geometry,tier1:redox:M047:S024:q1:m2,,298.15,wB97X-D3,def2-TZVPD,RIJCOSX + def2/J,TightSCF; DEFGRID3,native_orca_smd,solvent_smd_registry.csv,resolved_authoritative,8,3000,1.74,jhtvs-ft0806-sp-v3,T2_wB97X-D3_def2-TZVPD_SMD_energy_SP_v1,final_energy_Eh;CPCM_Dielectric_Eh;SMD_CDS_Eh;echoed_smd_vector;normal_termination;geometry_hash,planned,SRC_PROJECT_TIER2_CURRENT;SRC_ORCA61_SMD;SRC_HANDOFF_SPEC
SP0701,smd_energy_sp,M068_Q0_M1,S024,S024,RXN_MOX_M068,fixed_geometry_auxiliary_and_reaction_SP,monomer,"2,6-Dimethylaniline",Anilines,0,1,train,,1,solvent-specific Tier-1 GFN2/ddCOSMO optimized state geometry,tier1:redox:M068:S024:q0:m1,,298.15,wB97X-D3,def2-TZVPD,RIJCOSX + def2/J,TightSCF; DEFGRID3,native_orca_smd,solvent_smd_registry.csv,resolved_authoritative,8,3000,1.74,jhtvs-ft0806-sp-v3,T2_wB97X-D3_def2-TZVPD_SMD_energy_SP_v1,final_energy_Eh;CPCM_Dielectric_Eh;SMD_CDS_Eh;echoed_smd_vector;normal_termination;geometry_hash,planned,SRC_PROJECT_TIER2_CURRENT;SRC_ORCA61_SMD;SRC_HANDOFF_SPEC
SP0702,smd_energy_sp,M068_QP1_M2,S024,S024,RXN_MOX_M068;RXN_SIG_M068,fixed_geometry_auxiliary_and_reaction_SP,monomer,"2,6-Dimethylaniline",Anilines,1,2,train,,1,solvent-specific Tier-1 GFN2/ddCOSMO optimized state geometry,tier1:redox:M068:S024:q1:m2,,298.15,wB97X-D3,def2-TZVPD,RIJCOSX + def2/J,TightSCF; DEFGRID3,native_orca_smd,solvent_smd_registry.csv,resolved_authoritative,8,3000,1.74,jhtvs-ft0806-sp-v3,T2_wB97X-D3_def2-TZVPD_SMD_energy_SP_v1,final_energy_Eh;CPCM_Dielectric_Eh;SMD_CDS_Eh;echoed_smd_vector;normal_termination;geometry_hash,planned,SRC_PROJECT_TIER2_CURRENT;SRC_ORCA61_SMD;SRC_HANDOFF_SPEC
SP0703,smd_energy_sp,M084_Q0_M1,S024,S024,RXN_MOX_M084,fixed_geometry_auxiliary_and_reaction_SP,monomer,"4,7-Bis(thiophen-2-yl)-2,1,3-benzothiadiazole (TBT)",Donor–Acceptor units,0,1,test,test_full25,0,solvent-specific Tier-1 GFN2/ddCOSMO optimized state geometry,tier1:redox:M084:S024:q0:m1,,298.15,wB97X-D3,def2-TZVPD,RIJCOSX + def2/J,TightSCF; DEFGRID3,native_orca_smd,solvent_smd_registry.csv,resolved_authoritative,8,3000,1.74,jhtvs-ft0806-sp-v3,T2_wB97X-D3_def2-TZVPD_SMD_energy_SP_v1,final_energy_Eh;CPCM_Dielectric_Eh;SMD_CDS_Eh;echoed_smd_vector;normal_termination;geometry_hash,planned,SRC_PROJECT_TIER2_CURRENT;SRC_ORCA61_SMD;SRC_HANDOFF_SPEC
SP0704,smd_energy_sp,M084_QP1_M2,S024,S024,RXN_MOX_M084;RXN_SIG_M084,fixed_geometry_auxiliary_and_reaction_SP,monomer,"4,7-Bis(thiophen-2-yl)-2,1,3-benzothiadiazole (TBT)",Donor–Acceptor units,1,2,test,test_full25,0,solvent-specific Tier-1 GFN2/ddCOSMO optimized state geometry,tier1:redox:M084:S024:q1:m2,,298.15,wB97X-D3,def2-TZVPD,RIJCOSX + def2/J,TightSCF; DEFGRID3,native_orca_smd,solvent_smd_registry.csv,resolved_authoritative,8,3000,1.74,jhtvs-ft0806-sp-v3,T2_wB97X-D3_def2-TZVPD_SMD_energy_SP_v1,final_energy_Eh;CPCM_Dielectric_Eh;SMD_CDS_Eh;echoed_smd_vector;normal_termination;geometry_hash,planned,SRC_PROJECT_TIER2_CURRENT;SRC_ORCA61_SMD;SRC_HANDOFF_SPEC
SP0705,smd_energy_sp,M097_Q0_M1,S024,S024,RXN_MOX_M097,fixed_geometry_auxiliary_and_reaction_SP,monomer,"Dithieno[3,2-b:2′,3′-d]pyrrole (DTP)",Fused-ring systems,0,1,train,,1,solvent-specific Tier-1 GFN2/ddCOSMO optimized state geometry,tier1:redox:M097:S024:q0:m1,,298.15,wB97X-D3,def2-TZVPD,RIJCOSX + def2/J,TightSCF; DEFGRID3,native_orca_smd,solvent_smd_registry.csv,resolved_authoritative,8,3000,1.74,jhtvs-ft0806-sp-v3,T2_wB97X-D3_def2-TZVPD_SMD_energy_SP_v1,final_energy_Eh;CPCM_Dielectric_Eh;SMD_CDS_Eh;echoed_smd_vector;normal_termination;geometry_hash,planned,SRC_PROJECT_TIER2_CURRENT;SRC_ORCA61_SMD;SRC_HANDOFF_SPEC
SP0706,smd_energy_sp,M097_QP1_M2,S024,S024,RXN_MOX_M097,fixed_geometry_auxiliary_and_reaction_SP,monomer,"Dithieno[3,2-b:2′,3′-d]pyrrole (DTP)",Fused-ring systems,1,2,train,,1,solvent-specific Tier-1 GFN2/ddCOSMO optimized state geometry,tier1:redox:M097:S024:q1:m2,,298.15,wB97X-D3,def2-TZVPD,RIJCOSX + def2/J,TightSCF; DEFGRID3,native_orca_smd,solvent_smd_registry.csv,resolved_authoritative,8,3000,1.74,jhtvs-ft0806-sp-v3,T2_wB97X-D3_def2-TZVPD_SMD_energy_SP_v1,final_energy_Eh;CPCM_Dielectric_Eh;SMD_CDS_Eh;echoed_smd_vector;normal_termination;geometry_hash,planned,SRC_PROJECT_TIER2_CURRENT;SRC_ORCA61_SMD;SRC_HANDOFF_SPEC
SP0707,smd_energy_sp,S024_Q0_M1,S024,S024,RXN_SOX_S024,fixed_geometry_auxiliary_and_reaction_SP,solvent_oxidation_target,"1,4-Dioxane",Ether,0,1,test,self_medium,0,self-medium Tier-1 GFN2/ddCOSMO optimized state geometry,tier1:redox:S024:S024:q0:m1,,298.15,wB97X-D3,def2-TZVPD,RIJCOSX + def2/J,TightSCF; DEFGRID3,native_orca_smd,solvent_smd_registry.csv,resolved_authoritative,8,3000,1.74,jhtvs-ft0806-sp-v3,T2_wB97X-D3_def2-TZVPD_SMD_energy_SP_v1,final_energy_Eh;CPCM_Dielectric_Eh;SMD_CDS_Eh;echoed_smd_vector;normal_termination;geometry_hash,planned,SRC_PROJECT_TIER2_CURRENT;SRC_ORCA61_SMD;SRC_HANDOFF_SPEC
SP0708,smd_energy_sp,S024_QP1_M2,S024,S024,RXN_SOX_S024,fixed_geometry_auxiliary_and_reaction_SP,solvent_oxidation_target,"1,4-Dioxane",Ether,1,2,test,self_medium,0,self-medium Tier-1 GFN2/ddCOSMO optimized state geometry,tier1:redox:S024:S024:q1:m2,,298.15,wB97X-D3,def2-TZVPD,RIJCOSX + def2/J,TightSCF; DEFGRID3,native_orca_smd,solvent_smd_registry.csv,resolved_authoritative,8,3000,1.74,jhtvs-ft0806-sp-v3,T2_wB97X-D3_def2-TZVPD_SMD_energy_SP_v1,final_energy_Eh;CPCM_Dielectric_Eh;SMD_CDS_Eh;echoed_smd_vector;normal_termination;geometry_hash,planned,SRC_PROJECT_TIER2_CURRENT;SRC_ORCA61_SMD;SRC_HANDOFF_SPEC
SP0709,smd_energy_sp,A002_Q0_M2,S025,S025,RXN_AOX_A002,fixed_geometry_auxiliary_and_reaction_SP,electrolyte_anion,Tetrafluoroborate (BF4−),Lithium; Tetraalkylammonium,0,2,test,test_full25,0,solvent-specific Tier-1 GFN2/ddCOSMO optimized state geometry,tier1:redox:A002:S025:q0:m2,,298.15,wB97X-D3,def2-TZVPD,RIJCOSX + def2/J,TightSCF; DEFGRID3,custom_smd,solvent_smd_registry.csv,resolved_authoritative,8,3000,1.74,jhtvs-ft0806-sp-v3,T2_wB97X-D3_def2-TZVPD_SMD_energy_SP_v1,final_energy_Eh;CPCM_Dielectric_Eh;SMD_CDS_Eh;echoed_smd_vector;normal_termination;geometry_hash,planned,SRC_PROJECT_TIER2_CURRENT;SRC_ORCA61_SMD;SRC_HANDOFF_SPEC
SP0710,smd_energy_sp,A002_QM1_M1,S025,S025,RXN_AOX_A002,fixed_geometry_auxiliary_and_reaction_SP,electrolyte_anion,Tetrafluoroborate (BF4−),Lithium; Tetraalkylammonium,-1,1,test,test_full25,0,solvent-specific Tier-1 GFN2/ddCOSMO optimized state geometry,tier1:redox:A002:S025:q-1:m1,,298.15,wB97X-D3,def2-TZVPD,RIJCOSX + def2/J,TightSCF; DEFGRID3,custom_smd,solvent_smd_registry.csv,resolved_authoritative,8,3000,1.74,jhtvs-ft0806-sp-v3,T2_wB97X-D3_def2-TZVPD_SMD_energy_SP_v1,final_energy_Eh;CPCM_Dielectric_Eh;SMD_CDS_Eh;echoed_smd_vector;normal_termination;geometry_hash,planned,SRC_PROJECT_TIER2_CURRENT;SRC_ORCA61_SMD;SRC_HANDOFF_SPEC
SP0711,smd_energy_sp,A005_Q0_M2,S025,S025,RXN_AOX_A005,fixed_geometry_auxiliary_and_reaction_SP,electrolyte_anion,Bis(trifluoromethanesulfonyl)imide (TFSI−),Lithium; Tetraalkylammonium,0,2,train,train_full25,1,solvent-specific Tier-1 GFN2/ddCOSMO optimized state geometry,tier1:redox:A005:S025:q0:m2,,298.15,wB97X-D3,def2-TZVPD,RIJCOSX + def2/J,TightSCF; DEFGRID3,custom_smd,solvent_smd_registry.csv,resolved_authoritative,8,3000,1.74,jhtvs-ft0806-sp-v3,T2_wB97X-D3_def2-TZVPD_SMD_energy_SP_v1,final_energy_Eh;CPCM_Dielectric_Eh;SMD_CDS_Eh;echoed_smd_vector;normal_termination;geometry_hash,planned,SRC_PROJECT_TIER2_CURRENT;SRC_ORCA61_SMD;SRC_HANDOFF_SPEC
SP0712,smd_energy_sp,A005_QM1_M1,S025,S025,RXN_AOX_A005,fixed_geometry_auxiliary_and_reaction_SP,electrolyte_anion,Bis(trifluoromethanesulfonyl)imide (TFSI−),Lithium; Tetraalkylammonium,-1,1,train,train_full25,1,solvent-specific Tier-1 GFN2/ddCOSMO optimized state geometry,tier1:redox:A005:S025:q-1:m1,,298.15,wB97X-D3,def2-TZVPD,RIJCOSX + def2/J,TightSCF; DEFGRID3,custom_smd,solvent_smd_registry.csv,resolved_authoritative,8,3000,1.74,jhtvs-ft0806-sp-v3,T2_wB97X-D3_def2-TZVPD_SMD_energy_SP_v1,final_energy_Eh;CPCM_Dielectric_Eh;SMD_CDS_Eh;echoed_smd_vector;normal_termination;geometry_hash,planned,SRC_PROJECT_TIER2_CURRENT;SRC_ORCA61_SMD;SRC_HANDOFF_SPEC
SP0713,smd_energy_sp,A008_Q0_M2,S025,S025,RXN_AOX_A008,fixed_geometry_auxiliary_and_reaction_SP,electrolyte_anion,Hydrogen sulfate (HSO4−),Acid,0,2,train,,1,solvent-specific Tier-1 GFN2/ddCOSMO optimized state geometry,tier1:redox:A008:S025:q0:m2,,298.15,wB97X-D3,def2-TZVPD,RIJCOSX + def2/J,TightSCF; DEFGRID3,custom_smd,solvent_smd_registry.csv,resolved_authoritative,8,3000,1.74,jhtvs-ft0806-sp-v3,T2_wB97X-D3_def2-TZVPD_SMD_energy_SP_v1,final_energy_Eh;CPCM_Dielectric_Eh;SMD_CDS_Eh;echoed_smd_vector;normal_termination;geometry_hash,planned,SRC_PROJECT_TIER2_CURRENT;SRC_ORCA61_SMD;SRC_HANDOFF_SPEC
SP0714,smd_energy_sp,A008_QM1_M1,S025,S025,RXN_AOX_A008,fixed_geometry_auxiliary_and_reaction_SP,electrolyte_anion,Hydrogen sulfate (HSO4−),Acid,-1,1,train,,1,solvent-specific Tier-1 GFN2/ddCOSMO optimized state geometry,tier1:redox:A008:S025:q-1:m1,,298.15,wB97X-D3,def2-TZVPD,RIJCOSX + def2/J,TightSCF; DEFGRID3,custom_smd,solvent_smd_registry.csv,resolved_authoritative,8,3000,1.74,jhtvs-ft0806-sp-v3,T2_wB97X-D3_def2-TZVPD_SMD_energy_SP_v1,final_energy_Eh;CPCM_Dielectric_Eh;SMD_CDS_Eh;echoed_smd_vector;normal_termination;geometry_hash,planned,SRC_PROJECT_TIER2_CURRENT;SRC_ORCA61_SMD;SRC_HANDOFF_SPEC
SP0715,smd_energy_sp,D022_QP2_M1,S025,S025,RXN_SIG_M022,fixed_geometry_auxiliary_and_reaction_SP,sigma_complex_dication,"3,4-Ethylenedioxythiophene (EDOT) sigma-complex dication",Thiophenes,2,1,train,train_full25,1,deterministic sigma construction then solvent-specific GFN2/ddCOSMO preoptimization with connectivity QC,surrogate:sigma_preopt:D022:S025:q2:m1,,298.15,wB97X-D3,def2-TZVPD,RIJCOSX + def2/J,TightSCF; DEFGRID3,custom_smd,solvent_smd_registry.csv,resolved_authoritative,8,3000,4.22,jhtvs-ft0806-sp-v3,T2_wB97X-D3_def2-TZVPD_SMD_energy_SP_v1,final_energy_Eh;CPCM_Dielectric_Eh;SMD_CDS_Eh;echoed_smd_vector;normal_termination;geometry_hash,planned,SRC_PROJECT_TIER2_CURRENT;SRC_ORCA61_SMD;SRC_HANDOFF_SPEC
SP0716,smd_energy_sp,D027_QP2_M1,S025,S025,RXN_SIG_M027,fixed_geometry_auxiliary_and_reaction_SP,sigma_complex_dication,N-Methylpyrrole sigma-complex dication,Pyrroles,2,1,test,test_full25,0,deterministic sigma construction then solvent-specific GFN2/ddCOSMO preoptimization with connectivity QC,surrogate:sigma_preopt:D027:S025:q2:m1,,298.15,wB97X-D3,def2-TZVPD,RIJCOSX + def2/J,TightSCF; DEFGRID3,custom_smd,solvent_smd_registry.csv,resolved_authoritative,8,3000,4.22,jhtvs-ft0806-sp-v3,T2_wB97X-D3_def2-TZVPD_SMD_energy_SP_v1,final_energy_Eh;CPCM_Dielectric_Eh;SMD_CDS_Eh;echoed_smd_vector;normal_termination;geometry_hash,planned,SRC_PROJECT_TIER2_CURRENT;SRC_ORCA61_SMD;SRC_HANDOFF_SPEC
SP0717,smd_energy_sp,D038_QP2_M1,S025,S025,RXN_SIG_M038,fixed_geometry_auxiliary_and_reaction_SP,sigma_complex_dication,Furan sigma-complex dication,Furans,2,1,train,,1,deterministic sigma construction then solvent-specific GFN2/ddCOSMO preoptimization with connectivity QC,surrogate:sigma_preopt:D038:S025:q2:m1,,298.15,wB97X-D3,def2-TZVPD,RIJCOSX + def2/J,TightSCF; DEFGRID3,custom_smd,solvent_smd_registry.csv,resolved_authoritative,8,3000,4.22,jhtvs-ft0806-sp-v3,T2_wB97X-D3_def2-TZVPD_SMD_energy_SP_v1,final_energy_Eh;CPCM_Dielectric_Eh;SMD_CDS_Eh;echoed_smd_vector;normal_termination;geometry_hash,planned,SRC_PROJECT_TIER2_CURRENT;SRC_ORCA61_SMD;SRC_HANDOFF_SPEC
SP0718,smd_energy_sp,D058_QP2_M1,S025,S025,RXN_SIG_M058,fixed_geometry_auxiliary_and_reaction_SP,sigma_complex_dication,"3,4-Ethylenedioxyselenophene (EDOS) sigma-complex dication",Selenophenes,2,1,val,,0,deterministic sigma construction then solvent-specific GFN2/ddCOSMO preoptimization with connectivity QC,surrogate:sigma_preopt:D058:S025:q2:m1,,298.15,wB97X-D3,def2-TZVPD,RIJCOSX + def2/J,TightSCF; DEFGRID3,custom_smd,solvent_smd_registry.csv,resolved_authoritative,8,3000,4.22,jhtvs-ft0806-sp-v3,T2_wB97X-D3_def2-TZVPD_SMD_energy_SP_v1,final_energy_Eh;CPCM_Dielectric_Eh;SMD_CDS_Eh;echoed_smd_vector;normal_termination;geometry_hash,planned,SRC_PROJECT_TIER2_CURRENT;SRC_ORCA61_SMD;SRC_HANDOFF_SPEC
SP0719,smd_energy_sp,D077_QP2_M1,S025,S025,RXN_SIG_M077,fixed_geometry_auxiliary_and_reaction_SP,sigma_complex_dication,"3,6-Bis(EDOT-2-yl)-9-methylcarbazole sigma-complex dication",Carbazoles,2,1,train,,1,deterministic sigma construction then solvent-specific GFN2/ddCOSMO preoptimization with connectivity QC,surrogate:sigma_preopt:D077:S025:q2:m1,,298.15,wB97X-D3,def2-TZVPD,RIJCOSX + def2/J,TightSCF; DEFGRID3,custom_smd,solvent_smd_registry.csv,resolved_authoritative,8,3000,4.22,jhtvs-ft0806-sp-v3,T2_wB97X-D3_def2-TZVPD_SMD_energy_SP_v1,final_energy_Eh;CPCM_Dielectric_Eh;SMD_CDS_Eh;echoed_smd_vector;normal_termination;geometry_hash,planned,SRC_PROJECT_TIER2_CURRENT;SRC_ORCA61_SMD;SRC_HANDOFF_SPEC
SP0720,smd_energy_sp,D094_QP2_M1,S025,S025,RXN_SIG_M094,fixed_geometry_auxiliary_and_reaction_SP,sigma_complex_dication,"Cyclopenta[2,1-b:3,4-b′]dithiophene (CPDT) sigma-complex dication",Fused-ring systems,2,1,train,,1,deterministic sigma construction then solvent-specific GFN2/ddCOSMO preoptimization with connectivity QC,surrogate:sigma_preopt:D094:S025:q2:m1,,298.15,wB97X-D3,def2-TZVPD,RIJCOSX + def2/J,TightSCF; DEFGRID3,custom_smd,solvent_smd_registry.csv,resolved_authoritative,8,3000,4.22,jhtvs-ft0806-sp-v3,T2_wB97X-D3_def2-TZVPD_SMD_energy_SP_v1,final_energy_Eh;CPCM_Dielectric_Eh;SMD_CDS_Eh;echoed_smd_vector;normal_termination;geometry_hash,planned,SRC_PROJECT_TIER2_CURRENT;SRC_ORCA61_SMD;SRC_HANDOFF_SPEC
SP0721,smd_energy_sp,M022_Q0_M1,S025,S025,RXN_MOX_M022,fixed_geometry_auxiliary_and_reaction_SP,monomer,"3,4-Ethylenedioxythiophene (EDOT)",Thiophenes,0,1,train,train_full25,1,solvent-specific Tier-1 GFN2/ddCOSMO optimized state geometry,tier1:redox:M022:S025:q0:m1,,298.15,wB97X-D3,def2-TZVPD,RIJCOSX + def2/J,TightSCF; DEFGRID3,custom_smd,solvent_smd_registry.csv,resolved_authoritative,8,3000,1.74,jhtvs-ft0806-sp-v3,T2_wB97X-D3_def2-TZVPD_SMD_energy_SP_v1,final_energy_Eh;CPCM_Dielectric_Eh;SMD_CDS_Eh;echoed_smd_vector;normal_termination;geometry_hash,planned,SRC_PROJECT_TIER2_CURRENT;SRC_ORCA61_SMD;SRC_HANDOFF_SPEC
SP0722,smd_energy_sp,M022_QP1_M2,S025,S025,RXN_MOX_M022;RXN_SIG_M022,fixed_geometry_auxiliary_and_reaction_SP,monomer,"3,4-Ethylenedioxythiophene (EDOT)",Thiophenes,1,2,train,train_full25,1,solvent-specific Tier-1 GFN2/ddCOSMO optimized state geometry,tier1:redox:M022:S025:q1:m2,,298.15,wB97X-D3,def2-TZVPD,RIJCOSX + def2/J,TightSCF; DEFGRID3,custom_smd,solvent_smd_registry.csv,resolved_authoritative,8,3000,1.74,jhtvs-ft0806-sp-v3,T2_wB97X-D3_def2-TZVPD_SMD_energy_SP_v1,final_energy_Eh;CPCM_Dielectric_Eh;SMD_CDS_Eh;echoed_smd_vector;normal_termination;geometry_hash,planned,SRC_PROJECT_TIER2_CURRENT;SRC_ORCA61_SMD;SRC_HANDOFF_SPEC
SP0723,smd_energy_sp,M027_QP1_M2,S025,S025,RXN_SIG_M027,fixed_geometry_auxiliary_and_reaction_SP,monomer,N-Methylpyrrole,Pyrroles,1,2,test,test_full25,0,solvent-specific Tier-1 GFN2/ddCOSMO optimized state geometry,tier1:redox:M027:S025:q1:m2,,298.15,wB97X-D3,def2-TZVPD,RIJCOSX + def2/J,TightSCF; DEFGRID3,custom_smd,solvent_smd_registry.csv,resolved_authoritative,8,3000,1.74,jhtvs-ft0806-sp-v3,T2_wB97X-D3_def2-TZVPD_SMD_energy_SP_v1,final_energy_Eh;CPCM_Dielectric_Eh;SMD_CDS_Eh;echoed_smd_vector;normal_termination;geometry_hash,planned,SRC_PROJECT_TIER2_CURRENT;SRC_ORCA61_SMD;SRC_HANDOFF_SPEC
SP0724,smd_energy_sp,M038_Q0_M1,S025,S025,RXN_MOX_M038,fixed_geometry_auxiliary_and_reaction_SP,monomer,Furan,Furans,0,1,train,,1,solvent-specific Tier-1 GFN2/ddCOSMO optimized state geometry,tier1:redox:M038:S025:q0:m1,,298.15,wB97X-D3,def2-TZVPD,RIJCOSX + def2/J,TightSCF; DEFGRID3,custom_smd,solvent_smd_registry.csv,resolved_authoritative,8,3000,1.74,jhtvs-ft0806-sp-v3,T2_wB97X-D3_def2-TZVPD_SMD_energy_SP_v1,final_energy_Eh;CPCM_Dielectric_Eh;SMD_CDS_Eh;echoed_smd_vector;normal_termination;geometry_hash,planned,SRC_PROJECT_TIER2_CURRENT;SRC_ORCA61_SMD;SRC_HANDOFF_SPEC
SP0725,smd_energy_sp,M038_QP1_M2,S025,S025,RXN_MOX_M038;RXN_SIG_M038,fixed_geometry_auxiliary_and_reaction_SP,monomer,Furan,Furans,1,2,train,,1,solvent-specific Tier-1 GFN2/ddCOSMO optimized state geometry,tier1:redox:M038:S025:q1:m2,,298.15,wB97X-D3,def2-TZVPD,RIJCOSX + def2/J,TightSCF; DEFGRID3,custom_smd,solvent_smd_registry.csv,resolved_authoritative,8,3000,1.74,jhtvs-ft0806-sp-v3,T2_wB97X-D3_def2-TZVPD_SMD_energy_SP_v1,final_energy_Eh;CPCM_Dielectric_Eh;SMD_CDS_Eh;echoed_smd_vector;normal_termination;geometry_hash,planned,SRC_PROJECT_TIER2_CURRENT;SRC_ORCA61_SMD;SRC_HANDOFF_SPEC
SP0726,smd_energy_sp,M058_Q0_M1,S025,S025,RXN_MOX_M058,fixed_geometry_auxiliary_and_reaction_SP,monomer,"3,4-Ethylenedioxyselenophene (EDOS)",Selenophenes,0,1,val,,0,solvent-specific Tier-1 GFN2/ddCOSMO optimized state geometry,tier1:redox:M058:S025:q0:m1,,298.15,wB97X-D3,def2-TZVPD,RIJCOSX + def2/J,TightSCF; DEFGRID3,custom_smd,solvent_smd_registry.csv,resolved_authoritative,8,3000,1.74,jhtvs-ft0806-sp-v3,T2_wB97X-D3_def2-TZVPD_SMD_energy_SP_v1,final_energy_Eh;CPCM_Dielectric_Eh;SMD_CDS_Eh;echoed_smd_vector;normal_termination;geometry_hash,planned,SRC_PROJECT_TIER2_CURRENT;SRC_ORCA61_SMD;SRC_HANDOFF_SPEC
SP0727,smd_energy_sp,M058_QP1_M2,S025,S025,RXN_MOX_M058;RXN_SIG_M058,fixed_geometry_auxiliary_and_reaction_SP,monomer,"3,4-Ethylenedioxyselenophene (EDOS)",Selenophenes,1,2,val,,0,solvent-specific Tier-1 GFN2/ddCOSMO optimized state geometry,tier1:redox:M058:S025:q1:m2,,298.15,wB97X-D3,def2-TZVPD,RIJCOSX + def2/J,TightSCF; DEFGRID3,custom_smd,solvent_smd_registry.csv,resolved_authoritative,8,3000,1.74,jhtvs-ft0806-sp-v3,T2_wB97X-D3_def2-TZVPD_SMD_energy_SP_v1,final_energy_Eh;CPCM_Dielectric_Eh;SMD_CDS_Eh;echoed_smd_vector;normal_termination;geometry_hash,planned,SRC_PROJECT_TIER2_CURRENT;SRC_ORCA61_SMD;SRC_HANDOFF_SPEC
SP0728,smd_energy_sp,M077_Q0_M1,S025,S025,RXN_MOX_M077,fixed_geometry_auxiliary_and_reaction_SP,monomer,"3,6-Bis(EDOT-2-yl)-9-methylcarbazole",Carbazoles,0,1,train,,1,solvent-specific Tier-1 GFN2/ddCOSMO optimized state geometry,tier1:redox:M077:S025:q0:m1,,298.15,wB97X-D3,def2-TZVPD,RIJCOSX + def2/J,TightSCF; DEFGRID3,custom_smd,solvent_smd_registry.csv,resolved_authoritative,8,3000,1.74,jhtvs-ft0806-sp-v3,T2_wB97X-D3_def2-TZVPD_SMD_energy_SP_v1,final_energy_Eh;CPCM_Dielectric_Eh;SMD_CDS_Eh;echoed_smd_vector;normal_termination;geometry_hash,planned,SRC_PROJECT_TIER2_CURRENT;SRC_ORCA61_SMD;SRC_HANDOFF_SPEC
SP0729,smd_energy_sp,M077_QP1_M2,S025,S025,RXN_MOX_M077;RXN_SIG_M077,fixed_geometry_auxiliary_and_reaction_SP,monomer,"3,6-Bis(EDOT-2-yl)-9-methylcarbazole",Carbazoles,1,2,train,,1,solvent-specific Tier-1 GFN2/ddCOSMO optimized state geometry,tier1:redox:M077:S025:q1:m2,,298.15,wB97X-D3,def2-TZVPD,RIJCOSX + def2/J,TightSCF; DEFGRID3,custom_smd,solvent_smd_registry.csv,resolved_authoritative,8,3000,1.74,jhtvs-ft0806-sp-v3,T2_wB97X-D3_def2-TZVPD_SMD_energy_SP_v1,final_energy_Eh;CPCM_Dielectric_Eh;SMD_CDS_Eh;echoed_smd_vector;normal_termination;geometry_hash,planned,SRC_PROJECT_TIER2_CURRENT;SRC_ORCA61_SMD;SRC_HANDOFF_SPEC
SP0730,smd_energy_sp,M084_Q0_M1,S025,S025,RXN_MOX_M084,fixed_geometry_auxiliary_and_reaction_SP,monomer,"4,7-Bis(thiophen-2-yl)-2,1,3-benzothiadiazole (TBT)",Donor–Acceptor units,0,1,test,test_full25,0,solvent-specific Tier-1 GFN2/ddCOSMO optimized state geometry,tier1:redox:M084:S025:q0:m1,,298.15,wB97X-D3,def2-TZVPD,RIJCOSX + def2/J,TightSCF; DEFGRID3,custom_smd,solvent_smd_registry.csv,resolved_authoritative,8,3000,1.74,jhtvs-ft0806-sp-v3,T2_wB97X-D3_def2-TZVPD_SMD_energy_SP_v1,final_energy_Eh;CPCM_Dielectric_Eh;SMD_CDS_Eh;echoed_smd_vector;normal_termination;geometry_hash,planned,SRC_PROJECT_TIER2_CURRENT;SRC_ORCA61_SMD;SRC_HANDOFF_SPEC
SP0731,smd_energy_sp,M084_QP1_M2,S025,S025,RXN_MOX_M084,fixed_geometry_auxiliary_and_reaction_SP,monomer,"4,7-Bis(thiophen-2-yl)-2,1,3-benzothiadiazole (TBT)",Donor–Acceptor units,1,2,test,test_full25,0,solvent-specific Tier-1 GFN2/ddCOSMO optimized state geometry,tier1:redox:M084:S025:q1:m2,,298.15,wB97X-D3,def2-TZVPD,RIJCOSX + def2/J,TightSCF; DEFGRID3,custom_smd,solvent_smd_registry.csv,resolved_authoritative,8,3000,1.74,jhtvs-ft0806-sp-v3,T2_wB97X-D3_def2-TZVPD_SMD_energy_SP_v1,final_energy_Eh;CPCM_Dielectric_Eh;SMD_CDS_Eh;echoed_smd_vector;normal_termination;geometry_hash,planned,SRC_PROJECT_TIER2_CURRENT;SRC_ORCA61_SMD;SRC_HANDOFF_SPEC
SP0732,smd_energy_sp,M094_Q0_M1,S025,S025,RXN_MOX_M094,fixed_geometry_auxiliary_and_reaction_SP,monomer,"Cyclopenta[2,1-b:3,4-b′]dithiophene (CPDT)",Fused-ring systems,0,1,train,,1,solvent-specific Tier-1 GFN2/ddCOSMO optimized state geometry,tier1:redox:M094:S025:q0:m1,,298.15,wB97X-D3,def2-TZVPD,RIJCOSX + def2/J,TightSCF; DEFGRID3,custom_smd,solvent_smd_registry.csv,resolved_authoritative,8,3000,1.74,jhtvs-ft0806-sp-v3,T2_wB97X-D3_def2-TZVPD_SMD_energy_SP_v1,final_energy_Eh;CPCM_Dielectric_Eh;SMD_CDS_Eh;echoed_smd_vector;normal_termination;geometry_hash,planned,SRC_PROJECT_TIER2_CURRENT;SRC_ORCA61_SMD;SRC_HANDOFF_SPEC
SP0733,smd_energy_sp,M094_QP1_M2,S025,S025,RXN_MOX_M094;RXN_SIG_M094,fixed_geometry_auxiliary_and_reaction_SP,monomer,"Cyclopenta[2,1-b:3,4-b′]dithiophene (CPDT)",Fused-ring systems,1,2,train,,1,solvent-specific Tier-1 GFN2/ddCOSMO optimized state geometry,tier1:redox:M094:S025:q1:m2,,298.15,wB97X-D3,def2-TZVPD,RIJCOSX + def2/J,TightSCF; DEFGRID3,custom_smd,solvent_smd_registry.csv,resolved_authoritative,8,3000,1.74,jhtvs-ft0806-sp-v3,T2_wB97X-D3_def2-TZVPD_SMD_energy_SP_v1,final_energy_Eh;CPCM_Dielectric_Eh;SMD_CDS_Eh;echoed_smd_vector;normal_termination;geometry_hash,planned,SRC_PROJECT_TIER2_CURRENT;SRC_ORCA61_SMD;SRC_HANDOFF_SPEC
SP0734,smd_energy_sp,S025_Q0_M1,S025,S025,RXN_SOX_S025,fixed_geometry_auxiliary_and_reaction_SP,solvent_oxidation_target,Diethylene glycol dimethyl ether (diglyme),Polyether,0,1,train,self_medium,1,self-medium Tier-1 GFN2/ddCOSMO optimized state geometry,tier1:redox:S025:S025:q0:m1,,298.15,wB97X-D3,def2-TZVPD,RIJCOSX + def2/J,TightSCF; DEFGRID3,custom_smd,solvent_smd_registry.csv,resolved_authoritative,8,3000,1.74,jhtvs-ft0806-sp-v3,T2_wB97X-D3_def2-TZVPD_SMD_energy_SP_v1,final_energy_Eh;CPCM_Dielectric_Eh;SMD_CDS_Eh;echoed_smd_vector;normal_termination;geometry_hash,planned,SRC_PROJECT_TIER2_CURRENT;SRC_ORCA61_SMD;SRC_HANDOFF_SPEC
SP0735,smd_energy_sp,S025_QP1_M2,S025,S025,RXN_SOX_S025,fixed_geometry_auxiliary_and_reaction_SP,solvent_oxidation_target,Diethylene glycol dimethyl ether (diglyme),Polyether,1,2,train,self_medium,1,self-medium Tier-1 GFN2/ddCOSMO optimized state geometry,tier1:redox:S025:S025:q1:m2,,298.15,wB97X-D3,def2-TZVPD,RIJCOSX + def2/J,TightSCF; DEFGRID3,custom_smd,solvent_smd_registry.csv,resolved_authoritative,8,3000,1.74,jhtvs-ft0806-sp-v3,T2_wB97X-D3_def2-TZVPD_SMD_energy_SP_v1,final_energy_Eh;CPCM_Dielectric_Eh;SMD_CDS_Eh;echoed_smd_vector;normal_termination;geometry_hash,planned,SRC_PROJECT_TIER2_CURRENT;SRC_ORCA61_SMD;SRC_HANDOFF_SPEC
